cpuName,price,cpuMark,cpuValue,threadMark,threadValue,TDP,powerPerf,cores,testDate,socket,category,socket_grouped,TDP_is_imputed,price_is_imputed
AMD Ryzen Threadripper PRO 5995WX,6540.2,108822,16.638940705177212,3330,0.5091587413228953,280.0,388.65,64,2022,sWRX8,Desktop,Other,0,1
AMD EPYC 7763,7299.99,88338,12.101112467277353,2635,0.3609593985745186,280.0,315.49,64,2021,SP3,Server,SP3,0,0
AMD EPYC 7J13,6743.02,86006,12.754819057336325,2387,0.35399568739229603,224.25,,64,2021,unknown,Server,unknown,1,1
AMD EPYC 7713,7060.0,85861,12.161614730878187,2727,0.38626062322946175,225.0,381.6,64,2021,SP3,Server,SP3,0,0
AMD Ryzen Threadripper PRO 3995WX,6807.98,83971,12.334201921862286,2626,0.38572381234962505,280.0,299.9,64,2020,sWRX8,Desktop,Other,0,0
AMD Ryzen Threadripper 3990X,8399.69,81568,9.710834566513764,2569,0.3058446204562311,280.0,291.31,64,2020,sTRX4,Desktop,Other,0,0
AMD Ryzen Threadripper PRO 5975WX,4733.43,80842,17.078946979251832,3340,0.7056193922800168,280.0,288.72,32,2022,sWRX8,Desktop,Other,0,1
AMD EPYC 7B13,6086.48,77460,12.726567737017128,2564,0.42126155018992917,223.15,,60,2021,unknown,Server,unknown,1,1
AMD EPYC 7643,5424.99,76455,14.093113535693155,2695,0.4967751092628742,225.0,339.8,48,2021,SP3,Server,SP3,0,0
AMD EPYC 7702,4000.0,71646,17.9115,2097,0.52425,200.0,358.23,64,2020,SP3,Server,SP3,0,0
AMD EPYC 7662,6817.0,71576,10.49963326976676,2054,0.30130555963033595,225.0,318.12,64,2021,SP3,Server,SP3,0,0
AMD EPYC 7742,5045.99,68749,13.624482014431262,2145,0.4250900219778478,225.0,305.55,64,2019,SP3,Server,SP3,0,0
AMD EPYC 75F3,4372.54,68505,15.667095098043701,2775,0.6346425647335416,280.0,244.66,32,2021,SP3,Server,SP3,0,1
AMD Ryzen Threadripper PRO 5965WX,3856.25,68405,17.7387358184765,3346,0.8676823338735818,280.0,244.3,24,2022,sWRX8,Desktop,Other,0,1
AMD EPYC 7642,3684.0,67748,18.389793702497286,2155,0.5849619978284474,225.0,301.1,48,2021,SP3,Server,SP3,0,0
AMD EPYC 7543P,2999.0,67144,22.388796265421806,2742,0.9143047682560853,225.0,298.42,32,2021,SP3,Server,SP3,0,0
AMD EPYC 7R32,4364.82,64727,14.829248399704914,1922,0.44033889140903865,196.83,,48,2020,unknown,Server,unknown,1,1
AMD Ryzen Threadripper 3970X,2997.99,63835,21.292599374914527,2694,0.8986020633824663,280.0,227.98,32,2019,sTRX4,Desktop,Other,0,0
AMD Ryzen Threadripper PRO 3975WX,4499.99,63495,14.110031355625235,2666,0.59244576099058,280.0,226.77,32,2020,sWRX8,Desktop,Other,0,0
Intel Xeon Platinum 8380 @ 2.30GHz,8978.0,62317,6.941078191133883,2385,0.26564936511472487,270.0,230.81,40,2021,FCLGA4189,Server,Other,0,0
AMD EPYC 7702P,3499.99,61689,17.625478929939803,2110,0.6028588653110438,200.0,308.44,64,2019,SP3,Server,SP3,0,0
AMD EPYC 74F3,4989.0,60948,12.216476247745039,2975,0.596311886149529,240.0,253.95,24,2021,SP3,Server,SP3,0,0
AMD EPYC 7513,2840.0,59732,21.032394366197185,2447,0.8616197183098592,200.0,298.66,32,2021,SP3,Server,SP3,0,0
AMD EPYC 7443P,1499.99,57666,38.44425629504197,2965,1.9766798445322968,200.0,288.33,24,2021,SP3,Server,SP3,0,0
AMD EPYC 7542,1789.99,56728,31.691797160877993,2207,1.232967781942916,225.0,252.13,32,2019,SP3,Server,SP3,0,0
AMD EPYC 7543,3761.0,56562,15.039085349641052,2563,0.6814676947620314,240.0,235.68,32,2021,SP3,Server,SP3,0,0
AMD EPYC 7532,2728.23,55358,20.29081125858157,2137,0.7832917312689912,200.0,276.79,32,2021,SP3,Server,SP3,0,1
AMD Ryzen Threadripper 3960X,1682.9,54757,32.53728682631172,2678,1.5913007308812168,280.0,195.56,24,2019,sTRX4,Desktop,Other,0,0
Intel Xeon Platinum 8358 @ 2.60GHz,5097.75,54416,10.674513265656417,2382,0.4672649698396351,250.0,217.67,32,2021,FCLGA4189,Server,Other,0,0
AMD EPYC 7453,1799.0,53511,29.744858254585882,2580,1.434130072262368,225.0,237.83,28,2021,SP3,Server,SP3,0,0
Intel Xeon Gold 6348 @ 2.60GHz,3173.0,53112,16.738733060195397,2455,0.7737157264418532,235.0,226.01,28,2021,FCLGA4189,Server,Other,0,0
Intel Xeon Platinum 8375C @ 2.90GHz,3618.32,51836,14.325985540250723,2439,0.6740697340202082,300.0,172.79,32,2021,FCLGA4189,Server,Other,0,1
AMD Ryzen Threadripper PRO 5955WX,2288.49,51656,22.572089019397072,3346,1.4620994629646624,280.0,184.48,16,2022,sWRX8,Desktop,Other,0,1
AMD EPYC 7402,1962.0,51368,26.18144750254842,2081,1.0606523955147809,180.0,285.38,24,2020,SP3,Server,SP3,0,0
Intel Xeon Platinum 8347C @ 2.10GHz,2763.64,49386,17.869910697485924,2445,0.8847027832858115,210.0,235.17,36,2022,LGA4189,Server,Other,0,1
AMD EPYC 7502,2750.0,49177,17.882545454545454,1843,0.6701818181818182,180.0,273.21,32,2020,SP3,Server,SP3,0,0
AMD EPYC 7502P,2696.51,48995,18.169782422464593,1894,0.7023893847973862,180.0,272.19,32,2019,SP3,Server,SP3,0,0
Intel Xeon Gold 6342 @ 2.80GHz,3825.9,48330,12.632321806633733,2453,0.6411563292297238,230.0,210.13,24,2021,FCLGA4189,Server,Other,0,0
AMD EPYC 7413,1997.99,46295,23.170786640573777,1983,0.992497459947247,180.0,257.2,24,2021,SP3,Server,SP3,0,0
AMD Ryzen 9 5950X,649.74,46195,71.09766983716564,3498,5.383691938313787,105.0,439.96,16,2020,AM4,Desktop,AM4,0,0
AMD EPYC 73F3,5992.0,46085,7.691088117489986,2878,0.4803070761014686,240.0,192.02,16,2021,SP3,Server,SP3,0,0
AMD EPYC 7343,1699.99,45882,26.98957052688545,2947,1.7335396090565238,190.0,241.48,16,2021,SP3,Server,SP3,0,0
AMD EPYC 7713P,3648.81,45860,12.56848123086705,2736,0.7498335073626744,225.0,203.82,64,2022,SP3,Server,SP3,0,1
Intel Xeon Gold 6336Y @ 2.40GHz,3850.34,45517,11.821553421256304,2522,0.655007090282936,185.0,246.04,24,2021,FCLGA4189,Server,Other,0,0
Intel Core i9-12900KS,779.98,44243,56.723249314084974,4317,5.534757301469268,150.0,294.95,8,2022,LGA 1700,Desktop,Other,0,0
Intel Xeon Gold 6312U @ 2.40GHz,1736.62,43745,25.189736384470987,2383,1.3722057790420472,185.0,236.46,24,2021,FCLGA4189,Server,Other,0,0
Intel Xeon Gold 6330 @ 2.00GHz,1904.0,43056,22.613445378151262,2034,1.0682773109243697,205.0,210.03,28,2021,FCLGA4189,Server,Other,0,0
AMD EPYC 7601,899.95,42244,46.940385576976496,1941,2.1567864881382297,180.0,234.69,32,2017,SP3,Server,SP3,0,0
AMD EPYC 7452,2209.97,41871,18.946411037253903,1689,0.7642637682864474,155.0,270.14,32,2019,SP3,Server,SP3,0,0
AMD EPYC 7402P,1428.93,41741,29.211367946645392,1970,1.378653957856578,180.0,231.9,24,2019,SP3,Server,SP3,0,0
AMD Ryzen Threadripper PRO 5945WX,1141.44,41578,36.42591813849173,3347,2.932261003644519,280.0,148.49,12,2022,sWRX8,Desktop,Other,0,1
Intel Xeon Gold 6354 @ 3.00GHz,2932.63,41434,14.128614929261447,2406,0.8204239880244013,205.0,202.12,18,2021,FCLGA4189,Server,Other,0,0
Apple M1 Ultra 20 Core,782.09,41360,52.883939188584435,3900,4.986638366428416,60.0,689.34,16,2022,unknown,Desktop,unknown,0,1
Intel Core i9-12900KF,572.98,41163,71.84020384655659,4217,7.359768229257566,241.0,170.8,8,2021,FCLGA1700,Desktop,Other,0,0
Intel Core i9-12900K,599.95,41077,68.46737228102342,4209,7.01558463205267,241.0,170.44,8,2021,FCLGA1700,Desktop,Other,0,0
AMD EPYC 7F52,3100.0,40951,13.21,2446,0.7890322580645162,240.0,170.63,16,2020,SP3,Server,SP3,0,0
AMD EPYC 7313P,913.0,40879,44.77437020810515,2608,2.8565169769989045,155.0,263.74,16,2021,SP3,Server,SP3,0,0
Intel Xeon Platinum 8275CL @ 3.00GHz,2281.63,40794,17.879323115491992,2386,1.0457436131186915,155.25,,24,2019,unknown,Server,unknown,1,1
Intel Xeon W-3275M @ 2.50GHz,7453.0,40767,5.469877901516168,2725,0.3656245807057561,205.0,198.86,28,2020,FCLGA3647,Server,FCLGA3647,0,0
AMD EPYC 7313,1179.99,40575,34.3858846261409,2610,2.211883151552132,155.0,261.77,16,2021,SP3,Server,SP3,0,0
AMD EPYC 7352,1280.0,40472,31.61875,1995,1.55859375,155.0,261.11,24,2021,SP3,Server,SP3,0,0
AMD Ryzen Threadripper PRO 3955WX,1995.0,40225,20.162907268170425,2696,1.3513784461152882,280.0,143.66,16,2020,sWRX8,Desktop,Other,0,0
Intel Xeon W-3265M @ 2.70GHz,6353.0,39620,6.236423736817252,2718,0.4278293719502597,205.0,193.27,24,2021,FCLGA3647,"Desktop, Server",FCLGA3647,0,0
AMD Ryzen 9 5900X,393.03,39457,100.39182759585783,3494,8.889906622904105,105.0,375.78,12,2020,AM4,Desktop,AM4,0,0
AMD Ryzen 9 3950X,650.0,39157,60.24153846153846,2738,4.212307692307692,105.0,372.92,16,2019,AM4,Desktop,AM4,0,0
Intel Xeon W-3335 @ 3.40GHz,1299.0,38944,29.979984603541187,2556,1.9676674364896074,250.0,155.78,16,2022,FCLGA4189,Server,Other,0,0
Intel Xeon Gold 6248R @ 3.00GHz,3095.0,38604,12.473021001615509,2296,0.7418416801292407,205.0,188.31,24,2020,FCLGA3647,Server,FCLGA3647,0,0
Intel Core i9-12900,509.0,38281,75.2082514734774,4162,8.17681728880157,65.0,588.95,8,2022,FCLGA1700,Desktop,Other,0,0
ARM Neoverse-N1 80 Core 3000 MHz,1812.08,38122,21.03770252968964,1329,0.7334113284181714,151.24,,80,2021,unknown,Unknown,unknown,1,1
ARM Neoverse-N1 80 Core 0 MHz,1813.42,37809,20.849554984504415,1311,0.7229433887350972,150.72,,80,2021,unknown,Unknown,unknown,1,1
Intel Xeon Gold 6346 @ 3.10GHz,2279.0,37606,16.501096972356297,2455,1.077226853883282,205.0,183.44,16,2021,FCLGA4189,Server,Other,0,0
Intel Xeon Platinum 8280 @ 2.70GHz,8870.46,37575,4.2359697242307615,2011,0.22670752136867764,205.0,183.29,28,2020,FCLGA3647,Server,FCLGA3647,0,0
Intel Xeon Gold 6238R @ 2.20GHz,2667.0,37511,14.064866891638545,2362,0.885639295088114,165.0,227.34,28,2021,FCLGA3647,Server,FCLGA3647,0,0
Intel Xeon Silver 4316 @ 2.30GHz,1129.22,37264,32.99976975257257,2380,2.107649527992774,150.0,248.43,20,2021,FCLGA4189,Server,Other,0,0
Intel Xeon W-3175X @ 3.10GHz,1595.96,37167,23.28817764856262,2148,1.3458983934434448,255.0,145.75,28,2019,FCLGA3647,Desktop,FCLGA3647,0,0
Intel Core i9-12900F,529.99,35726,67.4088190343214,4045,7.632219475839166,65.0,549.63,8,2022,FCLGA1700,Desktop,Other,0,0
Intel Xeon Gold 6242R @ 3.10GHz,2472.14,35352,14.300160994118457,2426,0.9813360084784842,205.0,172.45,20,2020,FCLGA3647,Server,FCLGA3647,0,0
Intel Xeon Gold 6326 @ 2.90GHz,1605.79,35328,22.00038610279053,2356,1.4671906040017686,185.0,190.96,16,2021,FCLGA4189,Server,Other,0,0
Intel Core i9-12900T,489.0,34999,71.57259713701431,4032,8.245398773006135,35.0,999.97,8,2022,FCLGA1700,Desktop,Other,0,0
AMD Ryzen 9 5900,483.57,34721,71.80139380027711,3432,7.0972144673987225,65.0,534.17,12,2021,AM4,Desktop,AM4,0,1
Intel Core i7-12700K,409.0,34125,83.43520782396088,4047,9.89486552567237,190.0,179.61,8,2021,FCLGA1700,Desktop,Other,0,0
Intel Core i7-12700KF,350.99,34110,97.18225590472663,4054,11.550186615003277,190.0,179.53,8,2021,FCLGA1700,Desktop,Other,0,0
Intel Xeon Platinum 8260M @ 2.30GHz,7705.0,33970,4.408825438027255,2315,0.30045425048669694,165.0,205.88,24,2020,LGA3647,Server,Other,0,0
Intel Xeon D-2799 @ 2.40GHz,1933.0,33792,17.48163476461459,2404,1.2436627004655976,129.0,261.95,20,2022,FCBGA2579,Server,Other,0,0
AMD Ryzen Threadripper PRO 3945WX,1101.33,33417,30.342404184032038,2708,2.458845214422562,280.0,119.35,12,2020,sWRX8,Desktop,Other,0,1
Intel Core i9-10980XE @ 3.00GHz,999.99,33408,33.40833408334083,2667,2.6670266702667025,165.0,202.47,18,2019,FCLGA2066,Desktop,Other,0,0
Intel Xeon Gold 5220R @ 2.20GHz,1712.0,33370,19.49182242990654,2399,1.401285046728972,150.0,222.46,24,2021,FCLGA3647,Server,FCLGA3647,0,0
AMD EPYC 7302,1115.12,33015,29.606679101800705,1978,1.7738001291340844,155.0,213.0,16,2020,SP3,Server,SP3,0,0
AMD Ryzen 9 3900XT,618.77,32869,53.1198991547748,2786,4.502480727895664,105.0,313.04,12,2020,AM4,Desktop,AM4,0,0
AMD Ryzen 9 3900X,359.0,32751,91.2284122562674,2725,7.5905292479108635,105.0,311.92,12,2019,AM4,Desktop,AM4,0,0
Intel Xeon Platinum 8168 @ 2.70GHz,7829.0,32616,4.166049303870226,2138,0.27308723974964877,205.0,159.1,24,2017,FCLGA3647,Server,FCLGA3647,0,0
AMD EPYC 7302P,2069.95,32480,15.691200270537937,1878,0.9072682915046258,155.0,209.55,16,2019,SP3,Server,SP3,0,0
AMD Ryzen Threadripper 2990WX,2100.0,32475,15.464285714285714,2290,1.0904761904761904,250.0,129.9,32,2018,sTR4,Desktop,Other,0,0
Intel Xeon Gold 6252 @ 2.10GHz,3850.0,32410,8.418181818181818,2143,0.5566233766233766,150.0,216.06,24,2019,FCLGA3647,Server,FCLGA3647,0,0
Intel Core i7-12700F,312.96,32268,103.1058282208589,3987,12.739647239263805,65.0,496.43,8,2022,FCLGA1700,Desktop,Other,0,0
Intel Xeon Gold 6230R @ 2.10GHz,1870.0,32223,17.231550802139036,2020,1.0802139037433156,150.0,214.82,26,2021,FCLGA3647,Server,FCLGA3647,0,0
Intel Core i9-9980XE @ 3.00GHz,1442.21,31905,22.12229841701278,2566,1.7792138454177961,165.0,193.37,18,2018,FCLGA2066,Desktop,Other,0,0
Intel Xeon W-2295 @ 3.00GHz,1504.63,31680,21.05501020184364,2696,1.7918026358639665,165.0,192.0,18,2020,FCLGA2066,Server,Other,0,0
Intel Core i7-12700,328.0,31659,96.52134146341463,3948,12.036585365853659,65.0,487.07,8,2022,FCLGA1700,Desktop,Other,0,0
AMD EPYC 7282,722.97,31631,43.75146963221157,1987,2.7483851335463436,120.0,263.59,16,2019,SP3,Server,SP3,0,0
Intel Xeon Platinum 8259CL @ 2.50GHz,3421.06,31500,9.20767247578236,1863,0.5445680578534139,210.0,150.0,24,2020,LGA 3647,Server,Other,0,1
AMD Ryzen 9 PRO 3900,470.75,31372,66.64259160913436,2623,5.571959638874137,65.0,482.65,12,2019,AM4,Desktop,AM4,0,1
AMD EPYC 7371,1808.99,31094,17.188596951890283,2377,1.3139928910607577,169.9,,16,2019,SP3,Server,SP3,1,0
AMD Ryzen 9 3900,517.27,30660,59.272720242813236,2627,5.078585651593945,65.0,471.7,12,2019,AM4,Desktop,AM4,0,0
Intel Core i9-9960X @ 3.10GHz,1498.95,30655,20.450982354314686,2631,1.7552286600620435,165.0,185.79,16,2019,FCLGA2066,Desktop,Other,0,0
Intel Xeon Gold 6253CL @ 3.10GHz,3202.69,30616,9.559464075511523,2346,0.7325092344248116,205.0,149.35,18,2021,FCLGA3647,Server,FCLGA3647,0,1
Intel Xeon W-3245 @ 3.20GHz,2683.99,30549,11.38193510408012,2537,0.94523452024784,205.0,149.02,16,2020,FCLGA3647,Server,FCLGA3647,0,0
AMD Ryzen Threadripper 2970WX,669.0,30433,45.49028400597907,2358,3.524663677130045,250.0,121.73,24,2018,sTR4,Desktop,Other,0,0
AMD EPYC 7551P,369.99,30313,81.92924133084678,1719,4.646071515446363,180.0,168.4,32,2018,SP3,Server,SP3,0,0
Intel Xeon Gold 6246R @ 3.40GHz,3389.78,30220,8.915032833989226,2321,0.6847052021075114,205.0,147.41,16,2020,FCLGA3647,Server,FCLGA3647,0,0
Intel Core i9-12900HK,635.0,30213,47.579527559055116,3946,6.214173228346457,45.0,671.4,6,2022,FCBGA1744,Laptop,Other,0,0
Intel Core i9-9990XE @ 4.00GHz,2163.0,30162,13.944521497919556,2970,1.3730929264909848,255.0,118.28,14,2020,LGA2066,Desktop,Other,0,0
Intel Xeon W-3265 @ 2.70GHz,4551.37,30105,6.614491900241027,2572,0.5651045729088164,205.0,146.85,24,2019,FCLGA3647,Server,FCLGA3647,0,0
Intel Xeon Platinum 8268 @ 2.90GHz,6005.98,30103,5.012171202701308,2167,0.36080706229457976,205.0,146.84,24,2019,FCLGA3647,Server,FCLGA3647,0,0
Intel Xeon Silver 4314 @ 2.40GHz,867.3,30043,34.63968638302779,2179,2.5123947884238444,135.0,222.54,16,2021,FCLGA4189,Server,Other,0,0
AMD Ryzen Threadripper 2950X,990.0,29981,30.283838383838383,2488,2.5131313131313133,180.0,166.56,16,2018,sTR4,Desktop,Other,0,0
Intel Core i9-7980XE @ 2.60GHz,816.42,29842,36.55226476568433,2474,3.0303030303030303,165.0,180.86,18,2017,FCLGA2066,Desktop,Other,0,0
Intel Core i9-12900H,617.0,29714,48.15883306320907,3974,6.4408427876823335,45.0,660.32,6,2022,FCBGA1744,Laptop,Other,0,0
Intel Xeon Gold 6254 @ 3.10GHz,3626.37,29356,8.095147489086884,2381,0.6565794444582324,200.0,146.78,18,2019,FCLGA3647,Server,FCLGA3647,0,0
Intel Xeon W-2191B @ 2.30GHz,1238.22,29049,23.460289770800017,2609,2.107056904265801,140.0,207.49,18,2021,FCLGA2066,Server,Other,0,1
Intel Xeon Gold 6148 @ 2.40GHz,2817.0,28962,10.281150159744408,2182,0.774582889598864,150.0,193.08,20,2018,FCLGA3647,Server,FCLGA3647,0,0
Intel Xeon Gold 6210U @ 2.50GHz,1524.89,28915,18.962023490218964,2203,1.444694371397281,150.0,192.77,20,2019,FCLGA3647,Server,FCLGA3647,0,0
Intel Xeon Gold 6154 @ 3.00GHz,3798.95,28848,7.593677200279025,2264,0.5959541452243383,200.0,144.24,18,2017,FCLGA3647,Server,FCLGA3647,0,0
Intel Core i9-10940X @ 3.30GHz,771.99,28619,37.07172372699128,2724,3.5285431158434695,165.0,173.45,14,2019,FCLGA2066,Desktop,Other,0,0
Intel Xeon Gold 5317 @ 3.00GHz,1119.25,28580,25.534956444047353,2437,2.1773509046236317,150.0,190.54,12,2021,FCLGA4189,Server,Other,0,0
Intel Core i9-9940X @ 3.30GHz,841.4,28411,33.76634181126694,2647,3.1459472308058,165.0,172.19,14,2018,FCLGA2066,Desktop,Other,0,0
AMD Ryzen 7 5800X,333.99,28368,84.93667475074103,3485,10.434444145034282,105.0,270.17,8,2020,AM4,Desktop,AM4,0,0
AMD EPYC 7401P,249.99,28271,113.08852354094164,1689,6.756270250810032,155.0,182.4,24,2017,SP3,Server,SP3,0,0
ARM Neoverse-N1 64 Core 0 MHz,1644.06,28079,17.07906037492549,1085,0.6599515832755496,156.17,,64,2021,unknown,Unknown,unknown,1,1
AMD Ryzen Threadripper 1950X,684.47,28037,40.961619939515245,2293,3.350037255102488,180.0,155.76,16,2017,sTR4,Desktop,Other,0,0
Intel Xeon W-2275 @ 3.30GHz,1112.0,27904,25.093525179856115,2790,2.508992805755396,165.0,169.12,14,2020,FCLGA2066,Desktop,Other,0,0
Intel Xeon Gold 6238 @ 2.10GHz,2698.95,27617,10.232497823227552,1691,0.626539950721577,140.0,197.26,22,2019,FCLGA3647,Server,FCLGA3647,0,0
Intel Xeon Gold 6212U @ 2.40GHz,2000.0,27470,13.735,2013,1.0065,165.0,166.48,24,2019,FCLGA3647,Server,FCLGA3647,0,0
AMD EPYC 7571,1824.89,27445,15.03926264048792,1934,1.0597899051449675,120.0,228.71,32,2019,SP3,Server,SP3,0,1
Intel Core i5-12600K,277.98,27429,98.67256637168141,3965,14.263616087488307,150.0,182.86,6,2021,FCLGA1700,Desktop,Other,0,0
Intel Core i7-12700H,457.0,27391,59.93654266958424,3766,8.24070021881838,45.0,608.69,6,2022,FCBGA1744,Laptop,Other,0,0
Intel Xeon Platinum 8173M @ 2.00GHz,2466.95,27377,11.097509069904133,2123,0.8605768256348933,165.0,165.92,28,2018,FCLGA3647,Server,FCLGA3647,0,1
Intel Xeon W-2195 @ 2.30GHz,1983.82,27325,13.773931102620198,2413,1.2163401921545303,140.0,195.18,18,2017,FCLGA2066,Server,Other,0,0
Intel Xeon Gold 6226R @ 2.90GHz,1372.08,27211,19.83193399801761,2290,1.6689988921928751,150.0,181.41,16,2020,FCLGA3647,Server,FCLGA3647,0,0
Intel Core i5-12600KF,260.98,27186,104.16890183155796,3967,15.200398497969193,150.0,181.24,6,2021,FCLGA1700,Desktop,Other,0,0
AMD Ryzen 7 5700X,299.0,27065,90.51839464882943,3397,11.361204013377927,65.0,416.38,8,2022,AM4,Desktop,AM4,0,0
Intel Xeon Gold 6208U @ 2.90GHz,1406.99,26901,19.119538873765983,2247,1.5970262759507885,150.0,179.34,16,2020,FCLGA3647,Server,FCLGA3647,0,0
Intel Core i9-7960X @ 2.80GHz,990.97,26699,26.942288868482397,2525,2.548008516907676,165.0,161.81,16,2017,FCLGA2066,Desktop,Other,0,0
Intel Core i9-10920X @ 3.50GHz,679.99,26696,39.259400873542255,2766,4.0677068780423244,165.0,161.79,12,2019,FCLGA2066,Desktop,Other,0,0
Intel Xeon Platinum 8175M @ 2.50GHz,2408.56,26659,11.06843923340087,1903,0.7900986481549142,153.38,,24,2018,FCLGA3647,Server,FCLGA3647,1,1
Intel Xeon Gold 6230 @ 2.10GHz,1990.0,26657,13.395477386934674,2285,1.1482412060301508,125.0,213.25,20,2019,FCLGA3647,Server,FCLGA3647,0,0
Intel Core i9-7940X @ 3.10GHz,548.87,26508,48.29558911946363,2490,4.536593364548982,165.0,160.65,14,2017,FCLGA2066,Desktop,Other,0,0
Intel Xeon Platinum 8160 @ 2.10GHz,2348.7,26485,11.276450802571636,1984,0.8447226125090477,150.0,176.56,24,2017,FCLGA3647,Server,FCLGA3647,0,0
AMD Ryzen Threadripper 2990X,1424.72,26469,18.57838733224774,2285,1.6038239092593631,250.0,105.88,32,2018,TR4,Desktop,Other,0,1
AMD EPYC 7272,605.45,26446,43.67990750681311,2013,3.3247997357337513,120.0,220.38,12,2020,SP3,Server,SP3,0,0
Intel Xeon Gold 5318Y @ 2.10GHz,1361.0,26400,19.397501836884643,1826,1.3416605437178546,165.0,160.0,24,2022,FCLGA4189,Server,Other,0,0
Intel Xeon Gold 6242 @ 2.80GHz,2465.14,26288,10.66389738513837,2196,0.8908216166221797,150.0,175.26,16,2019,FCLGA3647,Server,FCLGA3647,0,0
Intel Xeon W-1390P @ 3.50GHz,528.56,26031,49.24890267897685,3619,6.846904797941578,125.0,208.24,8,2021,FCLGA1200,"Desktop, Server",FCLGA1200,0,1
Intel Xeon W-2265 @ 3.50GHz,944.0,25984,27.52542372881356,2810,2.9766949152542375,165.0,157.48,12,2020,FCLGA2066,Server,Other,0,0
Intel Xeon W-3235 @ 3.30GHz,1829.99,25974,14.1935201831704,2622,1.4327947147252171,180.0,144.3,12,2019,FCLGA3647,Server,FCLGA3647,0,0
Intel Xeon W-3323 @ 3.50GHz,949.0,25875,27.265542676501582,2617,2.757639620653319,220.0,117.61,12,2021,FCLGA4189,"Desktop, Server",Other,0,0
Intel Xeon Gold 5220 @ 2.20GHz,1674.44,25740,15.372303576120972,2396,1.4309261603879506,125.0,205.92,18,2019,FCLGA3647,Server,FCLGA3647,0,0
AMD Ryzen 7 5800,297.45,25644,86.21280887544125,3386,11.383425785846361,65.0,394.52,8,2021,AM4,Desktop,AM4,0,1
Intel Core i9-11900K @ 3.50GHz,397.97,25539,64.17317888283036,3519,8.842375053395983,125.0,204.31,8,2021,FCLGA1200,Desktop,FCLGA1200,0,0
Intel Xeon E5-2698R v4 @ 2.20GHz,1611.09,25532,15.847655934801905,2225,1.38105257930966,131.45,,20,2021,FCLGA2011-3,Server,FCLGA2011-3,1,1
AMD Ryzen 7 5800X3D,599.0,25508,42.58430717863105,2850,4.757929883138564,105.0,242.93,8,2022,AM4,Desktop,AM4,0,0
AMD EPYC 7351P,739.0,25484,34.48443843031123,1809,2.4479025710419484,155.0,164.41,16,2017,SP3,Server,SP3,0,0
AMD Ryzen 7 6800HS,546.5,25460,46.587374199451055,3428,6.272644098810613,35.0,727.44,8,2022,FP7,Laptop,Other,0,1
Intel Xeon Platinum 8167M @ 2.00GHz,2081.26,25396,12.202223652979443,1455,0.6990957400805281,150.88,,26,2019,FCLGA3647,Server,FCLGA3647,1,1
Intel Core i9-11900KF @ 3.50GHz,379.98,25390,66.81930627927785,3563,9.376809305752934,125.0,203.12,8,2021,FCLGA1200,Desktop,FCLGA1200,0,0
Intel Core i9-9920X @ 3.50GHz,999.0,25291,25.316316316316318,2621,2.6236236236236237,165.0,153.28,12,2018,FCLGA2066,Desktop,Other,0,0
AMD Ryzen Threadripper 2920X,761.0,25203,33.11826544021025,2482,3.26149802890933,180.0,140.01,12,2018,sTR4,Desktop,Other,0,0
Intel Xeon W-1370P @ 3.60GHz,411.99,25202,61.17138765504017,3494,8.480788368649725,125.0,201.62,8,2021,FCLGA1200,"Desktop, Server",FCLGA1200,0,0
Intel Xeon Gold 5218R @ 2.10GHz,1268.96,25191,19.85168957256336,2200,1.7337031900138695,125.0,201.52,20,2021,FCLGA3647,Server,FCLGA3647,0,0
AMD Ryzen 7 PRO 5750G,284.24,25004,87.96791443850267,3361,11.824514494793132,65.0,384.68,8,2021,AM4,Desktop,AM4,0,1
AMD EPYC 7501,3616.0,24925,6.892975663716814,1925,0.5323561946902655,155.0,160.81,32,2017,SP3,Server,SP3,0,0
Intel Xeon Gold 6138T @ 2.00GHz,7528.0,24800,3.2943676939426143,2050,0.27231668437832096,125.0,198.4,20,2020,FCLGA3647,Server,FCLGA3647,0,0
Intel Xeon Gold 6143 @ 2.80GHz,3386.88,24786,7.318239795918367,2248,0.6637377173091459,205.0,120.91,16,2019,FCLGA3647,Server,FCLGA3647,0,1
Intel Core i7-11700K @ 3.60GHz,297.0,24749,83.32996632996633,3429,11.545454545454545,125.0,197.99,8,2020,FCLGA1200,Desktop,FCLGA1200,0,0
Intel Xeon W-2170B @ 2.50GHz,1033.02,24745,23.954037675940448,2578,2.495595438616871,162.24,,14,2018,FCLGA-2066,Server,Other,1,1
Intel Xeon E5-2699 v4 @ 2.20GHz,5957.96,24619,4.132119047459198,1937,0.325111279699763,145.0,169.79,22,2016,FCLGA2011-3,Server,FCLGA2011-3,0,0
AMD Ryzen 7 5700G,233.0,24545,105.34334763948497,3281,14.081545064377682,65.0,377.62,8,2021,AM4,Desktop,AM4,0,0
Intel Xeon Gold 6150 @ 2.70GHz,2411.0,24489,10.157196184155952,2190,0.9083367897138117,165.0,148.42,18,2017,FCLGA3647,Server,FCLGA3647,0,0
Intel Xeon Gold 6246 @ 3.30GHz,3113.22,24446,7.852320105871092,2450,0.7869665491035006,165.0,148.16,12,2019,FCLGA3647,Server,FCLGA3647,0,0
AMD Ryzen 9 6900HS,550.31,24390,44.320473914702625,3354,6.09474659737239,35.0,696.86,8,2022,FP7,Laptop,Other,0,1
AMD Ryzen 7 PRO 6850U,538.98,24352,45.18163939292738,3442,6.386136776874838,28.0,869.73,8,2022,FP7,Laptop,Other,0,1
Intel Xeon Gold 6248 @ 2.50GHz,2940.0,24234,8.242857142857142,2290,0.7789115646258503,150.0,161.56,20,2019,FCLGA3647,Server,FCLGA3647,0,0
Intel Core i7-11700KF @ 3.60GHz,279.0,24147,86.54838709677419,3420,12.258064516129032,125.0,193.17,8,2021,FCLGA1200,Desktop,FCLGA1200,0,0
Intel Xeon W-1370 @ 2.90GHz,376.99,23908,63.418127801798455,3538,9.384864320008488,80.0,298.85,8,2021,FCLGA1200,"Desktop, Server",FCLGA1200,0,0
Intel Xeon W-11955M @ 2.60GHz,623.0,23859,38.296950240770464,3375,5.417335473515249,45.0,530.19,8,2021,FCBGA1787,"Laptop, Server",Other,0,0
AMD Ryzen 7 3800XT,391.65,23815,60.80684284437636,2845,7.26413889952764,105.0,226.81,8,2020,AM4,Desktop,AM4,0,0
Intel Core i9-11900F @ 2.50GHz,379.99,23814,62.67007026500697,3528,9.284454854075108,65.0,366.37,8,2021,FCLGA1200,Desktop,FCLGA1200,0,0
Intel Core i9-10900K @ 3.70GHz,389.97,23768,60.94827807267225,3167,8.121137523399236,125.0,190.14,10,2020,FCLGA1200,Desktop,FCLGA1200,0,0
Intel Core i9-11980HK @ 2.60GHz,583.0,23629,40.530017152658665,3312,5.680960548885078,45.0,525.09,8,2021,FCBGA1787,Laptop,Other,0,0
Intel Xeon Silver 4310 @ 2.10GHz,608.77,23589,38.74862427517782,2200,3.6138443090165415,120.0,196.57,12,2021,FCLGA4189,Server,Other,0,0
AMD EPYC 7351,883.99,23566,26.65867260941866,1821,2.059978054050385,155.0,152.04,16,2019,SP3,Server,SP3,0,0
Intel Xeon E5-2696 v3 @ 2.30GHz,2498.0,23556,9.42994395516413,2209,0.8843074459567654,145.0,162.45,18,2015,LGA2011-v3,Server,LGA2011-v3,0,0
Intel Core i5-12500H,311.0,23530,75.65916398713826,3678,11.82636655948553,45.0,522.9,4,2022,FCBGA1744,Laptop,Other,0,0
Intel Xeon W-1390 @ 2.80GHz,469.99,23515,50.03297942509415,3358,7.144832868784442,80.0,293.94,8,2021,FCLGA1200,Server,FCLGA1200,0,0
Intel Xeon E5-2679 v4 @ 2.50GHz,2702.0,23512,8.701702442635085,1951,0.7220577350111029,200.0,117.56,20,2016,FCLGA2011-3,Server,FCLGA2011-3,0,0
Intel Core i9-10900KF @ 3.70GHz,339.99,23508,69.14321009441454,3141,9.238507014912203,125.0,188.06,10,2020,FCLGA1200,Desktop,FCLGA1200,0,0
Intel Xeon E-2388G @ 3.20GHz,539.0,23501,43.601113172541744,3323,6.165120593692023,95.0,247.37,8,2021,FCLGA1200,Server,FCLGA1200,0,0
AMD Ryzen 7 6800H,555.4,23447,42.216420597767375,3311,5.961469211379186,45.0,521.04,8,2022,FP7,Laptop,Other,0,1
Intel Xeon Gold 6146 @ 3.20GHz,3062.0,23432,7.652514696276943,2493,0.8141737426518615,165.0,142.01,12,2018,FCLGA3647,Server,FCLGA3647,0,0
AMD Ryzen 9 5980HX,562.8,23425,41.62224591329069,3333,5.9221748400852885,45.0,520.55,8,2021,FP6,Laptop,Other,0,1
Intel Core i9-7920X @ 2.90GHz,375.0,23292,62.112,2467,6.578666666666667,140.0,166.37,12,2017,FCLGA2066,Desktop,Other,0,0
AMD Ryzen 7 3800X,248.59,23275,93.62806227120961,2735,11.00205157085965,105.0,221.67,8,2019,AM4,Desktop,AM4,0,0
Intel Xeon W-2175 @ 2.50GHz,395.0,23215,58.77215189873418,2481,6.281012658227848,140.0,165.82,14,2019,FCLGA2066,Server,Other,0,0
Intel Xeon E5-2696 v4 @ 2.20GHz,2793.95,23207,8.306161527586392,2248,0.8045956441597023,145.0,160.05,22,2016,FCLGA2011-3,Server,FCLGA2011-3,0,0
Intel Xeon Platinum 8176 @ 2.10GHz,2793.7,23179,8.29688227082364,2048,0.7330779969216452,165.0,140.48,28,2019,FCLGA3647,Server,FCLGA3647,0,0
AMD Ryzen 9 5900HX,534.1,23160,43.36266616738438,3230,6.047556637333832,45.0,514.67,8,2021,FP6,Laptop,Other,0,1
Intel Core i5-1250P,365.81,23120,63.20220879691643,3619,9.89311391159345,28.0,825.7,4,2022,BGA1700,Laptop,Other,0,1
Intel Core i9-11900 @ 2.50GHz,347.88,23117,66.45107508336208,3443,9.89709095090261,65.0,355.65,8,2021,FCLGA1200,Desktop,FCLGA1200,0,0
Intel Core i9-10850K @ 3.60GHz,408.44,23055,56.44647928704339,3091,7.567819018705318,125.0,184.44,10,2020,FCLGA1200,Desktop,FCLGA1200,0,0
AMD EPYC 7F32,1230.4,23026,18.714239271781533,2423,1.9692782834850453,180.0,127.92,8,2020,SP3,Server,SP3,0,1
Intel Xeon W-1290P @ 3.70GHz,997.98,22997,23.043547966893122,3204,3.2104851800637286,125.0,183.97,10,2020,FCLGA1200,Server,FCLGA1200,0,0
AMD Ryzen Threadripper 1920X,299.99,22903,76.34587819593986,2300,7.666922230741024,180.0,127.24,12,2017,sTR4,Desktop,Other,0,0
Intel Xeon Gold 6138 @ 2.00GHz,1662.95,22851,13.741242971827175,2220,1.3349769987071167,125.0,182.81,20,2017,FCLGA3647,Server,FCLGA3647,0,0
AMD Ryzen 7 PRO 3700,329.99,22800,69.09300281826722,2673,8.100245461983697,65.0,350.76,8,2019,AM4,Desktop,AM4,0,0
Intel Core i9-11900KB @ 3.30GHz,539.0,22769,42.2430426716141,3303,6.128014842300557,65.0,350.29,8,2021,FCBGA1787,Desktop,Other,0,0
Intel Xeon Gold 6140 @ 2.30GHz,1000.0,22733,22.733,1840,1.84,140.0,162.38,18,2017,FCLGA3647,Server,FCLGA3647,0,0
AMD Ryzen 7 3700X,367.52,22716,61.80888114932521,2680,7.292120156726165,65.0,349.48,8,2019,AM4,Desktop,AM4,0,0
Intel Core i7-12700T,339.0,22688,66.92625368731564,3295,9.71976401179941,35.0,648.24,8,2022,FCLGA1700,Desktop,Other,0,0
Intel Core i9-10900X @ 3.70GHz,560.0,22683,40.50535714285714,2696,4.814285714285714,165.0,137.47,10,2019,FCLGA2066,Desktop,Other,0,0
Intel Core i9-11950H @ 2.60GHz,556.0,22570,40.593525179856115,3298,5.931654676258993,45.0,501.56,8,2021,FCBGA1787,Laptop,Other,0,0
AMD Ryzen 7 5700GE,347.38,22566,64.96056192066325,3371,9.70407047037826,35.0,644.73,8,2021,AM4,Desktop,AM4,0,1
Apple M1 Max 10 Core 3200 MHz,600.94,22566,37.55116983392684,3851,6.4082936732452485,89.19,,10,2021,unknown,"Desktop, Laptop",unknown,1,1
Intel Core i7-11700B @ 3.20GHz,350.31,22539,64.34015586195085,3362,9.597213896263309,65.0,346.75,8,2021,unknown,Desktop,unknown,0,1
AMD Ryzen 7 PRO 5750GE,354.17,22315,63.006465821498146,3320,9.374029420899568,35.0,637.56,8,2021,AM4,Desktop,AM4,0,1
Apple M1 Pro 10 Core 3200 MHz,595.86,22314,37.448393918034434,3843,6.449501560769308,89.19,,10,2021,unknown,"Desktop, Laptop",unknown,1,1
Intel Xeon Platinum 8124M @ 3.00GHz,1634.1,22298,13.64543173612386,2051,1.2551251453399426,139.79,,18,2018,FCLGA3647,Server,FCLGA3647,1,1
Intel Xeon Gold 6152 @ 2.10GHz,3167.14,22291,7.038211130546803,2155,0.6804246102161572,140.0,159.22,22,2018,FCLGA3647,Server,FCLGA3647,0,0
Intel Xeon Gold 6136 @ 3.00GHz,2500.0,22266,8.9064,2224,0.8896,150.0,148.44,12,2017,FCLGA3647,Server,FCLGA3647,0,0
AMD Ryzen 9 5900HS,503.34,22215,44.13517701752295,3201,6.35951841697461,35.0,634.71,8,2021,FP6,Laptop,Other,0,1
Intel Xeon Gold 6334 @ 3.60GHz,2570.41,22160,8.621192728008372,2592,1.008399438221918,165.0,134.3,8,2021,FCLGA4189,Server,Other,0,0
Intel Xeon Gold 5218 @ 2.30GHz,1405.64,22117,15.734469707748783,2245,1.5971372470902934,125.0,176.94,16,2019,FCLGA3647,Server,FCLGA3647,0,0
AMD Ryzen 5 5600X,216.99,22088,101.79270934144431,3377,15.562929167242729,65.0,339.82,6,2020,AM4,Desktop,AM4,0,0
Intel Xeon W-1290E @ 3.50GHz,500.0,22066,44.132,2914,5.828,95.0,232.27,10,2021,FCLGA1200,Server,FCLGA1200,0,0
AMD Ryzen Threadripper 1920,449.81,22066,49.056268202129786,2299,5.111046886463173,140.0,157.62,12,2021,sTR4,Desktop,Other,0,1
Intel Xeon W-2255 @ 3.70GHz,778.0,22042,28.331619537275063,2727,3.505141388174807,165.0,133.59,10,2020,FCLGA2066,"Desktop, Server",Other,0,0
AMD EPYC 7551,2974.12,22005,7.398827216117709,1736,0.5837020698559574,180.0,122.25,32,2017,SP3,Server,SP3,0,0
Intel Core i9-9900X @ 3.50GHz,654.99,21868,33.38676926365288,2604,3.9756332157742866,165.0,132.54,10,2018,FCLGA2066,Desktop,Other,0,0
Intel Xeon Gold 6130T @ 2.10GHz,1988.0,21803,10.967303822937625,1698,0.8541247484909457,125.0,174.43,16,2020,FCLGA3647,Server,FCLGA3647,0,0
Intel Core i9-10910 @ 3.60GHz,360.67,21799,60.440291679374496,3143,8.714337205755953,125.0,174.39,10,2020,FCLGA1200,Desktop,FCLGA1200,0,1
Intel Xeon E5-2698 v4 @ 2.20GHz,908.7,21755,23.94079454165291,2141,2.356113128645317,135.0,161.15,20,2016,FCLGA2011-3,Server,FCLGA2011-3,0,0
Intel Xeon E5-2697 v4 @ 2.30GHz,874.0,21545,24.651029748283754,1963,2.245995423340961,145.0,148.59,18,2016,FCLGA2011-3,Server,FCLGA2011-3,0,0
Intel Xeon E5-2697A v4 @ 2.60GHz,983.27,21494,21.859712998464307,2038,2.0726758672592474,145.0,148.24,16,2016,FCLGA2011-3,Server,FCLGA2011-3,0,1
AMD Ryzen 7 5800H,472.72,21469,45.4158910137079,3083,6.521831105093924,45.0,477.09,8,2021,FP6,Laptop,Other,0,1
Intel Core i7-11700F @ 2.50GHz,289.99,21447,73.95772268009242,3339,11.51419014448774,65.0,329.95,8,2021,FCLGA1200,Desktop,FCLGA1200,0,0
AMD Ryzen 9 5980HS,473.64,21412,45.20733046195423,3145,6.640064183768263,35.0,611.76,8,2021,FP6,Laptop,Other,0,1
Intel Core i9-11900H @ 2.50GHz,546.0,21385,39.166666666666664,3202,5.864468864468864,45.0,475.22,8,2021,FCBGA1787,Laptop,Other,0,0
Intel Core i5-12600,238.97,21368,89.41708164204712,3883,16.248901535757625,65.0,328.73,6,2022,LGA 1700,Desktop,Other,0,0
Intel Core i7-11800H @ 2.30GHz,395.0,21363,54.08354430379747,3134,7.934177215189873,45.0,474.74,8,2021,FCBGA1787,Laptop,Other,0,0
AMD Ryzen 5 5600,189.99,21350,112.37433549134164,3208,16.885099215748195,65.0,328.46,6,2022,AM4,Desktop,AM4,0,0
Intel Core i9-7900X @ 3.30GHz,269.98,21310,78.93177272390547,2594,9.608119119934809,140.0,152.21,10,2017,FCLGA2066,Desktop,Other,0,0
AMD EPYC 7281,1098.95,21230,19.31844032940534,1613,1.4677646844715408,155.0,136.97,16,2017,SP3,Server,SP3,0,0
Intel Xeon Gold 5315Y @ 3.20GHz,1267.68,21225,16.74318439984854,2524,1.991038747949009,140.0,151.61,8,2021,FCLGA4189,Server,Other,0,0
Intel Core i7-11850H @ 2.50GHz,395.0,21212,53.70126582278481,3219,8.149367088607596,45.0,471.38,8,2021,FCBGA1787,Laptop,Other,0,0
Intel Xeon W-2155 @ 3.30GHz,1530.39,21198,13.851371219101013,2637,1.7230901926959794,140.0,151.41,10,2018,FCLGA2066,Server,Other,0,0
Intel Xeon Gold 6132 @ 2.60GHz,2139.95,21042,9.83294002196313,2180,1.0187153905465083,140.0,150.3,14,2018,FCLGA3647,Server,FCLGA3647,0,0
Intel Core i7-1270P,364.7,21030,57.66383328763367,3796,10.408554976693173,28.0,751.07,4,2022,BGA1700,Laptop,Other,0,1
Intel Xeon Silver 4310T @ 2.30GHz,668.18,20973,31.388248675506603,2288,3.4242270046993326,105.0,199.74,10,2021,FCLGA4189,Server,Other,0,0
AMD Ryzen 9 5900H,431.29,20960,48.598390873889954,3312,7.6792877182406265,30.33,,8,2022,AM4,Laptop,AM4,1,1
AMD Ryzen 7 5800HS Creator Edition,542.46,20948,38.61667219702835,3101,5.7165505290712675,34.17,,8,2021,unknown,Laptop,unknown,1,1
Intel Core i9-10900F @ 2.80GHz,350.0,20881,59.66,3070,8.771428571428572,65.0,321.25,10,2020,FCLGA1200,Desktop,FCLGA1200,0,0
AMD Ryzen 7 PRO 4700G,309.71,20848,67.31458461141068,2700,8.71783281133964,65.0,320.74,8,2020,AM4,Desktop,AM4,0,1
Intel Xeon E5-2697R v4 @ 2.30GHz,1373.8,20843,15.171786286213424,2007,1.4609113408065222,145.0,143.74,18,2021,FCLGA2011-3,Server,FCLGA2011-3,0,1
AMD EPYC 7262,571.95,20827,36.414022204738174,2026,3.542267680741323,155.0,134.37,8,2019,SP3,Server,SP3,0,0
Intel Xeon Gold 6130 @ 2.10GHz,1770.0,20721,11.706779661016949,1880,1.0621468926553672,125.0,165.77,16,2017,FCLGA3647,Server,FCLGA3647,0,0
AMD Ryzen 7 5800HS,421.77,20684,49.040946487422055,3060,7.255139056831923,35.0,590.97,8,2021,FP6,Laptop,Other,0,1
Intel Core i9-10900E @ 2.80GHz,444.0,20658,46.527027027027025,2969,6.686936936936937,65.0,317.82,10,2021,FCLGA1200,"Desktop, Mobile/Embedded",FCLGA1200,0,0
AMD Ryzen 5 PRO 5650G,194.47,20633,106.09862703758935,3234,16.62981436725459,65.0,317.42,6,2021,AM4,Desktop,AM4,0,1
Intel Core i7-11700 @ 2.50GHz,316.99,20588,64.94842108583867,3146,9.924603299788636,95.0,216.72,8,2021,FCLGA1200,Desktop,FCLGA1200,0,0
AMD Ryzen 7 PRO 4750G,299.99,20570,68.56895229840994,2710,9.033634454481815,65.0,316.46,8,2020,AM4,Desktop,AM4,0,0
Intel Xeon W-1290 @ 3.20GHz,619.0,20533,33.17124394184168,3093,4.996768982229402,80.0,256.66,10,2020,FCLGA1200,Server,FCLGA1200,0,0
AMD EPYC 7451,2015.12,20471,10.158700226289254,1975,0.9800905157012982,180.0,113.73,24,2018,SP3,Server,SP3,0,0
Intel Xeon W-2150B @ 3.00GHz,1218.89,20457,16.78330284110953,2711,2.2241547637604704,135.69,,10,2018,FCLGA2066,Server,Other,1,1
Intel Core i9-10900 @ 2.80GHz,389.97,20446,52.42967407749314,3057,7.839064543426417,65.0,314.55,10,2020,FCLGA1200,Desktop,FCLGA1200,0,0
Intel Xeon Gold 6244 @ 3.60GHz,2970.0,20402,6.8693602693602696,2752,0.9265993265993266,150.0,136.01,8,2019,FCLGA3647,Server,FCLGA3647,0,0
AMD Ryzen 7 4700GE,339.62,20392,60.043578116718685,2727,8.029562452152405,35.0,582.62,8,2020,AM4,Desktop,AM4,0,1
Intel Xeon E5-2695 v4 @ 2.10GHz,592.1,20373,34.40803918257051,1948,3.2899847998648877,120.0,169.77,18,2016,FCLGA2011-3,Server,FCLGA2011-3,0,0
AMD Ryzen 7 PRO 5875U,428.63,20369,47.52117210647878,2919,6.810069290530294,15.0,1357.93,8,2022,FP6,Laptop,Other,0,1
Intel Core i5-12500,202.0,20309,100.53960396039604,3759,18.60891089108911,65.0,312.45,6,2022,LGA 1700,Desktop,Other,0,0
Intel Core i9-11900T @ 1.50GHz,439.0,20225,46.07061503416856,3419,7.788154897494305,35.0,577.86,8,2021,FCLGA1200,Desktop,FCLGA1200,0,0
AMD Ryzen 7 4700G,319.0,20138,63.12852664576803,2758,8.64576802507837,65.0,309.82,8,2020,AM4,Desktop,AM4,0,0
Intel Xeon E5-2699 v3 @ 2.30GHz,542.53,20138,37.11868468103147,1916,3.5316019390632776,145.0,138.88,18,2014,LGA2011-v3,Server,LGA2011-v3,0,0
Intel Xeon E5-2690 v4 @ 2.60GHz,498.31,20094,40.324296120888604,1971,3.955369147719291,135.0,148.85,14,2016,FCLGA2011-3,Server,FCLGA2011-3,0,0
Intel Xeon E5-2699C v4 @ 2.20GHz,1101.84,20079,18.223153996950558,1622,1.4720830610614972,145.0,138.47,22,2017,FCLGA2011-3,Server,FCLGA2011-3,0,1
AMD Ryzen 5 5500,159.0,19949,125.46540880503144,3096,19.471698113207548,65.0,306.9,6,2022,AM4,Desktop,AM4,0,0
Intel Xeon W-1350P @ 4.00GHz,325.99,19935,61.1521825822878,3512,10.773336605417343,65.0,306.69,6,2021,FCLGA1200,Server,FCLGA1200,0,0
AMD Ryzen 5 5600G,179.97,19830,110.18503083847308,3187,17.708506973384452,65.0,305.08,6,2021,AM4,Desktop,AM4,0,0
Intel Core i5-12450H,311.0,19820,63.72990353697749,3628,11.665594855305466,45.0,440.44,4,2022,FCBGA1744,Laptop,Other,0,0
Intel Xeon Gold 6226 @ 2.70GHz,1769.98,19810,11.192216861207472,2104,1.1887139967683251,125.0,158.48,12,2020,FCLGA3647,Server,FCLGA3647,0,0
Intel Xeon E5-2698 v3 @ 2.30GHz,3405.95,19794,5.811594415654957,1990,0.5842716422730809,135.0,146.62,16,2014,LGA2011-v3,Server,LGA2011-v3,0,0
Intel Core i5-11600K @ 3.90GHz,209.99,19781,94.19972379637125,3374,16.06743178246583,125.0,158.25,6,2021,FCLGA1200,Desktop,FCLGA1200,0,0
Intel Core i5-11600KF @ 3.90GHz,232.49,19742,84.91548023570905,3359,14.44793324444062,125.0,157.93,6,2021,FCLGA1200,Desktop,FCLGA1200,0,0
Intel Core i5-12400F,174.98,19659,112.34998285518346,3567,20.385186878500402,65.0,302.44,6,2022,FCLGA1700,Desktop,Other,0,0
Intel Core i5-12400,192.0,19571,101.93229166666667,3532,18.395833333333332,65.0,301.09,6,2022,LGA 1700,Desktop,Other,0,0
Intel Xeon E5-2682 v4 @ 2.50GHz,1253.86,19551,15.592649897117703,1868,1.4897994991466352,120.0,162.93,16,2017,FCLGA2011-3,Server,FCLGA2011-3,0,1
AMD EPYC 7252,381.22,19550,51.28272388646975,1992,5.2253292062326215,120.0,162.92,8,2021,SP3,Server,SP3,0,0
Intel Core i9-9900KS @ 4.00GHz,898.3,19518,21.727707892686187,3039,3.3830568852276524,127.0,153.69,8,2019,FCLGA1151-2,Desktop,FCLGA1151-2,0,0
Intel Xeon Silver 4216 @ 2.10GHz,1096.66,19451,17.73658198530082,1775,1.6185508726496816,100.0,194.51,16,2019,FCLGA3647,Server,FCLGA3647,0,0
Intel Xeon W-2245 @ 3.90GHz,999.9,19446,19.447944794479447,2763,2.7632763276327634,155.0,125.46,8,2020,FCLGA2066,Server,Other,0,0
AMD Ryzen 9 4900HS,469.21,19425,41.399373414888856,2628,5.600903646554848,35.0,554.99,8,2020,FP6,Laptop,Other,0,1
Intel Xeon Gold 6137 @ 3.90GHz,2249.15,19365,8.609919302847743,2499,1.1110864104217149,205.0,94.46,16,2019,FCLGA-3647,Server,Other,0,1
Intel Core i7-7900X @ 3.30GHz,441.05,19358,43.89071533839701,2610,5.91769640630314,140.0,138.27,10,2017,FCLGA2066,Desktop,Other,0,1
AMD Ryzen 9 4900H,462.0,19339,41.85930735930736,2733,5.915584415584416,45.0,429.76,8,2020,FP6,Laptop,Other,0,1
Intel Core i7-10700K @ 3.80GHz,328.98,19277,58.59626725028877,3074,9.344033071919265,125.0,154.22,8,2020,FCLGA1200,Desktop,FCLGA1200,0,0
Intel Xeon W-1270P @ 3.80GHz,428.0,19245,44.96495327102804,3074,7.182242990654205,95.0,202.58,8,2020,FCLGA1200,Server,FCLGA1200,0,0
Intel Xeon E5-2697 v3 @ 2.60GHz,200.19,19238,96.09870622908237,2009,10.035466307008342,145.0,132.67,14,2014,LGA2011-v3,Server,LGA2011-v3,0,0
Intel Xeon Gold 6126 @ 2.60GHz,1160.0,19223,16.57155172413793,2019,1.7405172413793104,125.0,153.78,12,2018,FCLGA3647,Server,FCLGA3647,0,0
Intel Core i7-10700KF @ 3.80GHz,309.99,19143,61.75360495499854,3056,9.85838252846866,125.0,153.14,8,2020,FCLGA1200,Desktop,FCLGA1200,0,0
AMD Ryzen 7 4800H,478.15,19056,39.85360242601694,2638,5.517097145247307,45.0,423.46,8,2020,FP6,Laptop,Other,0,1
Intel Core i7-12800H,457.0,19052,41.689277899343544,3604,7.886214442013129,45.0,423.37,6,2022,FCBGA1744,Laptop,Other,0,0
Intel Xeon Silver 4309Y @ 2.80GHz,677.5,19010,28.059040590405903,2494,3.681180811808118,105.0,181.05,8,2021,FCLGA4189,Server,Other,0,0
Intel Xeon E5-2676 v4 @ 2.40GHz,1803.71,18978,10.521647049692023,1730,0.9591342288948889,145.0,130.88,16,2020,FCLGA2011-3,Server,FCLGA2011-3,0,1
Intel Core i5-1240P,369.89,18963,51.26659277082376,3356,9.07296763902782,28.0,677.25,4,2022,FCBGA1744,Laptop,Other,0,1
Intel Xeon W-1350 @ 3.30GHz,279.99,18940,67.64527304546591,3511,12.539733561912925,80.0,236.75,6,2021,FCLGA1200,Server,FCLGA1200,0,0
AMD Ryzen 5 5600GE,198.82,18879,94.95523589176139,3224,16.215672467558598,35.0,539.4,6,2021,AM4,Desktop,AM4,0,1
AMD Ryzen 7 4800HS,470.42,18864,40.10033587007355,2609,5.546107733514732,45.0,419.2,8,2020,FP6,Laptop,Other,0,1
Intel Xeon W-11855M @ 3.20GHz,450.0,18857,41.904444444444444,3319,7.375555555555556,45.0,419.05,6,2021,FCBGA1787,"Laptop, Server",Other,0,0
AMD Ryzen 7 5800U,423.91,18852,44.47170389941261,3092,7.294001085135996,15.0,1256.8,8,2021,FP6,Laptop,Other,0,1
Intel Xeon Silver 4214R @ 2.40GHz,707.81,18846,26.625789406761704,2023,2.8581116401294135,100.0,188.46,12,2020,FCLGA3647,Server,FCLGA3647,0,0
Hygon C86 7255 16-core,1534.81,18831,12.269271114991433,1490,0.9708042037776663,124.67,,16,2021,unknown,Unknown,unknown,1,1
ARM Neoverse-N1 80 Core 2600 MHz,1865.33,18823,10.090975859499393,1127,0.6041826379246568,129.01,,80,2022,unknown,Unknown,unknown,1,1
AMD Ryzen 5 3600XT,327.52,18780,57.3400097703957,2794,8.530776746458232,95.0,197.69,6,2020,AM4,Desktop,AM4,0,0
Intel Xeon E-2356G @ 3.20GHz,333.0,18757,56.327327327327325,3507,10.531531531531531,80.0,234.47,6,2022,FCLGA1200,Server,FCLGA1200,0,0
AMD Ryzen 5 PRO 5650GE,199.26,18716,93.92753186791127,3223,16.17484693365452,35.0,534.74,6,2021,AM4,Desktop,AM4,0,1
Intel Core i9-9900K @ 3.60GHz,622.0,18716,30.090032154340836,2960,4.758842443729904,95.0,197.02,8,2018,FCLGA1151-2,Desktop,FCLGA1151-2,0,0
Intel Core i9-9900KF @ 3.60GHz,502.13,18691,37.223428195885525,2968,5.910819907195348,95.0,196.75,8,2019,FCLGA1151-2,Desktop,FCLGA1151-2,0,0
Intel Xeon Gold 6144 @ 3.50GHz,2097.0,18656,8.896518836433,2523,1.2031473533619457,150.0,124.38,8,2017,FCLGA3647,Server,FCLGA3647,0,0
AMD Ryzen 5 PRO 6650U,399.79,18649,46.64698966957653,3277,8.196803321743916,28.0,666.04,6,2022,FP7,Laptop,Other,0,1
Intel Xeon W-1270E @ 3.40GHz,367.0,18635,50.776566757493185,2990,8.147138964577657,80.0,232.94,8,2022,FCLGA1200,"Server, Mobile/Embedded",FCLGA1200,0,0
AMD Ryzen 7 PRO 4750GE,341.84,18550,54.265153288088,2709,7.92476012169436,35.0,530.01,8,2020,AM4,Desktop,AM4,0,1
Intel Xeon Platinum P-8124 @ 3.00GHz,3553.54,18416,5.182437794424715,2007,0.5647889147160297,240.0,76.73,18,2021,FCLGA3647,Server,FCLGA3647,0,1
Intel Xeon W-1290T @ 1.90GHz,494.0,18409,37.26518218623482,2974,6.020242914979757,35.0,525.98,10,2021,FCLGA1200,Server,FCLGA1200,0,0
Intel Xeon D-2183IT @ 2.20GHz,1764.0,18385,10.42233560090703,1728,0.9795918367346939,100.0,183.85,16,2018,FCBGA2518,Server,Other,0,0
Intel Core i5-11600 @ 2.80GHz,216.41,18318,84.64488702000831,3302,15.25807495032577,65.0,281.81,6,2021,FCLGA1200,Desktop,FCLGA1200,0,0
Intel Core i9-9820X @ 3.30GHz,685.0,18288,26.697810218978102,2406,3.512408759124088,165.0,110.84,10,2018,FCLGA2066,Desktop,Other,0,0
AMD Ryzen 5 3600X,209.99,18285,87.07557502738226,2670,12.714891185294537,95.0,192.47,6,2019,AM4,Desktop,AM4,0,0
Intel Xeon E-2378 @ 2.60GHz,386.0,18248,47.27461139896373,3258,8.44041450777202,65.0,280.74,8,2022,FCLGA1200,Server,FCLGA1200,0,0
Intel Xeon E7-8880 v3 @ 2.30GHz,133.0,18244,137.17293233082708,1612,12.1203007518797,150.0,121.63,18,2016,LGA2011-1,Server,Other,0,0
Intel Core i7-9800X @ 3.80GHz,650.0,18240,28.06153846153846,2595,3.9923076923076923,165.0,110.54,8,2018,FCLGA2066,Desktop,Other,0,0
Intel Xeon W-2145 @ 3.70GHz,1224.67,18225,14.881559930430237,2625,2.1434345578808984,140.0,130.18,8,2017,FCLGA2066,Server,Other,0,0
AMD 4700S,306.77,18224,59.40606969390749,2399,7.8201910225902145,49.82,,8,2021,unknown,Desktop,unknown,1,1
AMD Ryzen 7 Extreme Edition,463.57,18209,39.279936147723106,2666,5.751019263541644,21.82,,8,2020,FP6,Laptop,Other,1,1
Intel Core i5-12600T,200.26,18202,90.89184060721063,3805,19.000299610506342,35.0,520.06,6,2022,FCLGA1700,Desktop,Other,0,1
Intel Xeon E5-2686 v3 @ 2.00GHz,881.99,18148,20.576197009036385,1910,2.165557432623953,120.0,151.24,18,2015,LGA2011-v3,Server,LGA2011-v3,0,1
AMD Ryzen 7 5825U,419.86,18122,43.162006383080076,3064,7.297670652122136,15.0,1208.12,8,2022,AM4,Laptop,AM4,0,1
Intel Xeon W-1270 @ 3.40GHz,362.0,18093,49.98066298342541,3060,8.453038674033149,80.0,226.17,8,2020,FCLGA1200,Server,FCLGA1200,0,0
Intel Xeon D-2187NT @ 2.00GHz,1989.0,18070,9.084967320261438,1425,0.7164404223227753,110.0,164.27,16,2020,FCBGA2518,Server,Other,0,0
AMD Ryzen Embedded V2718,469.24,17972,38.3002301594067,2439,5.197766601312761,15.0,1198.15,8,2021,FP6,Mobile/Embedded,Other,0,1
AMD Ryzen 5 PRO 3600,168.17,17900,106.43991199381578,2609,15.514063150383542,65.0,275.39,6,2019,AM4,Desktop,AM4,0,1
Intel Core i9-10900TE @ 1.80GHz,444.0,17888,40.288288288288285,2684,6.045045045045045,35.0,511.09,10,2021,FCLGA1200,Mobile/Embedded,FCLGA1200,0,0
AMD Ryzen 5 3600,153.49,17822,116.111798814255,2576,16.782852303081633,65.0,274.18,6,2019,AM4,Desktop,AM4,0,0
Intel Xeon E5-2680R v4 @ 2.40GHz,1022.56,17795,17.402401815052418,1833,1.7925598497887656,120.0,148.29,14,2020,FCLGA2011-3,Server,FCLGA2011-3,0,1
Intel Core i5-11500B @ 3.30GHz,195.28,17783,91.06411306841458,3224,16.509627201966406,65.0,273.58,6,2021,unknown,Desktop,unknown,0,1
Intel Xeon E5-2687W v4 @ 3.00GHz,975.1,17757,18.210439954876424,2065,2.1177315147164393,160.0,110.98,12,2016,FCLGA2011-3,Server,FCLGA2011-3,0,0
Intel Xeon E5-2680 v4 @ 2.40GHz,402.19,17737,44.10104676894005,1949,4.845968323429225,120.0,147.81,14,2016,FCLGA2011-3,Server,FCLGA2011-3,0,0
Intel Core i5-12500T,202.0,17728,87.76237623762377,3618,17.91089108910891,35.0,506.53,6,2022,FCLGA1700,Desktop,Other,0,0
Intel Xeon E-2278G @ 3.40GHz,494.0,17706,35.8421052631579,2951,5.973684210526316,80.0,221.33,8,2019,FCLGA1151-2,Server,FCLGA1151-2,0,0
Intel Xeon Gold 5120 @ 2.20GHz,1561.0,17686,11.32991672005125,1847,1.1832158872517617,105.0,168.43,14,2017,FCLGA3647,Server,FCLGA3647,0,0
Intel Core i5-11500 @ 2.70GHz,197.19,17626,89.38587149449769,3153,15.989654647801613,65.0,271.17,6,2021,FCLGA1200,Desktop,FCLGA1200,0,0
AMD Ryzen 7 PRO 5850U,417.98,17581,42.06182113976745,3057,7.313747069237762,15.0,1172.06,8,2021,FP6,Laptop,Other,0,1
AMD Ryzen 7 2700X,212.98,17578,82.53357122734529,2436,11.437693680157762,105.0,167.41,8,2018,AM4,Desktop,AM4,0,0
Intel Xeon W-2140B @ 3.20GHz,1109.1,17576,15.84708322062934,2579,2.325308808944189,135.26,,8,2018,FCLGA2066,Server,Other,1,1
Intel Xeon Gold 5120T @ 2.20GHz,1727.0,17540,10.156340474811813,1827,1.0579038795599305,105.0,167.04,14,2018,FCLGA3647,Server,FCLGA3647,0,0
Intel Xeon E5-2673 v4 @ 2.30GHz,1950.0,17533,8.99128205128205,1909,0.978974358974359,135.0,129.87,20,2016,FCLGA2011-3,Server,FCLGA2011-3,0,0
Apple M1 Pro 8 Core 3200 MHz,504.74,17521,34.712921504140745,3813,7.554384435550976,35.86,,8,2021,unknown,"Desktop, Laptop",unknown,1,1
Intel Xeon W-3223 @ 3.50GHz,820.55,17456,21.27353604289806,2503,3.0503930290658707,160.0,109.1,8,2020,FCLGA3647,Server,FCLGA3647,0,0
Intel Xeon E5-4669 v3 @ 2.10GHz,5400.0,17430,3.227777777777778,1474,0.27296296296296296,135.0,129.11,18,2015,FCLGA2011-3,Server,FCLGA2011-3,0,0
Intel Xeon E5-2683 v4 @ 2.10GHz,421.0,17388,41.30166270783848,1633,3.878859857482185,120.0,144.9,16,2016,FCLGA2011-3,Server,FCLGA2011-3,0,0
Intel Xeon E-2288G @ 3.70GHz,539.0,17313,32.12059369202226,2927,5.430426716141002,95.0,182.24,8,2019,FCLGA1151-2,Server,FCLGA1151-2,0,0
Intel Core i7-7820X @ 3.60GHz,709.0,17283,24.376586741889987,2539,3.5811001410437235,140.0,123.45,8,2017,FCLGA2066,Desktop,Other,0,0
AMD Ryzen 7 PRO 2700X,271.21,17221,63.49692120497032,2395,8.83079532465617,105.0,164.01,8,2018,AM4,Desktop,AM4,0,1
Intel Core i5-11400F @ 2.60GHz,149.99,17213,114.76098406560436,3023,20.15467697846523,65.0,264.82,6,2021,FCLGA1200,Desktop,FCLGA1200,0,0
AMD Ryzen 5 5600H,280.08,17196,61.39674378748929,2982,10.646958011996572,45.0,382.14,6,2021,FP6,Laptop,Other,0,1
Intel Core i7-6950X @ 3.00GHz,377.32,17142,45.430933955263434,2334,6.185730944556345,140.0,122.44,10,2016,LGA2011-v3,Desktop,LGA2011-v3,0,0
Intel Core i5-11400 @ 2.60GHz,174.21,17132,98.34108260145801,3048,17.49612536593766,65.0,263.57,6,2021,FCLGA1200,Desktop,FCLGA1200,0,0
AMD Ryzen 7 4800U,459.29,17073,37.172592479696924,2603,5.667443227590411,15.0,1138.18,8,2020,FP6,Laptop,Other,0,1
Intel Core i7-10700E @ 2.90GHz,330.0,17020,51.57575757575758,2845,8.621212121212121,65.0,261.85,8,2021,FCLGA1200,"Laptop, Mobile/Embedded",FCLGA1200,0,0
AMD EPYC 7232P,390.27,17017,43.60314653957517,1549,3.9690470699771954,120.0,141.81,8,2020,SP3,Server,SP3,0,0
Intel Core i7-10700F @ 2.90GHz,249.99,16973,67.89471578863154,2919,11.676467058682347,65.0,261.12,8,2020,FCLGA1200,Desktop,FCLGA1200,0,0
AMD Ryzen Threadripper 1900X,249.99,16955,67.82271290851634,2343,9.372374894995799,180.0,94.19,8,2017,sTR4,Desktop,Other,0,0
Intel Core i7-10700 @ 2.90GHz,268.99,16946,62.99862448418157,2922,10.862857355292018,65.0,260.71,8,2020,FCLGA1200,Desktop,FCLGA1200,0,0
Intel Xeon E5-2689 v4 @ 3.10GHz,2010.16,16936,8.42519998408087,2343,1.165578859394277,165.0,102.64,10,2016,FCLGA2011-3,Server,FCLGA2011-3,0,1
Intel Core i9-9900 @ 3.10GHz,458.99,16873,36.76114948038084,2863,6.2376086624980935,65.0,259.58,8,2019,FCLGA1151-2,Desktop,FCLGA1151-2,0,0
Intel Xeon E5-2686 v4 @ 2.30GHz,823.42,16745,20.33591605741906,1613,1.9589031114133737,145.0,115.48,18,2016,FCLGA2011-3,Server,FCLGA2011-3,0,1
AMD Ryzen 5 4500,141.75,16698,117.7989417989418,2605,18.377425044091712,65.0,256.89,6,2022,AM4,Desktop,AM4,0,0
Intel Xeon Gold 6134 @ 3.20GHz,1699.99,16518,9.71652774428085,2240,1.317654809734175,130.0,127.06,8,2017,FCLGA3647,Server,FCLGA3647,0,0
Intel Core i5-11500H @ 2.90GHz,250.0,16458,65.832,3148,12.592,45.0,365.74,6,2021,FCBGA1787,Laptop,Other,0,0
AMD Ryzen 5 PRO 4400G,229.13,16456,71.81949111857898,2656,11.591672849474097,58.85,,6,2020,unknown,Desktop,unknown,1,1
Intel Xeon E5-2690 v3 @ 2.60GHz,235.19,16444,69.91793868786938,1903,8.091330413708066,135.0,121.8,12,2014,LGA2011-v3,Server,LGA2011-v3,0,0
AMD Ryzen 5 PRO 4650G,257.36,16428,63.83276344420267,2664,10.35125893689773,65.0,252.73,6,2020,AM4,Desktop,AM4,0,0
Intel Core i7-11600H @ 2.90GHz,395.0,16403,41.526582278481015,3185,8.063291139240507,45.0,364.51,6,2021,FCBGA1787,Laptop,Other,0,0
Intel Core i7-10700TE @ 2.00GHz,330.0,16332,49.49090909090909,2772,8.4,35.0,466.63,8,2021,FCLGA1200,Laptop,FCLGA1200,0,0
AMD Ryzen 7 1800X,178.03,16306,91.59130483626355,2186,12.278829410773465,95.0,171.64,8,2017,AM4,Desktop,AM4,0,0
Intel Xeon Gold 5118 @ 2.30GHz,699.0,16287,23.300429184549355,1746,2.4978540772532187,105.0,155.12,12,2017,FCLGA3647,Server,FCLGA3647,0,0
Intel Core i9-10980HK @ 2.40GHz,583.0,16271,27.90909090909091,2869,4.921097770154374,45.0,361.57,8,2020,FCBGA1440,Laptop,FCBGA1440,0,0
AMD Ryzen Embedded V2748,393.73,16186,41.1093896832855,2646,6.72034135067178,54.0,299.74,8,2021,FP6,Mobile/Embedded,Other,0,1
Intel Xeon E5-2669 v3 @ 2.30GHz,869.31,16107,18.528488111260657,1502,1.7278071113871922,120.0,134.23,12,2016,LGA2011-v3,Server,LGA2011-v3,0,1
AMD Ryzen 7 5700U,425.85,16104,37.81613244100035,2618,6.147704590818363,15.0,1073.63,8,2021,FP6,Laptop,Other,0,1
Intel Core i5-11400H @ 2.70GHz,250.0,16073,64.292,3061,12.244,45.0,357.17,6,2021,FCBGA1787,Laptop,Other,0,0
Intel Core i7-1260P,328.3,16020,48.7968321657021,3067,9.342065184282667,28.0,572.16,4,2022,BGA1700,Laptop,Other,0,1
Intel Xeon W-10885M @ 2.40GHz,623.0,16013,25.703049759229536,2768,4.443017656500802,45.0,355.84,8,2020,FCBGA1440,"Laptop, Server",FCBGA1440,0,0
AMD Ryzen 7 4850U Mobile,420.38,15920,37.8704981207479,2653,6.310956753413579,15.0,1061.35,8,2022,FP6,Laptop,Other,0,1
Intel Xeon E-2336 @ 2.90GHz,304.0,15900,52.30263157894737,3353,11.029605263157896,65.0,244.61,6,2022,FCLGA1200,Server,FCLGA1200,0,0
Intel Xeon Gold 5117 @ 2.00GHz,1760.43,15816,8.984168640616213,1531,0.8696738864936407,105.0,150.63,14,2017,unknown,Server,unknown,0,1
Intel Xeon E5-2695 v3 @ 2.30GHz,243.19,15801,64.97388872897734,1739,7.1507874501418645,120.0,131.68,14,2014,LGA2011-v3,Server,LGA2011-v3,0,0
Intel Xeon Silver 4214 @ 2.20GHz,761.7,15772,20.70631482210844,1712,2.2476040435867137,85.0,185.55,12,2019,FCLGA3647,Server,FCLGA3647,0,0
AMD Ryzen 5 PRO 4650GE,201.05,15712,78.14971400149216,2632,13.0912708281522,35.0,448.91,6,2020,AM4,Desktop,AM4,0,1
Intel Core i9-10885H @ 2.40GHz,556.0,15679,28.199640287769785,2810,5.053956834532374,45.0,348.42,8,2020,FCBGA1440,Laptop,FCBGA1440,0,0
AMD Ryzen 5 4600GE,188.07,15656,83.24560004253736,2605,13.851225607486574,35.0,447.31,6,2020,AM4,Desktop,AM4,0,1
AMD Ryzen 7 2700,254.2,15654,61.581431943351696,2197,8.642800944138473,65.0,240.82,8,2018,AM4,Desktop,AM4,0,0
AMD Ryzen 5 4600G,231.9,15577,67.17119448037947,2658,11.461836998706339,65.0,239.65,6,2020,AM4,Desktop,AM4,0,1
AMD Ryzen 7 PRO 1700X,203.25,15530,76.40836408364083,2231,10.976629766297663,95.0,163.47,8,2017,AM4,Desktop,AM4,0,1
Intel Xeon E5-2680 v3 @ 2.50GHz,142.0,15522,109.30985915492958,1774,12.492957746478874,120.0,129.35,12,2014,LGA2011-v3,Server,LGA2011-v3,0,0
AMD Ryzen 7 PRO 4750U,462.11,15511,33.565601263768365,2562,5.544134513427538,15.0,1034.04,8,2020,FP6,Laptop,Other,0,1
AMD Ryzen 7 1700X,168.06,15496,92.20516482208735,2074,12.340830655718197,95.0,163.12,8,2017,AM4,Desktop,AM4,0,0
Intel Xeon Gold 5217 @ 3.00GHz,1645.0,15429,9.379331306990881,2173,1.3209726443768997,115.0,134.16,8,2019,FCLGA3647,Server,FCLGA3647,0,0
Intel Core i7-10875H @ 2.30GHz,450.0,15426,34.28,2778,6.173333333333333,45.0,342.79,8,2020,FCBGA1440,Laptop,FCBGA1440,0,0
Intel Xeon Gold 5215 @ 2.50GHz,1384.95,15420,11.133975955810678,1866,1.347341059244016,85.0,181.42,10,2019,FCLGA3647,Server,FCLGA3647,0,0
Intel Xeon E5-4667 v3 @ 2.00GHz,5729.0,15397,2.6875545470413686,1461,0.2550183278058998,135.0,114.05,16,2018,FCLGA2011-3,Server,FCLGA2011-3,0,0
AMD Ryzen 5 PRO 5650U,311.84,15373,49.29771677783479,2965,9.508081067213956,15.0,1024.86,6,2021,FP6,Laptop,Other,0,1
Intel Core i5-11260H @ 2.60GHz,250.0,15313,61.252,2969,11.876,45.0,340.29,6,2021,FCBGA1787,Laptop,Other,0,0
Intel Core i7-11700T @ 1.40GHz,323.0,15271,47.27863777089783,2859,8.85139318885449,35.0,436.3,8,2021,FCLGA1200,Desktop,FCLGA1200,0,0
Intel Core i5-11600T @ 1.70GHz,213.0,15254,71.6150234741784,2884,13.539906103286384,35.0,435.82,6,2021,FCLGA1200,Desktop,FCLGA1200,0,0
Intel Xeon E-2278GE @ 3.30GHz,494.0,15252,30.874493927125506,2639,5.342105263157895,80.0,190.66,8,2020,FCLGA1151-2,Server,FCLGA1151-2,0,0
Intel Xeon E-2286M @ 2.40GHz,1373.18,15249,11.104880642013429,2778,2.0230414075357928,45.0,338.87,8,2019,FCBGA1440,Laptop,FCBGA1440,0,0
Intel Xeon Silver 4214Y @ 2.20GHz,768.0,15248,19.854166666666668,1790,2.3307291666666665,85.0,179.39,12,2020,FCLGA3647,Server,FCLGA3647,0,0
AMD Ryzen 5 5600U,316.26,15241,48.191361537975084,2924,9.245557452728768,15.0,1016.06,6,2021,FP6,Laptop,Other,0,1
Intel Xeon Silver 4116T @ 2.10GHz,1112.0,15187,13.657374100719425,1781,1.6016187050359711,85.0,178.66,12,2021,FCLGA3647,Server,FCLGA3647,0,0
Intel Xeon Silver 4215R @ 3.20GHz,860.0,15147,17.61279069767442,2349,2.7313953488372094,130.0,116.51,8,2020,FCLGA3647,Server,FCLGA3647,0,0
Intel Core i9-10900T @ 1.90GHz,439.0,15134,34.47380410022779,2523,5.747152619589977,35.0,432.4,10,2020,FCLGA1200,Desktop,FCLGA1200,0,0
Intel Xeon D-2166NT @ 2.00GHz,1005.0,15105,15.029850746268657,1751,1.7422885572139304,85.0,177.7,12,2020,FCBGA2518,Server,Other,0,0
AMD Ryzen 5 5625U,334.67,15099,45.11608450115038,3050,9.113455045268473,15.0,1006.6,6,2022,FP6,Laptop,Other,0,1
Intel Core i9-10880H @ 2.30GHz,545.74,15064,27.602887822039797,2805,5.1398101660131195,45.0,334.75,8,2020,FCBGA1440,Laptop,FCBGA1440,0,1
AMD Ryzen 7 PRO 2700,202.69,15059,74.29572253194533,2145,10.58266318022596,65.0,231.67,8,2018,AM4,Desktop,AM4,0,1
Intel Xeon E5-2660 v4 @ 2.00GHz,254.45,15038,59.10001965022598,1897,7.455295735900963,105.0,143.22,14,2016,FCLGA2011-3,Server,FCLGA2011-3,0,0
Intel Xeon Silver 4210R @ 2.40GHz,519.99,15030,28.90440200773092,1831,3.5212215619531144,100.0,150.3,10,2020,FCLGA3647,Server,FCLGA3647,0,0
Intel Core i7-10870H @ 2.20GHz,417.0,15027,36.03597122302158,2726,6.537170263788969,45.0,333.93,8,2020,FCBGA1440,Laptop,FCBGA1440,0,0
AMD EPYC 7301,1499.98,14991,9.994133255110068,1363,0.9086787823837651,155.0,96.72,16,2019,SP3,Server,SP3,0,0
Intel Core i3-12300,143.0,14955,104.58041958041959,3673,25.685314685314687,60.0,249.26,4,2022,LGA 1700,Desktop,Other,0,0
AMD EPYC 7251,1111.0,14935,13.442844284428443,1671,1.5040504050405041,120.0,124.46,8,2018,SP3,Server,SP3,0,0
Intel Xeon Silver 4116 @ 2.10GHz,389.99,14931,38.28559706659145,1709,4.382163645221672,85.0,175.66,12,2018,FCLGA3647,Server,FCLGA3647,0,0
Intel Xeon W-1250P @ 4.10GHz,596.66,14924,25.01256997284886,2985,5.002849193845742,125.0,119.39,6,2021,FCLGA1200,"Desktop, Server",FCLGA1200,0,0
Intel Xeon E5-2699A v4 @ 2.40GHz,4938.0,14917,3.0208586472255976,1037,0.21000405022276225,145.0,102.87,22,2019,FCLGA2011-3,Server,FCLGA2011-3,0,0
Intel Xeon E5-2658A v3 @ 2.20GHz,1832.0,14879,8.121724890829695,1688,0.9213973799126638,105.0,141.71,12,2019,FCLGA2011-3,Server,FCLGA2011-3,0,0
Intel Xeon E5-2683 v3 @ 2.00GHz,1498.95,14829,9.892925047533273,1571,1.0480669802194869,120.0,123.57,14,2015,LGA2011-v3,Server,LGA2011-v3,0,0
Intel Xeon E5-1681 v3 @ 2.90GHz,721.67,14820,20.53570191361703,2040,2.826776781631494,135.0,109.78,10,2016,LGA2011-v3,Server,LGA2011-v3,0,1
Intel Xeon E5-2687W v3 @ 3.10GHz,679.95,14812,21.783954702551657,1897,2.7899110228693282,160.0,92.57,10,2014,LGA2011-v3,Server,LGA2011-v3,0,0
AMD Ryzen 5 PRO 4400GE,589.56,14795,25.094986091322344,2664,4.518624058619988,35.0,422.71,6,2020,unknown,Laptop,unknown,0,1
AMD Ryzen 5 4600HS,461.66,14735,31.91742841051856,2468,5.345925572932461,35.0,421.01,6,2020,FP6,Laptop,Other,0,1
AMD Ryzen 5 4600H,457.28,14735,32.2231455563331,2461,5.381822953114066,45.0,327.45,6,2020,FP6,Laptop,Other,0,1
Intel Core i9-9980HK @ 2.40GHz,583.0,14728,25.262435677530018,2620,4.493996569468267,45.0,327.29,8,2019,FCBGA1440,Laptop,FCBGA1440,0,0
Apple M1 8 Core 3200 MHz,475.67,14694,30.891164042298232,3763,7.910946664704522,15.1,973.12,8,2021,unknown,"Desktop, Laptop, Mobile/Embedded",unknown,0,1
Intel Xeon E5-2678 v3 @ 2.50GHz,170.0,14682,86.36470588235294,1718,10.105882352941176,120.0,122.35,12,2015,LGA2011-v3,Server,LGA2011-v3,0,0
AMD Ryzen 7 2700E,282.3,14657,51.91994332270634,2410,8.537017357421183,45.0,325.72,8,2019,AM4,Desktop,AM4,0,1
AMD Ryzen 7 1700,152.68,14628,95.80822635577678,1985,13.001047943411056,65.0,225.05,8,2017,AM4,Desktop,AM4,0,0
AMD Ryzen 7 PRO 1700,167.2,14590,87.26076555023924,2026,12.117224880382777,65.0,224.45,8,2017,AM4,Desktop,AM4,0,1
Intel Core i5-10600KF @ 4.10GHz,184.98,14575,78.79230187047249,2948,15.936858038706887,125.0,116.6,6,2020,FCLGA1200,Desktop,FCLGA1200,0,0
Intel Core i7-9700K @ 3.60GHz,390.99,14550,37.21322795979437,2899,7.414511880099235,95.0,153.16,8,2018,FCLGA1151-2,Desktop,FCLGA1151-2,0,0
Intel Core i7-8086K @ 4.00GHz,549.0,14550,26.502732240437158,2895,5.273224043715847,95.0,153.16,6,2018,FCLGA1151-2,Desktop,FCLGA1151-2,0,0
Intel Xeon E5-2676 v3 @ 2.40GHz,516.01,14537,28.17193465242922,1687,3.2693164861146102,120.0,121.14,12,2015,LGA2011-v3,Server,LGA2011-v3,0,1
Intel Core i5-10600K @ 4.10GHz,212.97,14534,68.24435366483543,2936,13.78597924590318,125.0,116.27,6,2020,FCLGA1200,Desktop,FCLGA1200,0,0
Intel Core i3-12100,122.0,14503,118.87704918032787,3549,29.09016393442623,60.0,241.72,4,2022,LGA 1700,Desktop,Other,0,0
Intel Core i7-9700KF @ 3.60GHz,424.99,14499,34.11609684933763,2920,6.870749899997647,95.0,152.62,8,2019,FCLGA1151-2,Desktop,FCLGA1151-2,0,0
Intel Core i3-12100F,107.99,14490,134.1790906565423,3532,32.706732104824525,58.0,249.83,4,2022,FCLGA1700,Server,Other,0,0
Intel Xeon Silver 4215 @ 2.50GHz,869.95,14439,16.59750560377033,2060,2.3679521811598367,85.0,169.87,8,2019,FCLGA3647,Server,FCLGA3647,0,0
Intel Xeon E5-2658 v4 @ 2.30GHz,1172.02,14434,12.315489496766267,1583,1.350659545058958,105.0,137.46,14,2016,FCLGA2011-3,Server,FCLGA2011-3,0,1
Intel Xeon Silver 4123 @ 3.00GHz,672.05,14405,21.43441708206235,1967,2.92686556059817,105.0,137.19,8,2018,unknown,Server,unknown,0,1
Intel Xeon E-2286G @ 4.00GHz,551.26,14384,26.09295069477198,2846,5.162718136632442,95.0,151.41,6,2019,FCLGA1151-2,Server,FCLGA1151-2,0,0
Intel Xeon W-2235 @ 3.80GHz,582.99,14332,24.583612068817647,2662,4.566116056879192,130.0,110.25,6,2020,FCLGA2066,Server,Other,0,0
Intel Xeon E-2236 @ 3.40GHz,327.31,14307,43.71085515260762,2851,8.710396871467417,80.0,178.84,6,2019,FCLGA1151-2,Server,FCLGA1151-2,0,0
Intel Core i7-6900K @ 3.20GHz,384.95,14291,37.124301857384076,2361,6.133264060267567,140.0,102.08,8,2016,FCLGA2011-3,Desktop,FCLGA2011-3,0,0
Intel Xeon Silver 4210 @ 2.20GHz,449.0,14285,31.815144766146993,1858,4.138084632516704,85.0,168.06,10,2019,FCLGA3647,Server,FCLGA3647,0,0
Intel Xeon Gold 6128 @ 3.40GHz,1719.0,14273,8.303083187899942,2247,1.307155322862129,115.0,124.11,6,2017,FCLGA3647,Server,FCLGA3647,0,0
Intel Xeon E5-4660 v3 @ 2.10GHz,4800.0,14256,2.97,1558,0.32458333333333333,120.0,118.8,14,2017,FCLGA2011-3,Server,FCLGA2011-3,0,0
AMD Ryzen 5 PRO 5675U,340.48,14253,41.86148966165413,2783,8.17375469924812,15.0,950.21,6,2022,FP6,Laptop,Other,0,1
Intel Xeon E5-2697 v2 @ 2.70GHz,162.5,14218,87.49538461538461,1811,11.144615384615385,130.0,109.37,12,2013,FCLGA2011,Server,Other,0,0
Intel Xeon E5-2696 v2 @ 2.50GHz,136.7,14206,103.92099487929774,1643,12.019019751280176,118.41,,12,2013,LGA2011,Server,Other,1,1
Intel Xeon E5-1680 v4 @ 3.40GHz,4719.0,14120,2.9921593557957196,2348,0.49756304301758847,140.0,100.86,8,2016,FCLGA2011-3,Server,FCLGA2011-3,0,0
Intel Xeon E5-2673 v3 @ 2.40GHz,700.0,14112,20.16,1723,2.4614285714285713,110.0,128.29,12,2015,LGA2011-v3,Server,LGA2011-v3,0,0
Intel Xeon W-2135 @ 3.70GHz,1007.7,14109,14.001190830604346,2592,2.5721941053885082,140.0,100.78,6,2017,FCLGA2066,Server,Other,0,0
Intel Xeon E-2374G @ 3.70GHz,357.0,14086,39.45658263305322,3445,9.64985994397759,80.0,176.07,4,2022,FCLGA1200,Server,FCLGA1200,0,0
AMD Ryzen 5 2600X,154.39,14053,91.0227346330721,2406,15.583910875056675,95.0,147.92,6,2018,AM4,Desktop,AM4,0,0
Intel Xeon E-2246G @ 3.60GHz,311.0,14050,45.17684887459807,2825,9.083601286173634,80.0,175.62,6,2019,FCLGA1151-2,Server,FCLGA1151-2,0,0
Intel Core i9-9880H @ 2.30GHz,556.0,13979,25.142086330935253,2555,4.595323741007194,45.0,310.64,8,2019,FCBGA1440,Laptop,FCBGA1440,0,0
AMD Ryzen 3 PRO 5350G,178.75,13976,78.18741258741258,3104,17.365034965034965,65.0,215.01,4,2021,AM4,Desktop,AM4,0,1
AMD EPYC 3251,315.0,13965,44.333333333333336,1872,5.942857142857143,50.0,279.3,8,2019,SP4r2,Server,Other,0,0
Intel Core i9-9900T @ 2.10GHz,439.0,13947,31.76993166287016,2505,5.70615034168565,35.0,398.49,8,2019,FCLGA1151-2,Desktop,FCLGA1151-2,0,0
Intel Core i5-10600 @ 3.30GHz,219.99,13928,63.31196872585117,2911,13.232419655438884,65.0,214.27,6,2020,FCLGA1200,Desktop,FCLGA1200,0,0
Intel Xeon E5-2670 v3 @ 2.30GHz,63.99,13917,217.48710736052507,1695,26.48851383028598,120.0,115.97,12,2014,LGA2011-v3,Server,LGA2011-v3,0,0
Intel Xeon E-2186G @ 3.80GHz,542.78,13909,25.62548362135672,2780,5.121780463539556,95.0,146.41,6,2018,FCLGA1151-2,Server,FCLGA1151-2,0,0
Intel Core i7-8700K @ 3.70GHz,309.0,13850,44.82200647249191,2764,8.944983818770227,95.0,145.79,6,2017,FCLGA1151-2,Desktop,FCLGA1151-2,0,0
Intel Xeon E5-2667 v4 @ 3.20GHz,357.5,13846,38.73006993006993,2158,6.036363636363636,135.0,102.57,8,2016,FCLGA2011-3,Server,FCLGA2011-3,0,0
AMD Ryzen 3 5300GE,169.66,13843,81.59259695862313,3104,18.29541435812802,35.0,395.51,4,2021,AM4,Desktop,AM4,0,1
Intel Core i5-11500T @ 1.50GHz,192.0,13820,71.97916666666667,2571,13.390625,35.0,394.85,6,2021,FCLGA1200,Desktop,FCLGA1200,0,0
Intel Xeon W-1250 @ 3.30GHz,312.39,13799,44.17234866673069,2859,9.152021511572073,80.0,172.49,6,2020,FCLGA1200,Server,FCLGA1200,0,0
AMD Ryzen 3 PRO 5350GE,169.66,13707,80.7909937522103,3106,18.30720264057527,35.0,391.62,4,2021,AM4,Desktop,AM4,0,1
AMD Ryzen 7 4700U,441.74,13648,30.89600217322407,2553,5.779417757051659,15.0,909.83,8,2020,FP6,Laptop,Other,0,1
Intel Xeon E-2176G @ 3.70GHz,448.0,13643,30.453125,2749,6.136160714285714,80.0,170.54,6,2018,FCLGA1151-2,Server,FCLGA1151-2,0,0
Intel Xeon W-1270TE @ 2.00GHz,367.0,13553,36.9291553133515,2796,7.618528610354224,35.0,387.24,8,2021,FCLGA1200,Server,FCLGA1200,0,0
Intel Xeon E5-2695 v2 @ 2.40GHz,183.0,13521,73.88524590163935,1604,8.765027322404372,115.0,117.57,12,2013,LGA 2011,Server,Other,0,0
Intel Xeon E5-2650 v4 @ 2.20GHz,1199.99,13489,11.240927007725064,1578,1.3150109584246534,105.0,128.47,12,2016,FCLGA2011-3,Server,FCLGA2011-3,0,0
Intel Xeon E5-2658 v3 @ 2.20GHz,492.12,13487,27.40591725595383,1711,3.4767942778184184,105.0,128.45,12,2015,LGA2011-v3,Server,LGA2011-v3,0,1
Intel Xeon E5-2690 v2 @ 3.00GHz,148.0,13481,91.08783783783784,1880,12.702702702702704,130.0,103.7,10,2013,FCLGA2011,Server,Other,0,0
Intel Core i7-9700F @ 3.00GHz,340.99,13462,39.47916361183612,2796,8.199653948796152,65.0,207.11,8,2019,FCLGA1151-2,Desktop,FCLGA1151-2,0,0
AMD Ryzen 5 4600U,493.41,13460,27.279544395127783,2418,4.900589773210919,15.0,897.36,6,2020,FP6,Laptop,Other,0,1
Intel Core i7-9700 @ 3.00GHz,322.85,13385,41.45888183366888,2782,8.617004800991172,65.0,205.93,8,2019,FCLGA1151-2,Desktop,FCLGA1151-2,0,0
Intel Xeon E-2276G @ 3.80GHz,442.9,13371,30.189659065251753,2894,6.534206367125762,80.0,167.13,6,2019,FCLGA1151-2,Server,FCLGA1151-2,0,0
Intel Xeon E-2136 @ 3.30GHz,321.99,13356,41.479549054318454,2711,8.41951613404143,80.0,166.96,6,2018,FCLGA1151-2,Server,FCLGA1151-2,0,0
Intel Xeon E-2146G @ 3.50GHz,369.94,13351,36.089636157214684,2679,7.241714872682056,80.0,166.89,6,2018,FCLGA1151-2,Server,FCLGA1151-2,0,0
Intel Xeon E5-1660 v4 @ 3.20GHz,1494.0,13340,8.92904953145917,2193,1.4678714859437751,140.0,95.29,8,2016,FCLGA2011-3,Server,FCLGA2011-3,0,0
AMD Ryzen 5 3500X,184.95,13319,72.01405785347391,2525,13.65233846985672,65.0,204.91,6,2019,AM4,Desktop,AM4,0,0
AMD Ryzen 5 PRO 2600,136.48,13250,97.08382180539274,2263,16.581184056271983,65.0,203.84,6,2018,AM4,Desktop,AM4,0,1
Intel Xeon E5-1680 v3 @ 3.20GHz,589.99,13214,22.396989779487786,2127,3.60514584992966,140.0,94.38,8,2015,LGA2011-v3,Server,LGA2011-v3,0,0
AMD Ryzen 5 2600,124.88,13195,105.66143497757848,2250,18.01729660474055,65.0,202.99,6,2018,AM4,Desktop,AM4,0,0
AMD Ryzen 5 5500U,471.13,13190,27.996519007492623,2459,5.219366204656889,15.0,879.33,6,2021,FP6,Laptop,Other,0,1
Intel Xeon E-2334 @ 3.40GHz,305.99,13189,43.102715775025324,3244,10.601653648812052,65.0,202.9,4,2022,FCLGA1200,Server,FCLGA1200,0,0
Intel Xeon Silver 4114 @ 2.20GHz,775.0,13169,16.99225806451613,1681,2.169032258064516,85.0,154.93,10,2017,FCLGA3647,Server,FCLGA3647,0,0
Intel Xeon E5-2660 v3 @ 2.60GHz,142.73,13146,92.10397253555665,1796,12.583199047151966,105.0,125.2,10,2014,LGA2011-v3,Server,LGA2011-v3,0,0
AMD Ryzen 3 5300G,180.18,13139,72.92152292152292,3055,16.955266955266953,65.0,202.14,4,2021,AM4,Desktop,AM4,0,1
Intel Core i7-10700T @ 2.00GHz,447.99,13119,29.284135806602826,2661,5.939864729123418,35.0,374.82,8,2020,FCLGA1200,Desktop,FCLGA1200,0,0
Intel Xeon D-2143IT @ 2.20GHz,566.0,13107,23.157243816254418,1812,3.2014134275618376,65.0,201.64,8,2018,FCBGA2518,Server,Other,0,0
Intel Core i5-11400T @ 1.30GHz,182.0,13078,71.85714285714286,2549,14.005494505494505,35.0,373.67,6,2021,FCLGA1200,Desktop,FCLGA1200,0,0
Intel Core i5-10500 @ 3.10GHz,209.88,13056,62.20697541452259,2785,13.2694873260911,65.0,200.86,6,2020,FCLGA1200,Desktop,FCLGA1200,0,0
Intel Core i7-8700 @ 3.20GHz,260.99,13046,49.986589524502854,2662,10.19962450668608,65.0,200.71,6,2017,FCLGA1151-2,Desktop,FCLGA1151-2,0,0
Intel Xeon E5-4627 v4 @ 2.60GHz,999.99,12969,12.969129691296914,2030,2.030020300203002,135.0,96.07,10,2017,FCLGA2011-3,Server,FCLGA2011-3,0,0
Intel Xeon W-10855M @ 2.80GHz,450.0,12955,28.788888888888888,2776,6.168888888888889,45.0,287.89,6,2020,FCBGA1440,"Laptop, Server",FCBGA1440,0,0
Intel Xeon E5-2685 v3 @ 2.60GHz,445.42,12944,29.060212832831933,1726,3.8749943873198327,120.0,107.87,12,2015,LGA2011-v3,Server,LGA2011-v3,0,1
AMD Ryzen 5 1600X,169.46,12943,76.37790629057004,2183,12.882096069868995,95.0,136.25,6,2017,AM4,Desktop,AM4,0,0
AMD Ryzen 5 PRO 4650U,527.01,12889,24.456841426158896,2462,4.671638109333789,15.0,859.29,6,2020,FP6,Laptop,Other,0,1
Intel Core i7-7800X @ 3.50GHz,199.99,12864,64.32321616080803,2414,12.070603530176509,140.0,91.89,6,2017,FCLGA2066,Desktop,Other,0,0
AMD Ryzen 5 3500,166.02,12836,77.31598602578002,2515,15.148777255752318,65.0,197.47,6,2019,AM4,Desktop,AM4,0,1
Intel Xeon E5-2618L v4 @ 2.20GHz,700.39,12816,18.29837661874099,2013,2.874112994188952,75.0,170.88,10,2017,FCLGA2011-3,Server,FCLGA2011-3,0,0
Intel Core i3-12100T,122.0,12767,104.64754098360656,3412,27.9672131147541,35.0,364.77,4,2022,FCLGA1700,Desktop,Other,0,0
AMD Ryzen 3 3300X,269.99,12746,47.209155894662764,2689,9.959628134375347,65.0,196.1,4,2020,AM4,Desktop,AM4,0,0
Intel Core i7-5960X @ 3.00GHz,215.61,12719,58.990770372431705,1979,9.17860952645981,140.0,90.85,8,2014,LGA2011-v3,Desktop,LGA2011-v3,0,0
Intel Xeon E5-2680 v2 @ 2.80GHz,139.53,12530,89.80147638500681,1789,12.82161542320648,115.0,108.96,10,2013,FCLGA2011,Server,Other,0,0
Intel Xeon E5-1680 v2 @ 3.00GHz,471.31,12503,26.52818739258662,2074,4.400500732002292,130.0,96.18,8,2014,LGA 2011,Server,Other,0,1
Intel Xeon E5-4657L v2 @ 2.40GHz,751.19,12495,16.63360800862631,1478,1.9675448288715236,115.0,108.66,12,2015,FCLGA2011,Server,Other,0,0
Intel Core i5-10400F @ 2.90GHz,124.99,12439,99.51996159692776,2572,20.577646211696937,65.0,191.37,6,2020,FCLGA1200,Desktop,FCLGA1200,0,0
Intel Xeon W-2133 @ 3.60GHz,617.0,12438,20.158833063209077,2274,3.685575364667747,140.0,88.84,6,2017,FCLGA2066,Server,Other,0,0
Intel Xeon E5-2649 v3 @ 2.30GHz,633.55,12399,19.570673190750533,1674,2.64225396574856,105.0,118.09,10,2018,LGA2011-v3,Server,LGA2011-v3,0,1
Intel Core i7-11375H @ 3.30GHz,482.0,12383,25.690871369294605,3105,6.441908713692946,35.0,353.79,4,2021,FCBGA1449,Laptop,Other,0,0
Intel Xeon E5-1660 v3 @ 3.00GHz,398.95,12360,30.981325980699335,1976,4.9530016292768515,140.0,88.28,8,2014,LGA2011-v3,Server,LGA2011-v3,0,0
Intel Core i7-10750H @ 2.60GHz,376.13,12355,32.84768564060298,2716,7.220907664903092,45.0,274.54,6,2020,FCBGA1440,Laptop,FCBGA1440,0,1
Intel Xeon E5-2667 v3 @ 3.20GHz,403.0,12354,30.655086848635236,1983,4.920595533498759,135.0,91.51,8,2014,LGA2011-v3,Server,LGA2011-v3,0,0
Intel Core i7-1265U,426.0,12334,28.953051643192488,3422,8.032863849765258,15.0,822.28,2,2022,FCBGA1744,"Laptop, Mobile/Embedded",Other,0,0
Intel Core i5-10400 @ 2.90GHz,149.99,12320,82.13880925395026,2587,17.247816521101406,65.0,189.53,6,2020,FCLGA1200,Desktop,FCLGA1200,0,0
AMD Ryzen 5 1600,159.82,12314,77.04918032786885,2074,12.977099236641221,65.0,189.45,6,2017,AM4,Desktop,AM4,0,0
Intel Core i7-8700B @ 3.20GHz,303.0,12239,40.39273927392739,2751,9.07920792079208,65.0,188.3,6,2019,FCBGA1440,Laptop,FCBGA1440,0,0
Intel Core i7-9700E @ 2.60GHz,323.0,12239,37.89164086687307,2576,7.975232198142415,65.0,188.3,8,2020,FCLGA1151-2,Desktop,FCLGA1151-2,0,0
AMD Ryzen 3 PRO 5475U,398.46,12230,30.69316869949305,3001,7.531496260603324,15.0,815.33,4,2021,FP6,Laptop,Other,0,1
Intel Xeon E5-2667 v2 @ 3.30GHz,174.95,12222,69.85995998856816,2018,11.534724206916263,130.0,94.02,8,2014,LGA 2011,Server,Other,0,0
Intel Core i5-10505 @ 3.20GHz,180.92,12221,67.54919301348663,2874,15.885474242759232,65.0,188.02,6,2021,FCLGA1200,Desktop,FCLGA1200,0,1
Intel Xeon D-2141I @ 2.20GHz,555.0,12177,21.94054054054054,1756,3.163963963963964,65.0,187.33,8,2019,FCBGA2518,Server,Other,0,0
Intel Core i7-10850H @ 2.70GHz,395.0,12124,30.69367088607595,2740,6.936708860759493,45.0,269.42,6,2020,FCBGA1440,Laptop,FCBGA1440,0,0
Intel Xeon E5-2692 v2 @ 2.20GHz,954.91,12119,12.69124838990062,1571,1.6451812212669257,115.0,105.38,12,2016,LGA 2011,Server,Other,0,1
Intel Core i7-11370H @ 3.30GHz,426.0,12098,28.399061032863848,3017,7.082159624413146,35.0,345.66,4,2021,FCBGA1449,Laptop,Other,0,0
Intel Xeon E5-2687W v2 @ 3.40GHz,432.19,12083,27.95761123579907,2067,4.782618755639881,150.0,80.56,8,2013,FCLGA2011,Server,Other,0,0
AMD Ryzen 5 PRO 4500U,540.54,12049,22.29067229067229,2486,4.599104599104599,15.0,803.25,6,2020,FP6,Laptop,Other,0,1
Intel Xeon E-2278GEL @ 2.00GHz,494.0,12024,24.34008097165992,2428,4.91497975708502,35.0,343.53,8,2019,FCLGA1151-2,Server,FCLGA1151-2,0,0
Intel Xeon E5-2675 v3 @ 1.80GHz,1143.77,11960,10.456647752607605,1209,1.0570306967309862,99.5,,16,2016,LGA2011-v3,Server,LGA2011-v3,1,1
Intel Xeon E5-2640 v4 @ 2.40GHz,461.0,11950,25.92190889370933,1818,3.943600867678959,90.0,132.78,10,2016,FCLGA2011-3,Server,FCLGA2011-3,0,0
Intel Core i5-1245U,401.67,11934,29.710956755545595,3386,8.42980556177957,15.0,795.59,2,2022,BGA1700,Mobile/Embedded,Other,0,1
Intel Xeon E5-2650 v3 @ 2.30GHz,107.87,11931,110.6053583016594,1629,15.101511078149624,105.0,113.63,10,2014,LGA2011-v3,Server,LGA2011-v3,0,0
Intel Xeon E5-2673 v2 @ 3.30GHz,448.21,11919,26.592445505455032,1959,4.370719082572902,110.0,108.35,8,2016,LGA 2011,Server,Other,0,1
AMD Ryzen 3 5400U,380.2,11839,31.138874276696477,2893,7.609153077327722,15.0,789.29,4,2021,FP6,Laptop,Other,0,1
Intel Xeon E5-2650L v3 @ 1.80GHz,1365.0,11820,8.659340659340659,1397,1.0234432234432234,65.0,181.85,12,2015,LGA2011-v3,Server,LGA2011-v3,0,0
Intel Xeon E-2276M @ 2.80GHz,450.0,11818,26.26222222222222,2648,5.884444444444444,45.0,262.62,6,2019,FCBGA1440,Laptop,FCBGA1440,0,0
Intel Xeon E5-2663 v3 @ 2.80GHz,386.33,11777,30.484300986203507,2040,5.2804597106101,120.0,98.14,10,2015,LGA2011-v3,Server,LGA2011-v3,0,1
Intel Xeon D-2146NT @ 2.30GHz,641.0,11736,18.308892355694226,1802,2.811232449297972,80.0,146.69,8,2019,FCBGA2518,Server,Other,0,0
Intel Xeon E5-2670 v2 @ 2.50GHz,79.0,11718,148.32911392405063,1658,20.9873417721519,115.0,101.9,10,2014,FCLGA2011,Server,Other,0,0
AMD Ryzen 3 3100,137.95,11660,84.52337803552012,2427,17.593330916998916,65.0,179.38,4,2020,AM4,Desktop,AM4,0,0
Intel Xeon D-1577 @ 1.30GHz,1176.0,11645,9.90221088435374,1319,1.1215986394557824,45.0,258.78,16,2020,FCBGA1667,Server,Other,0,0
Intel Core i5-10500H @ 2.50GHz,250.0,11604,46.416,2620,10.48,45.0,257.86,6,2021,FCBGA1440,Laptop,FCBGA1440,0,0
Intel Xeon E5-2648L v4 @ 1.80GHz,1298.7,11547,8.891198891198892,1435,1.104951104951105,75.0,153.96,14,2017,FCLGA2011-3,Server,FCLGA2011-3,0,0
Intel Xeon E5-1650 v4 @ 3.60GHz,453.7,11534,25.422085078245537,2406,5.303063698479171,140.0,82.38,6,2016,FCLGA2011-3,Server,FCLGA2011-3,0,0
Intel Xeon E5-4669 v4 @ 2.20GHz,1722.14,11523,6.691093639309231,1366,0.7931991591856643,135.0,85.35,22,2017,FCLGA2011-3,Server,FCLGA2011-3,0,1
Intel Core i7-9850H @ 2.60GHz,1305.76,11483,8.794112241146918,2550,1.9528856757750275,45.0,255.18,6,2019,unknown,Laptop,unknown,0,0
AMD Ryzen 3 PRO 5450U,357.54,11453,32.03277954914135,2847,7.962745427085081,15.0,763.53,4,2021,FP6,Laptop,Other,0,1
Intel Xeon E5-2650L v4 @ 1.70GHz,700.0,11436,16.337142857142858,1385,1.9785714285714286,65.0,175.93,14,2017,FCLGA2011-3,Server,FCLGA2011-3,0,0
Intel Core i7-9750HF @ 2.60GHz,395.0,11391,28.837974683544303,2539,6.427848101265822,45.0,253.14,6,2020,FCBGA1440,Laptop,FCBGA1440,0,0
Intel Core i5-10600T @ 2.40GHz,213.0,11376,53.40845070422535,2422,11.370892018779342,35.0,325.02,6,2020,FCLGA1200,Desktop,FCLGA1200,0,0
Intel Xeon E5-2630 v4 @ 2.20GHz,374.95,11373,30.33204427256968,1774,4.731297506334178,85.0,133.8,10,2016,FCLGA2011-3,Server,FCLGA2011-3,0,0
Intel Core i3-11100B @ 3.60GHz,157.13,11357,72.27773181442119,2912,18.532425380258385,65.0,174.73,4,2021,unknown,Desktop,unknown,0,1
Intel Xeon E5-4627 v3 @ 2.60GHz,2400.0,11344,4.726666666666667,1749,0.72875,135.0,84.03,10,2016,FCLGA2011-3,Server,FCLGA2011-3,0,0
AMD Ryzen 3 4300GE,160.16,11332,70.75424575424576,2558,15.971528471528472,35.0,323.78,4,2020,AM4,Desktop,AM4,0,1
AMD Ryzen 3 PRO 4200G,144.43,11315,78.34244962957834,2564,17.75254448521775,65.0,174.07,4,2021,FP6,Desktop,Other,0,1
Intel Core i7-6850K @ 3.60GHz,326.97,11295,34.54445361959812,2407,7.361531638988286,140.0,80.68,6,2016,FCLGA2011-3,Desktop,FCLGA2011-3,0,0
ARM Neoverse-N1 16 Core 0 MHz,976.07,11281,11.557572715071665,1272,1.3031852223713463,60.52,,16,2021,unknown,Unknown,unknown,1,1
AMD Ryzen 3 PRO 4350GE,169.66,11270,66.4269715902393,2567,15.130260521042084,35.0,322.01,4,2020,AM4,Desktop,AM4,0,1
Intel Core i7-9750H @ 2.60GHz,960.0,11207,11.673958333333333,2487,2.590625,45.0,249.03,6,2019,FCBGA1440,Laptop,FCBGA1440,0,0
Intel Xeon E5-2640 v3 @ 2.60GHz,59.0,11205,189.91525423728814,1865,31.610169491525422,90.0,124.5,8,2014,LGA2011-v3,Server,LGA2011-v3,0,0
Intel Xeon E5-2643 v4 @ 3.40GHz,383.5,11152,29.079530638852674,2249,5.864406779661017,135.0,82.61,6,2016,FCLGA2011-3,Server,FCLGA2011-3,0,0
Intel Xeon Silver 4208 @ 2.10GHz,482.01,11137,23.105329764942635,1821,3.777929918466422,85.0,131.02,8,2019,FCLGA3647,Server,FCLGA3647,0,0
Intel Core i5-1235U,309.0,11119,35.983818770226534,3335,10.792880258899677,15.0,741.27,2,2022,BGA1744,"Laptop, Mobile/Embedded",Other,0,0
Intel Xeon E-2226G @ 3.40GHz,326.54,11119,34.05095853494212,2853,8.737061309487352,80.0,138.99,6,2019,FCLGA1151-2,Server,FCLGA1151-2,0,0
Intel Core i7-1185G7E @ 2.80GHz,431.0,11114,25.786542923433874,3017,7.0,15.0,740.95,4,2021,FCBGA1449,"Laptop, Mobile/Embedded",Other,0,0
AMD Ryzen 5 4500U,535.14,11098,20.738498336883808,2454,4.585715887431326,15.0,739.83,6,2020,FP6,Laptop,Other,0,1
Intel Xeon E5-2628L v4 @ 1.90GHz,1364.0,11079,8.122434017595308,1433,1.0505865102639296,75.0,147.72,12,2017,FCLGA2011-3,Server,FCLGA2011-3,0,0
Intel Core i5-11300H @ 3.10GHz,309.0,11048,35.75404530744336,2832,9.16504854368932,35.0,315.65,4,2021,FCBGA1449,Laptop,Other,0,0
Intel Core i7-1195G7 @ 2.90GHz,426.0,11019,25.866197183098592,3084,7.23943661971831,28.0,393.52,4,2021,FCBGA1449,Laptop,Other,0,0
Intel Core i7-1185G7 @ 3.00GHz,426.0,10948,25.699530516431924,2899,6.805164319248826,15.0,729.84,4,2020,BGA1526,Laptop,Other,0,0
Intel Xeon E-2176M @ 2.70GHz,450.0,10946,24.324444444444445,2454,5.453333333333333,45.0,243.25,6,2018,FCBGA1440,Laptop,FCBGA1440,0,0
AMD Ryzen 3 PRO 4200GE,687.27,10930,15.903502262575117,2540,3.695781861568234,35.0,312.29,4,2020,unknown,Laptop,unknown,0,1
Intel Xeon E-2186M @ 2.90GHz,623.0,10904,17.502407704654896,2481,3.9823434991974316,45.0,242.31,6,2018,FCBGA1440,Laptop,FCBGA1440,0,0
Intel Xeon E5-2470 v2 @ 2.40GHz,237.45,10902,45.91282375236892,1503,6.329753632343651,95.0,114.76,10,2016,LGA 1356,Server,Other,0,0
Intel Core i7-11390H @ 3.40GHz,426.0,10897,25.579812206572768,3053,7.166666666666667,35.0,311.35,4,2021,FCBGA1449,Laptop,Other,0,0
Intel Xeon E5-2630L v4 @ 1.80GHz,98.0,10864,110.85714285714286,1743,17.785714285714285,55.0,197.53,10,2017,FCLGA2011-3,Server,FCLGA2011-3,0,0
Apple A12X Bionic,522.38,10845,20.76074888012558,2607,4.990619855277767,22.76,,8,2021,unknown,Mobile/Embedded,unknown,1,1
Intel Xeon W-2225 @ 4.10GHz,513.0,10844,21.13840155945419,2667,5.1988304093567255,105.0,103.28,4,2020,FCLGA2066,Server,Other,0,0
Intel Core i5-9600KF @ 3.70GHz,159.0,10838,68.16352201257861,2786,17.52201257861635,95.0,114.08,6,2019,FCLGA1151-2,Desktop,FCLGA1151-2,0,0
Intel Xeon E5-4650 v3 @ 2.10GHz,3838.0,10838,2.8238665971860346,1384,0.36060448150078167,105.0,103.22,12,2018,FCLGA2011-3,Server,FCLGA2011-3,0,0
AMD Ryzen 3 PRO 4350G,148.07,10833,73.16134260822584,2540,17.15404876072128,65.0,166.66,4,2020,AM4,Desktop,AM4,0,1
Intel Core i7-9700TE @ 1.80GHz,323.0,10826,33.51702786377709,2309,7.148606811145511,35.0,309.32,8,2019,FCLGA1151-2,"Desktop, Laptop",FCLGA1151-2,0,0
Intel Core i9-8950HK @ 2.90GHz,583.0,10803,18.53001715265866,2489,4.269296740994855,45.0,240.06,6,2018,FCBGA1440,Laptop,FCBGA1440,0,0
Intel Core i5-9600K @ 3.70GHz,232.6,10793,46.40154772141015,2773,11.921754084264833,95.0,113.61,6,2018,FCLGA1151-2,Desktop,FCLGA1151-2,0,0
AMD Ryzen 3 4300G,148.95,10792,72.45384357166834,2548,17.106411547499164,65.0,166.03,4,2020,AM4,Desktop,AM4,0,1
Intel Xeon E-2126G @ 3.30GHz,320.29,10747,33.553966717662114,2652,8.27999625339536,80.0,134.34,6,2018,FCLGA1151-2,Server,FCLGA1151-2,0,0
Intel Core i7-9700T @ 2.00GHz,323.0,10736,33.23839009287926,2445,7.569659442724459,35.0,306.74,8,2019,FCLGA1151-2,Desktop,FCLGA1151-2,0,0
Intel Core i5-11320H @ 3.20GHz,309.0,10732,34.73139158576052,2951,9.550161812297734,35.0,306.64,4,2021,FCBGA1449,Laptop,Other,0,0
Intel Core i7-6800K @ 3.40GHz,259.99,10681,41.08234932112774,2272,8.73879764606331,140.0,76.29,6,2016,LGA2011-v3,Desktop,LGA2011-v3,0,0
Intel Core i7-1165G7 @ 2.80GHz,426.0,10595,24.870892018779344,2877,6.753521126760563,15.0,706.33,4,2020,BGA1526,Laptop,Other,0,0
Intel Core i5-1155G7 @ 2.50GHz,309.0,10561,34.17799352750809,3014,9.754045307443366,28.0,377.2,4,2021,FCBGA1449,Laptop,Other,0,0
Intel Xeon E5-4620 v3 @ 2.00GHz,778.7,10525,13.516116604597405,1486,1.9083087196609734,105.0,100.24,10,2019,FCLGA2011-3,Server,FCLGA2011-3,0,0
Intel Xeon D-1581 @ 1.80GHz,1450.91,10476,7.220296227884568,1466,1.0104003694233274,65.0,161.16,16,2021,FCBGA1667,Server,Other,0,1
Intel Xeon E5-2618L v3 @ 2.30GHz,1029.95,10464,10.1597164910918,1872,1.8175639594155055,75.0,139.52,8,2017,LGA2011-v3,Server,LGA2011-v3,0,0
Intel Core i5-1145G7E @ 2.60GHz,312.0,10454,33.506410256410255,2691,8.625,15.0,696.93,4,2021,FCBGA1449,Mobile/Embedded,Other,0,0
Intel Core i7-8700T @ 2.40GHz,343.02,10431,30.409305579849573,2366,6.897556993761297,35.0,298.04,6,2018,FCLGA1151-2,Desktop,FCLGA1151-2,0,0
Intel Core i5-1145G7 @ 2.60GHz,322.88,10413,32.25037165510406,2821,8.73699207135778,28.0,371.89,4,2021,FCBGA1449,Laptop,Other,0,1
AMD Ryzen 5 PRO 1600,167.25,10401,62.18834080717489,1685,10.07473841554559,65.0,160.01,6,2017,AM4,Desktop,AM4,0,1
Intel Xeon E5-2630 v3 @ 2.40GHz,74.99,10392,138.57847713028406,1771,23.61648219762635,85.0,122.26,8,2014,LGA2011-v3,Server,LGA2011-v3,0,0
Intel Xeon E5-2643 v3 @ 3.40GHz,2499.95,10391,4.156483129662593,2071,0.8284165683313667,135.0,76.97,6,2015,LGA2011-v3,Server,LGA2011-v3,0,0
Intel Xeon E5-2660 v2 @ 2.20GHz,79.0,10382,131.41772151898735,1498,18.962025316455698,95.0,109.28,10,2014,LGA 2011,Server,Other,0,0
Intel Xeon E5-1650 v3 @ 3.50GHz,819.95,10373,12.650771388499297,2116,2.5806451612903225,140.0,74.1,6,2014,LGA2011-v3,Server,LGA2011-v3,0,0
Intel Xeon E5-4640 v3 @ 1.90GHz,1781.73,10372,5.821308503533083,1514,0.8497359308088206,105.0,98.78,12,2017,FCLGA2011-3,Server,FCLGA2011-3,0,1
Intel Core i5-9600 @ 3.10GHz,256.55,10369,40.417072695381016,2751,10.723055934515688,65.0,159.53,6,2019,FCLGA1151-2,Desktop,FCLGA1151-2,0,0
Intel Core i5-10500T @ 2.30GHz,192.0,10365,53.984375,2342,12.197916666666666,35.0,296.14,6,2020,FCLGA1200,Desktop,FCLGA1200,0,0
Intel Xeon Silver 4109T @ 2.00GHz,607.75,10348,17.02673796791444,1445,2.3776223776223775,70.0,147.83,8,2018,FCLGA3647,Server,FCLGA3647,0,0
Intel Core i7-8850H @ 2.60GHz,395.0,10333,26.159493670886075,2399,6.073417721518988,45.0,229.62,6,2018,FCBGA1440,Laptop,FCBGA1440,0,0
Intel Core i5-9500F @ 3.00GHz,182.0,10330,56.75824175824176,2676,14.703296703296703,65.0,158.92,6,2019,FCLGA1151-2,Desktop,FCLGA1151-2,0,0
Intel Core i7-1160G7 @ 1.20GHz,426.0,10316,24.215962441314552,2827,6.636150234741784,25.81,,4,2021,FCBGA1598,Laptop,Other,1,0
Intel Core i3-10325 @ 3.90GHz,154.0,10308,66.93506493506493,2890,18.766233766233768,65.0,158.59,4,2022,FCLGA1200,Desktop,FCLGA1200,0,0
Intel Core i7-5930K @ 3.50GHz,319.95,10304,32.205032036255666,2063,6.447882481637756,140.0,73.6,6,2014,LGA2011-v3,Desktop,LGA2011-v3,0,0
Intel Core i5-1140G7 @ 1.10GHz,343.5,10279,29.924308588064047,2612,7.604075691411936,15.0,685.29,4,2021,FCBGA1598,Server,Other,0,1
Intel Xeon E5-2658 v2 @ 2.40GHz,3604.0,10274,2.8507214206437292,1442,0.40011098779134296,95.0,108.15,10,2013,LGA 2011,Server,Other,0,0
AMD EPYC 3201,450.15,10258,22.787959569032544,1928,4.283016772187049,30.0,341.94,8,2019,SP4r2,Server,Other,0,1
Intel Xeon Silver 4110 @ 2.10GHz,530.0,10246,19.332075471698115,1613,3.043396226415094,85.0,120.54,8,2017,FCLGA3647,Server,FCLGA3647,0,0
Intel Xeon E5-1660 v2 @ 3.70GHz,1798.95,10223,5.68275938742044,2073,1.1523388643375303,130.0,78.64,6,2013,LGA 2011,Server,Other,0,0
Intel Core i5-8600K @ 3.60GHz,235.99,10195,43.20098309250392,2609,11.05555320140684,95.0,107.32,6,2017,FCLGA1151-2,Desktop,FCLGA1151-2,0,0
Intel Xeon D-1541 @ 2.10GHz,297.96,10170,34.13209826822393,1702,5.712176131024299,45.0,226.01,8,2016,FCBGA1667,Server,Other,0,1
AMD Ryzen 3 PRO 4450U,420.57,10129,24.083981263523313,2364,5.6209430059205365,15.0,675.29,4,2020,FP6,Laptop,Other,0,1
Intel Core i7-10710U @ 1.10GHz,644.99,10126,15.699468208809439,2460,3.814012620350703,15.0,675.07,6,2019,FCBGA1528,Laptop,Other,0,0
Intel Core i3-10320 @ 3.80GHz,133.95,10115,75.51325121313924,2848,21.26166480029862,65.0,155.61,4,2020,FCLGA1200,Desktop,FCLGA1200,0,0
Intel Core i5-1135G7 @ 2.40GHz,309.0,10100,32.68608414239482,2727,8.825242718446601,15.0,673.3,4,2020,BGA1526,Laptop,Other,0,0
Intel Core i7-1068NG7 @ 2.30GHz,426.0,10093,23.6924882629108,2484,5.830985915492958,28.0,360.46,4,2020,FCBGA1344,Laptop,Other,0,0
Intel Core i7-8750H @ 2.20GHz,395.0,10085,25.531645569620252,2331,5.9012658227848105,45.0,224.12,6,2018,FCBGA1440,Laptop,FCBGA1440,0,0
Intel Core i5-10400T @ 2.00GHz,182.0,10052,55.23076923076923,2168,11.912087912087912,35.0,287.2,6,2020,FCLGA1200,Desktop,FCLGA1200,0,0
AMD Ryzen 3 5300U,381.95,10046,26.301871972771306,2401,6.286163110354758,15.0,669.74,4,2021,FP6,Laptop,Other,0,1
Intel Xeon W-2125 @ 4.00GHz,998.95,10039,10.049552029631112,2599,2.6017318184093297,120.0,83.66,4,2017,FCLGA2066,Server,Other,0,0
Intel Xeon D-1540 @ 2.00GHz,264.37,10028,37.93168665128418,1602,6.059689072133752,45.0,222.84,8,2015,FCBGA1667,Server,Other,0,1
Intel Xeon E5-2650 v2 @ 2.60GHz,70.0,9995,142.78571428571428,1675,23.928571428571427,95.0,105.21,8,2013,FCLGA2011,Server,Other,0,0
Intel Core i5-10500TE @ 2.30GHz,195.0,9960,51.07692307692308,2145,11.0,35.0,284.58,6,2022,FCLGA1200,"Laptop, Mobile/Embedded",FCLGA1200,0,0
Intel Xeon E5-2628L v3 @ 2.00GHz,261.42,9949,38.05753194093795,1483,5.672863591155994,75.0,132.65,10,2015,LGA2011-v3,Server,LGA2011-v3,0,1
Intel Core i3-1125G4 @ 2.00GHz,341.29,9932,29.101350757420374,2511,7.357379354800902,28.0,354.72,4,2021,FCBGA1449,Laptop,Other,0,1
Intel Core i7-4960X @ 3.60GHz,1250.0,9906,7.9248,2078,1.6624,130.0,76.2,6,2013,LGA2011,Desktop,Other,0,0
Intel Xeon E-2234 @ 3.60GHz,294.99,9903,33.57062951286484,2871,9.732533306213769,71.0,139.48,4,2020,FCLGA1151-2,Server,FCLGA1151-2,0,0
Intel Core i7-7740X @ 4.30GHz,225.99,9864,43.64794902429311,2805,12.412053630691624,112.0,88.07,4,2017,FCLGA2066,Desktop,Other,0,0
Intel Core i5-8600 @ 3.10GHz,275.67,9849,35.727500272064425,2582,9.366271266369209,65.0,151.52,6,2018,FCLGA1151-2,Desktop,FCLGA1151-2,0,0
Intel Xeon E5-2648L v3 @ 1.80GHz,1530.37,9847,6.434391683057039,1292,0.8442402817619269,75.0,131.29,12,2016,LGA2011-v3,Server,LGA2011-v3,0,0
Intel Xeon E5-2690 @ 2.90GHz,135.4,9832,72.61447562776956,1657,12.237813884785819,135.0,72.83,8,2012,LGA2011,Server,Other,0,0
Intel Xeon E-2244G @ 3.80GHz,413.0,9826,23.791767554479417,2807,6.796610169491525,71.0,138.39,4,2019,FCLGA1151-2,Server,FCLGA1151-2,0,0
Intel Core i7-5820K @ 3.30GHz,255.36,9814,38.432017543859644,2010,7.871240601503759,140.0,70.1,6,2014,LGA2011-v3,Desktop,LGA2011-v3,0,0
Intel Xeon E5-2687W @ 3.10GHz,192.0,9796,51.020833333333336,1693,8.817708333333334,150.0,65.31,8,2012,LGA2011,Server,Other,0,0
Intel Xeon E5-2689 @ 2.60GHz,182.75,9767,53.444596443228455,1571,8.596443228454172,115.0,84.93,8,2013,LGA 2011,Server,Other,0,0
Intel Core i5-1130G7 @ 1.10GHz,309.0,9756,31.57281553398058,2549,8.249190938511326,15.0,650.39,4,2021,BGA 1449,Laptop,Other,0,0
Intel Core i5-9500 @ 3.00GHz,297.59,9698,32.588460633757855,2578,8.66292550152895,65.0,149.2,6,2019,FCLGA1151-2,Desktop,FCLGA1151-2,0,0
Intel Core i3-10305 @ 3.80GHz,159.99,9689,60.56003500218763,2834,17.713607100443777,65.0,149.06,4,2021,FCLGA1200,Desktop,FCLGA1200,0,0
AMD Ryzen 5 3350GE,182.25,9684,53.135802469135804,2342,12.850480109739369,35.0,276.69,4,2020,unknown,Desktop,unknown,0,1
Intel Xeon E-2274G @ 4.00GHz,334.0,9660,28.922155688622755,2758,8.25748502994012,83.0,116.39,4,2019,FCLGA1151-2,Server,FCLGA1151-2,0,0
Intel Core i7-7700K @ 4.20GHz,349.44,9658,27.638507326007325,2730,7.8125,95.0,101.66,4,2016,LGA 1151,Desktop,Other,0,0
AMD Ryzen 5 PRO 3350GE,182.25,9643,52.91083676268862,2340,12.839506172839506,35.0,275.5,4,2020,unknown,Desktop,unknown,0,1
AMD Ryzen 3 5425U,328.13,9641,29.38164751775211,2788,8.496632432267699,15.0,642.72,4,2022,FP6,Laptop,Other,0,1
Intel Core i5-1038NG7 @ 2.00GHz,320.0,9626,30.08125,2323,7.259375,28.0,343.8,4,2020,FCBGA1344,Laptop,Other,0,0
Intel Xeon E-2174G @ 3.80GHz,349.99,9596,27.417926226463614,2650,7.571644904140118,71.0,135.15,4,2018,FCLGA1151-2,Server,FCLGA1151-2,0,0
Intel Core i5-8500 @ 3.00GHz,190.0,9576,50.4,2485,13.078947368421053,65.0,147.32,6,2018,FCLGA1151-2,Desktop,FCLGA1151-2,0,0
Intel Core i5-9400F @ 2.90GHz,129.99,9544,73.42103238710669,2471,19.009154550350026,65.0,146.84,6,2019,FCLGA1151-2,"Desktop, Laptop",FCLGA1151-2,0,0
AMD Ryzen 5 PRO 3350G,171.13,9498,55.50166540057266,2328,13.603693098813768,65.0,146.13,4,2020,AM4,Desktop,AM4,0,1
Intel Core i5-9400 @ 2.90GHz,139.99,9478,67.70483605971855,2479,17.70840774341024,65.0,145.82,6,2019,FCLGA1151-2,Desktop,FCLGA1151-2,0,0
Intel Core i5-8500B @ 3.00GHz,192.0,9429,49.109375,2574,13.40625,65.0,145.06,6,2019,FCBGA1440,Laptop,FCBGA1440,0,0
Intel Xeon Gold 5222 @ 3.80GHz,1476.32,9428,6.386149344315596,2372,1.606697734908421,105.0,89.79,4,2019,FCLGA3647,Server,FCLGA3647,0,0
AMD Ryzen 5 PRO 1500,172.16,9402,54.611988847583646,2158,12.534851301115243,65.0,144.65,4,2017,AM4,Desktop,AM4,0,1
AMD Ryzen 5 2500X,197.49,9384,47.51632994075649,2319,11.742366702111498,65.0,144.37,4,2019,AM4,Desktop,AM4,0,1
Intel Xeon E5-4655 v3 @ 2.90GHz,4616.0,9377,2.0314124783362217,1817,0.393630849220104,135.0,69.46,6,2018,FCLGA2011-3,Server,FCLGA2011-3,0,0
Intel Xeon E5-2680 @ 2.70GHz,85.45,9361,109.54944411936805,1561,18.267992978349913,130.0,72.01,8,2012,LGA2011,Server,Other,0,0
Intel Core i7-4930K @ 3.40GHz,174.85,9360,53.531598513011154,1963,11.226765799256507,130.0,72.0,6,2013,LGA2011,Desktop,Other,0,0
AMD Ryzen 5 3400G,228.0,9331,40.925438596491226,2360,10.350877192982455,65.0,143.56,4,2019,AM4,Desktop,AM4,0,0
Intel Xeon E5-1650 v2 @ 3.50GHz,238.02,9323,39.16897739685741,2026,8.511889757163264,130.0,71.71,6,2013,FCLGA2011,Server,Other,0,0
Intel Xeon E-2144G @ 3.60GHz,301.17,9322,30.95261812265498,2679,8.895308297639207,71.0,131.29,4,2019,FCLGA1151-2,Server,FCLGA1151-2,0,0
Intel Xeon E5-4627 v2 @ 3.30GHz,498.95,9320,18.679226375388318,1786,3.579516985669907,130.0,71.69,8,2015,FCLGA2011,Server,Other,0,0
AMD Ryzen 5 PRO 3400G,197.46,9307,47.133596677808164,2330,11.799858199128938,65.0,143.18,4,2019,AM4,Desktop,AM4,0,1
Intel Core i3-10300 @ 3.70GHz,138.99,9284,66.79617238650262,2677,19.260378444492407,65.0,142.82,4,2020,FCLGA1200,Desktop,FCLGA1200,0,0
Intel Xeon E3-1285 v6 @ 4.10GHz,544.91,9276,17.02299462296526,2692,4.940265364922648,79.0,117.41,4,2018,FCLGA1151,Server,FCLGA1151,0,0
Intel Xeon Silver 4108 @ 1.80GHz,489.95,9262,18.903969792836005,1558,3.1799163179916317,85.0,108.97,8,2018,FCLGA3647,Server,FCLGA3647,0,0
Intel Xeon D-1567 @ 2.10GHz,713.42,9236,12.946090661882202,988,1.3848784727089234,65.0,142.09,12,2017,FCBGA1667,Server,Other,0,1
Intel Xeon E3-1275 v6 @ 3.80GHz,353.61,9229,26.099375017674838,2593,7.332937416928254,73.0,126.43,4,2017,FCLGA1151,Server,FCLGA1151,0,0
Intel Xeon D-1587 @ 1.70GHz,623.12,9223,14.801322377712157,835,1.340030812684555,65.0,141.9,16,2016,FCBGA1667,Server,Other,0,1
Intel Core i5-8400 @ 2.80GHz,230.0,9222,40.095652173913045,2404,10.452173913043477,65.0,141.88,6,2017,FCLGA1151-2,Desktop,FCLGA1151-2,0,0
Intel Xeon E5-2651 v2 @ 1.80GHz,278.1,9216,33.13915857605178,1118,4.020136641495864,74.49,,12,2016,LGA 2011,Server,Other,1,0
Intel Core i5-9500TE @ 2.20GHz,192.0,9212,47.979166666666664,2296,11.958333333333334,35.0,263.21,6,2020,FCLGA1151-2,Laptop,FCLGA1151-2,0,0
Intel Xeon E3-1280 v6 @ 3.90GHz,592.18,9166,15.478401837279208,2561,4.324698571380324,72.0,127.3,4,2017,FCLGA1151,Server,FCLGA1151,0,0
Intel Xeon E5-2620 v4 @ 2.10GHz,253.99,9152,36.03291468168038,1610,6.338832237489664,85.0,107.68,8,2016,FCLGA2011-3,Server,FCLGA2011-3,0,0
Intel Core i7-1185GRE @ 2.80GHz,346.06,9142,26.417384268623938,2793,8.07085476506964,15.0,609.43,4,2021,FCBGA1449,Mobile/Embedded,Other,0,1
Intel Core i3-10105F @ 3.70GHz,78.99,9141,115.72350930497532,2675,33.86504620838081,63.95,,4,2021,FCLGA1200,Desktop,FCLGA1200,1,0
Intel Xeon E5-2629 v3 @ 2.40GHz,499.88,9139,18.282387773065537,1426,2.8526846443146354,85.0,107.52,8,2016,LGA2011-v3,Server,LGA2011-v3,0,0
Intel Core i7-9850HL @ 1.90GHz,395.0,9112,23.068354430379745,2139,5.415189873417722,25.0,364.49,6,2019,FCBGA1440,"Desktop, Laptop",FCBGA1440,0,0
Intel Xeon D-1715TER @ 2.40GHz,285.0,9104,31.943859649122807,2269,7.96140350877193,50.0,182.08,4,2022,FCBGA2227,Server,Other,0,0
AMD Ryzen 5 1500X,120.36,9083,75.46527085410436,2110,17.530741110003323,65.0,139.75,4,2017,AM4,Desktop,AM4,0,0
Intel Xeon E5-2643 v2 @ 3.50GHz,398.95,9083,22.76726406817897,1895,4.749968667752851,130.0,69.87,6,2013,FCLGA2011,Server,Other,0,0
Intel Xeon D-1548 @ 2.00GHz,555.0,9075,16.35135135135135,1647,2.9675675675675675,45.0,201.66,8,2019,FCBGA1667,Server,Other,0,0
AMD Ryzen 5 3350G,153.66,9067,59.00689834699987,2281,14.84446179877652,65.0,139.49,4,2020,AM4,Desktop,AM4,0,1
Intel Xeon E5-4648 v3 @ 1.70GHz,1603.57,9061,5.650517283311611,1317,0.821292491129168,105.0,86.3,12,2017,FCLGA2011-3,Server,FCLGA2011-3,0,1
AMD Ryzen 5 3400GE,164.47,8985,54.63002371253116,2324,14.130236517297988,35.0,256.71,4,2020,AM4,Desktop,AM4,0,1
Intel Xeon E5-2630L v3 @ 1.80GHz,79.0,8978,113.64556962025317,1532,19.39240506329114,55.0,163.23,8,2016,LGA2011-v3,Server,LGA2011-v3,0,0
Intel Core i7-6700K @ 4.00GHz,230.0,8967,38.98695652173913,2520,10.956521739130435,95.0,94.39,4,2015,LGA1151,Desktop,Other,0,0
Intel Core i3-10105 @ 3.70GHz,107.0,8928,83.4392523364486,2718,25.401869158878505,65.0,137.36,4,2021,FCLGA1200,Desktop,FCLGA1200,0,0
Intel Core i5-10400H @ 2.60GHz,250.0,8916,35.664,2738,10.952,45.0,198.13,4,2020,FCBGA1440,Laptop,FCBGA1440,0,0
Intel Xeon E5-2670 @ 2.60GHz,71.0,8902,125.38028169014085,1477,20.802816901408452,115.0,77.41,8,2012,LGA2011,Server,Other,0,0
Intel Core i5-3170K @ 3.20GHz,499.92,8882,17.766842694831173,2510,5.020803328532565,43.39,,4,2014,unknown,Unknown,unknown,1,1
Intel Xeon E3-1270 v6 @ 3.80GHz,316.71,8862,27.98143411954154,2462,7.773673076315873,72.0,123.08,4,2017,FCLGA1151,Server,FCLGA1151,0,0
Intel Core i3-10100F @ 3.60GHz,79.99,8854,110.68883610451307,2604,32.554069258657336,65.0,136.22,4,2020,FCLGA1200,Desktop,FCLGA1200,0,0
Intel Xeon E3-1240 v6 @ 3.70GHz,374.45,8853,23.642675924689545,2456,6.55895313125918,72.0,122.95,4,2017,FCLGA1151,Server,FCLGA1151,0,0
Intel Core i3-10100 @ 3.60GHz,112.99,8800,77.88299849544208,2637,23.33834852641827,65.0,135.39,4,2020,FCLGA1200,Desktop,FCLGA1200,0,0
Intel Xeon Gold 5122 @ 3.60GHz,904.33,8771,9.69889310318136,2120,2.344276978536596,105.0,83.53,4,2017,FCLGA3647,Server,FCLGA3647,0,0
Intel Core i7-8809G @ 3.10GHz,549.71,8759,15.933856033181131,2458,4.471448581979589,100.0,87.59,4,2018,BGA2270,Laptop,Other,0,1
Intel Core i7-8559U @ 2.70GHz,617.0,8745,14.173419773095624,2580,4.181523500810373,28.0,312.32,4,2018,FCBGA1528,Laptop,Other,0,0
Intel Xeon E-2134 @ 3.50GHz,297.57,8741,29.374600934233964,2569,8.63326276170313,71.0,123.11,4,2019,FCLGA1151-2,Server,FCLGA1151-2,0,0
AMD Ryzen 5 2400G,214.0,8729,40.78971962616822,2158,10.08411214953271,65.0,134.29,4,2018,AM4,Desktop,AM4,0,0
Intel Core i5-10300H @ 2.50GHz,250.0,8692,34.768,2616,10.464,45.0,193.15,4,2020,FCBGA1440,"Desktop, Laptop",FCBGA1440,0,0
Intel Xeon W-2223 @ 3.60GHz,289.99,8686,29.9527569916204,2255,7.776130211386599,120.0,72.39,4,2020,FCLGA2066,Server,Other,0,0
ARM X-Gene 32 Core 3300 MHz,1477.03,8684,5.879366025063811,583,0.3947110079009905,46.08,,32,2021,unknown,Unknown,unknown,1,1
Intel Core i7-1065G7 @ 1.30GHz,426.0,8668,20.347417840375588,2401,5.636150234741784,15.0,577.88,4,2019,FCBGA-1526,Laptop,Other,0,0
Intel Xeon E3-1245 v6 @ 3.70GHz,496.3,8659,17.447108603667136,2441,4.918396131372154,73.0,118.62,4,2017,FCLGA1151,Server,FCLGA1151,0,0
Intel Core i7-7700 @ 3.60GHz,219.99,8638,39.26542115550707,2472,11.236874403381972,65.0,132.9,4,2016,LGA1151,Desktop,Other,0,0
Intel Xeon E5-4650 @ 2.70GHz,78.19,8630,110.37217035426525,1476,18.877094257577696,130.0,66.39,8,2012,LGA2011,Server,Other,0,0
Intel Xeon E5-2648L v2 @ 1.90GHz,945.0,8611,9.112169312169312,1350,1.4285714285714286,70.0,123.01,10,2017,FCLGA2011,Server,Other,0,0
Intel Core i7-3960X @ 3.30GHz,159.99,8596,53.7283580223764,1816,11.350709419338708,130.0,66.12,6,2011,LGA2011,Desktop,Other,0,0
Apple A14 Bionic,447.19,8541,19.099264294818756,3414,7.634338871620564,16.99,,6,2021,unknown,Mobile/Embedded,unknown,1,1
Intel Core i7-8569U @ 2.80GHz,431.0,8523,19.77494199535963,2773,6.433874709976799,28.0,304.4,4,2020,FCBGA1528,Laptop,Other,0,0
Intel Xeon W-2123 @ 3.60GHz,427.11,8489,19.87544192362623,2229,5.218796094682868,120.0,70.74,4,2017,FCLGA2066,Server,Other,0,0
AMD Ryzen Embedded V1807B,436.22,8488,19.458071615240016,2190,5.020402549172435,45.0,188.62,4,2018,FP5,"Laptop, Mobile/Embedded",Other,0,1
Intel Xeon E5-4650L @ 2.60GHz,59.99,8472,141.22353725620937,1393,23.22053675612602,115.0,73.67,8,2017,LGA 2011,Server,Other,0,0
Intel Xeon E5-2628 v3 @ 2.50GHz,345.03,8447,24.481929107613833,1754,5.083615917456453,85.0,99.37,8,2021,LGA2011-v3,Server,LGA2011-v3,0,1
Intel Xeon E-2314 @ 2.80GHz,195.0,8422,43.18974358974359,3089,15.841025641025642,65.0,129.57,4,2022,FCLGA1200,Server,FCLGA1200,0,0
Intel Xeon E3-1275 v5 @ 3.60GHz,444.04,8421,18.964507702008827,2327,5.240518872173678,80.0,105.27,4,2015,FCLGA1151,Server,FCLGA1151,0,0
Intel Xeon E5-1660 @ 3.30GHz,267.19,8417,31.501927467345336,1790,6.699352520678169,130.0,64.75,6,2012,LGA2011,Server,Other,0,0
Intel Core i5-10200H @ 2.40GHz,250.0,8414,33.656,2481,9.924,45.0,186.97,4,2020,FCBGA1440,Laptop,FCBGA1440,0,0
Intel Xeon E5-2665 @ 2.40GHz,88.0,8411,95.57954545454545,1399,15.897727272727273,115.0,73.14,8,2012,LGA2011,Server,Other,0,0
Intel Xeon E3-1585 v5 @ 3.50GHz,556.0,8408,15.122302158273381,2402,4.320143884892087,65.0,129.35,4,2017,FCBGA1440,Server,FCBGA1440,0,0
Intel Xeon E3-1230 v6 @ 3.50GHz,595.44,8408,14.120650275426573,2352,3.950020153164046,72.0,116.77,4,2017,FCLGA1151,Server,FCLGA1151,0,0
Intel Core i5-9600T @ 2.30GHz,213.0,8393,39.4037558685446,2175,10.211267605633802,35.0,239.79,6,2019,FCLGA1151-2,Desktop,FCLGA1151-2,0,0
Intel Core i7-8706G @ 3.10GHz,554.27,8388,15.133418730943404,2543,4.588016670575712,65.0,129.04,4,2018,BGA2270,Laptop,Other,0,1
Intel Core i5-1035G7 @ 1.20GHz,320.0,8388,26.2125,2299,7.184375,15.0,559.21,4,2019,FCBGA1526,Laptop,Other,0,0
AMD Ryzen 5 PRO 2400G,159.81,8378,52.42475439584506,2132,13.340842250172079,65.0,128.89,4,2018,AM4,Desktop,AM4,0,1
Intel Core i7-3970X @ 3.50GHz,187.0,8373,44.775401069518715,1832,9.796791443850267,150.0,55.82,6,2012,LGA2011,Desktop,Other,0,0
Intel Core i7-10810U @ 1.10GHz,443.0,8353,18.85553047404063,2322,5.241534988713318,15.0,556.88,6,2020,FCBGA1528,Laptop,Other,0,0
Intel Xeon E3-1280 v5 @ 3.70GHz,395.0,8320,21.063291139240505,2343,5.931645569620253,80.0,104.0,4,2016,FCLGA1151,Server,FCLGA1151,0,0
AMD Opteron 6386 SE,135.09,8320,61.588570582574576,1340,9.919313050558886,140.0,59.43,16,2014,Socket G34,Server,Other,0,0
Intel Xeon E3-1270 v5 @ 3.60GHz,912.0,8317,9.119517543859649,2279,2.49890350877193,80.0,103.96,4,2015,FCLGA1151,Server,FCLGA1151,0,0
AMD Ryzen 7 3750H,403.15,8277,20.530819794121296,2104,5.218901153416843,35.0,236.48,4,2019,FP5,Laptop,Other,0,1
AMD Ryzen 5 PRO 3400GE,190.06,8269,43.5073134799537,2266,11.922550773439966,35.0,236.27,4,2019,AM4,Desktop,AM4,0,1
Intel Core i5-9400H @ 2.50GHz,250.0,8261,33.044,2501,10.004,45.0,183.57,4,2019,FCBGA1440,Laptop,FCBGA1440,0,0
Intel Core i5-9500T @ 2.20GHz,192.0,8256,43.0,2200,11.458333333333334,35.0,235.88,6,2019,FCLGA1151-2,Desktop,FCLGA1151-2,0,0
Intel Xeon E3-1240 v5 @ 3.50GHz,325.0,8254,25.396923076923077,2323,7.147692307692307,80.0,103.18,4,2015,FCLGA1151,Server,FCLGA1151,0,0
Intel Core i5-1035G4 @ 1.10GHz,309.0,8251,26.702265372168284,2277,7.368932038834951,15.0,550.09,4,2019,FCBGA1526,Laptop,Other,0,0
Intel Core i7-3930K @ 3.20GHz,250.0,8244,32.976,1762,7.048,130.0,63.42,6,2011,LGA2011,Desktop,Other,0,0
Intel Xeon E5-2470 @ 2.30GHz,140.0,8240,58.857142857142854,1443,10.307142857142857,95.0,86.73,8,2013,LGA 1356,Server,Other,0,0
Intel Core i3-10100E @ 3.20GHz,125.0,8229,65.832,2297,18.376,65.0,126.59,4,2021,FCLGA1200,"Desktop, Mobile/Embedded",FCLGA1200,0,0
Intel Core i5-8600T @ 2.30GHz,199.99,8227,41.13705685284264,2180,10.900545027251361,35.0,235.06,6,2018,FCLGA1151-2,Desktop,FCLGA1151-2,0,0
Intel Core i7-8557U @ 1.70GHz,431.0,8225,19.083526682134572,2571,5.965197215777263,15.0,548.35,4,2019,FCBGA1528,Laptop,Other,0,0
AMD Ryzen Embedded V1756B,352.71,8215,23.291088996626126,2143,6.075812990842335,45.0,182.55,4,2019,FP5,"Desktop, Mobile/Embedded",Other,0,1
Intel Xeon E3-1535M v6 @ 3.10GHz,623.0,8184,13.136436597110755,2386,3.8298555377207064,35.0,233.81,4,2017,FCBGA1440,"Laptop, Server",FCBGA1440,0,0
Intel Xeon E-2276ME @ 2.80GHz,450.0,8167,18.148888888888887,1604,3.5644444444444443,45.0,181.5,6,2021,FCBGA1440,"Server, Mobile/Embedded",FCBGA1440,0,0
Intel Core i3-10305T @ 3.00GHz,143.0,8136,56.89510489510489,2456,17.174825174825173,35.0,232.46,4,2021,FCLGA1200,Desktop,FCLGA1200,0,0
AMD Ryzen 5 2400GE,198.06,8134,41.06836312228617,2180,11.006765626577804,35.0,232.39,4,2018,AM4,Desktop,AM4,0,1
Intel Core i5-8259U @ 2.30GHz,519.99,8131,15.636839169984038,2246,4.319313832958326,28.0,290.39,4,2018,FCBGA1528,Laptop,Other,0,0
Intel Xeon E5-1650 @ 3.20GHz,112.0,8113,72.4375,1745,15.580357142857142,130.0,62.41,6,2012,LGA2011,Server,Other,0,0
Intel Xeon E5-2660 @ 2.20GHz,64.73,8104,125.19697203769503,1395,21.551058241928008,95.0,85.3,8,2012,LGA2011,Server,Other,0,0
Intel Core i7-6700 @ 3.40GHz,255.0,8078,31.67843137254902,2300,9.019607843137255,65.0,124.27,4,2015,LGA 1151,Desktop,Other,0,0
Intel Xeon E3-1245 v5 @ 3.50GHz,139.99,8073,57.668404886063286,2284,16.31545110365026,80.0,100.91,4,2015,FCLGA1151,Server,FCLGA1151,0,0
Intel Core i7-4790K @ 4.00GHz,206.87,8061,38.966500700923284,2467,11.925363755015226,88.0,91.6,4,2014,LGA1150,Desktop,LGA1150,0,0
Intel Core i5-8269U @ 2.60GHz,320.0,8055,25.171875,2561,8.003125,28.0,287.69,4,2021,FCBGA1528,"Laptop, Mobile/Embedded",Other,0,0
Intel Core i5-8400H @ 2.50GHz,250.0,8037,32.148,2466,9.864,45.0,178.61,4,2018,FCBGA1440,Laptop,FCBGA1440,0,0
AMD Opteron 6348,1708.67,8030,4.699561647363153,1302,0.7619961724616222,115.0,69.83,6,2013,unknown,Server,unknown,0,0
Intel Core i5-8279U @ 2.40GHz,320.0,8028,25.0875,2466,7.70625,28.0,286.73,4,2019,FCBGA1528,Laptop,Other,0,0
Intel Xeon E3-1285L v4 @ 3.40GHz,1230.0,8022,6.521951219512195,2340,1.9024390243902438,65.0,123.42,4,2016,LGA1150,Server,LGA1150,0,0
Intel Xeon E3-1585L v5 @ 3.00GHz,445.0,8021,18.024719101123594,2179,4.896629213483146,45.0,178.24,4,2018,FCBGA1440,Server,FCBGA1440,0,0
Intel Core i3-10300T @ 3.00GHz,174.28,7997,45.88593068625201,2350,13.484048657333027,35.0,228.49,4,2020,FCLGA1200,Desktop,FCLGA1200,0,0
AMD Ryzen 5 3550H,398.73,7994,20.048654477967546,2078,5.211546660647556,35.0,228.4,4,2019,FP5,Laptop,Other,0,1
Intel Core i7-8709G @ 3.10GHz,624.54,7990,12.79341595414225,2291,3.668299868703366,100.0,79.9,4,2018,BGA2270,Laptop,Other,0,1
Intel Core i7-8705G @ 3.10GHz,1535.11,7947,5.176827719186248,2288,1.4904469386558619,65.0,122.26,4,2018,BGA2270,Laptop,Other,0,0
Intel Xeon E3-1515M v5 @ 2.80GHz,578.92,7938,13.711739100393837,2148,3.710357216886617,45.0,176.4,4,2017,FCBGA1440,Server,FCBGA1440,0,1
Intel Xeon E3-1545M v5 @ 2.90GHz,752.77,7930,10.534426185953214,2131,2.83087795741063,45.0,176.21,4,2016,FCBGA1440,"Laptop, Server",FCBGA1440,0,1
Intel Xeon E5-2620 v3 @ 2.40GHz,55.24,7906,143.12092686459087,1693,30.6480811006517,85.0,93.01,6,2014,LGA2011-v3,Server,LGA2011-v3,0,0
Intel Xeon E3-1230 v5 @ 3.40GHz,916.0,7880,8.602620087336245,2122,2.316593886462882,80.0,98.5,4,2016,FCLGA1151,Server,FCLGA1151,0,0
Intel Core i5-8260U @ 1.60GHz,439.99,7854,17.850405691038432,2313,5.256937657674038,15.0,523.57,4,2020,FCBGA1528,Laptop,Other,0,0
Intel Core i3-10105T @ 3.00GHz,122.0,7850,64.34426229508196,2350,19.262295081967213,35.0,224.28,4,2021,FCLGA1200,Desktop,FCLGA1200,0,0
AMD Ryzen 5 3580U,465.11,7846,16.8691277332244,2125,4.568811678957665,15.0,523.09,4,2019,FP5,Laptop,Other,0,1
AMD Ryzen 5 2600H,380.66,7836,20.58529921714916,2136,5.611306677875269,45.0,174.14,4,2019,FP5,Laptop,Other,0,1
Intel Core i5-9400T @ 1.80GHz,182.0,7819,42.96153846153846,2057,11.302197802197803,35.0,223.39,6,2019,FCLGA1151-2,Desktop,FCLGA1151-2,0,0
Intel Core i7-5775C @ 3.30GHz,174.95,7801,44.589882823663906,2318,13.24949985710203,65.0,120.02,4,2015,FCLGA1150,Desktop,Other,0,0
Intel Core i5-9300H @ 2.40GHz,250.0,7793,31.172,2349,9.396,45.0,173.17,4,2019,FCBGA1440,Laptop,FCBGA1440,0,0
AMD Ryzen 5 1400,109.65,7783,70.98039215686273,1904,17.364341085271317,65.0,119.74,4,2017,AM4,Desktop,AM4,0,0
Intel Xeon E3-1260L v5 @ 2.90GHz,258.7,7757,29.984538074990336,2287,8.840355624275222,45.0,172.37,4,2016,FCLGA1151,Server,FCLGA1151,0,0
Intel Xeon E5-2640 v2 @ 2.00GHz,66.01,7741,117.27011058930464,1275,19.315255264353883,95.0,81.48,8,2014,LGA 2011,Server,Other,0,0
Intel Core i5-1035G1 @ 1.00GHz,297.0,7737,26.050505050505052,2307,7.767676767676767,15.0,515.8,4,2019,FCBGA1526,Laptop,Other,0,0
Intel Xeon D-2123IT @ 2.20GHz,213.0,7731,36.29577464788732,1750,8.215962441314554,60.0,128.86,4,2018,FCBGA2518,Server,Other,0,0
AMD Ryzen 3 PRO 1300,162.01,7717,47.63286216900192,2229,13.75840997469292,65.0,118.73,4,2017,AM4,Desktop,AM4,0,1
Intel Core i7-5775R @ 3.30GHz,219.39,7714,35.16112858380054,2318,10.565659328137109,65.0,118.68,4,2016,LGA1150,Desktop,LGA1150,0,1
AMD Athlon Gold PRO 3150G,154.95,7702,49.70635688931914,2321,14.979025492094225,65.0,118.49,4,2020,AM4,Desktop,AM4,0,1
Intel Core i5-8500T @ 2.10GHz,247.53,7699,31.103300610027066,2045,8.261624853553105,35.0,219.98,6,2018,FCLGA1151-2,Desktop,FCLGA1151-2,0,0
Intel Core i7-5950HQ @ 2.90GHz,503.35,7696,15.289559948346081,2288,4.545544849508294,47.0,163.73,4,2015,FCBGA1364,Laptop,Other,0,1
Intel Core i3-9350K @ 4.00GHz,293.22,7694,26.239683514084984,2823,9.62758338448946,91.0,84.55,4,2020,FCLGA1151,Desktop,FCLGA1151,0,0
Intel Core i7-7820HK @ 2.90GHz,378.0,7682,20.322751322751323,2179,5.764550264550264,45.0,170.72,4,2017,FCBGA1440,Laptop,FCBGA1440,0,0
AMD Ryzen 5 3550U,444.03,7681,17.298380740040088,2053,4.623561471071775,15.0,512.06,4,2020,unknown,Unknown,unknown,0,1
Intel Core i5-8257U @ 1.40GHz,320.0,7680,24.0,2314,7.23125,15.0,512.02,4,2019,FCBGA1528,Laptop,Other,0,0
Intel Core i5-9300HF @ 2.40GHz,250.0,7678,30.712,2360,9.44,45.0,170.62,4,2020,FCBGA1440,Laptop,FCBGA1440,0,0
Intel Xeon E3-1270L v4 @ 3.00GHz,317.82,7662,24.107985652255994,2378,7.482222641746901,45.0,170.26,4,2019,LGA1150,Server,LGA1150,0,1
AMD Ryzen 7 2800H,370.7,7656,20.652818991097924,2164,5.83760453196655,45.0,170.13,4,2019,FP5,Laptop,Other,0,1
AMD Ryzen 7 3780U,449.54,7651,17.019620056057303,2227,4.9539529296614315,15.0,510.04,4,2019,FP5,Laptop,Other,0,1
Intel Xeon E3-1575M v5 @ 3.00GHz,1207.0,7629,6.32062966031483,2125,1.7605633802816902,45.0,169.54,4,2016,FCBGA1440,Server,FCBGA1440,0,0
Intel Xeon E3-1285 v4 @ 3.50GHz,474.67,7614,16.040617692291487,2260,4.761202519645227,95.0,80.15,4,2018,FCLGA1150,Server,Other,0,1
Intel Xeon E5-1630 v4 @ 3.70GHz,402.03,7585,18.866751237469842,2366,5.885132950277343,140.0,54.18,4,2016,FCLGA2011-3,Server,FCLGA2011-3,0,1
Intel Xeon E5-2623 v4 @ 2.60GHz,84.0,7582,90.26190476190476,1696,20.19047619047619,85.0,89.2,4,2016,FCLGA2011-3,Server,FCLGA2011-3,0,0
AMD Ryzen 3 4300U,364.27,7568,20.77579817168584,2325,6.382628270239109,15.0,504.52,4,2020,FP6,Laptop,Other,0,1
AMD Ryzen 3 2300X,178.09,7566,42.484137233982814,2364,13.274187208714695,65.0,116.4,4,2019,AM4,Desktop,AM4,0,0
Intel Core i7-7700T @ 2.90GHz,390.0,7561,19.387179487179488,2156,5.528205128205128,35.0,216.04,4,2017,FCLGA1151,Desktop,FCLGA1151,0,0
Intel Xeon E-2224G @ 3.50GHz,267.56,7545,28.19928240394678,2726,10.188368963970698,71.0,106.26,4,2019,FCLGA1151-2,Server,FCLGA1151-2,0,0
Intel Core i5-8300H @ 2.30GHz,250.0,7542,30.168,2309,9.236,45.0,167.59,4,2018,FCLGA1151-2,Laptop,FCLGA1151-2,0,0
AMD Ryzen 5 PRO 2400GE,188.16,7530,40.01913265306123,2108,11.203231292517007,35.0,215.15,4,2018,AM4,Desktop,AM4,0,1
Intel Xeon E3-1535M v5 @ 2.90GHz,623.0,7523,12.075441412520064,2124,3.409309791332263,45.0,167.17,4,2015,FCBGA1440,"Laptop, Server",FCBGA1440,0,0
Intel Xeon E-2124G @ 3.40GHz,229.99,7518,32.68837775555459,2749,11.952693595373711,71.0,105.89,4,2018,FCLGA1151-2,Server,FCLGA1151-2,0,0
Intel Xeon E5-2667 @ 2.90GHz,96.19,7501,77.98107911425305,1596,16.592161347333402,130.0,57.7,6,2012,LGA2011,Server,Other,0,0
Intel Xeon E5-2637 v3 @ 3.50GHz,112.0,7485,66.83035714285714,2040,18.214285714285715,135.0,55.44,4,2014,LGA2011-v3,Server,LGA2011-v3,0,0
Intel Xeon E5-2650L v2 @ 1.70GHz,79.0,7475,94.62025316455696,1102,13.949367088607595,70.0,106.79,10,2017,FCLGA2011,Server,Other,0,0
Intel Xeon E5-2630 v2 @ 2.60GHz,69.0,7470,108.26086956521739,1574,22.81159420289855,80.0,93.37,6,2013,FCLGA2011,Server,Other,0,0
Intel Xeon E5-1630 v3 @ 3.70GHz,1346.0,7456,5.539375928677563,2127,1.5802377414561664,140.0,53.26,4,2014,LGA2011-v3,Server,LGA2011-v3,0,0
Intel Core i7-7820EQ @ 3.00GHz,378.0,7453,19.71693121693122,2207,5.838624338624339,45.0,165.63,4,2019,FCBGA1440,Laptop,FCBGA1440,0,0
Intel Core i7-7920HQ @ 3.10GHz,568.0,7449,13.11443661971831,2226,3.9190140845070425,45.0,165.53,4,2017,FCBGA1440,Laptop,FCBGA1440,0,0
Intel Xeon D-1531 @ 2.20GHz,348.0,7447,21.399425287356323,1424,4.091954022988506,45.0,165.48,6,2017,FCBGA1667,Server,Other,0,0
Intel Core i5-8400T @ 1.70GHz,239.84,7447,31.04986657771848,1924,8.022014676450967,35.0,212.77,6,2018,FCLGA1151-2,Desktop,FCLGA1151-2,0,0
Intel Xeon E5-1620 v4 @ 3.50GHz,219.3,7437,33.912448700410394,2251,10.264477884176927,140.0,53.12,4,2016,FCLGA2011-3,Server,FCLGA2011-3,0,0
Intel Xeon E3-1271 v3 @ 3.60GHz,149.99,7432,49.54996999799987,2271,15.141009400626707,80.0,92.91,4,2014,FCLGA1150,Server,Other,0,0
Intel Xeon E3-1286 v3 @ 3.70GHz,839.0,7418,8.841477949940405,2391,2.8498212157330154,84.0,88.31,4,2014,LGA1150,Server,LGA1150,0,0
Intel Xeon E5-2450 @ 2.10GHz,64.0,7410,115.78125,1154,18.03125,95.0,78.0,8,2015,LGA 1356,Server,Other,0,0
Intel Xeon E3-1281 v3 @ 3.70GHz,546.25,7406,13.557894736842105,2340,4.2837528604119,82.0,90.31,4,2015,LGA1150,Server,LGA1150,0,0
Intel Core i3-10100T @ 3.00GHz,122.0,7405,60.69672131147541,2319,19.008196721311474,35.0,211.57,4,2020,FCLGA1200,Laptop,FCLGA1200,0,0
Intel Core i7-6920HQ @ 2.90GHz,568.0,7378,12.98943661971831,2119,3.7306338028169015,45.0,163.96,4,2016,FCBGA1440,Laptop,FCBGA1440,0,0
AMD Ryzen 7 PRO 2700U,426.7,7372,17.276775251933444,2051,4.806655730021093,15.0,491.46,4,2018,FP5,Laptop,Other,0,1
Intel Xeon @ 2.00GHz,267.0,7363,27.576779026217228,939,3.5168539325842696,15.8,,6,2019,unknown,Unknown,unknown,1,1
Intel Core i3-9320 @ 3.70GHz,217.97,7358,33.75693902830665,2711,12.437491397898793,62.0,118.68,4,2019,FCLGA1151-2,Desktop,FCLGA1151-2,0,0
Intel Xeon D-1559 @ 1.50GHz,615.78,7353,11.940952937737505,957,1.5541264737406217,45.0,163.4,12,2017,FCBGA1667,Server,Other,0,1
Intel Xeon E3-1276 v3 @ 3.60GHz,978.0,7345,7.510224948875256,2258,2.3087934560327197,84.0,87.45,4,2014,FCLGA1150,Server,Other,0,0
Intel Xeon E5-2650 @ 2.00GHz,49.0,7335,149.69387755102042,1266,25.836734693877553,95.0,77.21,8,2012,LGA2011,Server,Other,0,0
Intel Core i3-9350KF @ 4.00GHz,207.36,7318,35.29128086419753,2666,12.856867283950617,91.0,80.42,4,2019,FCLGA1151-2,Desktop,FCLGA1151-2,0,0
AMD Ryzen 3 3200GE,164.63,7317,44.44511935856163,2199,13.357225293081456,35.0,209.06,4,2020,AM4,Desktop,AM4,0,1
AMD Ryzen 7 3700U,429.43,7317,17.038865472836086,2013,4.687609156323498,15.0,487.81,4,2019,FP5,Laptop,Other,0,1
AMD Ryzen 7 PRO 3700U,428.01,7310,17.079040209340903,2009,4.693815565056891,15.0,487.33,4,2019,FP5,Laptop,Other,0,1
Intel Core i3-9300 @ 3.70GHz,194.99,7279,37.33011949330735,2666,13.672496025437201,62.0,117.4,4,2019,FCLGA1151-2,Desktop,FCLGA1151-2,0,0
AMD Opteron 6281,443.86,7279,16.39931509935565,1129,2.543594827197765,41.87,,8,2019,Socket G34,Server,Other,1,1
Intel Core i7-6700T @ 2.80GHz,299.0,7271,24.317725752508363,2091,6.993311036789297,35.0,207.74,4,2015,LGA 1151,Desktop,Other,0,0
Intel Xeon E3-1280 v3 @ 3.60GHz,249.0,7256,29.140562248995984,2294,9.21285140562249,82.0,88.49,4,2013,LGA1150,Server,LGA1150,0,0
Intel Xeon E3-1270 v3 @ 3.50GHz,128.99,7245,56.16714473990231,2184,16.931545081014033,80.0,90.56,4,2013,LGA1150,Server,LGA1150,0,0
Intel Core i7-4790 @ 3.60GHz,200.0,7235,36.175,2234,11.17,84.0,86.13,4,2014,FCLGA1150,Desktop,Other,0,0
Intel Xeon E5-4610 v3 @ 1.70GHz,1219.0,7229,5.930270713699754,1027,0.8424938474159147,105.0,68.85,10,2019,FCLGA2011-3,Server,FCLGA2011-3,0,0
Intel Xeon E-2224 @ 3.40GHz,250.17,7223,28.872366790582404,2434,9.72938401886717,71.0,101.73,4,2019,FCLGA1151-2,Server,FCLGA1151-2,0,0
Intel Xeon E3-1246 v3 @ 3.50GHz,826.0,7218,8.738498789346247,2189,2.6501210653753025,84.0,85.93,4,2014,FCLGA1150,Server,Other,0,0
Intel Core i7-7820HQ @ 2.90GHz,378.0,7209,19.071428571428573,2140,5.661375661375661,45.0,160.19,4,2017,FCBGA1440,Laptop,FCBGA1440,0,0
Intel Xeon W3690 @ 3.47GHz,450.19,7208,16.011017570359183,1606,3.5673826606543906,130.0,55.45,6,2011,LGA1366,Server,LGA1366,0,0
AMD Ryzen 3 3200G,144.99,7188,49.57583281605628,2218,15.297606731498723,65.0,110.58,4,2019,AM4,Desktop,AM4,0,0
Intel Xeon E5-2628L v2 @ 1.90GHz,134.89,7181,53.23597004967011,1106,8.199273482096524,70.0,102.58,8,2015,LGA 2011,Server,Other,0,1
Intel Xeon D-1537 @ 1.70GHz,571.0,7176,12.567425569176883,1104,1.9334500875656742,35.0,205.03,8,2018,FCBGA1667,Server,Other,0,0
Intel Xeon D-1539 @ 1.60GHz,486.0,7175,14.763374485596708,1179,2.425925925925926,35.0,204.99,8,2019,FCBGA1667,Server,Other,0,0
Intel Core i7-6770HQ @ 2.60GHz,619.0,7145,11.54281098546042,1966,3.1760904684975766,45.0,158.78,4,2016,FCBGA1440,Laptop,FCBGA1440,0,0
AMD Ryzen 7 3700C,321.83,7145,22.201162104216515,2301,7.149737439020601,15.0,476.32,4,2022,FP5,"Laptop, Mobile/Embedded",Other,0,1
Intel Xeon E3-1275 v3 @ 3.50GHz,199.99,7143,35.716785839291965,2213,11.065553277663883,95.0,75.19,4,2013,LGA1150,Server,LGA1150,0,0
Intel Core i7-990X @ 3.47GHz,1500.19,7137,4.757397396329798,1600,1.066531572667462,130.0,54.9,6,2011,LGA1366,Desktop,LGA1366,0,0
Intel Core i7-4770K @ 3.50GHz,329.99,7129,21.603684960150307,2165,6.560804872874935,84.0,84.87,4,2013,LGA1150,Desktop,LGA1150,0,0
Intel Xeon D-1557 @ 1.50GHz,694.0,7118,10.256484149855908,718,1.0345821325648414,45.0,158.18,12,2019,FCBGA1667,Server,Other,0,0
AMD Ryzen 5 3500U,443.32,7102,16.020030677614365,1982,4.470811152215104,15.0,473.44,4,2019,FP5,Laptop,Other,0,1
Intel Xeon X5679 @ 3.20GHz,101.28,7095,70.05331753554502,1547,15.274486571879937,115.0,61.7,6,2011,LGA1366,Server,LGA1366,0,1
AMD Athlon Gold PRO 3150GE,159.8,7093,44.38673341677096,2164,13.541927409261575,35.0,202.64,4,2020,AM4,Desktop,AM4,0,1
Intel Xeon E3-1505M v5 @ 2.80GHz,477.16,7092,14.862939056081817,2033,4.26062536675329,45.0,157.6,4,2015,FCBGA1440,Server,FCBGA1440,0,1
Intel Xeon E3-1505M v6 @ 3.00GHz,595.12,7080,11.896760317246942,2183,3.668167764484474,45.0,157.34,4,2017,unknown,Server,unknown,0,1
Intel Core i7-995X @ 3.60GHz,368.69,7079,19.200412270471126,1683,4.564810545444683,133.34,,6,2010,unknown,Desktop,unknown,1,1
Intel Core i7-4771 @ 3.50GHz,196.86,7074,35.93416641267906,2190,11.124657116732703,84.0,84.21,4,2013,LGA1150,Desktop,LGA1150,0,0
Intel Core i5-8305G @ 2.80GHz,528.18,7073,13.3912681282896,2118,4.009996592070885,65.0,108.82,4,2018,BGA2270,Laptop,Other,0,1
AMD Ryzen 3 PRO 3200GE,338.77,7071,20.87256840924521,2189,6.461611122590549,35.0,202.04,4,2019,AM4,Laptop,AM4,0,1
Intel Xeon E3-1241 v3 @ 3.50GHz,79.99,7070,88.38604825603201,2150,26.878359794974372,80.0,88.38,4,2014,LGA1150,Server,LGA1150,0,0
Intel Xeon E3-1240 v3 @ 3.40GHz,64.87,7065,108.91012794820409,2161,33.31277940496377,80.0,88.32,4,2013,LGA1150,Server,LGA1150,0,0
Intel Core i7-10610U @ 1.80GHz,409.0,7062,17.26650366748166,2362,5.775061124694377,15.0,470.77,4,2020,FCBGA1528,Laptop,Other,0,0
Intel Core i7-4940MX @ 3.10GHz,699.95,7060,10.086434745338952,2286,3.2659475676834058,57.0,123.86,4,2014,"FPGA946,FPGA947",Laptop,Other,0,0
Intel Core i7-1060NG7 @ 1.20GHz,400.84,7045,17.575591258357452,1930,4.814888733659315,10.0,704.48,4,2020,FCBGA1526,Laptop,Other,0,1
AMD Ryzen 3 PRO 3200G,147.61,7037,47.67292188876092,2216,15.012533026217735,65.0,108.26,4,2019,AM4,Desktop,AM4,0,1
Intel Core i7-5850EQ @ 2.70GHz,435.0,7036,16.17471264367816,2119,4.871264367816092,47.0,149.7,4,2018,FCBGA1364,Laptop,Other,0,0
Intel Core i7-4770 @ 3.40GHz,178.69,7030,39.3418769936762,2166,12.121551289943477,84.0,83.69,4,2013,LGA1150,Desktop,LGA1150,0,0
Intel Core i7-980 @ 3.33GHz,160.19,7018,43.81047506086522,1558,9.725950433859792,130.0,53.99,6,2011,LGA1366,Desktop,LGA1366,0,0
Intel Xeon E5-4640 @ 2.40GHz,59.99,7012,116.88614769128188,1233,20.553425570928486,95.0,73.81,8,2012,LGA2011,Server,Other,0,0
Intel Xeon E3-1245 v3 @ 3.40GHz,299.0,7008,23.438127090301002,2142,7.1638795986622075,84.0,83.43,4,2013,LGA1150,Server,LGA1150,0,0
AMD Athlon Gold 3150G,137.4,7002,50.96069868995633,2308,16.797671033478892,65.0,107.72,4,2022,AM4,Desktop,AM4,0,1
Intel Xeon E3-1231 v3 @ 3.40GHz,498.95,6998,14.025453452249725,2152,4.313057420583225,80.0,87.48,4,2014,FCLGA1150,Server,Other,0,0
Intel Xeon E5-1620 v3 @ 3.50GHz,79.46,6991,87.98137427636547,2024,25.471935565064186,140.0,49.93,4,2014,LGA2011-v3,Server,LGA2011-v3,0,0
Intel Xeon E3-1285 v3 @ 3.60GHz,357.13,6987,19.56430431495534,2220,6.216223784056226,84.0,83.18,4,2016,LGA1150,Server,LGA1150,0,1
Intel Xeon E5-4607 v2 @ 2.60GHz,72.8,6986,95.96153846153847,1363,18.722527472527474,95.0,73.54,6,2016,FCLGA2011,Server,Other,0,0
Intel Xeon E-2124 @ 3.30GHz,204.99,6977,34.0358066247134,2537,12.376213473827992,71.0,98.27,4,2019,FCLGA1151-2,Server,FCLGA1151-2,0,0
AMD Ryzen 5 PRO 3500U,436.81,6968,15.95201575055516,1964,4.496234060575536,15.0,464.55,4,2019,FP5,Laptop,Other,0,1
Intel Core i7-7700HQ @ 2.80GHz,378.0,6957,18.404761904761905,2070,5.476190476190476,45.0,154.59,4,2016,FCBGA1440,Laptop,FCBGA1440,0,0
Intel Xeon E3-1265L v4 @ 2.30GHz,436.47,6954,15.932366485669117,2073,4.749467317341398,35.0,198.69,4,2018,FCLGA1150,Server,Other,0,1
Intel Core i7-4790S @ 3.20GHz,163.0,6954,42.66257668711656,2198,13.484662576687116,65.0,106.98,4,2014,LGA1150,Desktop,LGA1150,0,0
Intel Core i7-6820HQ @ 2.70GHz,389.44,6939,17.81789235825801,1990,5.109901396877568,45.0,154.2,4,2015,FCBGA1440,Laptop,FCBGA1440,0,1
Intel Xeon E5-2440 v2 @ 1.90GHz,499.95,6927,13.855385538553856,962,1.9241924192419242,95.0,72.92,8,2014,LGA 1356,Server,Other,0,0
AMD Ryzen 3 1300X,115.0,6925,60.21739130434783,2096,18.22608695652174,65.0,106.54,4,2017,AM4,Desktop,AM4,0,0
AMD Opteron 6287 SE,599.61,6925,11.549173629525859,1091,1.819516018745518,83.02,,16,2015,G34,Server,Other,1,1
Intel Core i7-6820EQ @ 2.80GHz,420.86,6924,16.452026802262033,1969,4.678515420805018,45.0,153.87,4,2016,FCBGA1440,Laptop,FCBGA1440,0,1
AMD Ryzen 5 PRO 2500U,379.63,6921,18.23090904301557,1829,4.817848958196138,15.0,461.43,4,2018,FP5,Laptop,Other,0,1
Intel Xeon W3680 @ 3.33GHz,47.85,6917,144.55590386624868,1547,32.330198537095086,130.0,53.21,6,2010,LGA1366,Server,LGA1366,0,0
Intel Core i7-6820HK @ 2.70GHz,378.0,6906,18.26984126984127,1941,5.134920634920635,45.0,153.46,4,2015,FCBGA1440,Laptop,FCBGA1440,0,0
Intel Xeon E5-2637 v4 @ 3.50GHz,143.0,6897,48.23076923076923,2073,14.496503496503497,135.0,51.09,4,2016,FCLGA2011-3,Server,FCLGA2011-3,0,0
Intel Pentium Gold G7400,66.99,6896,102.94073742349605,3084,46.036721898790866,46.0,149.92,2,2022,"LGA1700,BGA1700",Desktop,Other,0,0
AMD Ryzen 7 2700U,418.68,6895,16.468424572465846,1806,4.313556893092577,15.0,459.65,4,2017,FP5,Laptop,Other,0,1
Intel Core i5-7600K @ 3.80GHz,165.99,6869,41.382010964515935,2566,15.458762576058797,91.0,75.49,4,2017,FCLGA1151,Desktop,FCLGA1151,0,0
Intel Xeon E5-2623 v3 @ 3.00GHz,249.95,6869,27.481496299259852,1861,7.445489097819564,105.0,65.42,4,2015,LGA2011-v3,Server,LGA2011-v3,0,0
Intel Xeon X5690 @ 3.47GHz,189.06,6867,36.32180260234846,1608,8.505236432878451,130.0,52.82,6,2011,LGA1366,Server,LGA1366,0,0
Intel Core i7-5850HQ @ 2.70GHz,434.0,6866,15.820276497695852,2219,5.112903225806452,47.0,146.08,4,2015,FCBGA1364,Laptop,Other,0,0
Intel Xeon E5-2430 v2 @ 2.50GHz,201.5,6864,34.064516129032256,1413,7.012406947890819,80.0,85.8,6,2014,LGA 1356,Server,Other,0,0
Intel Core i3-8350K @ 4.00GHz,206.16,6862,33.2848273185875,2489,12.07314707023671,91.0,75.41,4,2017,FCLGA1151-2,Desktop,FCLGA1151-2,0,0
Intel Xeon E3-1285L v3 @ 3.10GHz,899.99,6848,7.608973433038145,2132,2.3689152101690016,65.0,105.35,4,2014,LGA1150,Server,LGA1150,0,0
Intel Core i7-10510U @ 1.80GHz,409.0,6837,16.716381418092908,2363,5.777506112469438,15.0,455.82,4,2019,FCBGA1528,Laptop,Other,0,0
Intel Xeon E5-4620 @ 2.20GHz,71.96,6830,94.91384102279045,1239,17.217898832684828,95.0,71.89,8,2015,LGA 2011,Server,Other,0,0
AMD Ryzen 5 3450U,389.66,6824,17.51270338243597,1936,4.9684340194015295,15.0,454.9,4,2020,FP5,Laptop,Other,0,1
AMD Ryzen Embedded V1605B,413.4,6822,16.502177068214806,1961,4.743589743589744,15.0,454.81,4,2018,FP5,"Laptop, Mobile/Embedded",Other,0,1
Intel Core i7-4770S @ 3.10GHz,1270.0,6819,5.369291338582677,2148,1.6913385826771654,65.0,104.91,4,2013,LGA1150,Desktop,LGA1150,0,0
Intel Core i7-980X @ 3.33GHz,144.62,6813,47.109666712764486,1532,10.593278937906236,130.0,52.41,6,2010,LGA1366,Desktop,LGA1366,0,0
Intel Xeon X5680 @ 3.33GHz,145.0,6811,46.97241379310345,1510,10.413793103448276,130.0,52.39,6,2010,LGA1366,Server,LGA1366,0,0
AMD Ryzen 3 2200G,124.0,6781,54.685483870967744,2060,16.612903225806452,65.0,104.33,4,2018,AM4,Desktop,AM4,0,0
Intel Core i7-4960HQ @ 2.60GHz,623.0,6779,10.881219903691814,2188,3.5120385232744784,47.0,144.23,4,2013,FCBGA1364,Laptop,Other,0,0
Intel Xeon E5-2448L v2 @ 1.80GHz,1424.0,6774,4.757022471910112,1235,0.8672752808988764,70.0,96.77,10,2018,LGA 1356,Server,Other,0,0
Intel Pentium Gold 8505,334.65,6771,20.23307933662035,3112,9.299267891827283,15.0,451.41,1,2022,BGA1700,"Laptop, Mobile/Embedded",Other,0,1
AMD FX-9590 Eight-Core,344.04,6768,19.672131147540984,1829,5.316242297407278,220.0,30.76,4,2013,AM3+,Desktop,Other,0,0
Intel Core i3-9100F @ 3.60GHz,124.0,6768,54.58064516129032,2519,20.31451612903226,65.0,104.12,4,2019,FCLGA1151-2,Desktop,FCLGA1151-2,0,0
Intel Core i7-4980HQ @ 2.80GHz,528.82,6767,12.796414659052228,2250,4.254755871563102,47.0,143.99,4,2014,FCBGA1364,Laptop,Other,0,1
Intel Xeon E3-1230 v3 @ 3.30GHz,299.99,6760,22.534084469482316,2081,6.936897896596553,80.0,84.5,4,2013,LGA1150,Server,LGA1150,0,0
Intel Core i7-4930MX @ 3.00GHz,1096.0,6753,6.161496350364963,2180,1.989051094890511,57.0,118.48,4,2013,FCPGA946,Laptop,Other,0,0
Intel Core i7-6700TE @ 2.40GHz,190.78,6734,35.29720096446168,2012,10.546178844742636,35.0,192.4,4,2016,LGA 1151,Desktop,Other,0,1
AMD Ryzen 3 PRO 2200G,122.83,6703,54.57135878856957,2058,16.754864446796386,65.0,103.13,4,2018,AM4,Desktop,AM4,0,1
Intel Core i5-7640X @ 4.00GHz,65.0,6675,102.6923076923077,2511,38.63076923076923,112.0,59.6,4,2017,FCLGA2066,Desktop,Other,0,0
Intel Core i5-10310U @ 1.70GHz,297.0,6658,22.41750841750842,2281,7.68013468013468,15.0,443.89,4,2020,FCBGA1528,Laptop,Other,0,0
AMD Opteron 6380,855.79,6645,7.7647553722291685,1096,1.2806880192570609,115.0,57.78,8,2015,G34,Server,Other,0,0
AMD Ryzen Embedded R2314,396.31,6643,16.762130655295095,1969,4.968332870732508,14.43,,4,2022,unknown,Mobile/Embedded,unknown,1,1
Intel Core i3-9100 @ 3.60GHz,169.96,6625,38.97975994351612,2519,14.821134384561072,65.0,101.93,4,2019,FCLGA1151-2,Desktop,FCLGA1151-2,0,0
Intel Xeon E3-1275 V2 @ 3.50GHz,384.24,6613,17.210597543202166,2151,5.598063710181137,77.0,85.89,4,2012,LGA1155,Server,LGA1155,0,0
Intel Xeon E5-2630L v2 @ 2.40GHz,88.65,6610,74.5628877608573,1388,15.657078398195148,60.0,110.17,6,2014,LGA 2011,Server,Other,0,0
Intel Core i7-1180G7 @ 1.30GHz,426.0,6607,15.509389671361502,2323,5.453051643192488,15.0,440.45,4,2021,FCBGA1598,Laptop,Other,0,0
Intel Core i5-7600 @ 3.50GHz,169.99,6598,38.814047885169714,2476,14.565562680157656,65.0,101.5,4,2017,FCLGA1151,Desktop,FCLGA1151,0,0
MT6891Z/CZA,366.1,6596,18.016935263589183,1857,5.072384594373122,16.03,,8,2021,unknown,Mobile/Embedded,unknown,1,1
Intel Xeon Platinum 8151 @ 3.40GHz,349.5,6591,18.858369098712448,2393,6.84692417739628,48.37,,2,2019,unknown,Server,unknown,1,1
Intel Xeon E5-1428L v2 @ 2.20GHz,20.37,6566,322.33676975945014,1321,64.85027000490918,60.0,109.43,6,2019,FCLGA1356,Server,Other,0,0
AMD Ryzen 5 2500U,385.77,6555,16.99199004588226,1834,4.754128107421521,15.0,436.97,4,2017,FP5,Laptop,Other,0,1
"Qualcomm Technologies, Inc SA8195P",366.43,6554,17.886090112709113,1741,4.75124853314412,14.13,,8,2021,unknown,Mobile/Embedded,unknown,1,1
Intel Core i7-6700HQ @ 2.60GHz,378.0,6544,17.312169312169313,1919,5.076719576719577,45.0,145.41,4,2015,FCBGA1440,Laptop,FCBGA1440,0,0
AMD Ryzen 3 2200GE,169.38,6537,38.59369465108041,2049,12.097059865391428,35.0,186.76,4,2018,AM4,Desktop,AM4,0,1
Intel Xeon E5-1620 v2 @ 3.70GHz,309.19,6535,21.135871147191047,2015,6.517028364436107,130.0,50.27,4,2013,FCLGA2011,Server,Other,0,0
Intel Xeon W3670 @ 3.20GHz,295.19,6534,22.134896168569398,1501,5.084860598258748,130.0,50.26,6,2011,LGA1366,Server,LGA1366,0,0
"Odin based on Qualcomm Technologies, Inc SM8350",398.83,6533,16.380412707168468,1787,4.480605771882757,14.39,,8,2021,unknown,Mobile/Embedded,unknown,1,1
Intel Xeon E3-1280 V2 @ 3.60GHz,388.19,6511,16.772714392436693,2174,5.6003503439037585,69.0,94.36,4,2012,LGA1155,Server,LGA1155,0,0
Intel Core i7-4820K @ 3.70GHz,149.73,6501,43.41815267481467,1945,12.990048754424631,130.0,50.01,4,2013,FCLGA2011,Desktop,Other,0,0
Intel Core i7-970 @ 3.20GHz,520.0,6499,12.498076923076923,1455,2.798076923076923,130.0,49.99,6,2010,LGA1366,Desktop,LGA1366,0,0
Intel Core i7-3770K @ 3.50GHz,136.48,6462,47.347596717467766,2082,15.254982415005863,77.0,83.93,4,2012,LGA1155,Desktop,LGA1155,0,0
Intel Xeon E3-1290 V2 @ 3.70GHz,885.0,6461,7.300564971751412,2112,2.386440677966102,87.0,74.27,4,2012,LGA1155,Server,LGA1155,0,0
Intel Xeon E5-4610 @ 2.40GHz,215.19,6460,30.019982341186857,1401,6.510525582043775,95.0,68.0,6,2018,FCLGA2011,Server,Other,0,0
Intel Xeon E3-1286L v3 @ 3.20GHz,774.0,6450,8.333333333333334,2207,2.851421188630491,65.0,99.23,4,2018,LGA1150,Server,LGA1150,0,0
Intel Xeon E3-1270 V2 @ 3.50GHz,84.99,6431,75.66772561477822,2064,24.28521002470879,69.0,93.2,4,2012,LGA1155,Server,LGA1155,0,0
Intel Core i7-4770R @ 3.20GHz,184.48,6429,34.84930615784909,2161,11.71400693842151,65.0,98.91,4,2014,FCBGA1364,Desktop,Other,0,1
Intel Xeon Silver 4112 @ 2.60GHz,550.0,6420,11.672727272727272,1690,3.0727272727272728,85.0,75.53,4,2018,FCLGA3647,Server,FCLGA3647,0,0
MT6893Z_C/CZA,416.86,6418,15.396056229909322,1830,4.389963057141486,14.48,,8,2021,unknown,Mobile/Embedded,unknown,1,1
Intel Xeon E5-2608L v3 @ 2.00GHz,441.0,6415,14.546485260770975,1210,2.743764172335601,52.0,123.37,6,2018,LGA2011-v3,Server,LGA2011-v3,0,0
Intel Core i5-10210U @ 1.60GHz,702.62,6401,9.11018758361561,2233,3.1781048077196776,15.0,426.76,4,2019,FCBGA1528,Laptop,Other,0,0
Intel Core i7-3770 @ 3.40GHz,139.98,6397,45.69938562651808,2076,14.830690098585514,77.0,83.08,4,2012,LGA1155,Desktop,LGA1155,0,0
Intel Core i7-4870HQ @ 2.50GHz,560.68,6387,11.391524577298995,2089,3.725832917172006,47.0,135.89,4,2014,FCBGA1364,Laptop,Other,0,1
AMD Opteron 6282 SE,223.39,6385,28.582300013429432,953,4.266081740453915,140.0,45.61,16,2013,unknown,Server,unknown,0,0
"Qualcomm Technologies, Inc SM8350AC",437.31,6385,14.600626557819396,2732,6.247284534998056,19.02,,8,2021,unknown,Mobile/Embedded,unknown,1,1
Intel Core i7-8665U @ 1.90GHz,704.49,6383,9.060455080980567,2236,3.1739272381439054,15.0,425.51,4,2019,FCBGA1528,Laptop,Other,0,0
Intel Xeon X5675 @ 3.07GHz,30.98,6378,205.87475790832795,1473,47.54680438992899,95.0,67.14,6,2011,LGA1366,Server,LGA1366,0,0
Intel Xeon E5-2420 v2 @ 2.20GHz,85.19,6362,74.68012677544313,1382,16.222561333489846,80.0,79.52,6,2014,FCLGA1356,Server,Other,0,0
Intel Core i7-8565U @ 1.80GHz,615.0,6358,10.33821138211382,2246,3.652032520325203,15.0,423.86,4,2018,FCBGA1356,Laptop,Other,0,0
Intel Core i7-8650U @ 1.90GHz,1049.0,6358,6.061010486177311,2154,2.0533841754051476,15.0,423.89,4,2017,FC-BGA1356,Laptop,Other,0,0
AMD Ryzen 3 PRO 1200,114.21,6347,55.57306715699151,1936,16.951230190000878,65.0,97.65,4,2017,AM4,Desktop,AM4,0,1
Intel Xeon E-2254ML @ 1.70GHz,412.96,6333,15.335625726462613,2029,4.913308795040682,25.0,253.31,4,2019,FCBGA1440,Server,FCBGA1440,0,1
Intel Xeon E5-2640 @ 2.50GHz,75.0,6321,84.28,1348,17.973333333333333,95.0,66.54,6,2012,LGA2011,Server,Other,0,0
Intel Xeon E3-1245 V2 @ 3.40GHz,367.5,6316,17.186394557823128,2042,5.556462585034014,77.0,82.02,4,2012,LGA1155,Server,LGA1155,0,0
Intel Xeon E3-1225 v6 @ 3.30GHz,208.13,6312,30.327199346562246,2303,11.065199634843607,73.0,86.47,4,2017,FCLGA1151,Server,FCLGA1151,0,0
Intel Core i5-6600K @ 3.50GHz,135.0,6307,46.71851851851852,2332,17.274074074074075,91.0,69.31,4,2015,FCLGA1151,Desktop,FCLGA1151,0,0
AMD Ryzen 3 1200,103.55,6304,60.87880251086432,1927,18.609367455335587,65.0,96.98,4,2017,AM4,Desktop,AM4,0,0
Intel Xeon E3-1240 V2 @ 3.40GHz,99.99,6301,63.01630163016302,2044,20.442044204420444,69.0,91.32,4,2012,LGA1155,Server,LGA1155,0,0
Intel Core i7-4760HQ @ 2.10GHz,377.05,6300,16.70865932900146,1944,5.155814878663307,47.0,134.05,4,2014,FCBGA1364,Laptop,Other,0,1
Intel Core i7-4850HQ @ 2.30GHz,434.0,6299,14.513824884792626,1972,4.543778801843318,47.0,134.03,4,2013,FCBGA1364,Laptop,Other,0,0
Intel Xeon E5-4617 @ 2.90GHz,35.88,6298,175.52954292084726,1552,43.255295429208466,130.0,48.44,6,2014,LGA 2011,Server,Other,0,0
Intel Core i7-4790T @ 2.70GHz,893.0,6291,7.044792833146697,2100,2.3516237402015676,45.0,139.81,4,2014,LGA1150,Desktop,LGA1150,0,0
Intel Core i5-8350U @ 1.70GHz,297.0,6284,21.15824915824916,2031,6.838383838383838,15.0,418.94,4,2017,FC-BGA1356,Laptop,Other,0,0
Intel Core i3-1115G4 @ 3.00GHz,281.0,6273,22.323843416370106,2695,9.590747330960854,15.29,,2,2020,FCBGA1449,Laptop,Other,1,0
Intel Core i7-4910MQ @ 2.90GHz,459.95,6265,13.621045765844114,2019,4.389607566039787,47.0,133.3,4,2014,FCPGA946,Laptop,Other,0,0
Intel Xeon E5-2620 v2 @ 2.10GHz,49.0,6246,127.46938775510205,1303,26.591836734693878,80.0,78.08,6,2013,FCLGA2011,Server,Other,0,0
AMD Opteron 6276,968.46,6245,6.448381967246969,1005,1.037730004336782,115.0,54.3,8,2013,Socket G34,Server,Other,0,0
Intel Xeon E5-2637 v2 @ 3.50GHz,127.52,6244,48.96486825595985,1849,14.499686323713927,130.0,48.03,4,2014,LGA 2011,Server,Other,0,0
Intel Core i5-8365U @ 1.60GHz,539.07,6239,11.573636076947334,2166,4.018031053480994,15.0,415.95,4,2019,FCBGA1528,Laptop,Other,0,0
Intel Xeon D-1622 @ 2.60GHz,170.0,6205,36.5,1875,11.029411764705882,40.0,155.12,4,2021,FCBGA1667,Server,Other,0,0
Intel Xeon W-2104 @ 3.20GHz,255.0,6202,24.32156862745098,1836,7.2,120.0,51.69,4,2018,FCLGA2066,Server,Other,0,0
Intel Xeon E3-1230 V2 @ 3.30GHz,61.97,6192,99.91931579796676,1994,32.176859770856865,69.0,89.75,4,2012,LGA1155,Server,LGA1155,0,0
Intel Core i7-8565UC @ 1.80GHz,374.22,6187,16.533055421944308,2527,6.7527123082678635,15.0,412.45,4,2020,FCBGA1528,Laptop,Other,0,1
Intel Core i5-1030NG7 @ 1.10GHz,353.98,6180,17.458613480987626,1832,5.175433640318662,10.0,617.95,4,2020,BGA1526,Laptop,Other,0,1
Intel Core i7-3770S @ 3.10GHz,114.0,6178,54.19298245614035,2034,17.842105263157894,65.0,95.05,4,2012,LGA1155,Desktop,LGA1155,0,0
Intel Xeon E3-1240L v5 @ 2.10GHz,278.0,6173,22.205035971223023,1906,6.856115107913669,25.0,246.93,4,2017,FCLGA1151,Server,FCLGA1151,0,0
Intel Core i3-8100 @ 3.60GHz,169.99,6163,36.25507382787222,2240,13.17724572033649,65.0,94.82,4,2017,FCLGA1151-2,Desktop,FCLGA1151-2,0,0
Intel Core i3-9300T @ 3.20GHz,143.0,6162,43.09090909090909,2318,16.20979020979021,35.0,176.07,4,2019,FCLGA1151-2,Desktop,FCLGA1151-2,0,0
SM7325,415.29,6145,14.796888920994967,2147,5.169881287774808,16.53,,8,2021,unknown,Mobile/Embedded,unknown,1,1
AMD Ryzen 3 PRO 3300U,421.6,6144,14.573055028462997,2060,4.8861480075901325,15.0,409.61,4,2019,FP5,Laptop,Other,0,1
Intel Core i7-4860HQ @ 2.40GHz,322.05,6138,19.059152305542618,1901,5.902810122651762,47.0,130.6,4,2014,FCBGA1364,Laptop,Other,0,1
Intel Core i3-8300 @ 3.70GHz,265.7,6136,23.09371471584494,2262,8.513360933383515,62.0,98.97,4,2018,FCLGA1151-2,Desktop,FCLGA1151-2,0,0
Intel Xeon E5-2630 @ 2.30GHz,49.0,6131,125.12244897959184,1270,25.918367346938776,95.0,64.54,6,2012,LGA2011,Server,Other,0,0
AMD FX-8370 Eight-Core,218.99,6128,27.98301292296452,1626,7.424996575186081,125.0,49.02,4,2014,AM3+,Desktop,Other,0,0
Intel Core i7-4770HQ @ 2.20GHz,342.61,6125,17.877470009631942,1934,5.644902367122968,47.0,130.31,4,2014,FCBGA1364,Laptop,Other,0,1
Intel Core i5-6600 @ 3.30GHz,119.0,6107,51.319327731092436,2284,19.19327731092437,65.0,93.96,4,2015,LGA 1151,Desktop,Other,0,0
Intel Xeon X5660 @ 2.80GHz,72.33,6107,84.43246232545279,1387,19.175998893958248,95.0,64.28,6,2010,LGA1366,Server,LGA1366,0,0
Intel Core i5-8265U @ 1.60GHz,499.88,6103,12.208930143234376,2122,4.245018804513083,15.0,406.87,4,2018,FCBGA1528,Laptop,Other,0,0
Intel Xeon X5670 @ 2.93GHz,63.94,6090,95.24554269627777,1392,21.770409759149203,95.0,64.11,6,2010,LGA1366,Server,LGA1366,0,0
Intel Core i7-5675C @ 3.10GHz,192.92,6089,31.562305618909395,2249,11.65768194070081,65.0,93.67,4,2015,LGA1150,Desktop,LGA1150,0,1
Intel Xeon E3-1505L v6 @ 2.20GHz,309.2,6088,19.689521345407503,1848,5.976714100905563,25.0,243.52,4,2017,FCBGA1440,"Laptop, Server",FCBGA1440,0,1
Intel Core i3-8100B @ 3.60GHz,133.0,6081,45.721804511278194,2363,17.76691729323308,65.0,93.55,4,2019,FCBGA1440,Laptop,FCBGA1440,0,0
Intel Xeon E3-1268L v5 @ 2.40GHz,456.54,6079,13.31537214701888,1654,3.622902702939501,35.0,173.69,4,2018,FCLGA1151,"Laptop, Server",FCLGA1151,0,0
Intel Core i5-7600T @ 2.80GHz,298.0,6073,20.379194630872483,2231,7.4865771812080535,35.0,173.5,4,2017,FCLGA1151,Desktop,FCLGA1151,0,0
Intel Xeon E5-2658 @ 2.10GHz,1350.7,6073,4.496187162212186,1156,0.855852520915081,95.0,63.92,8,2012,LGA2011,Server,Other,0,0
AMD Opteron 6344,379.0,6069,16.013192612137203,1231,3.2480211081794197,115.0,52.77,6,2013,unknown,Server,unknown,0,0
Intel Core i5-7500 @ 3.40GHz,165.99,6064,36.532321224170126,2284,13.759865052111572,65.0,93.3,4,2016,LGA1151,Desktop,Other,0,0
Intel Xeon E-2104G @ 3.20GHz,510.0,6057,11.876470588235295,1963,3.8490196078431373,65.0,93.19,4,2018,FCLGA1151-2,Server,FCLGA1151-2,0,0
Intel Core i7-4900MQ @ 2.80GHz,556.0,6051,10.883093525179856,1951,3.508992805755396,47.0,128.75,4,2013,FCPGA946,Laptop,Other,0,0
AMD EPYC 3101 4-Core,359.6,6050,16.824249165739708,1787,4.969410456062291,11.44,,4,2021,unknown,Unknown,unknown,1,1
Intel Xeon E3-1275L v3 @ 2.70GHz,514.08,6035,11.739417989417989,2106,4.0966386554621845,45.0,134.1,4,2015,LGA1150,Server,LGA1150,0,1
Intel Core i7-4810MQ @ 2.80GHz,179.95,6034,33.5315365379272,2004,11.136426785218116,47.0,128.37,4,2014,FCPGA946,Laptop,Other,0,0
Intel Core i7-5700HQ @ 2.70GHz,266.24,6023,22.622445913461537,2025,7.605919471153846,47.0,128.15,4,2015,FCBGA1364,Laptop,Other,0,1
vendor Kirin990,364.64,5998,16.449100482667838,2015,5.52599824484423,16.02,,8,2021,unknown,Mobile/Embedded,unknown,1,1
Intel Core i5-8265UC @ 1.60GHz,443.93,5988,13.488613069628094,2200,4.955736264726421,15.0,,4,2019,FCBGA1528,Laptop,Other,1,1
Intel Xeon E3-1265L v3 @ 2.50GHz,699.95,5987,8.553468104864633,2104,3.005928994928209,45.0,133.05,4,2012,FCLGA1150,Server,Other,0,0
AMD FX-9370 Eight-Core,253.0,5985,23.656126482213438,1671,6.604743083003952,220.0,27.21,4,2013,AM3+,Desktop,Other,0,0
AMD Ryzen 3 PRO 2300U,324.79,5982,18.418054743064747,1853,5.705224914560177,15.0,398.8,4,2018,FP5,Laptop,Other,0,1
AMD FX-8350 Eight-Core,122.99,5969,48.532401008212055,1576,12.814049922757949,125.0,47.75,4,2012,AM3+,Desktop,Other,0,0
Intel Core i7-3840QM @ 2.80GHz,548.87,5966,10.869604824457522,1954,3.5600415398910488,45.0,132.57,4,2012,rPGA988B,Laptop,Other,0,0
Intel Core i7-8550U @ 1.80GHz,363.4,5964,16.411667583929557,2076,5.712713263621354,15.0,397.63,4,2017,FC-BGA1356,Laptop,Other,0,1
Intel Xeon E3-1225 v5 @ 3.30GHz,399.0,5961,14.93984962406015,2064,5.172932330827067,80.0,74.51,4,2016,FCLGA1151,Server,FCLGA1151,0,0
Intel Core i5-8250U @ 1.60GHz,359.49,5941,16.526189880107932,1932,5.3742802303262955,15.0,396.03,4,2017,FC-BGA1356,Laptop,Other,0,1
Intel Xeon E5-2650L @ 1.80GHz,49.0,5929,121.0,1091,22.26530612244898,70.0,84.69,8,2012,LGA 2011,Server,Other,0,0
AMD Ryzen Embedded V1404I,389.53,5917,15.19010089081714,1938,4.975226555079199,15.0,394.44,4,2020,unknown,"Desktop, Mobile/Embedded",unknown,0,1
Intel Xeon D-1528 @ 1.90GHz,204.31,5910,28.926631099799323,1281,6.269883999804219,35.0,168.85,6,2016,FCBGA1667,"Laptop, Server",Other,0,1
MT6893Z/CZA,369.45,5908,15.991338476113143,2065,5.589389633238598,16.22,,8,2021,unknown,Mobile/Embedded,unknown,1,1
Intel Core i7-5700EQ @ 2.60GHz,331.44,5905,17.816195993241614,2124,6.408399710354815,47.0,125.64,4,2015,FCBGA1364,Laptop,Other,0,1
AMD Ryzen 3 3350U,350.51,5904,16.84402727454281,1976,5.637499643376794,15.0,393.57,4,2021,unknown,Laptop,unknown,0,1
Intel Xeon E5-2430L v2 @ 2.40GHz,92.65,5903,63.71289800323799,1211,13.070696168375607,60.0,98.39,6,2015,LGA 1356,Server,Other,0,1
Intel Xeon E5-2440 @ 2.40GHz,170.0,5900,34.705882352941174,1282,7.541176470588235,95.0,62.11,6,2014,LGA 1356,Server,Other,0,0
AMD Ryzen 3 PRO 2200GE,158.91,5897,37.10905544018627,2000,12.585740356176453,35.0,168.47,4,2018,AM4,Desktop,AM4,0,1
AMD Opteron 6378,1709.92,5889,3.444020772901656,1127,0.6590951623467765,115.0,51.21,8,2015,G34,Server,Other,0,0
Intel Xeon D-1521 @ 2.40GHz,230.03,5876,25.544494196409165,1724,7.494674607659871,45.0,130.58,4,2016,FCBGA1667,Server,Other,0,1
Intel Xeon E5-1620 @ 3.60GHz,179.91,5871,32.63298315824579,1774,9.860485798454784,130.0,45.16,4,2012,LGA2011,Server,Other,0,0
Intel Xeon E5-2430 @ 2.20GHz,69.0,5863,84.97101449275362,1190,17.246376811594203,95.0,61.72,6,2012,LGA 1356,Server,Other,0,0
Intel Xeon E5-1410 v2 @ 2.80GHz,19.2,5842,304.27083333333337,1689,87.96875,80.0,73.02,4,2015,LGA 1356,Server,Other,0,0
vendor Kirin985,326.96,5834,17.8431612429655,1894,5.79275752385613,15.86,,8,2022,unknown,Mobile/Embedded,unknown,1,1
Intel Core i7-4800MQ @ 2.70GHz,239.99,5829,24.28851202133422,1944,8.100337514063085,47.0,124.02,4,2013,rPGA946B,Laptop,Other,0,0
Intel Core i3-8300T @ 3.20GHz,158.95,5827,36.659326832337214,2005,12.61402956904687,25.0,233.07,4,2018,FCLGA1151-2,Desktop,FCLGA1151-2,0,0
AMD Ryzen 3 3300U,337.38,5803,17.20018969707748,1899,5.6286679708340746,15.0,386.88,4,2019,FP5,Laptop,Other,0,1
Intel Core i7-4710MQ @ 2.50GHz,271.57,5800,21.357292779025666,1895,6.977943071767869,47.0,123.4,4,2014,FCPGA946,Laptop,Other,0,0
Intel Core i3-1115G4E @ 3.00GHz,285.0,5776,20.266666666666666,2552,8.95438596491228,15.0,385.06,2,2022,BGA 1449,Mobile/Embedded,Other,0,0
AMD Opteron 4274 HE,76.99,5776,75.02273022470452,1060,13.768021821015717,65.0,88.86,4,2012,C32,Server,Other,0,0
Intel Xeon E5-2450L @ 1.80GHz,65.0,5769,88.75384615384615,1013,15.584615384615384,70.0,82.42,8,2015,LGA 1356,Server,Other,0,0
Intel Core i7-4720HQ @ 2.60GHz,252.36,5762,22.832461562846724,1870,7.410049136154699,47.0,122.59,4,2014,BGA1364,Laptop,Other,0,1
Intel Xeon X5650 @ 2.67GHz,58.0,5761,99.32758620689656,1302,22.448275862068964,95.0,60.64,6,2010,LGA1366,Server,LGA1366,0,0
SM8350,331.9,5761,17.35763784272371,2452,7.387767399819223,16.41,,8,2021,unknown,Mobile/Embedded,unknown,1,1
Intel Core i7-3820QM @ 2.70GHz,549.0,5755,10.482695810564662,1915,3.4881602914389798,45.0,127.89,4,2012,BGA1224,Laptop,Other,0,0
Intel Xeon Bronze 3106 @ 1.70GHz,334.31,5754,17.21157009960815,1013,3.030121743292154,85.0,67.7,8,2018,FCLGA3647,Server,FCLGA3647,0,0
Intel Core i7-3820 @ 3.60GHz,117.97,5754,48.77511231669069,1736,14.715605662456557,130.0,44.26,4,2012,LGA2011,Desktop,Other,0,0
Intel Core i7-4770T @ 2.50GHz,770.0,5748,7.464935064935065,1930,2.5064935064935066,45.0,127.73,4,2013,LGA1150,Desktop,LGA1150,0,0
MT8195AV/ZA,341.46,5735,16.795525098108126,1840,5.388625314824577,14.31,,8,2022,unknown,Mobile/Embedded,unknown,1,1
Snapdragon 8cx Gen 2 @ 3.1,328.22,5734,17.469989641094386,1965,5.986838096398756,7.0,819.21,8,2021,unknown,Unknown,unknown,0,1
Intel Xeon E3-1220 v6 @ 3.00GHz,416.68,5729,13.74916002687914,1938,4.651051166362676,72.0,79.57,4,2017,FCLGA1151,Server,FCLGA1151,0,0
"Qualcomm Technologies, Inc SM8250_AC",333.38,5724,17.169596256524088,2544,7.630931669566261,17.78,,8,2021,unknown,Mobile/Embedded,unknown,1,1
Intel Core i5-7440EQ @ 2.90GHz,250.0,5711,22.844,2131,8.524,45.0,126.91,4,2021,FCBGA1440,Laptop,FCBGA1440,0,0
Intel Core i7-3740QM @ 2.70GHz,218.02,5708,26.181084304192275,1885,8.64599578020365,45.0,126.85,4,2012,rPGA988B,Laptop,Other,0,0
Intel Xeon E3-1220 v5 @ 3.00GHz,194.82,5707,29.293707011600453,2019,10.36341238065907,80.0,71.34,4,2016,FCLGA1151,Server,FCLGA1151,0,0
MT6893Z_D/CZA,333.46,5701,17.096503328735082,2262,6.783422299526181,16.26,,8,2021,unknown,Mobile/Embedded,unknown,1,1
Intel Core i7-3920XM @ 2.90GHz,1096.0,5700,5.200729927007299,1910,1.7427007299270072,55.0,103.63,4,2012,FCPGA988,Laptop,Other,0,0
MT6891,351.51,5688,16.181616454723905,1766,5.024039145401269,13.67,,8,2021,unknown,Mobile/Embedded,unknown,1,1
Intel Xeon E3-1205 v6 @ 3.00GHz,193.0,5682,29.440414507772022,1875,9.715025906735752,65.0,87.41,4,2020,FCLGA1151,Server,FCLGA1151,0,0
Intel Core i7-3940XM @ 3.00GHz,164.99,5671,34.37178010788532,1930,11.697678647190738,55.0,103.1,4,2012,rPGA988B,Laptop,Other,0,0
MT6883Z/CZA,304.08,5665,18.629965798474085,1694,5.570902394106814,13.93,,8,2022,unknown,Mobile/Embedded,unknown,1,1
Intel Core i5-6600T @ 2.70GHz,121.98,5655,46.36005902606985,2096,17.18314477783243,35.0,161.56,4,2015,LGA 1151,Desktop,Other,0,0
Intel Core i5-6500 @ 3.20GHz,129.0,5655,43.83720930232558,2123,16.45736434108527,65.0,87.0,4,2015,LGA 1151,Desktop,Other,0,0
Intel Core i7-3720QM @ 2.60GHz,195.97,5651,28.836046333622495,1859,9.486145838648772,45.0,125.57,4,2012,BGA1224,Laptop,Other,0,0
AMD Opteron 6238,103.71,5625,54.237778420595895,1157,11.156108379134125,115.0,48.91,6,2014,Socket G34,Server,Other,0,0
Intel Core i5-4690K @ 3.50GHz,69.99,5623,80.34004857836834,2197,31.390198599799973,88.0,63.9,4,2014,LGA1150,Desktop,LGA1150,0,0
Intel Core i7-4722HQ @ 2.40GHz,251.92,5620,22.308669418863133,1844,7.319784058431249,37.0,151.88,4,2015,FCBGA1364,Laptop,Other,0,1
Intel Core i7-2700K @ 3.50GHz,180.0,5604,31.133333333333333,1786,9.922222222222222,95.0,58.99,4,2011,LGA1155,Desktop,LGA1155,0,0
Intel Core i7-4750HQ @ 2.00GHz,245.45,5599,22.811163169688328,1733,7.060501120391119,47.0,119.12,4,2013,FCBGA1364,Laptop,Other,0,1
"Qualcomm Technologies, Inc SM8350",358.42,5596,15.612968026337816,2146,5.987389096590592,15.9,,8,2021,unknown,Mobile/Embedded,unknown,1,1
Intel Core i5-5675R @ 3.10GHz,183.46,5589,30.464406410116645,2285,12.45503106944293,65.0,85.99,4,2016,FCBGA1364,Desktop,Other,0,1
Intel Core i7-3770T @ 2.50GHz,156.59,5573,35.58975668944377,1933,12.34433871894757,45.0,123.84,4,2012,LGA1155,Desktop,LGA1155,0,0
Intel Core i5-4690 @ 3.50GHz,118.88,5572,46.87079407806191,2205,18.548115746971735,84.0,66.33,4,2014,LGA1150,Desktop,LGA1150,0,0
AMD Opteron 6376,2055.0,5572,2.711435523114355,1165,0.5669099756690997,115.0,48.45,8,2013,Socket G34,Server,Other,0,0
ARM Neoverse-N1 8 Core 0 MHz,263.91,5561,21.0715774317002,1184,4.486377931870713,10.18,,8,2021,unknown,Unknown,unknown,1,1
Intel Core i7-4700HQ @ 2.40GHz,383.0,5560,14.516971279373369,1784,4.657963446475196,47.0,118.3,4,2013,FCBGA1364,Laptop,Other,0,0
Intel Core i5-8365UE @ 1.60GHz,297.0,5555,18.703703703703702,2248,7.569023569023569,15.0,370.36,4,2019,FCBGA1528,Laptop,Other,0,0
Intel Core i5-5675C @ 3.10GHz,258.34,5548,21.475574823875515,2251,8.713323527134785,65.0,85.36,4,2015,FCLGA1150,Desktop,Other,0,0
Intel Core i5-4670K @ 3.40GHz,154.88,5547,35.81482438016529,2154,13.90754132231405,84.0,66.04,4,2013,LGA1150,Desktop,LGA1150,0,0
Intel Core i5-7440HQ @ 2.80GHz,276.06,5526,20.017387524451205,2029,7.349851481561979,45.0,122.8,4,2017,BGA1440,Laptop,Other,0,1
Intel Xeon E5-2643 @ 3.30GHz,162.5,5523,33.987692307692306,1646,10.12923076923077,130.0,42.48,4,2012,LGA2011,Server,Other,0,0
Intel Xeon E3-1226 v3 @ 3.30GHz,279.7,5520,19.735430818734358,2115,7.561673221308546,84.0,65.71,4,2014,FCLGA1150,Server,Other,0,0
Intel Core i7-4710HQ @ 2.50GHz,378.0,5518,14.597883597883598,1784,4.71957671957672,47.0,117.4,4,2014,FCBGA1364,Laptop,Other,0,0
Intel Xeon E3-1280 @ 3.50GHz,358.0,5510,15.391061452513966,1780,4.972067039106145,95.0,58.0,4,2011,LGA1155,Server,LGA1155,0,0
AMD Ryzen 3 2300U,294.79,5507,18.681095016791613,1745,5.9194680959326975,15.0,367.11,4,2018,FP5,Laptop,Other,0,1
vendor Kirin820,267.06,5502,20.60211188496967,1682,6.298210140043436,13.93,,8,2022,unknown,Mobile/Embedded,unknown,1,1
Intel Core i7-4860EQ @ 1.80GHz,256.88,5500,21.410775459358454,1754,6.828090937402679,47.0,117.02,4,2015,FCBGA1364,Laptop,Other,0,1
Intel Core i7-2600K @ 3.40GHz,79.99,5500,68.75859482435305,1745,21.815226903362923,95.0,57.89,4,2010,LGA1155,Desktop,LGA1155,0,0
Intel Core i5-7400 @ 3.00GHz,175.0,5499,31.422857142857143,2103,12.017142857142858,65.0,84.6,4,2017,FCLGA1151,Desktop,FCLGA1151,0,0
Intel Core i7-3615QE @ 2.30GHz,293.88,5459,18.575609092146454,1775,6.039880223220362,45.0,121.32,4,2012,BGA1224,Laptop,Other,0,1
Intel Core i5-4670 @ 3.40GHz,100.0,5440,54.4,2142,21.42,84.0,64.77,4,2013,LGA1150,Desktop,LGA1150,0,0
Intel Core i5-760S @ 2.53GHz,177.79,5440,30.59789639462287,1578,8.875639799763766,98.96,,4,2012,unknown,Unknown,unknown,1,1
ARM Cortex-A72 16 Core 0 MHz,465.98,5435,11.663590712047727,600,1.287608910253659,36.69,,16,2021,unknown,Unknown,unknown,1,1
MT6893Z_A/CZA,285.44,5429,19.019758968609867,2321,8.13130605381166,16.26,,8,2021,unknown,Mobile/Embedded,unknown,1,1
Intel Core i7-4785T @ 2.20GHz,239.91,5427,22.620982868575716,1744,7.269392688925014,35.0,155.06,4,2014,FCLGA1150,Desktop,Other,0,1
Intel Xeon E3-1268L v3 @ 2.30GHz,305.13,5427,17.785861763838366,1734,5.6828237144823515,45.0,120.59,4,2014,LGA1150,Server,LGA1150,0,1
Intel Core i3-9100T @ 3.10GHz,122.0,5419,44.41803278688525,2106,17.262295081967213,35.0,154.82,4,2019,FCLGA1151-2,Desktop,FCLGA1151-2,0,0
Intel Core i5-6402P @ 2.80GHz,139.88,5414,38.70460394623964,2027,14.49099227909637,65.0,83.29,4,2016,LGA 1151,Desktop,Other,0,0
AMD FX-8320 Eight-Core,82.38,5409,65.65914056809906,1472,17.868414663753338,125.0,43.27,4,2012,AM3+,Desktop,Other,0,0
Intel Xeon E3-1240 @ 3.30GHz,141.0,5398,38.283687943262414,1744,12.368794326241135,80.0,67.47,4,2011,LGA1155,Server,LGA1155,0,0
Intel Xeon E3-1270 @ 3.40GHz,79.97,5386,67.3502563461298,1761,22.020757784169064,80.0,67.32,4,2011,LGA1155,Server,LGA1155,0,0
Intel Core i5-4690S @ 3.20GHz,138.47,5380,38.85318119448256,2186,15.786813028092729,65.0,82.77,4,2014,LGA1150,Desktop,LGA1150,0,0
Intel Xeon E3-1275 @ 3.40GHz,749.0,5372,7.172229639519359,1730,2.3097463284379174,95.0,56.54,4,2011,LGA1155,Server,LGA1155,0,0
Intel Core i5-6440EQ @ 2.70GHz,264.17,5368,20.32024832494227,1943,7.355112238331377,45.0,119.28,4,2016,FCBGA1440,Laptop,FCBGA1440,0,1
Intel Xeon E3-1245 @ 3.30GHz,245.0,5366,21.90204081632653,1741,7.106122448979592,95.0,56.49,4,2011,LGA1155,Server,LGA1155,0,0
"Qualcomm Technologies, Inc SM8250",291.16,5366,18.429729358428354,2241,7.696799010853138,16.26,,8,2021,unknown,Mobile/Embedded,unknown,1,1
Intel Core i7-4702HQ @ 2.20GHz,281.86,5361,19.02008089122259,1662,5.8965443837366065,37.0,144.89,4,2013,FCBGA1364,Laptop,Other,0,1
Intel Pentium Gold 7505 @ 2.00GHz,249.18,5360,21.510554619150813,2309,9.266393771570751,15.0,357.36,2,2021,FCBGA1449,Laptop,Other,0,1
Intel Xeon E5-2609 v4 @ 1.70GHz,314.95,5351,16.989998412446422,1043,3.3116367677409113,85.0,62.96,8,2016,FCLGA2011-3,Server,FCLGA2011-3,0,0
Intel Core i5-4590 @ 3.30GHz,58.0,5344,92.13793103448276,2093,36.08620689655172,84.0,63.62,4,2014,LGA1150,Desktop,LGA1150,0,0
Intel Core i7-2600 @ 3.40GHz,89.0,5344,60.04494382022472,1741,19.56179775280899,95.0,56.25,4,2010,LGA1155,Desktop,LGA1155,0,0
Intel Core i5-7500T @ 2.70GHz,188.98,5319,28.145835538152188,1964,10.392634141178961,35.0,151.97,4,2017,FCLGA1151,Desktop,FCLGA1151,0,0
Intel Core i7-4700MQ @ 2.40GHz,188.02,5319,28.289543665567493,1765,9.387299223486863,47.0,113.17,4,2013,rPGA946B,Laptop,Other,0,0
Intel Xeon E5-2630L @ 2.00GHz,78.81,5305,67.31379266590534,1119,14.198705748001522,60.0,88.42,6,2014,LGA 2011,Server,Other,0,1
Intel Xeon E3-1240L v3 @ 2.00GHz,895.5,5304,5.922948073701843,1769,1.9754327191513121,25.0,212.17,4,2015,FCLGA1150,Server,Other,0,0
"Qualcomm Technologies, Inc KONA",289.91,5302,18.28843434169225,2323,8.012831568417784,16.2,,8,2021,unknown,Mobile/Embedded,unknown,1,1
Intel Xeon E3-1505L v5 @ 2.00GHz,370.9,5301,14.292262065246698,1590,4.286869776220006,25.0,212.04,4,2017,FCBGA1440,"Laptop, Server",FCBGA1440,0,1
Intel Core i3-8100T @ 3.10GHz,262.83,5291,20.13088308031808,1922,7.312711638701823,35.0,151.18,4,2018,FCLGA1151-2,Desktop,FCLGA1151-2,0,0
AMD Opteron 6274,885.95,5286,5.966476663468593,849,0.9582933574129465,115.0,45.97,8,2012,G34,Server,Other,0,0
Intel Xeon X5687 @ 3.60GHz,189.95,5282,27.80731771518821,1619,8.523295604106345,130.0,40.63,4,2011,LGA1366,Server,LGA1366,0,0
Intel Xeon E5-2620 @ 2.00GHz,75.65,5280,69.79510905485789,1112,14.69927296761401,95.0,55.58,6,2012,LGA2011,Server,Other,0,0
vendor Kirin9000,259.0,5276,20.37065637065637,2574,9.938223938223938,17.71,,8,2021,unknown,Mobile/Embedded,unknown,1,1
Intel Xeon E5-2430L @ 2.00GHz,32.28,5273,163.35192069392812,1005,31.133828996282528,60.0,87.89,6,2017,FCLGA1356,Server,Other,0,0
Intel Core i7-4712MQ @ 2.30GHz,276.54,5273,19.067765965140666,1793,6.483691328560063,37.0,142.5,4,2014,FCPGA946,Laptop,Other,0,1
Intel Xeon E3-1225 v3 @ 3.20GHz,89.95,5264,58.521400778210115,1992,22.145636464702612,84.0,62.67,4,2013,LGA1150,Server,LGA1150,0,0
AMD Ryzen Embedded V1500B Quad-core @ 2.20GHz,126.17,5257,41.66600618213521,1237,9.804232384877546,13.06,,4,2021,unknown,Mobile/Embedded,unknown,1,1
AMD Opteron 6328,343.46,5246,15.273976591160544,1433,4.172247132126012,115.0,45.62,4,2013,G34,Server,Other,0,0
Intel Xeon E5-1607 v4 @ 3.10GHz,178.02,5245,29.462981687450846,1905,10.701044826423997,140.0,37.46,4,2016,FCLGA2011-3,Server,FCLGA2011-3,0,0
Intel Core i7-6822EQ @ 2.00GHz,456.4,5241,11.483347940403156,1572,3.444347063978966,25.0,209.63,4,2016,LGA 1151,Laptop,Other,0,1
AMD Opteron 6272,583.7,5240,8.977214322425903,753,1.290046256638684,115.0,45.56,8,2011,G34,Server,Other,0,0
AMD FX-8370E Eight-Core,25.14,5235,208.23389021479713,1490,59.26809864757359,95.0,55.1,4,2014,AM3+,Desktop,Other,0,0
Intel Core i5-4670R @ 3.00GHz,276.0,5233,18.96014492753623,2164,7.840579710144928,65.0,80.5,4,2018,FCBGA1364,Desktop,Other,0,0
Intel Core i7-3615QM @ 2.30GHz,304.12,5228,17.190582664737605,1738,5.714849401552019,45.0,116.18,4,2012,BGA1224,Laptop,Other,0,1
"lisa based Qualcomm Technologies, Inc. SM7325",245.7,5227,21.273911273911274,1930,7.855107855107855,15.45,,8,2021,unknown,Mobile/Embedded,unknown,1,1
AMD FX-8300 Eight-Core,68.69,5223,76.03726888921241,1484,21.604309215315183,95.0,54.97,4,2013,AM3+,Desktop,Other,0,0
AMD Ryzen 5 3500C,268.18,5214,19.44216570959803,2171,8.0953091207398,15.0,347.57,4,2021,FP5,Laptop,Other,0,1
"Vili based on Qualcomm Technologies, Inc SM8350",175.08,5213,29.77496001827736,1610,9.195796207448023,13.35,,8,2021,unknown,Mobile/Embedded,unknown,1,1
Intel Core i5-4570 @ 3.20GHz,99.99,5199,51.995199519951996,2036,20.362036203620363,84.0,61.9,4,2013,LGA1150,Desktop,LGA1150,0,0
Microsoft SQ2 @ 3.15 GHz,251.49,5199,20.672790170583323,1944,7.7299296194679705,9.61,,8,2021,unknown,Unknown,unknown,1,1
"Qualcomm Technologies, Inc SDM778G",246.5,5186,21.038539553752535,2048,8.308316430020284,15.69,,8,2021,unknown,Mobile/Embedded,unknown,1,1
Intel Core i5-6400 @ 2.70GHz,129.99,5163,39.71843987999077,1964,15.108854527271328,65.0,79.43,4,2015,LGA 1151,Desktop,Other,0,0
Intel Core i7-4712HQ @ 2.30GHz,335.36,5161,15.389432251908396,1672,4.9856870229007635,37.0,139.48,4,2014,FCBGA1364,Laptop,Other,0,1
Intel Xeon E5649 @ 2.53GHz,72.65,5160,71.02546455609084,1211,16.668960770818995,80.0,64.5,6,2011,LGA1366,Server,LGA1366,0,0
AMD FX-8150 Eight-Core,62.73,5158,82.22541048939901,1424,22.700462298740636,125.0,41.26,4,2011,AM3+,Desktop,Other,0,0
Intel Xeon E3-1220 v3 @ 3.10GHz,325.0,5154,15.858461538461539,1984,6.104615384615385,80.0,64.42,4,2011,LGA1150,Server,LGA1150,0,0
vendor Kirin980,240.75,5150,21.391484942886812,1758,7.302180685358255,13.67,,8,2021,unknown,Mobile/Embedded,unknown,1,1
Intel Xeon E5-2420 @ 1.90GHz,170.0,5149,30.288235294117648,1108,6.517647058823529,95.0,54.2,6,2012,LGA1356,Server,Other,0,0
Qualcomm Snapdragon 7325,247.68,5148,20.78488372093023,2022,8.16375968992248,15.52,,8,2021,unknown,Mobile/Embedded,unknown,1,1
AMD FX-8310 Eight-Core,831.15,5145,6.190218372134994,1413,1.7000541418516513,95.0,54.15,4,2014,AM3+,Desktop,Other,0,0
Apple A13 Bionic,233.04,5145,22.077754891864057,2127,9.127188465499485,14.15,,6,2021,unknown,Mobile/Embedded,unknown,1,1
Intel Core i7-3630QM @ 2.40GHz,429.95,5131,11.933945807652053,1695,3.9423188742877078,45.0,114.03,4,2012,rPGA988B,Laptop,Other,0,0
Intel Core i3-1005G1 @ 1.20GHz,281.0,5128,18.249110320284696,2250,8.00711743772242,15.0,341.84,2,2019,FCBGA1526,Laptop,Other,0,0
Intel Core i5-6440HQ @ 2.60GHz,245.64,5128,20.87607881452532,2007,8.170493404982903,45.0,113.96,4,2016,LGA 1151,Laptop,Other,0,1
Intel Xeon X5672 @ 3.20GHz,44.99,5117,113.73638586352523,1570,34.89664369859969,95.0,53.86,4,2011,LGA1366,Server,LGA1366,0,0
Intel Xeon X5677 @ 3.47GHz,110.0,5112,46.472727272727276,1614,14.672727272727272,130.0,39.32,4,2010,LGA1366,Server,LGA1366,0,0
Intel Core i5-7300HQ @ 2.50GHz,262.77,5104,19.42383072649085,1967,7.485633824256955,45.0,113.42,4,2017,unknown,Laptop,unknown,0,1
Intel Core i7-3610QM @ 2.30GHz,399.99,5100,12.750318757968948,1665,4.162604065101627,45.0,113.32,4,2012,PGA988B,Laptop,Other,0,0
Intel Core i7-4702MQ @ 2.20GHz,352.05,5095,14.472376082942763,1682,4.777730436017611,37.0,137.71,4,2013,FCPGA946,Laptop,Other,0,0
Intel Core i5-4590S @ 3.00GHz,260.0,5095,19.596153846153847,2052,7.892307692307693,65.0,78.39,4,2014,LGA1150,Desktop,LGA1150,0,0
"Star based on Qualcomm Technologies, Inc SM8350",241.18,5087,21.092130359067916,1995,8.271830168339,15.49,,8,2021,unknown,Mobile/Embedded,unknown,1,1
Hisilicon Kirin9000,251.45,5083,20.214754424338835,2490,9.902565122290714,16.39,,8,2021,unknown,Mobile/Embedded,unknown,1,1
Intel Xeon W-2102 @ 2.90GHz,286.99,5077,17.690511864524897,1753,6.108226767483187,120.0,42.31,4,2018,FCLGA2066,Server,Other,0,0
Intel Core i5-5575R @ 2.80GHz,201.26,5070,25.1912948424923,2112,10.493888502434663,65.0,78.0,4,2015,LGA1150,Desktop,LGA1150,0,1
"Venus based on Qualcomm Technologies, Inc SM8350",261.25,5069,19.40287081339713,2211,8.463157894736842,16.26,,8,2021,unknown,Mobile/Embedded,unknown,1,1
06/8c,252.27,5040,19.978594363182303,2680,10.623538272485828,17.8,,8,2021,unknown,Mobile/Embedded,unknown,1,1
Intel Core i7-4765T @ 2.00GHz,498.95,5036,10.093195710993086,1619,3.2448141096302234,35.0,143.88,4,2013,FCLGA1150,Desktop,Other,0,0
"Haydn based on Qualcomm Technologies, Inc SM8350",246.68,5035,20.411058861683152,1860,7.540132965785633,15.02,,8,2021,unknown,Mobile/Embedded,unknown,1,1
Intel Core i5-4670K CPT @ 3.40GHz,105.82,5034,47.57134757134757,2042,19.2969192969193,84.0,59.93,4,2014,LGA1150,Desktop,LGA1150,0,1
Intel Core i7-8665UE @ 1.70GHz,409.0,5017,12.266503667481663,1538,3.76039119804401,15.0,334.48,4,2019,FCBGA1528,Laptop,Other,0,0
Intel Core i7-10510Y @ 1.20GHz,403.0,5016,12.446650124069478,1957,4.856079404466501,7.0,716.63,4,2020,UTFCBGA1377,Laptop,Other,0,0
Intel Xeon E3-1235L v5 @ 2.00GHz,387.97,5013,12.921102147073226,1761,4.53901074825373,25.0,200.53,4,2017,FCLGA1151,Server,FCLGA1151,0,1
Intel Xeon E3-1230 @ 3.20GHz,270.19,5006,18.527702727710132,1650,6.1068137236759314,80.0,62.58,4,2011,LGA1155,Server,LGA1155,0,0
Intel Xeon E3-1290 @ 3.60GHz,885.0,4988,5.636158192090395,1833,2.071186440677966,95.0,52.5,4,2011,LGA1155,Server,LGA1155,0,0
AMD FX-8320E Eight-Core,132.0,4972,37.666666666666664,1410,10.681818181818182,95.0,52.34,4,2014,AM3+,Desktop,Other,0,0
Intel Xeon E5645 @ 2.40GHz,52.0,4955,95.28846153846153,1147,22.057692307692307,80.0,61.94,6,2011,LGA1366,Server,LGA1366,0,0
Intel Xeon E5-1607 v3 @ 3.10GHz,112.72,4950,43.91412349183818,1814,16.092973740241305,140.0,35.36,4,2015,LGA2011-v3,Server,LGA2011-v3,0,1
Samsung Exynos 2100,198.42,4949,24.94204213284951,2043,10.296341094647717,15.13,,8,2021,unknown,Mobile/Embedded,unknown,1,1
Intel Core i7-4700EQ @ 2.40GHz,249.95,4941,19.767953590718143,1842,7.369473894778956,47.0,105.12,4,2013,FCBGA1364,Desktop,Other,0,1
Intel Core i5-3570K @ 3.40GHz,65.64,4936,75.19804996953077,2049,31.215722120658135,77.0,64.11,4,2012,LGA1155,Desktop,LGA1155,0,0
Intel Core i7-3612QE @ 2.10GHz,262.16,4929,18.80149527006408,1678,6.400671345743057,35.0,140.82,4,2012,BGA1224,Laptop,Other,0,1
Intel Core i5-4670S @ 3.10GHz,213.0,4919,23.093896713615024,2063,9.685446009389672,65.0,75.67,4,2013,FCLGA1150,Desktop,Other,0,0
Intel Core i5-4570S @ 2.90GHz,169.59,4914,28.975765080488237,1981,11.681113273188277,65.0,75.59,4,2013,LGA1150,Desktop,LGA1150,0,0
Intel Core i5-3570 @ 3.40GHz,166.0,4910,29.57831325301205,2049,12.343373493975903,77.0,63.77,4,2012,LGA1155,Desktop,LGA1155,0,0
ARM Cortex-A72 4 Core 0 MHz,222.91,4907,22.013368624108384,2658,11.9240949262034,13.9,,4,2021,unknown,Unknown,unknown,1,1
AMD FX-8140 Eight-Core,148.86,4860,32.64812575574365,1273,8.551659277173181,95.0,51.15,4,2012,AM3+,Desktop,Other,0,0
AMD Opteron 6366 HE,343.99,4858,14.122503561150033,793,2.305299572661996,85.0,57.16,8,2014,unknown,Server,unknown,0,0
Intel Core i3-7320 @ 4.10GHz,177.19,4856,27.40560979739263,2499,14.103504712455557,51.0,95.21,2,2017,FCLGA1151,Desktop,FCLGA1151,0,0
"Samsung Technologies, Inc Exynos E1080",193.26,4846,25.075028459070683,2029,10.498809893407845,15.0,,8,2021,unknown,Mobile/Embedded,unknown,1,1
Intel Core i5-6500T @ 2.50GHz,221.52,4845,21.871614301191766,1831,8.265619357168653,35.0,138.42,4,2015,LGA 1151,Desktop,Other,0,0
Intel Core i5-10210Y @ 1.00GHz,316.95,4836,15.257927117841932,2032,6.411105852658149,7.0,690.81,4,2020,UTFCBGA1377,Laptop,Other,0,1
Intel Core i5-7442EQ @ 2.10GHz,250.0,4834,19.336,1819,7.276,25.0,193.35,4,2019,FCBGA1440,Laptop,FCBGA1440,0,0
Intel Core i5-4460 @ 3.20GHz,79.46,4834,60.835640573873654,1902,23.936571860055377,84.0,57.55,4,2014,LGA1150,Desktop,LGA1150,0,0
MT6877V/TZA,220.61,4824,21.86664249127419,2085,9.451067494673858,15.41,,8,2022,unknown,Mobile/Embedded,unknown,1,1
Intel Core i3-7350K @ 4.20GHz,250.8,4819,19.21451355661882,2493,9.940191387559809,60.0,80.32,2,2017,FCLGA1151,Desktop,FCLGA1151,0,0
Intel Xeon E5-1603 v4 @ 2.80GHz,214.65,4812,22.41788958770091,1754,8.171441882133706,140.0,34.37,4,2017,FCLGA2011-3,Server,FCLGA2011-3,0,1
Intel Xeon Bronze 3204 @ 1.90GHz,250.99,4796,19.108331009203553,1103,4.394597394318499,85.0,56.43,6,2020,FCLGA3647,Server,FCLGA3647,0,0
Intel Xeon D-1518 @ 2.20GHz,184.22,4784,25.96895016827706,1256,6.817935077624579,35.0,136.68,4,2016,FCBGA1667,Server,Other,0,1
Intel Core i5-3550 @ 3.30GHz,335.31,4783,14.264412036622826,1997,5.955682800990129,77.0,62.11,4,2012,LGA1155,Desktop,LGA1155,0,0
Intel Core i5-6500TE @ 2.30GHz,230.61,4776,20.710290100169114,1828,7.926802827284159,35.0,136.47,4,2015,LGA 1151,Desktop,Other,0,0
Intel Core i7-3610QE @ 2.30GHz,204.91,4767,23.263871943780195,1526,7.447171929139622,45.0,105.94,4,2012,rPGA988B,Laptop,Other,0,1
Intel Xeon E3-1225 V2 @ 3.20GHz,225.19,4766,21.16435010435632,1929,8.566099737999023,77.0,61.89,4,2012,LGA1155,Server,LGA1155,0,0
Intel Xeon E3-1230L v3 @ 1.80GHz,448.5,4764,10.622073578595318,1502,3.3489409141583053,25.0,190.58,4,2013,LGA1150,Server,LGA1150,0,0
ARM Neoverse-N1 6 Core 0 MHz,131.68,4756,36.11786148238153,1299,9.864823815309842,11.68,,6,2021,unknown,Unknown,unknown,1,1
AMD Opteron 6220,14.82,4753,320.7152496626181,1203,81.17408906882591,115.0,41.33,4,2013,Socket G34,Server,Other,0,0
Intel Pentium Silver N6005 @ 2.00GHz,158.71,4752,29.94140255812488,1762,11.102009955264318,10.0,475.21,4,2021,FCBGA1338,"Laptop, Mobile/Embedded",Other,0,1
Intel Pentium 6805 @ 1.10GHz,161.0,4745,29.472049689440993,1964,12.198757763975156,15.0,316.33,2,2021,FCBGA1526,Laptop,Other,0,0
Intel Core i5-4470S @ 3.00GHz,181.48,4742,26.12960105796782,1756,9.675997355080451,65.0,72.95,4,2020,LGA1150,Desktop,LGA1150,0,1
vendor Kirin9000E,179.78,4728,26.298809656246522,2595,14.434308599399266,16.54,,8,2021,unknown,Mobile/Embedded,unknown,1,1
Intel Xeon E3-1235 @ 3.20GHz,234.0,4725,20.192307692307693,1562,6.6752136752136755,95.0,49.73,4,2011,LGA1155,Server,LGA1155,0,0
Intel Core i5-4440 @ 3.10GHz,79.0,4718,59.721518987341774,1860,23.544303797468356,84.0,56.16,4,2013,FCLGA1150,Desktop,Other,0,0
Intel Xeon E3-1265L V2 @ 2.50GHz,149.99,4711,31.408760584038934,1552,10.347356490432695,45.0,104.68,4,2012,LGA1155,Server,LGA1155,0,0
Intel Core i5-7400T @ 2.40GHz,174.85,4710,26.937374892765227,1763,10.082928224192164,35.0,134.57,4,2016,LGA1151,Desktop,Other,0,0
Apple A12 Bionic,121.1,4707,38.868703550784474,1924,15.887696118909993,13.0,,6,2021,unknown,Mobile/Embedded,unknown,1,1
Intel Core i3-7300 @ 4.00GHz,299.99,4703,15.67718923964132,2423,8.076935897863262,51.0,92.23,2,2017,FCLGA1151,Desktop,FCLGA1151,0,0
Intel Core i5-6300HQ @ 2.30GHz,225.69,4701,20.829456333909345,1797,7.962249102751562,45.0,104.46,4,2015,LGA 1151,Laptop,Other,0,1
Intel Xeon E5-2603 v4 @ 1.70GHz,258.19,4695,18.184282892443548,1046,4.051280065068361,85.0,55.24,6,2016,FCLGA2011-3,Server,FCLGA2011-3,0,0
Intel Xeon E3-1220 V2 @ 3.10GHz,93.0,4691,50.44086021505376,1898,20.408602150537636,69.0,67.98,4,2012,LGA1155,Server,LGA1155,0,0
Intel Atom C3758 @ 2.20GHz,193.0,4683,24.264248704663213,859,4.450777202072539,25.0,187.33,8,2020,FCBGA1310,Server,Other,0,0
Intel Xeon E5-1410 @ 2.80GHz,44.99,4677,103.95643476328073,1491,33.14069793287397,80.0,58.46,4,2012,LGA1356,Server,Other,0,0
AMD Opteron 4284,14.82,4665,314.7773279352227,1181,79.68960863697706,95.0,49.11,4,2013,Socket C32,Server,Other,0,0
Intel Core i5-4690T @ 2.50GHz,221.82,4660,21.008024524389146,1922,8.664683076368227,45.0,103.55,4,2014,LGA1150,Desktop,LGA1150,0,1
Intel Core i5-3470 @ 3.20GHz,105.57,4657,44.112910864829026,1943,18.404849862650376,77.0,60.48,4,2012,LGA1155,Desktop,LGA1155,0,0
Intel Core i5-4430 @ 3.00GHz,148.77,4646,31.22941453249983,1806,12.13954426295624,84.0,55.31,4,2013,LGA1150,Desktop,LGA1150,0,0
AMD Athlon Silver PRO 3125GE,108.92,4633,42.53580609621741,2074,19.041498347410943,35.0,132.37,2,2020,AM4,Desktop,AM4,0,1
Intel Core i7-3632QM @ 2.20GHz,89.9,4628,51.47942157953281,1581,17.586206896551722,35.0,132.22,4,2012,rPGA988B,Laptop,Other,0,0
Intel Celeron N5095A @ 2.00GHz,149.15,4627,31.022460610124035,1553,10.412336573918873,15.0,308.49,4,2022,FCBGA1338,Desktop,Other,0,1
Intel Core i5-3570S @ 3.10GHz,66.9,4620,69.05829596412555,1996,29.835575485799698,65.0,71.08,4,2012,LGA1155,Desktop,LGA1155,0,0
Intel Core i7-2860QM @ 2.50GHz,182.01,4607,25.311796055161807,1597,8.774243173452009,45.0,102.37,4,2011,BGA1224,Laptop,Other,0,0
Intel Core i7-3612QM @ 2.10GHz,126.23,4603,36.465182603184665,1541,12.207874514774618,35.0,131.51,4,2012,"PGA988B, FCBGA12",Laptop,Other,0,1
Qualcomm Snapdragon 8350,177.2,4599,25.95372460496614,2482,14.006772009029346,15.45,,8,2021,unknown,Mobile/Embedded,unknown,1,1
Intel Core i5-6442EQ @ 1.90GHz,250.0,4598,18.392,1716,6.864,25.0,183.92,4,2019,FCBGA1440,Laptop,FCBGA1440,0,0
"Qualcomm Technologies, Inc SM6375",182.86,4597,25.139450946078966,1961,10.724051186700207,14.91,,8,2022,unknown,Mobile/Embedded,unknown,1,1
"Mars based on Qualcomm Technologies, Inc SM8350",166.8,4592,27.52997601918465,1986,11.906474820143885,14.55,,8,2021,unknown,Mobile/Embedded,unknown,1,1
Intel Xeon L5640 @ 2.27GHz,72.65,4591,63.19339298004129,1139,15.677907777013075,60.0,76.52,6,2010,LGA1366,Server,LGA1366,0,0
AMD Ryzen Embedded V1500B,94.78,4588,48.40683688541886,1217,12.84026165857776,16.0,286.74,4,2021,BGA1140,Mobile/Embedded,Other,0,1
Intel Xeon Bronze 3104 @ 1.70GHz,320.24,4585,14.317386959780164,1001,3.1257806645016237,85.0,53.94,6,2018,FCLGA3647,Server,FCLGA3647,0,0
AMD FX-8120 Eight-Core,49.99,4578,91.57831566313263,1327,26.54530906181236,125.0,36.62,4,2011,AM3+,Desktop,Other,0,0
Intel Core i7-3635QM @ 2.40GHz,211.06,4575,21.67630057803468,1652,7.827158154079409,45.0,101.67,4,2012,unknown,Laptop,unknown,0,1
AMD Athlon 240GE,138.0,4551,32.97826086956522,1986,14.391304347826088,35.0,130.03,2,2019,AM4,Desktop,AM4,0,0
Intel Xeon X5667 @ 3.07GHz,18.04,4551,252.27272727272728,1453,80.54323725055433,95.0,47.9,4,2010,LGA1366,Server,LGA1366,0,0
MT6893,166.2,4551,27.382671480144406,1941,11.678700361010831,14.56,,8,2021,unknown,Mobile/Embedded,unknown,1,1
AMD Athlon Silver 3050GE,143.22,4545,31.734394637620444,2016,14.07624633431085,35.0,129.87,2,2021,AM4,Laptop,AM4,0,1
Microsoft ARM SQ1 @ 3.0 GHz,272.66,4545,16.66911171422284,1866,6.843688109733733,15.0,303.02,8,2019,unknown,Laptop,unknown,0,1
"Renoir based on Qualcomm Technologies, Inc SM7350",121.67,4543,37.338703049231526,1778,14.613298265800937,12.68,,8,2021,unknown,Mobile/Embedded,unknown,1,1
Intel Core i5-3550S @ 3.00GHz,319.95,4537,14.180340678230975,1982,6.1947179246757305,65.0,69.79,4,2012,LGA1155,Desktop,LGA1155,0,0
Intel Core i5-4570R @ 2.70GHz,201.92,4527,22.41977020602219,1809,8.958993660855786,65.0,69.65,4,2013,FCBGA1364,Desktop,Other,0,1
Intel Core i7-2600S @ 2.80GHz,284.0,4524,15.929577464788732,1712,6.028169014084507,65.0,69.61,4,2011,LGA1155,Desktop,LGA1155,0,0
AMD Opteron 4280,94.99,4504,47.41551742288662,1141,12.011790714812086,95.0,47.41,4,2014,Socket C32,Server,Other,0,0
Intel Core i5-4460S @ 2.90GHz,659.99,4503,6.8228306489492265,1847,2.798527250412885,65.0,69.28,4,2014,LGA1150,Desktop,LGA1150,0,0
Intel Core i3-9100TE @ 2.20GHz,122.0,4501,36.89344262295082,1585,12.991803278688524,35.0,128.59,4,2020,FCLGA1151-2,Laptop,FCLGA1151-2,0,0
Intel Core i5-3450 @ 3.10GHz,239.95,4497,18.74140445926235,1887,7.8641383621587835,77.0,58.41,4,2012,LGA1155,Desktop,LGA1155,0,0
Intel Pentium Gold G6605 @ 4.30GHz,124.25,4493,36.160965794768615,2658,21.39235412474849,58.0,77.47,2,2021,FCLGA1200,Desktop,FCLGA1200,0,0
AMD Athlon 3000G,54.99,4480,81.46935806510274,1999,36.352064011638475,35.0,128.01,2,2019,AM4,Desktop,AM4,0,0
AMD Athlon PRO 300GE,97.47,4475,45.91156253206115,1917,19.667590027700832,35.0,127.86,2,2019,AM4,Desktop,AM4,0,1
AMD FX-6350 Six-Core,61.63,4463,72.41603115365893,1542,25.020282330034075,125.0,35.71,3,2013,AM3+,Desktop,Other,0,0
AMD FX-6330 Six-Core,83.47,4455,53.37246915059303,1540,18.44974242242722,95.0,46.9,3,2016,AM3+,Desktop,Other,0,1
Intel Xeon X5647 @ 2.93GHz,19.93,4455,223.53236327145007,1385,69.49322629202207,130.0,34.27,4,2011,LGA1366,Server,LGA1366,0,0
AMD Athlon 220GE,129.0,4450,34.49612403100775,1984,15.37984496124031,35.0,127.15,2,2019,AM4,Laptop,AM4,0,0
Intel Xeon E5-1603 v3 @ 2.80GHz,12.88,4448,345.34161490683226,1631,126.63043478260869,140.0,31.77,4,2015,LGA2011-v3,Server,LGA2011-v3,0,0
MT6877T,93.23,4442,47.64560763702671,1591,17.065322321141263,13.07,,8,2022,unknown,Mobile/Embedded,unknown,1,1
Intel Xeon E5-2609 v3 @ 1.90GHz,79.88,4423,55.37055583375063,1097,13.733099649474212,80.0,55.28,6,2014,LGA2011-v3,Server,LGA2011-v3,0,0
Intel Core i7-2960XM @ 2.70GHz,399.95,4423,11.058882360295037,1491,3.727965995749469,55.0,80.41,4,2011,PGA988B,Laptop,Other,0,0
Intel Xeon L5639 @ 2.13GHz,72.49,4419,60.9601324320596,1102,15.202096840943579,60.0,73.65,6,2013,LGA1366,Server,LGA1366,0,1
MT6889Z/CZA,125.42,4416,35.209695423377454,1817,14.487322596077181,12.88,,8,2021,unknown,Mobile/Embedded,unknown,1,1
vendor Kirin810,94.07,4409,46.86935260975869,1582,16.817263739768258,13.02,,8,2022,unknown,Mobile/Embedded,unknown,1,1
Intel Pentium Gold G6600 @ 4.20GHz,107.35,4396,40.950163018164886,2577,24.005589194224502,58.0,75.8,2,2021,FCLGA1200,Desktop,FCLGA1200,0,0
MT6875,123.25,4393,35.64300202839757,1187,9.630831643002029,14.52,,8,2021,unknown,Mobile/Embedded,unknown,1,1
Intel Core i3-6300 @ 3.80GHz,163.49,4386,26.82732888861704,2295,14.037555813811242,51.0,86.0,2,2015,LGA 1151,Desktop,Other,0,0
AMD Opteron 4386,239.7,4378,18.264497288277013,1012,4.221944096787651,95.0,46.08,4,2014,C32,Server,Other,0,0
Intel Pentium Gold G6505 @ 4.20GHz,75.0,4378,58.373333333333335,2652,35.36,58.0,75.48,2,2021,FCLGA1200,Desktop,FCLGA1200,0,0
Intel Core i3-8121U @ 2.20GHz,290.0,4376,15.089655172413794,1927,6.644827586206897,15.0,291.73,2,2018,unknown,Laptop,unknown,0,0
Intel Core i3-6320 @ 3.90GHz,145.0,4372,30.151724137931033,2343,16.158620689655173,51.0,85.73,2,2015,LGA 1151,Desktop,Other,0,0
AMD Athlon 300GE,104.09,4366,41.944471130752234,1888,18.138149678163128,35.0,124.74,2,2019,AM4,Desktop,AM4,0,1
Intel Core i5-4670T @ 2.30GHz,259.02,4361,16.836537719095052,1735,6.698324453710138,45.0,96.91,4,2013,FCLGA1150,Desktop,Other,0,0
AMD FX-6130 Six-Core,105.12,4353,41.40981735159817,1390,13.222983257229831,125.0,34.83,3,2013,AM3+,Desktop,Other,0,1
Intel Core i7-2760QM @ 2.40GHz,138.02,4353,31.53890740472395,1534,11.11433125633966,45.0,96.72,4,2011,BGA1224,Laptop,Other,0,0
Intel Core i5-3470S @ 2.90GHz,69.0,4353,63.08695652173913,1900,27.536231884057973,65.0,66.97,4,2012,LGA1155,Desktop,LGA1155,0,0
Intel Core i7-2820QM @ 2.30GHz,249.99,4347,17.38869554782191,1515,6.060242409696388,45.0,96.61,4,2011,BGA1224,Laptop,Other,0,0
Intel Core i7-2920XM @ 2.50GHz,120.0,4344,36.2,1499,12.491666666666667,55.0,78.97,4,2011,FCPGA988,Laptop,Other,0,0
Intel Core i3-7100 @ 3.90GHz,127.99,4342,33.924525353543245,2338,18.267052113446365,51.0,85.13,2,2017,FCLGA1151,Desktop,FCLGA1151,0,0
Hisilicon Kirin990,126.04,4328,34.33830529990479,1908,15.138051412250078,12.6,,8,2021,unknown,Mobile/Embedded,unknown,1,1
Intel Core i5-6400T @ 2.20GHz,159.99,4302,26.88918057378586,1652,10.325645352834552,35.0,122.91,4,2015,LGA 1151,Desktop,Other,0,0
Intel Core i3-8109U @ 3.00GHz,499.99,4301,8.602172043440868,2133,4.266085321706434,28.0,153.6,2,2018,FCBGA1528,Laptop,Other,0,0
Intel Pentium Gold G6405 @ 4.10GHz,60.1,4285,71.29783693843594,2534,42.1630615640599,58.0,73.87,2,2021,FCLGA1200,Desktop,FCLGA1200,0,0
MT6877V/ZA,126.04,4285,33.99714376388448,1903,15.098381466201205,12.6,,8,2021,unknown,Mobile/Embedded,unknown,1,1
Intel Atom C3958 @ 2.00GHz,449.0,4281,9.534521158129175,514,1.1447661469933186,31.0,138.1,16,2019,FCBGA1310,Server,Other,0,0
Intel Core i5-4440S @ 2.80GHz,188.0,4277,22.75,1790,9.52127659574468,65.0,65.79,4,2013,LGA1150,Desktop,LGA1150,0,0
Intel Core i5-3450S @ 2.80GHz,95.0,4264,44.88421052631579,1851,19.48421052631579,65.0,65.59,4,2012,LGA1155,Desktop,LGA1155,0,0
Intel Xeon E5-1607 v2 @ 3.00GHz,229.95,4259,18.521417699499892,1642,7.140682757121113,130.0,32.76,4,2014,LGA 2011,Server,Other,0,0
Intel Core i7-4770TE @ 2.30GHz,208.41,4257,20.426083201381893,1458,6.995825536202678,45.0,94.6,4,2015,LGA1150,Desktop,LGA1150,0,1
Intel Core i7-7567U @ 3.50GHz,733.99,4256,5.798444120492105,2261,3.0804234390114305,28.0,152.01,2,2017,BGA1356,Laptop,Other,0,0
Intel Core i5-6350HQ @ 2.30GHz,306.0,4255,13.905228758169935,1420,4.640522875816994,45.0,94.55,4,2021,LGA 1151,Laptop,Other,0,0
AMD Ryzen Embedded R1606G,251.36,4253,16.91995544239338,1923,7.650381922342457,15.0,283.56,2,2020,FP5,"Desktop, Mobile/Embedded",Other,0,1
"Qualcomm Technologies, Inc SM8150",117.77,4248,36.070306529676486,1786,15.165152415725567,10.85,,8,2021,unknown,Mobile/Embedded,unknown,1,1
AMD Athlon 320GE,130.4,4237,32.49233128834356,1810,13.880368098159508,35.0,121.05,2,2021,AM4,Desktop,AM4,0,1
Intel Core i5-3350P @ 3.10GHz,165.0,4237,25.67878787878788,1783,10.806060606060607,69.0,61.4,4,2012,LGA1155,Desktop,LGA1155,0,0
Intel Xeon E5-2648L @ 1.80GHz,200.29,4235,21.144340705976337,931,4.648260022966698,70.0,60.5,8,2015,LGA 2011,Server,Other,0,1
Apple A11 Bionic,69.16,4231,61.17698091382302,1190,17.206477732793523,11.84,,6,2021,unknown,Mobile/Embedded,unknown,1,1
Intel Core i3-8140U @ 2.10GHz,257.82,4227,16.395159413544334,2135,8.28097122023117,15.0,281.83,2,2022,FCBGA1528,Laptop,Other,0,1
Hisilicon Kirin980,100.38,4224,42.08009563658099,1743,17.364016736401673,10.71,,8,2021,unknown,Mobile/Embedded,unknown,1,1
"Qualcomm Technologies, Inc SM8150P",122.91,4224,34.36660971442519,1879,15.287608819461395,12.38,,8,2021,unknown,Mobile/Embedded,unknown,1,1
AMD Ryzen 3 PRO 2100GE,106.59,4187,39.28135847640492,1855,17.40313350220471,35.0,119.63,2,2019,AM4,Desktop,AM4,0,1
Intel Core i3-6100 @ 3.70GHz,131.51,4177,31.761843205839863,2220,16.880845563075052,51.0,81.9,2,2015,LGA 1151,Desktop,Other,0,0
Intel Core i5-3475S @ 2.90GHz,143.5,4177,29.10801393728223,1815,12.64808362369338,65.0,64.26,4,2012,LGA1155,Desktop,LGA1155,0,0
Intel Pentium J6426 @ 2.00GHz,80.0,4173,52.1625,1596,19.95,10.0,417.34,4,2022,FCBGA1493,Mobile/Embedded,Other,0,0
Intel Core i3-6098P @ 3.60GHz,325.0,4170,12.830769230769231,2160,6.6461538461538465,54.0,77.23,2,2016,LGA 1151,Desktop,Other,0,0
Intel Core i5-4430S @ 2.70GHz,91.99,4168,45.309272747037724,1719,18.68681378410697,65.0,64.13,4,2013,LGA1150,Desktop,LGA1150,0,0
Intel Core i5-3570T @ 2.30GHz,197.66,4168,21.086714560356167,1779,9.000303551553172,45.0,92.62,4,2012,LGA1155,Desktop,LGA1155,0,1
Intel Core i5-3340 @ 3.10GHz,195.0,4165,21.358974358974358,1771,9.082051282051282,77.0,54.09,4,2013,LGA1155,Desktop,LGA1155,0,0
Hisilicon Kirin985,114.83,4162,36.24488374118262,1823,15.875642253766438,10.88,,8,2021,unknown,Mobile/Embedded,unknown,1,1
Intel Pentium Gold G5600F @ 3.90GHz,92.99,4160,44.73599311753952,2442,26.260888267555654,54.0,77.04,2,2019,FCLGA1151-2,Desktop,FCLGA1151-2,0,0
Intel Core i3-7300T @ 3.50GHz,181.59,4159,22.903243570681205,2128,11.718706977256456,35.0,118.82,2,2017,FCLGA1151,Desktop,FCLGA1151,0,0
Intel Celeron N5105 @ 2.00GHz,58.34,4158,71.27185464518341,1535,26.311278711004455,10.0,415.82,4,2021,FCBGA1338,Mobile/Embedded,Other,0,1
AMD FX-6300 Six-Core,47.38,4155,87.69523005487547,1486,31.36344449134656,95.0,43.74,3,2012,AM3+,Desktop,Other,0,0
Intel Atom x6425E @ 2.00GHz,56.0,4153,74.16071428571429,1602,28.607142857142858,12.0,346.04,4,2022,FCBGA1493,Mobile/Embedded,Other,0,0
Intel Core i5-7287U @ 3.30GHz,398.14,4149,10.420957452152509,2154,5.41015723112473,28.0,148.16,2,2018,unknown,Laptop,unknown,0,1
Intel Pentium Gold G6500 @ 4.10GHz,96.99,4147,42.75698525621198,2491,25.68306010928962,58.0,71.5,2,2020,FCLGA1200,Desktop,FCLGA1200,0,0
AMD Athlon PRO 200GE,133.28,4139,31.054921968787514,1821,13.66296518607443,35.0,118.27,2,2018,AM4,Desktop,AM4,0,1
AMD Athlon 200GE,123.89,4135,33.376382274598434,1817,14.666236177254016,35.0,118.15,2,2018,AM4,Desktop,AM4,0,0
AMD Opteron 3380,809.0,4134,5.1100123609394315,1107,1.3683559950556243,65.0,63.6,8,2013,unknown,Server,unknown,0,0
Intel Core i3-8145UE @ 2.20GHz,281.0,4133,14.708185053380783,2324,8.270462633451958,15.0,275.56,2,2020,FCBGA1528,Laptop,Other,0,0
Intel Pentium Gold G6400 @ 4.00GHz,74.63,4130,55.33967573361919,2484,33.284202063513334,58.0,71.21,2,2020,FCLGA1200,Desktop,FCLGA1200,0,0
Intel Core i5-2550K @ 3.40GHz,148.56,4123,27.753096392030155,1754,11.806677436725902,95.0,43.4,4,2012,LGA1155,Desktop,LGA1155,0,0
Intel Core i7-2720QM @ 2.20GHz,179.95,4114,22.86190608502362,1396,7.757710475131981,45.0,91.43,4,2011,BGA1224,Laptop,Other,0,0
Intel Core i7-7660U @ 2.50GHz,449.45,4105,9.133385248637223,2139,4.759150072310602,15.0,273.68,2,2017,BGA1356,Laptop,Other,0,1
Intel Pentium Gold G5620 @ 4.00GHz,159.99,4102,25.639102443902743,2424,15.150946934183386,54.0,75.97,2,2019,FCLGA1151-2,Desktop,FCLGA1151-2,0,0
Intel Core i5-3340S @ 2.80GHz,100.0,4102,41.02,1792,17.92,65.0,63.11,4,2013,LGA1155,Desktop,LGA1155,0,0
Intel Core i5-2500 @ 3.30GHz,58.87,4101,69.66196704603364,1708,29.01307966706302,95.0,43.17,4,2010,LGA1155,Desktop,LGA1155,0,0
Intel Core i5-2500K @ 3.30GHz,59.0,4097,69.44067796610169,1699,28.796610169491526,95.0,43.13,4,2010,LGA1155,Desktop,LGA1155,0,0
Intel Core i5-3330 @ 3.00GHz,74.35,4090,55.01008742434432,1726,23.214525891055818,77.0,53.11,4,2012,LGA1155,Desktop,LGA1155,0,0
Intel Celeron J6413 @ 1.80GHz,55.77,4075,73.0679576833423,1601,28.707190245651784,10.0,407.51,4,2021,FCBGA1296,Mobile/Embedded,Other,0,1
AMD Opteron 6234,450.99,4072,9.029025033814497,547,1.2128872037073992,115.0,35.41,6,2012,G34,Server,Other,0,0
Intel Atom x6413E @ 1.50GHz,43.0,4070,94.65116279069767,1608,37.395348837209305,9.0,452.18,4,2021,FCBGA1493,Mobile/Embedded,Other,0,0
MT6833P,73.15,4051,55.37935748462064,1375,18.796992481203006,11.23,,8,2021,unknown,Mobile/Embedded,unknown,1,1
Intel Core i5-7360U @ 2.30GHz,461.06,4050,8.78410619008372,2189,4.747755172862534,15.0,269.98,2,2017,FCBGA1356,Laptop,Other,0,1
Intel Core i7-2710QE @ 2.10GHz,165.28,4044,24.4675701839303,1393,8.42812197483059,45.0,89.87,4,2011,PGA988B,Laptop,Other,0,1
Intel Xeon E3-1260L @ 2.40GHz,125.0,4041,32.328,1481,11.848,45.0,89.81,4,2011,LGA1155,Server,LGA1155,0,0
Intel Core i3-6300T @ 3.30GHz,140.59,4040,28.736040970197028,2055,14.616971335087843,35.0,115.43,2,2015,LGA 1151,Desktop,Other,0,0
AMD Athlon Gold 3150U,294.42,4025,13.67094626723728,1782,6.052577949867536,15.0,268.34,2,2020,FP5,Laptop,Other,0,1
Intel Xeon E5640 @ 2.67GHz,68.0,4018,59.088235294117645,1204,17.705882352941178,80.0,50.22,4,2010,LGA1366,Server,LGA1366,0,0
Intel Celeron N5095 @ 2.00GHz,129.88,4010,30.874653526332,1510,11.626116415152449,15.0,267.31,4,2021,FCBGA1338,Desktop,Other,0,1
AMD Opteron 6212,63.79,4007,62.81548832105346,1085,17.00893556983853,115.0,34.84,4,2013,Socket G34,Server,Other,0,0
Intel Core i3-10110U @ 2.10GHz,434.17,4005,9.224497316719257,2266,5.21915378768685,15.0,267.01,2,2019,FCBGA1528,Laptop,Other,0,0
Intel Pentium Gold G6500T @ 3.50GHz,75.0,4005,53.4,2277,30.36,35.0,114.42,2,2021,FCLGA1200,Desktop,FCLGA1200,0,0
AMD FX-6200 Six-Core,299.95,4001,13.338889814969162,1382,4.607434572428739,125.0,32.01,3,2012,AM3+,Desktop,Other,0,0
AMD Ryzen 3 3250U,297.06,3988,13.424897327139298,1847,6.217599138221234,15.0,265.87,2,2020,FP5,Laptop,Other,0,1
Intel Core i5-4590T @ 2.00GHz,209.95,3982,18.9664205763277,1648,7.849487973326983,35.0,113.78,4,2014,LGA1150,Desktop,LGA1150,0,0
AMD Athlon 300U,316.95,3978,12.550875532418363,1830,5.773781353525793,15.0,265.19,2,2019,FP5,Laptop,Other,0,1
Intel Core i5-2450P @ 3.20GHz,178.97,3974,22.20483879979885,1654,9.241772364083365,95.0,41.83,4,2012,LGA1155,Desktop,LGA1155,0,0
AMD Opteron 3365,87.07,3973,45.62995291145056,1107,12.713908349603768,65.0,61.12,4,2014,AM3+,Server,Other,0,1
AMD Ryzen Embedded R1505G,269.8,3966,14.6997776130467,1817,6.73461823573017,15.0,264.42,2,2019,FP5,"Laptop, Mobile/Embedded",Other,0,1
AMD Opteron 4334,129.95,3949,30.3886110042324,1269,9.765294343978454,95.0,41.57,3,2016,Socket C32,Server,Other,0,0
MT6781,76.23,3937,51.64633346451528,1337,17.53902662993572,11.63,,8,2022,unknown,Mobile/Embedded,unknown,1,1
Intel Core i7-985 @ 3.47GHz,139.53,3928,28.151651974485773,1579,11.31656274636279,54.57,,4,2014,LGA1366,Unknown,LGA1366,1,1
Intel Core i5-7267U @ 3.10GHz,390.2,3925,10.058944131214762,2059,5.276781137878012,28.0,140.19,2,2017,BGA1356,Laptop,Other,0,1
Intel Core i5-6287U @ 3.10GHz,304.0,3925,12.911184210526315,2080,6.842105263157895,28.0,140.19,2,2017,FCBGA1356,Laptop,Other,0,0
Intel Core i3-7101TE @ 3.40GHz,117.0,3911,33.427350427350426,1997,17.068376068376068,35.0,111.75,2,2017,FCLGA1151,Desktop,FCLGA1151,0,0
AMD Opteron 4332 HE,36.99,3906,105.59610705596107,1413,38.19951338199513,65.0,60.09,6,2015,Socket C32,Server,Other,0,0
ARM Cortex-A72 8 Core 0 MHz,128.53,3906,30.38979226639695,1531,11.911615965144325,9.06,,8,2021,unknown,Unknown,unknown,1,1
Intel Celeron J6412 @ 2.00GHz,54.0,3904,72.29629629629629,1364,25.25925925925926,10.0,390.38,4,2021,FCBGA1493,Mobile/Embedded,Other,0,0
Intel Core i5-7260U @ 2.20GHz,469.99,3895,8.287410370433413,1989,4.232004936275239,15.0,259.67,2,2017,BGA1356,Laptop,Other,0,0
AMD Ryzen 3 3200U,314.12,3885,12.367884884757418,1826,5.813065070673628,15.0,259.03,2,2019,FP5,Laptop,Other,0,1
AMD PRO A12-9800,169.0,3878,22.94674556213018,1775,10.502958579881657,65.0,59.66,4,2017,AM4,Desktop,AM4,0,0
AMD A8-7500,138.22,3878,28.05672116915063,1509,10.917378092895385,65.0,59.66,2,2016,FM2+,Desktop,Other,0,1
AMD FX-6120 Six-Core,108.02,3863,35.761895945195334,1415,13.099426032216257,95.0,40.66,3,2012,AM3+,Desktop,Other,0,0
Intel Core i3-1000NG4 @ 1.10GHz,296.89,3862,13.0081848496076,1884,6.345784634039544,9.0,429.15,2,2020,BGA1526,Laptop,Other,0,1
Intel Xeon E3-1220 @ 3.10GHz,40.26,3855,95.75260804769002,1582,39.294585196224546,80.0,48.18,4,2011,LGA1155,Server,LGA1155,0,0
Intel Core i7-6660U @ 2.40GHz,415.0,3851,9.279518072289157,1983,4.7783132530120485,15.0,256.72,2,2018,FCBGA1356,Laptop,Other,0,0
AMD PRO A12-8870,93.81,3848,41.019081121415624,1718,18.31361262125573,65.0,59.2,4,2017,AM4,Desktop,AM4,0,1
06/8e,119.86,3848,32.10412147505423,2388,19.923243784415153,12.39,,8,2021,unknown,Mobile/Embedded,unknown,1,1
AMD FX-8100 Eight-Core,138.02,3847,27.872772062019994,1094,7.926387480075351,95.0,40.5,4,2012,AM3+,Desktop,Other,0,0
Intel Core i7-2840QM @ 2.40GHz,154.73,3842,24.830349641310672,1493,9.649066115168358,45.1,,4,2012,rPGA988B,Laptop,Other,1,1
Intel Core i5-2400 @ 3.10GHz,88.57,3840,43.35553799254827,1580,17.838997403183924,95.0,40.42,4,2010,LGA1155,Desktop,LGA1155,0,0
Intel Core i3-8145U @ 2.10GHz,281.0,3837,13.654804270462634,2142,7.622775800711744,15.0,255.79,2,2018,FCBGA1528,Laptop,Other,0,0
Intel Xeon E3-1225 @ 3.10GHz,69.0,3817,55.31884057971015,1572,22.782608695652176,95.0,40.18,4,2011,LGA1155,Server,LGA1155,0,0
Intel Core i3-1115GRE @ 3.00GHz,338.0,3816,11.289940828402367,1880,5.562130177514793,15.0,254.38,2,2022,FCBGA1449,Mobile/Embedded,Other,0,0
Intel Core i7-6567U @ 3.30GHz,456.12,3812,8.357449793913883,2099,4.60185915987021,28.0,136.14,2,2016,FCBGA1356,Laptop,Other,0,1
Intel Core i5-3330S @ 2.70GHz,199.95,3810,19.05476369092273,1691,8.457114278569643,65.0,58.61,4,2012,LGA1155,Desktop,LGA1155,0,0
Intel Core i3-4370 @ 3.80GHz,299.0,3807,12.732441471571907,2126,7.110367892976589,54.0,70.49,2,2014,LGA1150,Desktop,LGA1150,0,0
ZHAOXIN KaiXian KX-U6780A@2.7GHz,272.95,3802,13.92929107895219,732,2.681809855284851,20.55,,8,2019,unknown,Unknown,unknown,1,1
Intel Core i7-7560U @ 2.40GHz,502.05,3801,7.57095906782193,2013,4.00956080071706,15.0,253.38,2,2017,BGA1356,Laptop,Other,0,1
MT8789V/CT,77.1,3800,49.286640726329445,1441,18.690012970168613,11.49,,8,2022,unknown,Mobile/Embedded,unknown,1,1
Intel Core i5-2380P @ 3.10GHz,77.74,3797,48.842294828916906,1607,20.671468999228196,95.0,39.97,4,2012,LGA1155,Desktop,LGA1155,0,0
Intel Core i3-7100T @ 3.40GHz,149.88,3787,25.26688017080331,2007,13.390712570056046,35.0,108.2,2,2017,FCLGA1151,Desktop,FCLGA1151,0,0
AMD Athlon X4 845,73.58,3784,51.42701821147051,1680,22.832291383528133,65.0,58.22,2,2016,FM2+,Desktop,Other,0,0
Intel Pentium G4620 @ 3.70GHz,146.0,3777,25.86986301369863,2268,15.534246575342467,51.0,74.06,2,2017,FCLGA1151,Desktop,FCLGA1151,0,0
Intel Pentium Gold G5500 @ 3.80GHz,169.87,3770,22.193442043915937,2258,13.292517807735326,54.0,69.82,2,2018,FCLGA1151-2,Desktop,FCLGA1151-2,0,0
Intel Pentium Gold G5600 @ 3.90GHz,158.0,3769,23.854430379746834,2291,14.5,54.0,69.79,2,2018,FCLGA1151-2,Desktop,FCLGA1151-2,0,0
Intel Core i7-2675QM @ 2.20GHz,121.39,3766,31.023972320619492,1262,10.396243512645194,45.0,83.68,4,2011,BGA1224,Laptop,Other,0,1
Intel Pentium N6415 @ 1.20GHz,80.0,3760,47.0,1616,20.2,6.5,578.47,4,2021,FCBGA1493,Mobile/Embedded,Other,0,0
Intel Core i5-3335S @ 2.70GHz,118.52,3754,31.67397907526156,1738,14.66419169760378,65.0,57.75,4,2012,LGA1155,Desktop,LGA1155,0,1
AMD PRO A10-8850B,107.42,3752,34.92831874883634,1611,14.997207223980636,95.0,39.49,2,2016,FM2+,Desktop,Other,0,1
Intel Xeon E5-2603 v3 @ 1.60GHz,50.89,3752,73.72764786795048,931,18.29436038514443,85.0,44.14,6,2015,LGA2011-v3,Server,LGA2011-v3,0,0
MediaTek MT6873,72.9,3752,51.46776406035665,1316,18.052126200274348,10.34,,8,2021,unknown,Mobile/Embedded,unknown,1,1
Intel Core i5-7300U @ 2.60GHz,627.0,3750,5.980861244019139,1968,3.138755980861244,15.0,249.99,2,2017,FCBGA1356,Laptop,Other,0,0
Intel Pentium Gold G6405T @ 3.50GHz,64.0,3746,58.53125,2206,34.46875,35.0,107.04,2,2021,FCLGA1200,Desktop,FCLGA1200,0,0
Intel Xeon E5-1607 @ 3.00GHz,11.53,3730,323.50390286209887,1439,124.80485689505637,130.0,28.69,4,2012,LGA2011,Server,Other,0,0
"Qualcomm Technologies, Inc SM8150_Plus",79.44,3730,46.953675730110774,1633,20.556394763343405,8.87,,8,2021,unknown,Mobile/Embedded,unknown,1,1
AMD Phenom II X6 1100T,130.0,3729,28.684615384615384,1502,11.553846153846154,125.0,29.83,6,2010,AM3,Desktop,AM3,0,0
Intel Xeon E5630 @ 2.53GHz,166.0,3726,22.44578313253012,1176,7.0843373493975905,80.0,46.58,4,2010,LGA1366,Server,LGA1366,0,0
Intel Core i7-2670QM @ 2.20GHz,129.0,3726,28.88372093023256,1324,10.263565891472869,45.0,82.8,4,2011,PGA988B,Laptop,Other,0,0
Intel Pentium Gold G5400 @ 3.70GHz,112.88,3723,32.98192771084337,2224,19.702338766832035,54.0,68.94,2,2018,FCLGA1151-2,Desktop,FCLGA1151-2,0,0
AMD Opteron 3280,72.02,3720,51.65231880033324,1043,14.48208830880311,65.0,57.22,8,2012,AM3+,Server,Other,0,0
AMD Opteron 6174,3780.0,3697,0.978042328042328,488,0.1291005291005291,115.0,32.15,12,2013,Socket G34,Server,Other,0,0
Intel Core i3-4360 @ 3.70GHz,199.88,3688,18.45107064238543,2067,10.3412047228337,54.0,68.29,2,2014,FCLGA1150,Desktop,Other,0,0
AMD Ryzen 3 2200U,441.1,3686,8.356381772840626,1681,3.81092722738608,15.0,245.72,2,2017,FP5,Laptop,Other,0,1
AMD FX-6100 Six-Core,84.04,3679,43.77677296525464,1320,15.706806282722512,95.0,38.73,3,2011,AM3+,Desktop,Other,0,0
AMD Athlon X4 880K,94.65,3676,38.837823560486,1628,17.200211304807183,95.0,38.69,2,2016,FM2+,Desktop,Other,0,0
Intel Core i7-7600U @ 2.80GHz,503.72,3667,7.2798380052410065,1992,3.9545779401254664,15.0,244.5,2,2017,FCBGA1356,Laptop,Other,0,1
AMD A9-9820,129.66,3662,28.24309733148234,798,6.154558074965294,11.52,,8,2021,unknown,Unknown,unknown,1,1
Intel Core i7-7500U @ 2.70GHz,539.0,3658,6.786641929499073,1948,3.614100185528757,15.0,243.85,2,2016,FCBGA1356,Laptop,Other,0,0
AMD Phenom II X6 1090T,87.57,3655,41.73803814091584,1456,16.62669864108713,125.0,29.24,6,2010,AM3,Desktop,AM3,0,0
Snapdragon 8cx @ 2.84 GHz,99.26,3655,36.82248639935523,1757,17.700987306064878,8.82,,8,2021,unknown,Mobile/Embedded,unknown,1,1
Intel Core i3-8130U @ 2.20GHz,281.0,3648,12.982206405693951,1942,6.911032028469751,15.0,243.19,2,2018,FCBGA1356,Laptop,Other,0,0
AMD PRO A10-9700,169.0,3644,21.562130177514792,1655,9.792899408284024,65.0,56.06,2,2016,AM4,Desktop,AM4,0,0
Intel Pentium Gold G5420 @ 3.80GHz,129.55,3641,28.10497877267464,2286,17.64569664222308,54.0,67.43,2,2019,FCLGA1151-2,Desktop,FCLGA1151-2,0,0
Intel Core i5-2320 @ 3.00GHz,303.5,3632,11.967051070840197,1512,4.981878088962109,95.0,38.23,4,2011,LGA1155,Desktop,LGA1155,0,0
Intel Xeon E5620 @ 2.40GHz,44.16,3630,82.20108695652175,1127,25.520833333333336,80.0,45.37,4,2010,LGA1366,Server,LGA1366,0,0
DG1301SML87HY,173.01,3624,20.946766082885382,727,4.202069244552338,16.65,,8,2022,unknown,Unknown,unknown,1,1
Intel Core i3-6100T @ 3.20GHz,999.0,3617,3.6206206206206204,1891,1.892892892892893,35.0,103.35,2,2015,LGA 1151,Desktop,Other,0,0
AMD Athlon X4 950,35.99,3611,100.33342595165323,1663,46.20727979994442,65.0,55.55,4,2017,AM4,Desktop,AM4,0,0
Intel Pentium Gold G6400T @ 3.40GHz,64.0,3610,56.40625,2140,33.4375,35.0,103.14,2,2021,FCLGA1200,Desktop,FCLGA1200,0,0
Intel Pentium G4600 @ 3.60GHz,104.94,3605,34.35296359824662,2186,20.830951019630266,51.0,70.69,2,2017,FCLGA1151,Desktop,FCLGA1151,0,0
Intel Core i5-2310 @ 2.90GHz,77.74,3603,46.34679701569334,1495,19.230769230769234,95.0,37.93,4,2011,LGA1155,Desktop,LGA1155,0,0
Intel Pentium Gold G5600T @ 3.30GHz,136.46,3601,26.388685329034146,2025,14.83951341052323,35.0,102.87,2,2022,FCLGA1151,Desktop,FCLGA1151,0,1
Intel Core i5-4460T @ 1.90GHz,225.94,3595,15.911303885987431,1481,6.554837567495795,35.0,102.7,4,2014,LGA1150,Desktop,LGA1150,0,1
Intel Xeon E3-1265L @ 2.40GHz,918.35,3589,3.908096041814123,1451,1.5800076223662003,45.0,79.75,4,2015,LGA1155,Server,LGA1155,0,0
Intel Core i7-6650U @ 2.20GHz,460.36,3585,7.78738378660179,1810,3.931705621687375,15.0,239.02,2,2015,FCBGA1356,Laptop,Other,0,1
MT6853V/ZA,73.84,3577,48.442578548212346,1279,17.321235102925243,11.03,,8,2021,unknown,Mobile/Embedded,unknown,1,1
AMD A8-7680,69.5,3571,51.381294964028775,1638,23.568345323741006,45.0,79.36,4,2019,FM2+,Laptop,Other,0,0
Intel Core i3-4170 @ 3.70GHz,95.8,3569,37.25469728601253,2069,21.597077244258873,54.0,66.1,2,2015,LGA1150,Desktop,LGA1150,0,0
AMD Opteron 6176 SE,249.89,3564,14.262275401176518,507,2.0288927127936294,140.0,25.46,12,2010,G34,Server,Other,0,0
Intel Core i7-2630QM @ 2.00GHz,93.24,3555,38.12741312741313,1221,13.095238095238097,45.0,79.01,4,2011,PGA988B,Laptop,Other,0,0
AMD A10-9700,91.75,3546,38.64850136239782,1616,17.61307901907357,65.0,54.55,4,2016,AM4,Desktop,AM4,0,0
Intel Core i3-4330 @ 3.50GHz,123.37,3539,28.68606630461214,1982,16.065494042311744,54.0,65.55,2,2013,LGA1150,Desktop,LGA1150,0,0
AMD A10-8850,179.62,3525,19.624763389377573,1624,9.041309431021045,53.84,,2,2016,unknown,Desktop,unknown,1,1
Intel Pentium Silver J5040 @ 2.00GHz,186.24,3518,18.889604810996563,1417,7.608462199312714,32.58,,4,2020,FCBGA1090,Desktop,Other,1,1
Intel Xeon E5-2418L @ 2.00GHz,183.03,3518,19.220892749822433,977,5.337922744905207,50.0,70.36,4,2016,LGA 1356,Server,Other,0,1
Intel Xeon E5-2609 v2 @ 2.50GHz,24.72,3516,142.23300970873788,1371,55.46116504854369,80.0,43.95,4,2014,LGA 2011,Server,Other,0,0
Intel Pentium G4560 @ 3.50GHz,168.0,3513,20.910714285714285,2103,12.517857142857142,54.0,65.06,2,2017,FCLGA1151,Desktop,FCLGA1151,0,0
Intel Core i7-6600U @ 2.60GHz,476.67,3508,7.359389095181152,1851,3.883189628044559,15.0,233.89,2,2015,FCBGA1356,Laptop,Other,0,1
Intel Pentium Gold G5420T @ 3.20GHz,64.0,3508,54.8125,1978,30.90625,35.0,100.24,2,2019,FCLGA1151-2,Desktop,FCLGA1151-2,0,0
Intel Core i3-4340 @ 3.60GHz,149.99,3506,23.37489165944396,2027,13.514234282285486,54.0,64.93,2,2013,LGA1150,Desktop,LGA1150,0,0
Samsung Exynos 9820,80.29,3505,43.654253331672685,1666,20.74978204010462,8.68,,8,2021,unknown,Mobile/Embedded,unknown,1,1
Intel Xeon E5-2407 v2 @ 2.40GHz,120.19,3504,29.153839753723272,1068,8.88593060986771,80.0,43.8,4,2014,FCLGA1356,Server,Other,0,0
Intel Core i3-4160 @ 3.60GHz,59.99,3495,58.25970995165861,2014,33.572262043673945,54.0,64.72,2,2014,FCLGA1150,Desktop,Other,0,0
Intel Xeon W3580 @ 3.33GHz,214.5,3495,16.293706293706293,1553,7.24009324009324,130.0,26.88,4,2009,LGA1366,Server,LGA1366,0,0
Intel Core i5-4340M @ 2.90GHz,169.39,3491,20.609244937717694,2032,11.995985595371629,37.0,94.34,2,2014,unknown,Laptop,unknown,0,1
AMD A10-7870K,382.46,3485,9.112064006693512,1510,3.948125294148408,95.0,36.69,2,2015,FM2+,Desktop,Other,0,0
AMD Opteron 4365 EE,163.02,3485,21.377745061955586,958,5.876579560790087,40.0,87.14,4,2017,Socket C32,Server,Other,0,1
Intel Core i5-6267U @ 2.90GHz,489.78,3478,7.10114745395892,1860,3.79762342276124,28.0,124.23,2,2016,FCBGA1356,Laptop,Other,0,1
AMD Opteron 6164 HE,392.61,3478,8.858663813962966,399,1.0162756934362345,85.0,40.92,12,2013,Socket G34,Server,Other,0,1
AMD A10-7890K,161.99,3477,21.464287919007344,1566,9.667263411321686,95.0,36.6,2,2016,FM2+,Desktop,Other,0,0
Intel Core i7-2635QM @ 2.00GHz,101.44,3466,34.16798107255521,1235,12.174684542586752,45.0,77.01,4,2011,BGA1224,Laptop,Other,0,1
Intel Core i3-4350 @ 3.60GHz,99.99,3459,34.5934593459346,1902,19.021902190219024,54.0,64.06,2,2014,LGA1150,Desktop,LGA1150,0,0
Intel Core i5-2500S @ 2.70GHz,55.34,3459,62.50451752800867,1677,30.303577882182868,65.0,53.21,4,2011,LGA1155,Desktop,LGA1155,0,0
AMD A10 PRO-7850B APU,148.02,3458,23.361707877313876,1587,10.721524118362384,95.0,36.4,2,2014,FM2+,Desktop,Other,0,0
"Qualcomm Technologies, Inc KHAJE",80.93,3458,42.728283701964656,1169,14.444581737303842,12.69,,8,2022,unknown,Mobile/Embedded,unknown,1,1
Samsung Exynos 9825,79.17,3452,43.60237463685739,1624,20.51282051282051,8.47,,8,2021,unknown,Mobile/Embedded,unknown,1,1
Intel Xeon E5-1603 @ 2.80GHz,34.0,3448,101.41176470588235,1337,39.3235294117647,130.0,26.52,4,2012,LGA2011,Server,Other,0,0
AMD A12-9800E,371.05,3447,9.28985311952567,1604,4.322867538067646,35.0,98.49,4,2017,AM4,Desktop,AM4,0,0
AMD A12-9800,124.85,3447,27.60913095714858,1607,12.871445734881858,65.0,53.03,2,2016,AM4,Desktop,AM4,0,0
Intel Xeon X5698 @ 4.40GHz,122.88,3447,28.0517578125,1922,15.641276041666668,130.0,26.51,2,2013,LGA1366,Server,LGA1366,0,1
Intel Celeron G6900,49.99,3446,68.93378675735147,2587,51.750350070014,46.0,74.91,2,2022,"LGA1700,BGA1700",Desktop,Other,0,0
AMD Athlon X4 860K,29.97,3436,114.64798131464799,1531,51.084417751084416,95.0,36.16,2,2014,FM2+,Desktop,Other,0,0
AMD PRO A10-8770,79.48,3434,43.20583794665325,1522,19.149471565173627,65.0,52.84,4,2017,AM4,Desktop,AM4,0,1
Intel Core i3-7100H @ 3.00GHz,225.0,3430,15.244444444444444,1668,7.413333333333333,35.0,98.01,2,2017,FCBGA1440,Laptop,FCBGA1440,0,0
AMD Embedded R-Series RX-418GD Radeon R6,150.03,3426,22.835432913417318,1467,9.778044391121776,35.0,97.87,4,2018,FP4,"Laptop, Mobile/Embedded",Other,0,1
Intel Core i3-1110G4 @ 1.80GHz,281.0,3421,12.174377224199288,1986,7.067615658362989,10.41,,2,2022,FCBGA1598,Mobile/Embedded,Other,1,0
Intel Core i5-L16G7 @ 1.40GHz,281.0,3421,12.174377224199288,1606,5.715302491103203,7.0,488.74,5,2020,FC-CSP1016,Laptop,Other,0,0
Intel Core i5-7200U @ 2.50GHz,499.0,3409,6.831663326653307,1778,3.56312625250501,15.0,227.29,2,2016,FCBGA1356,Laptop,Other,0,0
Intel Pentium Silver N5020 @ 1.10GHz,145.48,3404,23.39840527907616,1307,8.984052790761618,6.0,567.3,4,2021,FCBGA1090,Laptop,Other,0,1
MT6833,69.38,3404,49.06313058518305,1382,19.919285096569617,8.98,,8,2021,unknown,Mobile/Embedded,unknown,1,1
Samsung Exynos 9810,74.63,3401,45.571485997588105,1317,17.647058823529413,9.72,,8,2021,unknown,Mobile/Embedded,unknown,1,1
AMD Opteron 4226,94.99,3400,35.79324139383093,1157,12.180229497841879,95.0,35.79,3,2013,Socket C32,Server,Other,0,0
Intel Core i7-6560U @ 2.20GHz,431.19,3398,7.880516709571187,1714,3.9750458034741065,15.0,226.53,2,2016,unknown,Laptop,unknown,0,1
MT6833V/ZA,69.46,3396,48.891448315577314,1413,20.34264324791247,9.3,,8,2021,unknown,Mobile/Embedded,unknown,1,1
Intel Xeon E5-4603 @ 2.00GHz,132.19,3391,25.65246992964672,953,7.209319918299418,95.0,35.69,4,2014,LGA 2011,Server,Other,0,0
Intel Xeon W5580 @ 3.20GHz,864.0,3386,3.9189814814814814,1503,1.7395833333333333,130.0,26.04,4,2009,LGA1366,Server,LGA1366,0,0
AMD Athlon X4 870K,40.28,3383,83.987090367428,1543,38.30685203574975,95.0,35.61,2,2016,FM2+,Desktop,Other,0,0
AMD Opteron 6136,349.0,3381,9.687679083094556,549,1.5730659025787965,115.0,29.4,8,2013,Socket G34,Server,Other,0,0
Intel Core i5-2300 @ 2.80GHz,40.26,3380,83.95429706905117,1429,35.494287133631396,95.0,35.58,4,2011,LGA1155,Desktop,LGA1155,0,0
AMD Opteron X3421 APU,208.23,3375,16.20803918743697,1497,7.189165826249821,35.0,96.42,4,2017,unknown,Server,unknown,0,1
Intel Core i7-975 @ 3.33GHz,770.0,3370,4.376623376623376,1508,1.9584415584415584,130.0,25.92,4,2009,LGA1366,Desktop,LGA1366,0,0
AMD FX-B4150 Quad-Core,89.68,3369,37.56690454950937,1425,15.889830508474574,95.0,35.46,2,2013,AM3+,Desktop,Other,0,0
Intel Core i3-4370T @ 3.30GHz,138.0,3368,24.405797101449274,1914,13.869565217391305,35.0,96.23,2,2017,FCLGA1150,Desktop,Other,0,0
AMD A10-7850K APU,70.69,3363,47.57391427358891,1512,21.38916395529778,95.0,35.4,2,2014,FM2+,Desktop,Other,0,0
Intel Core i3-4150 @ 3.50GHz,999.0,3360,3.3633633633633635,1933,1.934934934934935,54.0,62.22,2,2014,FCLGA1150,Desktop,Other,0,0
MT6781V/CD,69.46,3356,48.315577310682414,1437,20.688165850849412,9.39,,8,2021,unknown,Mobile/Embedded,unknown,1,1
Intel Xeon W3570 @ 3.20GHz,469.95,3354,7.136929460580913,1520,3.2343866368762635,130.0,25.8,4,2009,LGA1366,Server,LGA1366,0,0
MT6785,73.76,3348,45.39045553145336,1293,17.52982646420824,11.19,,8,2021,unknown,Mobile/Embedded,unknown,1,1
AMD PRO A8-9600,119.0,3347,28.126050420168067,1468,12.336134453781513,65.0,51.5,2,2016,AM4,Desktop,AM4,0,0
AMD Phenom II X6 1405T,108.32,3335,30.7884047267356,1247,11.512186115214181,95.0,35.11,6,2018,"AM2+,AM3",Desktop,Other,0,1
AMD A10-7860K,66.0,3333,50.5,1538,23.303030303030305,65.0,51.27,2,2016,FM2+,Desktop,Other,0,0
MT6853V/TNZA,69.7,3332,47.80487804878049,1516,21.75035868005739,9.08,,8,2021,unknown,Mobile/Embedded,unknown,1,1
Intel Xeon W3565 @ 3.20GHz,59.95,3331,55.56296914095079,1496,24.954128440366972,130.0,25.62,4,2009,LGA1366,Server,LGA1366,0,0
AMD FX-4150 Quad-Core,83.46,3327,39.86340762041697,1465,17.553318955188114,125.0,26.61,4,2013,AM3+,Desktop,Other,0,1
Intel Xeon D-1520 @ 2.20GHz,163.26,3324,20.360161705255422,419,2.566458409898322,45.0,73.87,4,2015,BGA 1667,Server,Other,0,1
AMD Phenom II X6 1065T,99.98,3320,33.206641328265654,1359,13.592718543708742,95.0,34.94,6,2011,AM3,Desktop,AM3,0,0
AMD A10-8750,174.06,3320,19.073882569229003,1554,8.927955877283695,65.0,51.08,2,2015,FM2+,Desktop,Other,0,1
Intel Core i3-6100E @ 2.70GHz,169.63,3315,19.54253374992631,1688,9.951069975829748,35.0,94.7,2,2016,LGA 1151,Laptop,Other,0,1
Intel Core i7-6498DU @ 2.50GHz,446.88,3303,7.3912459720730395,1721,3.8511457214464735,15.0,220.19,2,2016,BGA1356,Laptop,Other,0,1
AMD Embedded R-Series RX-421BD,170.77,3302,19.335948937166947,1477,8.649060139368741,35.0,94.34,4,2015,BGA (FP4),"Laptop, Mobile/Embedded",Other,0,1
Intel Xeon L5609 @ 1.87GHz,144.62,3298,22.804591342829482,1160,8.021020605725349,40.0,82.45,4,2010,LGA1366,Server,LGA1366,0,1
AMD A8-9600,98.99,3291,33.245782402262854,1486,15.011617335084352,65.0,50.62,4,2017,AM4,Desktop,AM4,0,0
Intel Core i3-4130 @ 3.40GHz,72.29,3291,45.524968875363115,1890,26.144694978558583,54.0,60.94,2,2013,LGA1150,Desktop,LGA1150,0,0
Intel Core i7-965 @ 3.20GHz,90.97,3288,36.143783664944486,1452,15.96130592503023,130.0,25.29,4,2008,LGA1366,Desktop,LGA1366,0,0
AMD Athlon X4 840,124.95,3287,26.30652260904362,1482,11.860744297719087,65.0,50.56,2,2015,FM2+,Desktop,Other,0,0
MT6833V/PNZA,69.44,3286,47.32142857142858,1489,21.442972350230416,9.34,,8,2021,unknown,Mobile/Embedded,unknown,1,1
AMD Phenom II X6 1075T,79.99,3284,41.05513189148644,1411,17.63970496312039,125.0,26.27,6,2010,AM3,Desktop,AM3,0,0
Intel Core i3-7167U @ 2.80GHz,313.58,3280,10.459850755787997,1635,5.2139804834492,28.0,117.14,2,2018,unknown,Laptop,unknown,0,1
Intel Core i7-6500U @ 2.50GHz,393.0,3278,8.340966921119593,1708,4.346055979643766,15.0,218.55,2,2015,FCBGA1356,Laptop,Other,0,0
Intel Core i3-10110Y @ 1.00GHz,287.0,3278,11.421602787456447,2093,7.2926829268292686,7.0,468.22,2,2020,UTFCBGA1377,Laptop,Other,0,0
Hisilicon Kirin820,80.28,3273,40.76980568011958,1681,20.93921275535625,8.42,,8,2021,unknown,Mobile/Embedded,unknown,1,1
"Qualcomm Technologies, Inc SM7225",98.46,3271,33.22161283770059,1753,17.80418444038188,8.07,,8,2021,unknown,Mobile/Embedded,unknown,1,1
Intel Xeon X5570 @ 2.93GHz,100.0,3270,32.7,1410,14.1,95.0,34.42,4,2009,LGA1366,Server,LGA1366,0,0
AMD FX-9830P,180.86,3268,18.069224814773857,1569,8.675218400973128,35.0,93.36,4,2016,FP4,Laptop,Other,0,1
AMD Ryzen Embedded R1305G,182.48,3268,17.908811924594477,1668,9.140727750986409,8.0,408.54,2,2020,FP5,"Laptop, Mobile/Embedded",Other,0,1
MT6833V/NZA,69.25,3266,47.16245487364621,1417,20.462093862815884,9.37,,8,2021,unknown,Mobile/Embedded,unknown,1,1
AMD FX-4350 Quad-Core,99.99,3262,32.62326232623263,1603,16.03160316031603,125.0,26.1,2,2013,AM3+,Desktop,Other,0,0
Intel Core i5-6360U @ 2.00GHz,420.3,3260,7.756364501546514,1803,4.289793004996431,15.0,217.35,2,2017,FCBGA1356,Laptop,Other,0,1
Intel Core i5-6300U @ 2.40GHz,420.11,3259,7.757492085406203,1691,4.025136273833043,15.0,217.28,2,2015,FCBGA1356,Laptop,Other,0,1
AMD Ryzen Embedded V1202B,259.84,3253,12.51924261083744,1424,5.4802955665024635,15.0,216.87,2,2018,FP5,"Laptop, Mobile/Embedded",Other,0,1
Intel Core i5-4400E @ 2.70GHz,266.0,3251,12.221804511278195,1804,6.7819548872180455,37.0,87.85,2,2014,BGA1364,Desktop,Other,0,0
AMD FX-4330,733.5,3248,4.428084526244035,1563,2.130879345603272,95.0,34.19,2,2015,AM3+,Desktop,Other,0,0
Intel Core i7-960 @ 3.20GHz,298.61,3245,10.867017179598808,1452,4.862529721040822,130.0,24.96,4,2009,LGA1366,Desktop,LGA1366,0,0
Intel Core i3-4570T @ 2.90GHz,228.51,3244,14.196315259726052,1693,7.408866132773183,35.0,92.67,2,2014,FCLGA1150,Desktop,Other,0,1
Intel Pentium D1508 @ 2.20GHz,129.0,3240,25.11627906976744,1760,13.643410852713178,25.0,129.6,2,2017,FCBGA1667,Server,Other,0,0
Intel Xeon X3480 @ 3.07GHz,85.88,3240,37.72706101537029,1402,16.32510479739171,95.0,34.1,4,2012,LGA1156,Server,Other,0,1
Intel Xeon W5590 @ 3.33GHz,1406.34,3239,2.303141487833668,1571,1.1170840621755764,130.0,24.92,4,2009,LGA1366,Server,LGA1366,0,0
Intel Pentium Gold G5500T @ 3.20GHz,75.0,3234,43.12,1964,26.186666666666667,35.0,92.41,2,2018,FCLGA1151-2,Desktop,FCLGA1151-2,0,0
Intel Xeon L5638 @ 2.00GHz,69.9,3225,46.13733905579399,727,10.400572246065808,60.0,53.75,6,2011,LGA1366,Server,LGA1366,0,0
"Qualcomm Technologies, Inc SM7250",69.49,3225,46.40955533170241,1563,22.492444956108795,8.94,,8,2021,unknown,Mobile/Embedded,unknown,1,1
AMD A8-7670K,83.56,3224,38.5830540928674,1512,18.094782192436572,95.0,33.94,4,2015,FM2+,Desktop,Other,0,0
Intel Core i7-2715QE @ 2.10GHz,110.13,3221,29.247253246163627,1287,11.686189049305368,45.0,71.59,4,2011,BGA1023,Laptop,BGA1023,0,1
MediaTek MT6853T,69.44,3217,46.32776497695853,1488,21.42857142857143,9.31,,8,2021,unknown,Mobile/Embedded,unknown,1,1
Intel Core i5-5287U @ 2.90GHz,467.22,3216,6.883266983433928,2029,4.342707932023457,28.0,114.87,2,2015,FCBGA1168,Laptop,FCBGA1168,0,1
AMD A8-7600 APU,149.95,3215,21.44048016005335,1452,9.683227742580861,65.0,49.47,2,2014,FM2+,Desktop,Other,0,0
Intel Core i5-4330M @ 2.80GHz,274.99,3208,11.665878759227608,1855,6.745699843630677,37.0,86.69,2,2013,unknown,Laptop,unknown,0,0
Intel Core i5-6260U @ 1.80GHz,499.0,3207,6.426853707414829,1665,3.3366733466933867,15.0,213.83,2,2015,FCBGA1356,Laptop,Other,0,0
AMD PRO A8-8650B,106.15,3203,30.174281676872347,1485,13.989637305699482,65.0,49.28,4,2015,FM2+,Desktop,Other,0,1
"Qualcomm Technologies, Inc LAGOON",80.28,3202,39.88540109616343,1658,20.652715495764824,8.3,,8,2021,unknown,Mobile/Embedded,unknown,1,1
AMD Phenom II X6 1055T,46.36,3195,68.91716997411562,1314,28.34339948231234,125.0,25.56,6,2010,AM3,Desktop,AM3,0,0
"Qualcomm Technologies, Inc ATOLL-AB",67.8,3195,47.123893805309734,1587,23.4070796460177,8.91,,8,2021,unknown,Mobile/Embedded,unknown,1,1
Intel Xeon X3470 @ 2.93GHz,97.19,3194,32.86346331927153,1411,14.517954522070172,95.0,33.62,4,2010,LGA1156,Server,Other,0,0
Intel Xeon W3550 @ 3.07GHz,49.95,3193,63.92392392392392,1415,28.328328328328325,130.0,24.56,4,2009,LGA1366,Server,LGA1366,0,0
06/9c,66.21,3191,48.19513668630117,1439,21.73387705784625,9.75,,4,2022,unknown,Mobile/Embedded,unknown,1,1
AMD A10 PRO-7800B APU,84.99,3184,37.46323096834922,1502,17.672667372632077,65.0,48.98,2,2014,FM2+,Desktop,Other,0,1
AMD PRO A12-9800E,169.0,3182,18.828402366863905,1551,9.177514792899409,35.0,90.92,4,2017,AM4,Desktop,AM4,0,0
Intel Core i7-5557U @ 3.10GHz,605.99,3181,5.24926153896929,1947,3.2129243056816117,28.0,113.62,2,2015,FCBGA1168,Laptop,FCBGA1168,0,0
Intel Core i7-4600M @ 2.90GHz,223.68,3180,14.216738197424892,1857,8.302038626609441,37.0,85.94,2,2013,PGA946,Laptop,Other,0,1
ARM Neoverse-N1 4 Core 0 MHz,114.19,3176,27.813293633417988,1299,11.375777213416237,13.47,,4,2021,unknown,Unknown,unknown,1,1
AMD A12-9730P,154.52,3172,20.52808697903184,1487,9.623349728190524,35.0,90.62,4,2017,FP4,Laptop,Other,0,1
Intel Core i5-6198DU @ 2.30GHz,470.72,3170,6.734364377974167,1659,3.5243881713120326,15.0,211.32,2,2016,BGA1356,Laptop,Other,0,1
Intel Celeron N5100 @ 1.10GHz,149.57,3165,21.160660560272785,1380,9.226449154242161,6.0,527.54,4,2021,FCBGA1338,Laptop,Other,0,1
Intel Core i3-4360T @ 3.20GHz,198.82,3164,15.913891962579218,1852,9.314958253696812,35.0,90.4,2,2014,LGA1150,Desktop,LGA1150,0,1
Intel Core i3-4170T @ 3.20GHz,199.95,3162,15.813953488372094,1813,9.067266816704176,35.0,90.36,2,2015,LGA1150,Desktop,LGA1150,0,0
MediaTek MT6785V/CD,75.05,3162,42.131912058627584,1294,17.241838774150565,9.97,,8,2021,unknown,Mobile/Embedded,unknown,1,1
Intel Core i5-2400S @ 2.50GHz,144.19,3160,21.915528122615992,1480,10.264234690339135,65.0,48.62,4,2011,LGA1155,Desktop,LGA1155,0,0
AMD A10-6800K APU,67.44,3158,46.82680901542112,1605,23.798932384341636,100.0,31.58,2,2013,FM2,Desktop,Other,0,0
Intel Atom C3858 @ 2.00GHz,332.0,3154,9.5,501,1.5090361445783131,25.0,126.17,12,2018,FCBGA1310,Server,Other,0,0
Intel Core i7-950 @ 3.07GHz,264.88,3154,11.907278767743884,1394,5.262760495318635,130.0,24.26,4,2009,LGA1366,Desktop,LGA1366,0,0
AMD A10-7700K APU,39.3,3153,80.2290076335878,1423,36.208651399491096,95.0,33.19,2,2014,FM2+,Desktop,Other,0,0
"Qualcomm Technologies, Inc SDM730G AIE",69.85,3148,45.06800286327846,1481,21.20257695060845,9.16,,8,2021,unknown,Mobile/Embedded,unknown,1,1
AMD A10-7800 APU,56.45,3142,55.65987599645704,1450,25.686448184233836,65.0,48.34,2,2014,FM2+,Desktop,Other,0,0
AMD Opteron X3418 APU,233.2,3137,13.451972555746142,1450,6.217838765008577,25.0,125.46,4,2019,unknown,Server,unknown,0,1
Intel Core i5-4570T @ 2.90GHz,464.64,3136,6.749311294765841,1874,4.03323002754821,35.0,89.59,2,2013,LGA1150,Desktop,LGA1150,0,0
AMD FX-4200 Quad-Core,59.95,3134,52.27689741451209,1285,21.434528773978315,125.0,25.07,4,2013,AM3+,Desktop,Other,0,0
Intel Core i3-4160T @ 3.10GHz,59.99,3133,52.22537089514919,1771,29.52158693115519,35.0,89.53,2,2014,LGA1150,Desktop,LGA1150,0,0
MT8786V/CA,79.1,3131,39.58280657395702,1164,14.715549936788875,12.44,,8,2022,unknown,Mobile/Embedded,unknown,1,1
Intel Pentium G4600T @ 3.00GHz,117.99,3130,26.527671836596323,1843,15.619967793880837,35.0,89.43,2,2017,FCLGA1151,Desktop,FCLGA1151,0,0
AMD A10-6790K APU,49.2,3124,63.49593495934959,1569,31.89024390243902,100.0,31.24,2,2013,FM2,Desktop,Other,0,0
Intel Core i3-10100Y @ 1.30GHz,103.89,3120,30.031764366156512,1790,17.2297622485321,5.0,624.03,2,2021,BGA 1528,Mobile/Embedded,Other,0,1
Intel Pentium Gold G5400T @ 3.10GHz,109.95,3119,28.36743974533879,1807,16.434743065029558,35.0,89.12,2,2018,FCLGA1151-2,Server,FCLGA1151-2,0,0
Intel Core i7-875K @ 2.93GHz,368.88,3119,8.455324224680114,1374,3.7247885491216657,95.0,32.83,4,2010,LGA1156,Desktop,Other,0,0
Intel Core i5-4310M @ 2.70GHz,172.86,3119,18.04350341316672,1812,10.482471364109683,37.0,84.29,2,2014,unknown,Laptop,unknown,0,1
Intel Core i5-4200H @ 2.80GHz,196.34,3113,15.855149230925944,1807,9.20342263420597,47.0,66.24,2,2014,BGA1364,Desktop,Other,0,1
AMD FX-4170 Quad-Core,43.79,3109,70.99794473624115,1457,33.272436629367434,125.0,24.87,2,2012,AM3+,Desktop,Other,0,0
AMD PRO A10-8770E,155.5,3106,19.974276527331188,1445,9.292604501607718,35.0,88.75,4,2017,AM4,Desktop,AM4,0,1
Intel Core i5-4570TE @ 2.70GHz,342.0,3106,9.08187134502924,1631,4.769005847953216,35.0,88.73,2,2014,LGA1150,Desktop,LGA1150,0,0
Snapdragon 7c Gen 2 @ 2.55,133.1,3103,23.31329827197596,1507,11.322314049586778,7.0,443.27,8,2021,unknown,Unknown,unknown,0,1
Intel Xeon X5560 @ 2.80GHz,71.0,3100,43.66197183098591,1380,19.43661971830986,95.0,32.63,4,2009,LGA1366,Server,LGA1366,0,0
Intel Core i3-4330T @ 3.00GHz,168.12,3098,18.427313823459432,1717,10.21294313585534,35.0,88.52,2,2014,LGA1150,Desktop,LGA1150,0,1
"Qualcomm Technologies, Inc LITO",69.38,3097,44.63822427212453,1559,22.470452579994237,8.84,,8,2021,unknown,Mobile/Embedded,unknown,1,1
AMD FX-870K Quad Core,334.38,3094,9.25294575034392,1369,4.094144386625994,32.11,,2,2016,unknown,Unknown,unknown,1,1
AMD FX-4320,96.71,3092,31.971874676868993,1552,16.04797849239996,95.0,32.55,2,2016,AM3+,Desktop,Other,0,1
"Qualcomm Technologies, Inc SDM720G",66.0,3091,46.833333333333336,1609,24.37878787878788,8.41,,8,2021,unknown,Mobile/Embedded,unknown,1,1
AMD A10-6700 APU,54.77,3090,56.417746941756434,1607,29.340880043819606,65.0,47.54,4,2013,FM2,Desktop,Other,0,0
Intel Core i3-6100TE @ 2.70GHz,223.35,3085,13.812402059547795,1615,7.230803671367808,35.0,88.16,2,2015,LGA 1151,Desktop,Other,0,1
AMD PRO A12-8870E,155.71,3083,19.799627512683834,1520,9.76173656155674,35.0,88.08,4,2016,AM4,Desktop,AM4,0,1
Intel Core i7-870 @ 2.93GHz,199.88,3074,15.379227536521913,1392,6.964178507104263,95.0,32.36,4,2009,LGA1156,Desktop,Other,0,0
MT6853V/NZA,73.45,3072,41.82437031994554,1286,17.508509189925118,11.16,,8,2021,unknown,Mobile/Embedded,unknown,1,1
AMD Athlon Silver 3050U,254.63,3067,12.044927934650277,1714,6.7313356635117625,15.0,204.48,2,2020,FP5,Laptop,Other,0,1
Intel Core i7-940 @ 2.93GHz,49.0,3066,62.57142857142857,1345,27.448979591836736,130.0,23.58,4,2008,LGA1366,Desktop,LGA1366,0,0
vendor Kirin710,74.21,3066,41.31518663252931,1050,14.14903651798949,12.2,,8,2022,unknown,Mobile/Embedded,unknown,1,1
ZHAOXIN KaiXian KX-U6580@2.5GHz,155.67,3066,19.69550973212565,745,4.785764758784609,15.1,,8,2021,unknown,Unknown,unknown,1,1
Intel Core i5-4308U @ 2.80GHz,436.56,3064,7.018508337914605,1884,4.315557998900495,28.0,109.43,2,2014,FCBGA1364,Laptop,Other,0,1
AMD Opteron 2435,10.95,3061,279.5433789954338,593,54.15525114155251,75.0,40.81,6,2013,F (1207),Server,Other,0,0
Intel Core i5-24050S @ 2.50GHz,69.76,3061,43.87901376146789,1397,20.025802752293576,65.0,47.09,4,2013,"LGA1155, FCLGA11",Desktop,Other,0,1
Intel Xeon W3530 @ 2.80GHz,346.19,3045,8.79574799965337,1336,3.859152488517866,130.0,23.43,4,2010,LGA1366,Server,LGA1366,0,0
Intel Core i5-5257U @ 2.70GHz,458.82,3044,6.634410008282115,1881,4.099646920360926,23.0,132.36,2,2015,FCBGA1168,Laptop,FCBGA1168,0,1
MediaTek MT6785V/CC,75.05,3043,40.54630246502332,1254,16.70886075949367,10.64,,8,2021,unknown,Mobile/Embedded,unknown,1,1
Intel Core i3-6100H @ 2.70GHz,134.93,3041,22.53761209516045,1543,11.435559178833469,35.0,86.88,2,2015,LGA 1151,Laptop,Other,0,1
Intel Pentium Silver J5005 @ 1.50GHz,521.99,3040,5.823866357593057,1206,2.3103890879135616,10.0,304.0,4,2017,FCBGA1090,Desktop,Other,0,0
AMD Phenom II X6 1045T,45.0,3034,67.42222222222222,1287,28.6,95.0,31.94,6,2010,AM3,Desktop,AM3,0,0
Intel Core i5-6200U @ 2.30GHz,470.07,3030,6.445848490650329,1589,3.380347607803093,15.0,202.01,2,2015,FCBGA1356,Laptop,Other,0,1
Intel Core i7-4578U @ 3.00GHz,429.5,3026,7.045401629802096,1916,4.461001164144354,28.0,108.08,2,2014,FCBGA1168,Laptop,FCBGA1168,0,1
Intel Core i5-4300M @ 2.60GHz,137.93,3025,21.93141448560864,1761,12.767345755093162,37.0,81.75,2,2013,PGA946,Laptop,Other,0,1
Intel Pentium GOLD 6500Y @ 1.10GHz,111.47,3024,27.128375347627166,1832,16.434915223827037,5.0,604.72,2,2021,unknown,Mobile/Embedded,unknown,0,1
"Qualcomm Technologies, Inc SM7125",69.38,3015,43.45632747189392,1558,22.456039204381668,8.81,,8,2021,unknown,Mobile/Embedded,unknown,1,1
AMD A8-7650K,39.62,3013,76.04745078243312,1372,34.62897526501767,65.0,46.36,2,2015,FM2+,Desktop,Other,0,0
Intel Core i7-5650U @ 2.20GHz,447.1,3007,6.725564750615074,1925,4.305524491165287,15.0,200.49,2,2015,FCBGA1168,Laptop,FCBGA1168,0,1
Intel Core i5-3380M @ 2.90GHz,204.77,3006,14.679884748742491,1862,9.09312887630024,35.0,85.89,2,2013,"FCPGA988, FCBGA1",Laptop,Other,0,1
SMDK4x12,75.05,3006,40.05329780146569,1271,16.935376415722853,10.43,,8,2021,unknown,Mobile/Embedded,unknown,1,1
Intel Core i7-4610M @ 3.00GHz,138.52,3002,21.67196072769275,1740,12.561362980075078,37.0,81.13,2,2014,"FPGA946,FPGA947",Laptop,Other,0,1
Intel Celeron J4125 @ 2.00GHz,176.41,2994,16.971826993934584,1170,6.632277081798084,10.0,299.45,4,2020,FCBGA1090,Desktop,Other,0,1
Intel Core m3-8100Y @ 1.10GHz,281.0,2991,10.644128113879004,1783,6.345195729537367,5.0,598.18,2,2018,FCBGA1515,Laptop,Other,0,0
"Qualcomm Technologies, Inc SDM765G 5G",69.62,2990,42.94742889974145,1604,23.03935650675093,8.47,,8,2021,unknown,Mobile/Embedded,unknown,1,1
AMD PRO A8-8670E,127.07,2989,23.52246793106162,1382,10.875895175887306,35.0,85.41,4,2017,AM4,Desktop,AM4,0,1
Intel Xeon X5550 @ 2.67GHz,49.0,2988,60.97959183673469,1317,26.877551020408163,95.0,31.45,4,2009,LGA1366,Server,LGA1366,0,0
Hisilicon Kirin810,69.38,2986,43.038339579129435,1522,21.937157682329204,8.86,,8,2021,unknown,Mobile/Embedded,unknown,1,1
Intel Core i3-7130U @ 2.70GHz,459.99,2983,6.484923585295332,1578,3.4305093588991062,15.0,198.87,2,2017,FCBGA1356,Laptop,Other,0,0
"Qualcomm Technologies, Inc SM7150",69.36,2983,43.00749711649366,1410,20.32871972318339,9.15,,8,2021,unknown,Mobile/Embedded,unknown,1,1
Intel Core i7-5600U @ 2.60GHz,399.68,2982,7.4609687750200155,1758,4.398518815052041,15.0,198.77,2,2015,FCBGA1168,Laptop,FCBGA1168,0,1
Intel Core i5-2405S @ 2.50GHz,131.39,2980,22.68056929751123,1485,11.30223000228328,65.0,45.85,4,2011,LGA1155,Desktop,LGA1155,0,0
"Qualcomm Technologies, Inc SDMMAGPIEP",69.38,2980,42.95185932545402,1505,21.69213029691554,8.86,,8,2021,unknown,Mobile/Embedded,unknown,1,1
Intel Pentium Silver N6000 @ 1.10GHz,57.14,2979,52.135106755337766,1280,22.4011200560028,6.0,496.55,4,2021,FCBGA1338,Mobile/Embedded,Other,0,1
Intel Xeon E5-2637 @ 3.00GHz,79.0,2978,37.69620253164557,1526,19.31645569620253,80.0,37.22,2,2018,FCLGA2011,Server,Other,0,0
AMD A8-6600K APU,38.99,2977,76.35291100282123,1527,39.1638881764555,100.0,29.77,2,2013,FM2,Desktop,Other,0,0
Intel Core i5-3470T @ 2.90GHz,269.95,2958,10.957584737914429,1791,6.634561955917762,35.0,84.53,2,2012,LGA1155,Desktop,LGA1155,0,0
Intel Core i7-4558U @ 2.80GHz,408.98,2956,7.2277372976673675,1824,4.459875788547117,28.0,105.58,2,2013,BGA1168,Laptop,Other,0,1
Intel Core i7-4560U @ 1.60GHz,424.29,2950,6.952791722642532,1782,4.199957576186099,12.0,,2,2016,unknown,Laptop,unknown,1,1
AMD Phenom II X6 1035T,108.0,2947,27.287037037037038,1231,11.398148148148149,95.0,31.02,6,2010,AM3,Desktop,AM3,0,0
AMD A10-9700E,92.99,2947,31.691579739756964,1413,15.195182277664266,35.0,84.21,4,2017,AM4,Desktop,AM4,0,0
Intel Xeon L5630 @ 2.13GHz,118.0,2943,24.940677966101696,1043,8.838983050847459,40.0,73.57,4,2010,LGA1366,Server,LGA1366,0,0
Intel Core i5-2500T @ 2.30GHz,89.99,2942,32.6925213912657,1489,16.546282920324483,45.0,65.37,4,2011,LGA1155,Desktop,LGA1155,0,0
AMD Athlon X4 760K Quad Core,13.55,2941,217.0479704797048,1521,112.25092250922509,100.0,29.41,2,2013,FM2,Desktop,Other,0,0
Intel Celeron G5925 @ 3.60GHz,53.93,2939,54.49656962729464,2282,42.31411088447988,58.0,50.67,2,2021,FCLGA1200,Desktop,FCLGA1200,0,0
AMD FX-4300 Quad-Core,25.76,2937,114.0139751552795,1489,57.8027950310559,95.0,30.92,2,2012,AM3+,Desktop,Other,0,0
AMD Opteron 2431,24.99,2936,117.48699479791918,570,22.809123649459785,75.0,39.14,6,2009,F (1207),Server,Other,0,0
AMD A10-5800K APU,46.07,2936,63.729107879314085,1495,32.4506186238333,100.0,29.36,2,2012,FM2,Desktop,Other,0,0
Intel Core m3-7Y32 @ 1.10GHz,406.96,2935,7.21201100845292,1697,4.16994299194024,4.5,652.27,2,2017,FCBGA1515,Laptop,Other,0,1
AMD Opteron 6128 HE,241.05,2932,12.163451566065131,823,3.4142294129848576,85.0,34.5,8,2015,Socket G34,Server,Other,0,1
Intel Pentium G4520 @ 3.60GHz,137.99,2926,21.204435103993042,2200,15.943184288716573,51.0,57.37,2,2015,FCLGA1151,Desktop,FCLGA1151,0,0
Intel Core i7-880 @ 3.07GHz,338.97,2920,8.614331651768593,1386,4.088857421010709,95.0,30.74,4,2010,LGA1156,Desktop,Other,0,0
Intel Core i5-4210H @ 2.90GHz,130.87,2918,22.296935890578435,1716,13.112248796515626,47.0,62.09,2,2014,FCBGA1364,Laptop,Other,0,1
AMD Athlon Silver 3050e,253.26,2918,11.5217562978757,1453,5.737187080470663,6.0,486.3,2,2020,unknown,Laptop,unknown,0,1
AMD Ryzen 3 3250C,168.43,2917,17.318767440479725,1858,11.031288962773852,15.0,194.47,2,2021,FP5,"Laptop, Mobile/Embedded",Other,0,1
Intel Celeron J4105 @ 1.50GHz,107.0,2911,27.205607476635514,1097,10.25233644859813,10.0,291.14,4,2018,FCBGA1090,Desktop,Other,0,0
Intel Core i7-3540M @ 3.00GHz,128.02,2911,22.73863458834557,1768,13.810342134041555,35.0,83.17,2,2013,rPGA988B,Laptop,Other,0,0
Intel Pentium G4560T @ 2.90GHz,231.9,2909,12.54420008624407,1708,7.365243639499784,35.0,83.11,2,2017,FCLGA1151,Desktop,FCLGA1151,0,0
Intel Core i7-5550U @ 2.00GHz,401.14,2908,7.249339382759136,1781,4.43984643765269,15.0,193.85,2,2016,FCBGA1168,Laptop,FCBGA1168,0,1
HiSilicon Kirin 970,73.15,2908,39.75393028024607,1110,15.1742993848257,11.39,,8,2021,unknown,Mobile/Embedded,unknown,1,1
"Qualcomm Technologies, Inc SDMMAGPIE",74.12,2906,39.20669185105235,1439,19.41446303291959,9.7,,8,2021,unknown,Mobile/Embedded,unknown,1,1
Intel Atom x6425RE @ 1.90GHz,59.0,2903,49.20338983050848,1021,17.305084745762713,12.0,241.9,4,2022,FCBGA1493,Mobile/Embedded,Other,0,0
AMD Athlon X4 830,202.32,2901,14.338671411625148,1292,6.385923289837881,65.0,44.63,2,2018,FM2+,Desktop,Other,0,0
AMD A10-9630P,136.16,2899,21.291128084606346,1355,9.951527614571093,35.0,82.82,4,2016,FP4,Laptop,Other,0,1
AMD A8-6500B APU,49.95,2898,58.01801801801801,1531,30.65065065065065,65.0,44.58,2,2014,FM2,Desktop,Other,0,0
AMD FX-670K Quad-Core,101.69,2897,28.488543612941292,1566,15.399744320975515,65.0,44.57,2,2014,FM2,Desktop,Other,0,1
AMD A10-5800B APU,44.99,2897,64.39208713047344,1526,33.91864858857524,100.0,28.97,2,2013,FM2,Desktop,Other,0,0
AMD PRO A10-8750B,69.43,2897,41.72547889961111,1294,18.637476595131787,65.0,44.56,2,2015,FM2+,Desktop,Other,0,1
AMD PRO A10-9700E,139.0,2896,20.834532374100718,1333,9.589928057553957,35.0,82.74,2,2016,AM4,Desktop,AM4,0,0
Intel Core i5-4210M @ 2.60GHz,88.04,2893,32.86006360745115,1690,19.195820081781008,37.0,78.19,2,2014,FCPGA946,Laptop,Other,0,0
Intel Core i7-860 @ 2.80GHz,43.99,2890,65.69674926119572,1319,29.984087292566493,95.0,30.42,4,2009,LGA1156,Desktop,Other,0,0
Intel Xeon W3540 @ 2.93GHz,507.0,2890,5.700197238658777,1289,2.5424063116370808,130.0,22.23,4,2009,LGA1366,Server,LGA1366,0,0
Intel Core i3-4350T @ 3.10GHz,146.37,2888,19.730819156931066,1656,11.31379381020701,35.0,82.52,2,2015,LGA1150,Laptop,LGA1150,0,1
Intel Core i7-3520M @ 2.90GHz,122.02,2879,23.59449270611375,1746,14.309129650876907,35.0,82.24,2,2012,BGA1023,Laptop,BGA1023,0,0
Intel Core i7-930 @ 2.80GHz,29.99,2877,95.93197732577526,1276,42.547515838612874,130.0,22.13,4,2010,LGA1366,Desktop,LGA1366,0,0
Intel Core i3-4130T @ 2.90GHz,248.56,2874,11.562600579336982,1633,6.569842291599613,35.0,82.12,2,2013,LGA1150,Desktop,LGA1150,0,0
Intel Xeon E5-2403 v2 @ 1.80GHz,541.0,2873,5.310536044362292,991,1.8317929759704252,80.0,35.91,4,2015,FCLGA1356,Server,Other,0,0
AMD Opteron 4184,498.95,2872,5.756087784347129,630,1.2626515682934163,95.0,30.23,6,2011,C32,Server,Other,0,0
Intel Core i3-4150T @ 3.00GHz,417.42,2867,6.868381965406544,1597,3.8258828038905657,35.0,81.9,2,2014,FCLGA1150,Desktop,Other,0,0
AMD FX-7600P APU,142.03,2856,20.10842779694431,1436,10.110540026754911,35.0,81.59,4,2014,FP3,Laptop,Other,0,1
Intel Core i5-3360M @ 2.80GHz,78.02,2846,36.47782619841067,1755,22.494232248141504,35.0,81.31,2,2012,BGA1023,Laptop,BGA1023,0,0
AMD Phenom II X4 980,130.0,2829,21.76153846153846,1521,11.7,125.0,22.63,4,2011,AM3,Unknown,AM3,0,0
AMD A8-6500 APU,43.69,2826,64.68299382009613,1497,34.264133669031814,65.0,43.47,2,2013,FM2,Desktop,Other,0,0
AMD Opteron 6128,269.0,2826,10.50557620817844,447,1.661710037174721,115.0,24.57,8,2010,G34,Server,Other,0,0
Intel Core i5-8210Y @ 1.60GHz,262.86,2825,10.747165791676176,1720,6.543407136878947,7.0,403.54,2,2019,FCBGA1515,Laptop,Other,0,1
AMD Opteron 3350 HE,392.0,2825,7.206632653061225,1362,3.4744897959183674,45.0,62.78,4,2013,unknown,Server,unknown,0,0
AMD A10-6800B APU,128.02,2824,22.059053272926104,1513,11.818465864708639,100.0,28.24,2,2014,FM2,Desktop,Other,0,0
Intel Xeon X3450 @ 2.67GHz,102.0,2818,27.627450980392158,1236,12.117647058823529,95.0,29.67,4,2009,LGA1156,Server,Other,0,0
Intel Celeron G5905 @ 3.50GHz,47.19,2815,59.65246874337784,2189,46.38694638694639,58.0,48.53,2,2020,FCLGA1200,Desktop,FCLGA1200,0,0
Intel Core i5-4278U @ 2.60GHz,353.57,2814,7.958820035636508,1721,4.867494414118845,28.0,100.51,2,2014,FCBGA1168,Laptop,FCBGA1168,0,1
Intel Core i5-7Y57 @ 1.20GHz,389.09,2814,7.232259888457683,1699,4.3665989873808115,4.5,625.28,2,2017,FCBGA1515,Laptop,Other,0,1
Intel Xeon X3460 @ 2.80GHz,72.28,2814,38.93193137797454,1220,16.878804648588822,95.0,29.62,4,2010,LGA1156,Server,Other,0,0
Samsung Exynos 8895,101.13,2807,27.756353208741224,988,9.769603480668447,15.85,,8,2021,unknown,Mobile/Embedded,unknown,1,1
AMD A8-5600K APU,69.95,2803,40.07147962830593,1417,20.257326661901356,100.0,28.03,2,2012,FM2,Desktop,Other,0,0
AMD FX-8800P,132.42,2801,21.15239389820269,1371,10.353420933393748,35.0,80.03,2,2015,FP4,Laptop,Other,0,1
Snapdragon 7c @ 2.40 GHz,119.4,2800,23.450586264656614,1258,10.536013400335008,9.0,311.06,8,2021,unknown,Unknown,unknown,0,1
AMD A8 PRO-7600B APU,68.0,2793,41.0735294117647,1332,19.58823529411765,65.0,42.97,4,2014,FM2+,Desktop,Other,0,1
Intel Core i3-6157U @ 2.40GHz,428.04,2790,6.518082422203532,1442,3.368844033267919,28.0,99.65,2,2016,BGA1356,Laptop,Other,0,1
Intel Celeron G5900 @ 3.40GHz,53.99,2790,51.67623634006297,2150,39.82218929431376,58.0,48.1,2,2020,FCLGA1200,Desktop,FCLGA1200,0,0
AMD Opteron 6172,199.95,2789,13.948487121780445,432,2.1605401350337585,115.0,24.25,12,2010,G34,Server,Other,0,0
AMD Athlon X4 750K Quad Core,190.44,2787,14.634530560806553,1446,7.59294265910523,100.0,27.87,2,2012,FM2,Unknown,Other,0,0
Intel Xeon W3520 @ 2.67GHz,59.0,2787,47.23728813559322,1245,21.10169491525424,130.0,21.44,4,2009,LGA1366,Server,LGA1366,0,0
Intel Core i7-870S @ 2.67GHz,91.02,2786,30.608657437925732,1270,13.952977367611515,82.0,33.97,4,2010,LGA1156,Desktop,Other,0,1
Intel Core2 Extreme X9775 @ 3.20GHz,1805.95,2780,1.5393560176084609,1451,0.8034552451618262,150.0,18.53,4,2009,LGA771,Desktop,Other,0,0
Intel Core i5-4200M @ 2.50GHz,88.95,2776,31.208544125913434,1624,18.257448004496908,37.0,75.04,2,2013,PGA946,Laptop,Other,0,0
Intel Atom C2750 @ 2.40GHz,232.0,2775,11.961206896551724,658,2.836206896551724,20.0,138.77,8,2014,FCBGA1283,Server,Other,0,0
AMD A8-8650,76.11,2774,36.44724740507161,1408,18.499540139272106,65.0,42.67,4,2015,FM2+,Desktop,Other,0,1
Rockchip RK3399,105.59,2770,26.233544843261672,1140,10.796476939104082,16.3,,8,2021,unknown,Mobile/Embedded,unknown,1,1
Intel Core 860 @ 2.80GHz,317.81,2754,8.665554891287247,1142,3.5933419338598536,89.76,,4,2010,unknown,Unknown,unknown,1,0
Intel Xeon E5-2603 v2 @ 1.80GHz,59.0,2751,46.6271186440678,977,16.559322033898304,80.0,34.39,4,2014,LGA 2011,Server,Other,0,0
Intel Core i5-7Y54 @ 1.20GHz,438.02,2741,6.257705127619744,1571,3.5865942194420346,4.5,609.21,2,2016,FCBGA1515,Laptop,Other,0,1
Intel Core i7-920 @ 2.67GHz,189.88,2741,14.435432904992627,1220,6.425110596165999,130.0,21.09,4,2008,LGA1366,Desktop,LGA1366,0,0
Intel Core i5-5300U @ 2.30GHz,289.99,2740,9.448601675919859,1647,5.679506189868616,15.0,182.66,2,2015,FCBGA1168,Laptop,FCBGA1168,0,0
MediaTek MT6779V/CE,104.68,2740,26.175009552923193,1224,11.69277799006496,17.22,,8,2021,unknown,Mobile/Embedded,unknown,1,1
Intel Xeon E5540 @ 2.53GHz,71.45,2738,38.32050384884535,1200,16.794961511546536,80.0,34.23,4,2009,LGA1366,Server,LGA1366,0,0
AMD A10-5700 APU,59.95,2735,45.62135112593828,1441,24.03669724770642,65.0,42.08,2,2012,FM2,Desktop,Other,0,0
Intel Pentium G4500 @ 3.50GHz,166.67,2734,16.40367192656147,2135,12.8097438051239,51.0,53.61,2,2015,FCLGA1151,Desktop,FCLGA1151,0,0
AMD FX-4130 Quad-Core,22.21,2730,122.91760468257542,1356,61.05357946870779,125.0,21.84,2,2012,AM3+,Desktop,Other,0,0
AMD RX-427BB,130.76,2729,20.870296726827778,1297,9.918935454267361,35.0,77.98,4,2015,FP3,Laptop,Other,0,1
AMD PRO A12-9800B,440.35,2729,6.197343022595662,1387,3.149767230612013,15.0,181.91,4,2016,FP4,Laptop,Other,0,1
AMD RX-425BB,113.49,2724,24.00211472376421,1282,11.296149440479338,35.0,77.83,4,2021,FP3,Mobile/Embedded,Other,0,1
Intel Core i3-7100U @ 2.40GHz,462.0,2721,5.8896103896103895,1391,3.0108225108225106,15.0,181.43,2,2016,FCBGA1356,Laptop,Other,0,0
AMD 3015e,235.54,2720,11.54793241063089,1391,5.905578670289548,6.0,453.31,2,2020,unknown,Laptop,unknown,0,1
Intel Core i7-5500U @ 2.40GHz,361.96,2719,7.51187976571997,1631,4.506022764946403,15.0,181.28,2,2015,FCBGA1168,Laptop,FCBGA1168,0,1
AMD A6-9400,271.32,2717,10.014005602240896,1664,6.132979507592511,10.0,271.7,2,2019,FT4,Laptop,Other,0,1
Intel Celeron G4950 @ 3.30GHz,1008.66,2714,2.690698550552218,2041,2.0234766918485914,54.0,50.26,2,2021,FCLGA1151,Desktop,FCLGA1151,0,0
Intel Xeon X5470 @ 3.33GHz,179.95,2709,15.054181717143653,1454,8.080022228396777,120.0,22.57,4,2009,LGA771,Server,Other,0,0
AMD A8-5500B APU,49.04,2707,55.19983686786297,1393,28.405383360522023,65.0,41.65,2,2013,FM2,Desktop,Other,0,0
Intel Celeron J4115 @ 1.80GHz,157.21,2706,17.212645506011068,1069,6.799821894281534,13.69,,4,2020,unknown,Desktop,unknown,1,1
Intel Xeon X5492 @ 3.40GHz,1391.29,2705,1.9442387999626247,1446,1.039323218020686,150.0,18.04,4,2008,LGA771,Server,Other,0,0
Intel Xeon E5-2407 @ 2.20GHz,325.03,2699,8.303848875488416,920,2.8305079531120207,80.0,33.74,4,2012,LGA 1356,Server,Other,0,0
Intel Pentium Silver N5030 @ 1.10GHz,206.17,2695,13.07173691613717,1301,6.310326429645438,6.0,449.19,4,2020,FCBGA1090,Laptop,Other,0,1
Intel Xeon E5607 @ 2.27GHz,100.0,2686,26.86,1002,10.02,80.0,33.58,4,2011,LGA1366,Server,LGA1366,0,0
Intel Core i7-4600U @ 2.10GHz,342.67,2685,7.835526891761753,1673,4.882248227157323,15.0,179.02,2,2013,FCBGA1168,Laptop,FCBGA1168,0,1
Intel Core i5-4402E @ 1.60GHz,433.77,2681,6.180694838278351,1510,3.481107499366024,25.0,107.26,2,2016,FCBGA1364,Laptop,Other,0,1
Intel Xeon X3440 @ 2.53GHz,50.0,2680,53.6,1149,22.98,95.0,28.21,4,2009,LGA1156,Server,Other,0,0
Intel Core i3-4110M @ 2.60GHz,131.59,2678,20.351090508397295,1389,10.555513336879702,37.0,72.38,2,2014,FCPGA946,Laptop,Other,0,1
Intel Core i7-7Y75 @ 1.30GHz,347.23,2666,7.677908014860467,1604,4.6194165250698385,4.5,592.39,2,2016,FCBGA1515,"Desktop, Laptop",Other,0,1
AArch64 rev 0 (aarch64),109.33,2656,24.293423579987195,1073,9.814323607427056,9.69,,8,2021,unknown,Unknown,unknown,1,1
AMD Athlon X4 740 Quad Core,24.99,2655,106.24249699879952,1356,54.26170468187275,65.0,40.85,2,2012,FM2,Desktop,Other,0,0
Intel Core i7-3687U @ 2.10GHz,362.93,2653,7.309949577053426,1603,4.416829691676081,17.0,156.06,2,2013,BGA1023,Laptop,BGA1023,0,1
Intel Core i3-3250T @ 3.00GHz,143.81,2650,18.42709130102218,1684,11.70989500034768,35.0,75.71,2,2016,FCLGA1155,Desktop,Other,0,1
Intel Celeron G5900T @ 3.20GHz,42.0,2648,63.04761904761905,2041,48.595238095238095,35.0,75.64,2,2021,FCLGA1200,Desktop,FCLGA1200,0,0
Intel Core i5-3320M @ 2.60GHz,44.04,2646,60.08174386920981,1612,36.6030881017257,35.0,75.61,2,2012,BGA1023,Laptop,BGA1023,0,0
AMD Phenom II X4 970,59.88,2644,44.15497661990648,1412,23.580494321977287,125.0,21.15,4,2010,AM3,Unknown,AM3,0,0
Intel Core i3-6100U @ 2.30GHz,529.99,2640,4.981226060869073,1347,2.541557387875243,15.0,176.0,2,2015,FCBGA1356,Laptop,Other,0,0
Intel Core i5-3340M @ 2.70GHz,69.95,2636,37.68406004288777,1630,23.302358827734096,35.0,75.32,2,2013,BGA1023,Laptop,BGA1023,0,0
Intel Xeon X5482 @ 3.20GHz,99.95,2636,26.373186593296648,1394,13.94697348674337,150.0,17.57,4,2009,LGA771,Server,Other,0,0
AMD FirePro A320 APU,98.25,2634,26.80916030534351,1482,15.083969465648854,100.0,26.34,4,2016,FM2,Desktop,Other,0,1
"Qualcomm Technologies, Inc SM6150",102.73,2634,25.64002725591356,1279,12.450111943930692,16.81,,8,2021,unknown,Mobile/Embedded,unknown,1,1
ARM D2000/8 8 Core 2300 MHz,146.76,2633,17.940855819024257,585,3.986099754701554,16.68,,8,2022,unknown,Unknown,unknown,1,1
Intel Core2 Extreme X9770 @ 3.20GHz,1608.95,2632,1.635849467043724,1398,0.8688896485285434,136.0,19.35,4,2008,LGA775,Desktop,LGA775,0,0
Intel Xeon E5-2609 @ 2.40GHz,71.87,2623,36.496451927090575,1081,15.041046333657993,80.0,32.79,4,2012,LGA2011,Server,Other,0,0
AMD PRO A12-8800B,488.49,2622,5.367561260210035,1357,2.777948371512211,15.0,174.78,2,2015,FP4,Laptop,Other,0,1
Intel Core i5-5350U @ 1.80GHz,391.89,2614,6.6702390977059896,1694,4.322641557579933,15.0,174.29,2,2015,FCBGA1168,Laptop,FCBGA1168,0,1
Intel Xeon E5530 @ 2.40GHz,29.99,2614,87.1623874624875,1156,38.546182060686895,80.0,32.67,4,2009,LGA1366,Server,LGA1366,0,0
Intel Core i5-4288U @ 2.60GHz,358.95,2612,7.276779495751498,1620,4.513163393230255,28.0,93.27,2,2013,FCBGA1168,Laptop,FCBGA1168,0,1
AMD A12-9720P,352.44,2608,7.399841107706276,1326,3.7623425263874704,15.0,173.85,4,2017,FP4,Laptop,Other,0,1
Intel Core i5-680 @ 3.60GHz,309.19,2603,8.418771629095378,1550,5.013098741873929,73.0,35.65,2,2010,LGA1156,Desktop,Other,0,0
AMD PRO A10-9700B,249.79,2602,10.41675007005885,1311,5.248408663277153,15.0,173.5,4,2018,FP4,Laptop,Other,0,1
AMD Athlon II X4 559,101.51,2602,25.632942567234753,1399,13.781893409516304,74.23,,4,2013,unknown,Unknown,unknown,1,1
Intel Pentium G4400 @ 3.30GHz,97.41,2599,26.68103890770968,2024,20.77815419361462,54.0,48.13,2,2015,FCLGA1151,Desktop,FCLGA1151,0,0
Intel Core i5-760 @ 2.80GHz,265.0,2599,9.80754716981132,1309,4.939622641509434,95.0,27.36,4,2010,LGA1156,Desktop,Other,0,0
1-Unisoc,109.04,2596,23.807776962582537,1083,9.932134996331621,17.58,,8,2022,unknown,Mobile/Embedded,unknown,1,1
Intel Core i7-4510U @ 2.00GHz,389.18,2595,6.66786576905288,1549,3.9801634205252068,15.0,172.97,2,2014,FCBGA1168,Laptop,FCBGA1168,0,1
Intel Pentium Silver N5000 @ 1.10GHz,161.0,2593,16.1055900621118,1143,7.099378881987578,6.0,432.15,4,2018,FCBGA1090,Laptop,Other,0,0
Intel Xeon L3426 @ 1.87GHz,227.0,2590,11.409691629955947,1167,5.140969162995595,45.0,57.55,4,2010,LGA1156,Server,Other,0,0
Intel Core m3-7Y30 @ 1.00GHz,446.42,2589,5.799471349849917,1386,3.104699610232516,4.5,575.3,2,2016,FCBGA1515,Laptop,Other,0,1
Intel Core i3-5157U @ 2.50GHz,412.97,2588,6.266799041092573,1325,3.2084655059689564,28.0,92.42,2,2015,FCBGA1168,Laptop,FCBGA1168,0,1
Intel Core i7-8500Y @ 1.50GHz,393.0,2587,6.582697201017812,1477,3.758269720101781,5.0,517.42,2,2018,FCBGA1515,Laptop,Other,0,0
Intel Xeon X5460 @ 3.16GHz,219.55,2586,11.778638123434297,1378,6.27647460715099,120.0,21.55,4,2009,LGA771,Server,Other,0,0
AMD FX-770K Quad-Core,64.13,2578,40.19959457352253,1413,22.0333697177608,65.0,39.66,2,2014,FM2+,Desktop,Other,0,1
AMD A8-5500 APU,58.95,2577,43.71501272264631,1334,22.629346904156062,65.0,39.65,2,2012,FM2,Desktop,Other,0,0
Hisilicon Kirin970,100.03,2577,25.76227131860442,922,9.217234829551135,17.46,,8,2021,unknown,Mobile/Embedded,unknown,1,1
AMD Phenom II X4 B65,88.51,2576,29.104056038865664,1357,15.331600949045304,98.83,,4,2011,AM2+/AM3,Desktop,Other,1,1
MT6768G,105.59,2572,24.358367269627806,1142,10.815418126716544,16.15,,8,2021,unknown,Mobile/Embedded,unknown,1,1
Intel Celeron G4930 @ 3.20GHz,107.41,2571,23.936318778512245,1999,18.610930080998045,54.0,47.61,2,2019,FCLGA1151-2,Desktop,FCLGA1151-2,0,0
AMD Athlon II X4 557,126.09,2567,20.358474105797445,1345,10.666983900388612,160.0,16.04,4,2021,AM3,Desktop,AM3,0,1
AMD FX-4100 Quad-Core,25.99,2565,98.69180454020778,1279,49.21123509041939,95.0,27.0,2,2011,AM3+,Desktop,Other,0,0
Intel Core i3-7020U @ 2.30GHz,281.0,2564,9.124555160142348,1324,4.711743772241993,15.0,170.95,2,2018,FCBGA1356,Laptop,Other,0,0
Intel Core i5-3610ME @ 2.70GHz,70.29,2553,36.320956039265894,1574,22.39294351970408,35.0,72.95,2,2012,BGA1023,Laptop,BGA1023,0,1
AMD Phenom II X4 965,74.02,2546,34.396109159686574,1357,18.332883004593356,125.0,20.37,4,2009,AM3,Desktop,AM3,0,0
AMD Phenom II X4 975,40.72,2544,62.475442043222,1417,34.79862475442043,125.0,20.35,4,2011,AM3,Unknown,AM3,0,0
"Qualcomm Technologies, Inc SM4350",72.04,2543,35.29983342587451,1321,18.33703498056635,13.27,,8,2021,unknown,Mobile/Embedded,unknown,1,1
"Qualcomm Technologies, Inc MSM8998",98.91,2540,25.6799110302295,1032,10.433727631179861,14.95,,8,2021,unknown,Mobile/Embedded,unknown,1,1
Apple A9X,74.28,2537,34.15455035002692,1520,20.46311254711901,7.61,,2,2021,unknown,Mobile/Embedded,unknown,1,1
AMD Phenom II X4 B99,114.44,2536,22.160083886752883,1377,12.032506116742399,95.0,26.7,4,2011,unknown,Unknown,unknown,0,1
Intel Core i7-4500U @ 1.80GHz,373.44,2529,6.772172236503856,1546,4.139888603256212,15.0,168.63,2,2013,BGA1168,Laptop,Other,0,1
Intel Xeon L5530 @ 2.40GHz,148.37,2522,16.998045426973107,1169,7.878951270472467,60.0,42.03,4,2011,LGA1366,Server,LGA1366,0,0
Intel Core i3-7102E @ 2.10GHz,225.0,2521,11.204444444444444,1292,5.742222222222222,25.0,100.85,2,2019,FCBGA1440,Laptop,FCBGA1440,0,0
Intel Core i5-4258U @ 2.40GHz,385.74,2518,6.527712967283662,1519,3.9378856224399854,28.0,89.91,2,2013,FCBGA1168,Laptop,FCBGA1168,0,1
Intel Pentium G4500T @ 3.00GHz,148.95,2518,16.905001678415577,1845,12.386706948640484,35.0,71.95,2,2016,FCLGA1151,Desktop,FCLGA1151,0,1
AMD A10-9620P,320.26,2518,7.8623618310123025,1279,3.9936301754824206,15.0,167.86,4,2017,unknown,Laptop,unknown,0,1
Intel Core i5-3230M @ 2.60GHz,99.99,2513,25.132513251325133,1556,15.561556155615563,35.0,71.8,2,2013,PGA988,Laptop,Other,0,0
Intel Core i5-4300U @ 1.90GHz,380.26,2512,6.606006416662284,1498,3.9394098774522694,15.0,167.47,2,2013,FCBGA1168,Laptop,FCBGA1168,0,1
Intel Core i5-670 @ 3.47GHz,291.0,2511,8.628865979381443,1542,5.298969072164948,73.0,34.4,2,2010,LGA1156,Desktop,Other,0,0
Intel Core i5-5250U @ 1.60GHz,529.99,2504,4.724617445612181,1569,2.9604332157210513,15.0,166.93,2,2015,FCBGA1168,Laptop,FCBGA1168,0,0
Intel Core i5-5200U @ 2.20GHz,281.0,2502,8.90391459074733,1512,5.380782918149467,15.0,166.78,2,2014,FCBGA1168,Laptop,FCBGA1168,0,0
Intel Celeron N4120 @ 1.10GHz,153.87,2501,16.253980633001884,1103,7.168388899720543,6.0,416.85,4,2020,FCBGA1090,Laptop,Other,0,1
AMD Phenom II X4 B97,79.95,2498,31.244527829893684,1326,16.585365853658537,95.0,26.3,4,2010,AM2+/AM3,Desktop,Other,0,0
AMD Phenom II X4 850,64.99,2496,38.40590860132328,1350,20.772426527158025,95.0,26.27,4,2011,AM2+/AM3,Unknown,Other,0,0
Intel Core i5-750 @ 2.67GHz,200.0,2495,12.475,1242,6.21,95.0,26.27,4,2009,LGA1156,Desktop,Other,0,0
Intel Xeon L7455 @ 2.13GHz,43.5,2494,57.333333333333336,601,13.816091954022989,65.0,38.36,6,2014,PGA604,Server,Other,0,1
AMD 3020e,201.72,2492,12.353757683918303,1429,7.084076938330359,6.0,415.31,2,2020,unknown,Laptop,unknown,0,1
Intel Core i5-4310U @ 2.00GHz,333.88,2490,7.457769258416198,1490,4.462681202827363,15.0,166.03,2,2014,FCBGA1168,Laptop,FCBGA1168,0,1
Intel Xeon E5472 @ 3.00GHz,20.04,2490,124.25149700598803,1302,64.97005988023952,80.0,31.12,4,2009,LGA771,Server,Other,0,0
Intel Xeon E5450 @ 3.00GHz,36.99,2486,67.20735333874019,1294,34.98242768315761,80.0,31.08,4,2009,LGA771,Server,Other,0,0
Intel Celeron G5920 @ 3.50GHz,61.99,2482,40.038715921922886,2151,34.69914502339087,58.0,42.79,2,2020,FCLGA1200,Desktop,FCLGA1200,0,0
AMD FX-7600P,117.13,2481,21.181593101681894,1208,10.313327072483565,35.0,70.88,4,2015,FP3,Laptop,Other,0,1
Intel Core i3-3245 @ 3.40GHz,149.0,2480,16.644295302013422,1835,12.315436241610739,55.0,45.09,2,2013,LGA1155,Desktop,LGA1155,0,0
AMD Opteron 8439 SE,52.0,2479,47.67307692307692,590,11.346153846153847,105.0,23.61,6,2013,F (1207),Server,Other,0,0
Intel Xeon E5520 @ 2.27GHz,72.61,2479,34.14130285084699,1056,14.543451315245834,80.0,30.98,4,2009,LGA1366,Server,LGA1366,0,0
AMD Phenom II X4 B55,86.3,2465,28.563151796060257,1319,15.283893395133257,92.67,,4,2010,AM2+/AM3,Desktop,Other,1,1
Unisoc T610,95.1,2464,25.90956887486856,1071,11.261829652996846,15.28,,8,2021,unknown,Mobile/Embedded,unknown,1,1
Intel Core i5-661 @ 3.33GHz,200.19,2462,12.29831659923073,1455,7.268095309456017,87.0,28.3,2,2010,LGA1156,Desktop,Other,0,0
Intel Xeon D-1602 @ 2.50GHz,106.0,2459,23.19811320754717,1435,13.537735849056604,27.0,91.07,2,2020,FCBGA1667,Server,Other,0,0
Intel Core2 Extreme X9650 @ 3.00GHz,859.99,2455,2.8546843567948463,1288,1.4976918336259724,130.0,18.89,4,2008,LGA775,Desktop,LGA775,0,0
Intel Celeron N4100 @ 1.10GHz,107.0,2451,22.906542056074766,1009,9.429906542056075,6.0,408.48,4,2018,FCBGA1090,Laptop,Other,0,0
Intel Core i5-3210M @ 2.50GHz,52.02,2449,47.07804690503652,1534,29.48865820838139,35.0,69.98,2,2012,PGA988B,Laptop,Other,0,0
AMD Phenom II X4 B60,105.76,2449,23.156202723146745,1318,12.46217851739788,94.21,,4,2010,unknown,Unknown,unknown,1,1
Intel Celeron G4900 @ 3.10GHz,105.95,2448,23.105238319962247,1914,18.065125058990088,54.0,45.34,2,2018,FCLGA1151-2,Desktop,FCLGA1151-2,0,0
Intel Core i3-4100M @ 2.50GHz,218.57,2447,11.195498009790914,1366,6.24971405041863,37.0,66.15,2,2014,FCPGA946,Laptop,Other,0,0
Intel Core i7-4610Y @ 1.70GHz,236.77,2446,10.330700679984796,1583,6.685813236474215,11.5,212.67,2,2013,BGA1168,Desktop,Other,0,1
Intel Xeon X3370 @ 3.00GHz,40.0,2446,61.15,1311,32.775,95.0,25.75,4,2009,LGA775,Server,LGA775,0,0
AMD Athlon II X4 650,166.6,2440,14.645858343337336,1329,7.977190876350541,95.0,25.69,4,2011,unknown,Unknown,unknown,0,0
Intel Core i7-2640M @ 2.80GHz,125.05,2439,19.504198320671733,1490,11.915233906437425,35.0,69.68,2,2011,BGA1023,Laptop,BGA1023,0,0
Snapdragon 850 @ 2.96 GHz,110.26,2437,22.102303645927805,1382,12.534010520587701,5.0,487.35,8,2021,unknown,Unknown,unknown,0,1
AMD Phenom II X4 955,176.18,2432,13.804064025428538,1304,7.401521171529118,125.0,19.46,4,2009,AM3,Desktop,AM3,0,0
MediaTek MT6779V/CU,103.09,2429,23.56193617227665,1159,11.242603550295858,15.92,,8,2021,unknown,Mobile/Embedded,unknown,1,1
Intel Pentium G3470 @ 3.60GHz,64.88,2428,37.422934648582,2089,32.19790382244143,53.0,45.82,2,2015,LGA1150,Desktop,LGA1150,0,0
Intel Core i7-2620M @ 2.70GHz,135.37,2427,17.928640023638916,1470,10.859126837556326,35.0,69.34,2,2011,BGA1023,Laptop,BGA1023,0,0
Intel Core i7-860S @ 2.53GHz,160.0,2424,15.15,1314,8.2125,82.0,29.56,4,2011,LGA1156,Desktop,Other,0,0
AMD A12-9700P,283.97,2422,8.529069972180158,1188,4.183540514843116,15.0,161.46,4,2016,FP4,Laptop,Other,0,1
Intel Core i7-4650U @ 1.70GHz,284.35,2421,8.514155090557411,1550,5.4510286618603825,15.0,161.41,2,2013,BGA1168,Laptop,Other,0,1
Intel Core i7-3667U @ 2.00GHz,286.5,2418,8.43979057591623,1518,5.298429319371728,17.0,142.26,2,2012,BGA1023,Laptop,BGA1023,0,1
MediaTek MT6771V/CT,100.45,2418,24.071677451468393,930,9.258337481333998,15.96,,8,2021,unknown,Mobile/Embedded,unknown,1,1
AMD Athlon II X4 553,126.19,2418,19.161581741817894,1204,9.541168079879547,89.73,,4,2011,unknown,Unknown,unknown,1,1
"Qualcomm Technologies, Inc SM6115",99.08,2416,24.384335890189746,920,9.285425918449738,16.87,,8,2021,unknown,Mobile/Embedded,unknown,1,1
AArch64 rev 1 (aarch64),98.47,2413,24.50492535797705,1046,10.622524626789886,8.78,,8,2021,unknown,Unknown,unknown,1,1
Intel Core2 Quad Q9650 @ 3.00GHz,54.99,2411,43.84433533369703,1292,23.495180941989453,95.0,25.38,4,2008,LGA775,Desktop,LGA775,0,0
MT6771V/WL,99.5,2411,24.231155778894472,898,9.025125628140703,16.87,,8,2021,unknown,Mobile/Embedded,unknown,1,1
Intel Core i7-3537U @ 2.00GHz,281.09,2406,8.559536091643247,1496,5.322138816749084,17.0,141.5,2,2013,BGA1023,Laptop,BGA1023,0,1
Intel Celeron G4920 @ 3.20GHz,212.73,2406,11.310111408828092,1965,9.237061063319702,54.0,44.56,2,2018,FCLGA1151-2,Desktop,FCLGA1151-2,0,0
Intel Atom C3558 @ 2.20GHz,86.0,2405,27.96511627906977,849,9.872093023255815,16.0,150.3,4,2017,FCBGA1310,Server,Other,0,0
MT6769H,98.38,2404,24.435860947347024,1052,10.693230331368165,15.03,,8,2021,unknown,Mobile/Embedded,unknown,1,1
Intel Celeron G4900T @ 2.90GHz,77.95,2403,30.82745349583066,1789,22.95060936497755,35.0,68.65,2,2018,FCLGA1151-2,Desktop,FCLGA1151-2,0,0
Intel Core i3-3250 @ 3.50GHz,82.9,2401,28.96260554885404,1830,22.074788902291917,55.0,43.65,2,2013,LGA1155,Desktop,LGA1155,0,0
HiSilicon Kirin 960,96.14,2401,24.973996255460786,1069,11.119201164967755,15.28,,8,2021,unknown,Mobile/Embedded,unknown,1,1
Intel Xeon X5450 @ 3.00GHz,49.96,2400,48.03843074459567,1267,25.360288230584466,120.0,20.0,4,2009,LGA771,Server,Other,0,0
T610-Unisoc,97.65,2400,24.577572964669738,1066,10.916538658474142,15.28,,8,2021,unknown,Mobile/Embedded,unknown,1,1
T618,110.64,2393,21.628705712219812,1162,10.502530730296456,17.24,,8,2022,unknown,Mobile/Embedded,unknown,1,1
AMD PRO A12-8830B,237.02,2392,10.091975360729052,1192,5.029111467386718,15.0,159.44,4,2017,BGA (FP4),Laptop,Other,0,1
AMD PRO A10-8730B,288.28,2388,8.283613153878175,1226,4.252809768280838,15.0,159.21,4,2016,FP4,Laptop,Other,0,1
AMD PRO A8-9600B,246.8,2388,9.675850891410049,1310,5.307941653160453,15.0,159.18,4,2017,FP4,Laptop,Other,0,1
Unisoc ums512,101.43,2384,23.503894311347725,1111,10.953366853987971,15.28,,8,2021,unknown,Mobile/Embedded,unknown,1,1
AMD Opteron 4170 HE,39.99,2382,59.5648912228057,476,11.902975743935983,65.0,36.65,6,2010,C32,Server,Other,0,0
Intel Core m7-6Y75 @ 1.20GHz,343.72,2380,6.924240661003141,1433,4.169091120679623,7.0,339.96,2,2015,FCBGA1515,Laptop,Other,0,1
AMD Phenom II X4 977,108.96,2377,21.815345080763585,1368,12.555066079295155,95.0,25.02,4,2012,unknown,Unknown,unknown,0,1
Intel Core m5-6Y57 @ 1.10GHz,355.14,2374,6.6846877287830155,1367,3.849186236413809,7.0,339.15,2,2015,FCBGA1515,Laptop,Other,0,1
MediaTek MT6779V/CV,98.05,2372,24.19173890872004,1040,10.606833248342683,15.09,,8,2021,unknown,Mobile/Embedded,unknown,1,1
Intel Celeron G3950 @ 3.00GHz,143.0,2369,16.566433566433567,1811,12.664335664335665,51.0,46.45,2,2017,FCLGA1151,Desktop,FCLGA1151,0,0
Intel Pentium J4205 @ 1.50GHz,201.53,2367,11.745149605517788,911,4.520418796209001,10.0,236.69,4,2016,FCBGA1296,Desktop,Other,0,1
Intel Celeron N4505 @ 2.00GHz,76.15,2367,31.083388049901508,1537,20.183847669074193,10.0,236.75,2,2022,FCBGA1338,Mobile/Embedded,Other,0,1
Apple A8X,74.15,2366,31.90829399865138,936,12.623061362103842,11.37,,3,2021,unknown,Mobile/Embedded,unknown,1,1
Intel Core i5-2390T @ 2.70GHz,99.9,2364,23.663663663663662,1394,13.953953953953953,35.0,67.53,2,2011,LGA1155,Desktop,LGA1155,0,0
Intel Pentium 6405U @ 2.40GHz,161.0,2363,14.677018633540373,1417,8.801242236024844,15.0,157.55,2,2020,FCBGA1528,Laptop,Other,0,0
Intel Xeon E5-2403 @ 1.80GHz,351.0,2363,6.732193732193732,829,2.3618233618233617,80.0,29.53,4,2012,LGA 1356,Server,Other,0,0
MT6769V/CT,96.54,2363,24.47690076652165,1070,11.083488709343277,15.34,,8,2021,unknown,Mobile/Embedded,unknown,1,1
Intel Xeon E5-2603 @ 1.80GHz,71.96,2362,32.823790994997225,868,12.062256809338523,80.0,29.53,4,2012,LGA 2011,Server,Other,0,0
AMD Phenom II X4 840,24.28,2355,96.99341021416804,1309,53.91268533772652,95.0,24.79,4,2011,AM2+/AM3,Desktop,Other,0,0
Intel Core i7-4550U @ 1.50GHz,305.06,2354,7.716514783976923,1289,4.22539828230512,15.0,156.94,2,2014,BGA1168,Laptop,Other,0,1
Intel Core i5-660 @ 3.33GHz,69.0,2352,34.08695652173913,1435,20.797101449275363,73.0,32.21,2,2009,LGA1156,Desktop,Other,0,0
Intel Core i3-6102E @ 1.90GHz,225.0,2349,10.44,1068,4.746666666666667,25.0,93.96,2,2019,FCBGA1440,Laptop,FCBGA1440,0,0
Intel Core2 Extreme X9750 @ 3.16GHz,123.8,2348,18.966074313408726,1352,10.920840064620355,97.36,,4,2009,unknown,Unknown,unknown,1,1
AMD Opteron 4130,229.95,2347,10.206566644922809,1149,4.996738421395956,95.0,24.7,4,2016,F (1207),Server,Other,0,0
AMD Phenom II X4 B35,74.11,2341,31.588179732829577,1215,16.394548643907704,109.37,,4,2009,AM2+/AM3,Desktop,Other,1,1
Intel Xeon E5440 @ 2.83GHz,37.99,2340,61.595156620163195,1240,32.64016846538563,80.0,29.26,4,2009,LGA771,Server,Other,0,0
AMD Athlon II X4 651 Quad-Core,149.95,2338,15.591863954651553,1296,8.642880960320108,100.0,23.38,4,2012,FM1,Unknown,Other,0,0
MediaTek MT6771V/C,99.16,2337,23.56797095603066,875,8.824122630092779,17.49,,8,2021,unknown,Mobile/Embedded,unknown,1,1
AMD A8-3870K APU,68.04,2336,34.33274544385655,1236,18.165784832451497,100.0,23.36,4,2011,FM1,Desktop,Other,0,0
Intel Core i5-4260U @ 1.40GHz,315.65,2331,7.384761603041344,1477,4.679233328053224,15.0,155.42,2,2014,FCBGA1168,Laptop,FCBGA1168,0,1
Intel Xeon X5365 @ 3.00GHz,62.99,2331,37.00587394824575,1223,19.415780282584535,150.0,15.54,4,2009,LGA771,Server,Other,0,0
AMD Phenom II X4 B95,62.02,2329,37.55240245082231,1238,19.961302805546598,95.0,24.52,4,2010,AM3,Desktop,AM3,0,0
Intel Xeon E5606 @ 2.13GHz,217.0,2326,10.71889400921659,941,4.336405529953917,80.0,29.07,4,2011,LGA1366,Server,LGA1366,0,0
Intel Xeon X3360 @ 2.83GHz,39.99,2325,58.13953488372093,1241,31.032758189547387,95.0,24.47,4,2009,LGA775,Server,LGA775,0,0
Hisilicon Kirin710,99.07,2323,23.44806702331685,947,9.558897749066318,15.22,,8,2021,unknown,Mobile/Embedded,unknown,1,1
"Qualcomm Technologies, Inc SDA660",99.16,2323,23.426784993949173,897,9.045986284792255,16.93,,8,2021,unknown,Mobile/Embedded,unknown,1,1
"Qualcomm Technologies, Inc SDM710",104.68,2323,22.19144058081773,1172,11.196025983951088,15.98,,8,2021,unknown,Mobile/Embedded,unknown,1,1
Samsung Exynos 8890,101.02,2315,22.916254207087707,926,9.166501682835083,16.93,,8,2021,unknown,Mobile/Embedded,unknown,1,1
Intel Pentium G4400T @ 2.90GHz,208.77,2312,11.074388082578913,1723,8.253101499257555,35.0,66.06,2,2015,FCLGA1151,Desktop,FCLGA1151,0,1
AMD A10-6700T APU,147.61,2311,15.65612085902039,1310,8.874737483910303,45.0,51.36,2,2014,FM2,Desktop,Other,0,0
Intel Celeron G3920 @ 2.90GHz,1018.0,2310,2.269155206286837,1740,1.7092337917485265,51.0,45.3,2,2016,FCLGA1151,Desktop,FCLGA1151,0,0
Intel Celeron G5905T @ 3.30GHz,42.0,2310,55.0,1996,47.523809523809526,35.0,66.01,2,2021,FCLGA1200,Desktop,FCLGA1200,0,0
AMD Athlon II X4 555,90.03,2310,25.658113962012663,1242,13.795401532822392,95.36,,4,2010,unknown,Unknown,unknown,1,1
Intel Xeon X3380 @ 3.16GHz,509.95,2308,4.525933915089714,1335,2.617903716050593,95.0,24.3,4,2009,LGA775,Server,LGA775,0,0
Intel Core i3-2140 @ 3.50GHz,127.49,2307,18.095536904855283,1535,12.040160012550004,65.0,35.49,2,2013,unknown,Unknown,unknown,0,1
Intel Core i5-4350U @ 1.40GHz,303.04,2305,7.606256599788806,1499,4.946541710665258,15.0,153.67,2,2013,BGA1168,Laptop,Other,0,1
AMD Phenom II X4 B70,98.45,2303,23.39258506856272,1209,12.28034535297105,65.0,35.43,4,2016,AM2+ (938-pin),Desktop,Other,0,1
AMD FX-9800P,283.47,2302,8.120788795992521,1150,4.056866687832927,15.0,153.48,4,2016,unknown,Laptop,unknown,0,1
Intel Core i5-4210U @ 1.70GHz,322.42,2300,7.133552509149556,1379,4.277029960920538,15.0,153.31,2,2014,FCBGA1168,Laptop,FCBGA1168,0,1
AMD Athlon II X4 645,28.85,2298,79.6533795493934,1264,43.81282495667244,95.0,24.19,4,2010,AM3,Desktop,AM3,0,0
Intel Core i5-2540M @ 2.60GHz,47.0,2297,48.87234042553192,1380,29.361702127659573,35.0,65.62,2,2010,BGA1023,Laptop,BGA1023,0,0
Intel Core i5-3437U @ 1.90GHz,318.46,2293,7.200276329837343,1399,4.393016391383534,17.0,134.9,2,2013,BGA1023,Laptop,BGA1023,0,1
Intel Core2 Quad Q9550 @ 2.83GHz,32.95,2291,69.52959028831562,1223,37.116843702579665,95.0,24.11,4,2008,LGA775,Desktop,LGA775,0,0
MediaTek MT6769T,102.2,2291,22.416829745596868,1092,10.684931506849315,14.98,,8,2021,unknown,Mobile/Embedded,unknown,1,1
Intel Core i3-3240 @ 3.40GHz,42.17,2287,54.23286696703818,1805,42.802940479013515,55.0,41.57,2,2012,LGA1155,Desktop,LGA1155,0,0
Intel Pentium 5405U @ 2.30GHz,161.0,2286,14.198757763975156,1340,8.322981366459627,15.0,152.37,2,2019,FCBGA1528,Laptop,Other,0,0
MediaTek MT6769Z,101.73,2285,22.461417477636882,1089,10.704806841639634,13.91,,8,2021,unknown,Mobile/Embedded,unknown,1,1
Intel Pentium 1403 v2 @ 2.60GHz,121.8,2284,18.752052545155994,1391,11.420361247947454,80.0,28.55,2,2018,unknown,Server,unknown,0,1
AMD Opteron 3260 HE,132.3,2283,17.256235827664398,900,6.802721088435374,45.0,50.73,2,2012,AM3+,Server,Other,0,1
Intel Xeon X3363 @ 2.83GHz,87.6,2283,26.06164383561644,1240,14.155251141552512,80.0,28.54,4,2013,LGA771,Server,Other,0,0
Intel Xeon E3-1220L V2 @ 2.30GHz,243.78,2278,9.344490934449093,1344,5.51316761014029,17.0,134.02,2,2014,LGA1155,Server,LGA1155,0,1
MediaTek MT6769V/CB,101.73,2277,22.382777941610144,1112,10.930895507716505,13.91,,8,2021,unknown,Mobile/Embedded,unknown,1,1
Intel Pentium 4417U @ 2.30GHz,161.0,2276,14.136645962732919,1327,8.24223602484472,15.0,151.7,2,2019,FCBGA1356,Laptop,Other,0,0
Intel Core i3-6006U @ 2.00GHz,299.55,2275,7.594725421465531,1165,3.889167083959272,15.0,151.69,2,2016,FCBGA1356,Laptop,Other,0,1
"Qualcomm Technologies, Inc SDM712",104.6,2275,21.749521988527725,1233,11.787762906309752,14.58,,8,2021,unknown,Mobile/Embedded,unknown,1,1
AArch64 rev 2 (aarch64),108.29,2274,20.999168898328563,958,8.846615569304644,8.63,,8,2021,unknown,Unknown,unknown,1,1
Intel Xeon L3360 @ 2.83GHz,89.23,2273,25.47349546116777,1226,13.739773618738091,65.0,34.97,4,2012,LGA775,Server,LGA775,0,0
Intel Celeron G3930 @ 2.90GHz,179.88,2270,12.619524127195909,1794,9.973315543695797,51.0,44.51,2,2017,FCLGA1151,Desktop,FCLGA1151,0,0
AMD Phenom II X4 840T,58.02,2269,39.10720441227163,1274,21.95794553602206,95.0,23.88,4,2010,AM2+/AM3,Unknown,Other,0,0
Intel Core i5-3427U @ 1.80GHz,420.05,2269,5.401737888346625,1369,3.259135817164623,17.0,133.46,2,2012,BGA1023,Laptop,BGA1023,0,0
Intel Core2 Extreme Q6850 @ 3.00GHz,1495.95,2268,1.5160934523212675,1230,0.8222199939837561,130.0,17.44,4,2008,LGA775,Desktop,LGA775,0,0
Intel Core2 Extreme Q6800 @ 2.93GHz,1125.0,2267,2.015111111111111,1202,1.0684444444444445,75.0,30.23,4,2008,LGA775,Desktop,LGA775,0,0
MediaTek MT6771V/WT,99.66,2266,22.73730684326711,914,9.171182018864139,15.36,,8,2021,unknown,Mobile/Embedded,unknown,1,1
AMD PRO A10-8700B,313.45,2262,7.216461955654809,1140,3.6369436911788164,15.0,150.79,2,2015,BGA (FP4),Laptop,Other,0,1
AMD Phenom II X4 945,27.5,2261,82.21818181818182,1226,44.58181818181818,125.0,18.09,4,2009,AM3,Desktop,AM3,0,0
Intel Xeon L5430 @ 2.66GHz,227.0,2260,9.955947136563877,1154,5.083700440528634,50.0,45.21,4,2014,LGA771,Server,Other,0,0
Intel Core i3-4330TE @ 2.40GHz,113.02,2255,19.952220845867988,1397,12.360644133781632,35.0,64.44,2,2014,LGA1150,Desktop,LGA1150,0,1
Intel Xeon X3430 @ 2.40GHz,71.91,2253,31.330830204422195,991,13.78111528299263,95.0,23.71,4,2009,LGA1156,Server,Other,0,0
Intel Core i7-940XM @ 2.13GHz,84.19,2252,26.749020073642953,1223,14.526665874806985,55.0,40.95,4,2010,PGA988,Laptop,Other,0,1
Intel Core i5-2520M @ 2.50GHz,42.1,2252,53.4916864608076,1375,32.6603325415677,35.0,64.35,2,2011,PGA988B,Laptop,Other,0,0
AMD A10-8700P,90.39,2246,24.847881402810046,1141,12.623077774090055,35.0,64.16,2,2015,FP4,Laptop,Other,0,1
AMD A8-3850 APU,68.02,2244,32.990296971478976,1207,17.74478094678036,100.0,22.44,4,2011,FM1,Desktop,Other,0,0
"Qualcomm Technologies, Inc BENGALP",97.01,2241,23.100711266879703,950,9.792804865477786,13.8,,8,2021,unknown,Mobile/Embedded,unknown,1,1
AMD A8-8600P,304.22,2240,7.363092498849516,1103,3.6256656367102753,15.0,149.33,2,2015,FP4,Laptop,Other,0,1
"Qualcomm Technologies, Inc BENGAL",97.55,2239,22.952332137365453,885,9.072270630445926,15.97,,8,2021,unknown,Mobile/Embedded,unknown,1,1
AMD Phenom II X4 B40,91.83,2238,24.37112054884025,1231,13.405205270608734,98.85,,4,2010,unknown,Desktop,unknown,1,1
AMD Phenom II X4 B50,119.19,2237,18.768353049752495,1268,10.638476382246832,115.25,,4,2009,AM2+/AM3,Desktop,Other,1,1
Intel Celeron J3455 @ 1.50GHz,349.0,2237,6.409742120343839,806,2.30945558739255,10.0,223.66,4,2016,FCBGA1296,Desktop,Other,0,0
"Qualcomm Technologies, Inc SDM670",99.89,2232,22.344579036940633,1085,10.861948142957253,13.91,,8,2021,unknown,Mobile/Embedded,unknown,1,1
"Qualcomm Technologies, Inc TRINKET",98.0,2231,22.76530612244898,898,9.16326530612245,15.36,,8,2021,unknown,Mobile/Embedded,unknown,1,1
Intel Xeon X3353 @ 2.66GHz,73.5,2229,30.3265306122449,1173,15.959183673469388,80.0,27.87,4,2014,LGA775,Server,LGA775,0,0
AMD Phenom II X4 940,870.0,2228,2.560919540229885,1210,1.3908045977011494,125.0,17.83,4,2009,AM2+,Desktop,Other,0,0
MT6969T,100.69,2228,22.12732148177575,1125,11.172906942099514,13.95,,8,2021,unknown,Mobile/Embedded,unknown,1,1
Intel Core i3-5020U @ 2.20GHz,459.0,2226,4.849673202614379,1279,2.786492374727669,15.0,148.41,2,2015,FCBGA1168,Laptop,FCBGA1168,0,0
Intel Core i3-3225 @ 3.30GHz,200.0,2222,11.11,1688,8.44,55.0,40.4,2,2012,LGA1155,Desktop,LGA1155,0,0
Intel Celeron G3930TE @ 2.70GHz,42.0,2218,52.80952380952381,1706,40.61904761904762,35.0,63.38,2,2019,FCLGA1151,Desktop,FCLGA1151,0,0
AMD A10-9600P,275.94,2218,8.037979270855983,1064,3.855910705225774,15.0,147.88,4,2016,FP4,Laptop,Other,0,1
Intel Xeon X5472 @ 3.00GHz,225.0,2218,9.857777777777779,1259,5.595555555555555,120.0,18.48,4,2009,LGA771,Server,Other,0,0
MediaTek MT6769V/CU,94.79,2216,23.377993459225657,1080,11.39360692056124,13.91,,8,2021,unknown,Mobile/Embedded,unknown,1,1
Intel Core i5-650 @ 3.20GHz,33.98,2215,65.18540317834021,1386,40.78869923484403,73.0,30.34,2,2010,LGA1156,Desktop,Other,0,0
Intel Celeron G3900 @ 2.80GHz,77.95,2212,28.377164849262346,1718,22.039769082745348,51.0,43.38,2,2016,FCLGA1151,Desktop,FCLGA1151,0,0
Intel Core i5-4200U @ 1.60GHz,291.92,2211,7.573992874760208,1329,4.552617155385037,15.0,147.4,2,2013,BGA1168,Laptop,Other,0,1
Intel Xeon E5430 @ 2.66GHz,229.95,2210,9.610784953250707,1156,5.02717982170037,80.0,27.63,4,2009,LGA771,Server,Other,0,0
Intel Celeron G4930T @ 3.00GHz,42.0,2209,52.595238095238095,1742,41.476190476190474,35.0,63.12,2,2020,FCLGA1151,Desktop,FCLGA1151,0,0
Intel Celeron N6211 @ 1.20GHz,54.0,2207,40.870370370370374,1582,29.296296296296298,6.5,339.59,2,2021,FCBGA1493,Mobile/Embedded,Other,0,0
AMD Phenom II X4 973,58.43,2204,37.72034913571795,1180,20.195105254150267,88.25,,4,2010,unknown,Unknown,unknown,1,1
Intel Core i3-3220 @ 3.30GHz,39.94,2203,55.15773660490736,1725,43.189784677015524,55.0,40.05,2,2012,LGA1155,Desktop,LGA1155,0,0
Unisoc T700,92.38,2203,23.847153063433645,1042,11.279497726780688,13.68,,8,2021,unknown,Mobile/Embedded,unknown,1,1
Intel Pentium 4415U @ 2.30GHz,200.89,2202,10.961222559609737,1270,6.3218676887849075,15.0,146.77,2,2017,BGA1356,Laptop,Other,0,1
AMD Phenom II X4 960T,28.88,2196,76.0387811634349,1290,44.66759002770083,95.0,23.12,4,2011,AM3,Desktop,AM3,0,0
Intel Core i5-4250U @ 1.30GHz,349.0,2196,6.292263610315186,1359,3.8939828080229226,15.0,146.37,2,2013,BGA1168,Laptop,Other,0,0
Intel Celeron 6305 @ 1.80GHz,121.77,2194,18.01757411513509,1227,10.076373491007638,8.3,,2,2021,FCBGA1449,Laptop,Other,1,1
Intel Core i3-21050 @ 3.10GHz,153.19,2193,14.315555845681834,1429,9.32828513610549,27.65,,2,2019,unknown,Unknown,unknown,1,1
Intel Core2 Quad Q9500 @ 2.83GHz,49.01,2192,44.725566210977355,1217,24.83166700673332,95.0,23.08,4,2010,LGA775,Desktop,LGA775,0,0
MediaTek MT6769V/WB,94.41,2192,23.217879461921406,1118,11.841965893443492,13.91,,8,2021,unknown,Mobile/Embedded,unknown,1,1
Intel Core M-5Y51 @ 1.10GHz,320.79,2191,6.830013404407867,1407,4.38604694660058,4.5,486.85,2,2015,FCBGA1234,Laptop,Other,0,1
Intel Pentium G4400TE @ 2.40GHz,64.0,2190,34.21875,1481,23.140625,35.0,62.58,2,2018,FCLGA1151,Laptop,FCLGA1151,0,0
Unisoc T618,94.91,2184,23.011273838373196,1146,12.074596986618902,13.95,,8,2021,unknown,Mobile/Embedded,unknown,1,1
AMD Athlon II X4 638 Quad-Core,62.85,2183,34.73349244232299,1165,18.536197295147176,65.0,33.58,4,2015,FM1,Desktop,Other,0,0
MT6765H,130.91,2183,16.675578641814987,631,4.820105415934612,19.52,,8,2022,unknown,Mobile/Embedded,unknown,1,1
MT6769V/CZ,94.81,2177,22.961712899483178,1041,10.979854445733572,13.68,,8,2021,unknown,Mobile/Embedded,unknown,1,1
Intel Atom C2750 @ 2.41GHz,211.85,2174,10.261977814491386,291,1.3736134057115885,20.0,108.7,8,2015,BGA 1283,Server,Other,0,1
AMD Phenom II X4 925,21.0,2173,103.47619047619048,1156,55.04761904761905,95.0,22.87,4,2009,AM3,Desktop,AM3,0,0
AMD Athlon II X4 640,19.99,2171,108.60430215107554,1203,60.18009004502252,95.0,22.85,4,2010,AM3,Desktop,AM3,0,0
Intel Core i5-8200Y @ 1.30GHz,291.0,2169,7.453608247422681,1582,5.436426116838488,5.0,433.81,2,2018,FCBGA1515,Laptop,Other,0,0
Intel Core i3-5010U @ 2.10GHz,299.86,2166,7.223370906422997,1241,4.138598012405789,15.0,144.37,2,2015,FCBGA1168,Laptop,FCBGA1168,0,0
AMD A8-3820 APU,44.95,2165,48.16462736373748,1144,25.450500556173523,65.0,33.3,4,2012,FM1,Desktop,Other,0,0
Intel Pentium G3460 @ 3.50GHz,65.41,2165,33.098914539061305,1954,29.873108087448404,53.0,40.84,2,2014,LGA1150,Desktop,LGA1150,0,0
Intel Xeon L5520 @ 2.27GHz,49.0,2163,44.142857142857146,969,19.775510204081634,60.0,36.04,4,2010,LGA1366,Server,LGA1366,0,0
Intel Core m5-6Y54 @ 1.10GHz,268.54,2162,8.050942131526028,1213,4.517017948908914,7.0,308.87,2,2015,FCBGA1515,Laptop,Other,0,1
Unisoc ums9230,95.86,2161,22.54329230127269,908,9.472146880867932,15.36,,8,2021,unknown,Mobile/Embedded,unknown,1,1
AMD PRO A8-8600B,246.6,2160,8.75912408759124,1096,4.444444444444445,15.0,144.03,4,2015,BGA (FP4),Laptop,Other,0,1
MediaTek MT6771V/W,93.98,2160,22.983613534794635,869,9.246648223026176,15.97,,8,2021,unknown,Mobile/Embedded,unknown,1,1
Intel Xeon X3350 @ 2.66GHz,59.99,2158,35.97266211035173,1156,19.269878313052175,95.0,22.71,4,2008,LGA775,Server,LGA775,0,0
"Qualcomm Technologies, Inc SDM665",94.31,2156,22.860778284381293,892,9.458169865337716,15.94,,8,2021,unknown,Mobile/Embedded,unknown,1,1
MediaTek MT6768V/CA,95.46,2154,22.564424890006286,1034,10.831761994552693,13.65,,8,2021,unknown,Mobile/Embedded,unknown,1,1
AMD Phenom II X4 B45,95.43,2152,22.550560620349994,1249,13.088127423242167,105.51,,4,2009,unknown,Unknown,unknown,1,1
"Qualcomm Technologies, Inc SDM660",95.06,2148,22.5962549968441,956,10.056806227645698,13.77,,8,2021,unknown,Mobile/Embedded,unknown,1,1
AMD Athlon II X4 641 Quad-Core,12.33,2143,173.8037307380373,1192,96.67477696674777,100.0,21.43,4,2012,FM1,Desktop,Other,0,0
Intel Core i7-3517UE @ 1.70GHz,233.76,2141,9.158966461327857,1205,5.1548596851471595,17.0,125.92,2,2012,BGA1023,Laptop,BGA1023,0,1
Intel Pentium N4200 @ 1.10GHz,228.71,2140,9.356827423374579,857,3.7471033186130907,6.0,356.7,4,2016,FCBGA1296,Laptop,Other,0,0
AMD A10-7400P,104.24,2140,20.529547198772065,1070,10.264773599386032,35.0,61.15,4,2014,FP3,Laptop,Other,0,1
Intel Celeron J3455E @ 1.50GHz,144.31,2139,14.822257639803201,837,5.8000138590534265,10.0,213.89,4,2020,FCBGA1296,Desktop,Other,0,1
Virtual,67.45,2137,31.68272794662713,1224,18.14677538917717,13.41,,4,2021,unknown,Mobile/Embedded,unknown,1,1
AMD A8-7200P,94.91,2135,22.494995258666105,1092,11.505636919186598,35.0,60.99,4,2015,FP3,Laptop,Other,0,1
Intel Core i5-2560M @ 2.70GHz,80.19,2131,26.574385833645092,1259,15.700211996508294,40.22,,2,2014,unknown,Unknown,unknown,1,1
Intel Pentium G3440 @ 3.30GHz,59.0,2129,36.08474576271186,1895,32.11864406779661,53.0,40.18,2,2014,LGA1150,Desktop,LGA1150,0,0
MediaTek MT6763V/CE,96.26,2129,22.117182630376064,1106,11.489715354248908,14.01,,8,2021,unknown,Mobile/Embedded,unknown,1,1
Intel Pentium G3430 @ 3.30GHz,57.99,2125,36.644249008449734,1915,33.02293498879117,54.0,39.34,2,2013,FCLGA1150,Desktop,Other,0,0
AMD Athlon X4 640,44.24,2115,47.807414104882454,1224,27.667269439421336,95.0,22.26,4,2010,unknown,Unknown,unknown,0,1
Hardkernel ODROID-N2Plus,88.21,2115,23.976873370366174,888,10.066885840607641,16.68,,6,2022,unknown,Mobile/Embedded,unknown,1,1
Intel Core i3-3210 @ 3.20GHz,70.0,2112,30.17142857142857,1695,24.214285714285715,55.0,38.4,2,2013,LGA1155,Desktop,LGA1155,0,0
Intel Celeron G3930T @ 2.70GHz,97.17,2109,21.704229700524852,1650,16.980549552330967,35.0,60.26,2,2018,FCLGA1151,Desktop,FCLGA1151,0,0
Intel Core2 Quad Q9450 @ 2.66GHz,35.7,2109,59.07563025210084,1126,31.540616246498598,95.0,22.2,4,2008,LGA775,Desktop,LGA775,0,0
AMD Phenom II X4 B25,75.99,2108,27.740492170022375,1040,13.68601131727859,92.55,,4,2009,AM2+/AM3,Desktop,Other,1,1
AMD Athlon II X4 635,19.97,2108,105.55833750625939,1141,57.135703555333,95.0,22.19,4,2010,AM3,Desktop,AM3,0,0
Intel Pentium G3440T @ 2.80GHz,86.87,2107,24.25463336019339,1615,18.590998043052835,35.0,60.19,2,2014,LGA1150,Desktop,LGA1150,0,1
AMD 3015Ce,62.93,2105,33.44986492928651,1343,21.341172731606548,6.0,350.9,2,2021,FT5,Mobile/Embedded,Other,0,1
AMD Phenom II X4 B93,29.48,2104,71.37042062415196,1141,38.70420624151967,95.0,22.15,4,2010,AM3,Desktop,AM3,0,1
MediaTek MT6797X,118.87,2104,17.700008412551526,582,4.896104988643056,30.19,,10,2021,unknown,Mobile/Embedded,unknown,1,1
AMD Phenom II X4 820,69.95,2103,30.06433166547534,1138,16.268763402430306,95.0,22.14,4,2009,AM3,Desktop,AM3,0,0
Intel Atom E3950 @ 1.60GHz,217.42,2101,9.663324441173765,740,3.403550731303468,12.0,175.05,4,2016,BGA1296,Laptop,Other,0,1
Intel Core M-5Y31 @ 0.90GHz,291.28,2095,7.192392199945071,1345,4.61755012359242,4.5,465.51,2,2015,FCBGA1234,Laptop,Other,0,1
"Qualcomm Technologies, Inc SM6225",95.84,2095,21.859348914858096,974,10.162771285475793,14.98,,8,2022,unknown,Mobile/Embedded,unknown,1,1
Intel Core i5-2415M @ 2.30GHz,69.49,2094,30.133832206072817,1266,18.218448697654342,35.0,59.83,2,2011,BGA1023,Desktop,BGA1023,0,1
"Qualcomm Technologies, Inc SM6125",93.04,2094,22.50644883920894,860,9.243336199484093,16.22,,8,2021,unknown,Mobile/Embedded,unknown,1,1
AMD Athlon II X4 630,48.04,2093,43.56786011656953,1138,23.688592839300583,95.0,22.04,4,2009,AM3,Desktop,AM3,0,0
Intel Core i3-2125 @ 3.30GHz,152.0,2093,13.769736842105264,1550,10.197368421052632,65.0,32.19,2,2011,LGA1155,Desktop,LGA1155,0,0
Intel Pentium G2140 @ 3.30GHz,45.0,2092,46.48888888888889,1842,40.93333333333333,55.0,38.03,2,2014,LGA1155,Desktop,LGA1155,0,0
Intel Pentium G3258 @ 3.20GHz,32.66,2091,64.0232700551133,1863,57.04225352112677,53.0,39.45,2,2014,FCLGA1150,Desktop,Other,0,0
Intel Pentium G3450 @ 3.40GHz,57.97,2091,36.070381231671554,1836,31.671554252199414,53.0,39.44,2,2014,FCLGA1150,Desktop,Other,0,0
Intel Core i7-3517U @ 1.90GHz,236.3,2089,8.840457046127803,1299,5.497249259415996,17.0,122.89,2,2012,BGA1023,Laptop,BGA1023,0,1
T700-Unisoc,95.08,2088,21.96045435422802,1011,10.63315103071098,13.73,,8,2021,unknown,Mobile/Embedded,unknown,1,1
Intel Core i5-2435M @ 2.40GHz,79.41,2085,26.256139025311676,1300,16.370734164462913,35.0,59.57,2,2011,BGA1023,Laptop,BGA1023,0,1
Intel Pentium 4405U @ 2.10GHz,254.44,2085,8.194466278886967,1211,4.759471781166483,15.0,139.01,2,2015,FCBGA1356,Laptop,Other,0,1
AMD Athlon II X4 631 Quad-Core,9.96,2085,209.33734939759034,1118,112.24899598393573,100.0,20.85,4,2011,FM1,Desktop,Other,0,0
Intel Celeron G3900T @ 2.60GHz,112.46,2085,18.539925306775743,1549,13.773786235105817,35.0,59.58,2,2016,unknown,Desktop,unknown,0,0
AMD Opteron 1389,106.7,2079,19.484536082474225,1102,10.328022492970947,75.0,27.72,4,2014,AM2,Server,AM2,0,1
AMD Athlon II X4 655,53.04,2078,39.177978883861236,1473,27.771493212669682,95.0,21.87,4,2014,AM2+ (940-pin),Unknown,Other,0,1
AMD Opteron 2384,1299.0,2074,1.596612779060816,1074,0.8267898383371824,75.0,27.66,4,2009,F (1207),Server,Other,0,0
Intel Core M-5Y71 @ 1.20GHz,281.0,2069,7.362989323843417,1334,4.747330960854092,4.5,459.8,2,2015,FCBGA1234,Laptop,Other,0,0
Intel Core2 Quad Q9400 @ 2.66GHz,38.01,2068,54.4067350697185,1141,30.018416206261513,95.0,21.77,4,2008,LGA775,Desktop,LGA775,0,0
Intel Core i5-3337U @ 1.80GHz,225.0,2067,9.186666666666667,1281,5.693333333333333,17.0,121.57,2,2013,BGA1023,Laptop,BGA1023,0,0
Intel Xeon E5462 @ 2.80GHz,226.0,2067,9.146017699115044,1130,5.0,80.0,25.84,4,2009,LGA771,Server,Other,0,0
Intel Core2 Quad Q6700 @ 2.66GHz,99.95,2062,20.63031515757879,1077,10.775387693846923,105.0,19.64,4,2008,LGA775,Desktop,LGA775,0,0
AMD Opteron 3250 HE,99.0,2061,20.818181818181817,1003,10.131313131313131,45.0,45.8,2,2019,AM3+,Server,Other,0,0
Intel Core i5-2450M @ 2.50GHz,74.02,2060,27.83031613077547,1275,17.2250743042421,35.0,58.85,2,2011,BGA1023,Laptop,BGA1023,0,0
AMD Opteron 4162 EE,19.99,2058,102.95147573786895,382,19.109554777388695,35.0,58.81,6,2015,F (1207),Server,Other,0,0
MediaTek MT6771V/WM,93.92,2057,21.901618398637137,793,8.44335604770017,16.4,,8,2021,unknown,Mobile/Embedded,unknown,1,1
Intel Atom C2758 @ 2.40GHz,214.86,2056,9.569021688541374,333,1.5498464116168666,20.0,102.78,8,2015,BGA 1283,"Laptop, Mobile/Embedded",Other,0,0
AMD A6-3670 APU,176.59,2055,11.637125545047851,1129,6.393340506257433,100.0,20.55,4,2012,FM1,Desktop,Other,0,0
Intel Xeon X3230 @ 2.66GHz,349.95,2052,5.863694813544792,1091,3.1175882268895556,95.0,21.6,4,2009,LGA775,Server,LGA775,0,0
Intel Xeon L5420 @ 2.50GHz,27.5,2051,74.58181818181818,1103,40.10909090909091,50.0,41.02,4,2009,LGA771,Server,Other,0,0
Apple A9,66.41,2051,30.883903026652614,1183,17.813582291823522,8.35,,2,2021,unknown,Mobile/Embedded,unknown,1,1
Intel Xeon E3-1220L @ 2.20GHz,214.87,2050,9.540652487550611,1421,6.613301065760693,20.0,102.51,2,2011,LGA1155,Server,LGA1155,0,1
Intel Pentium G3260 @ 3.30GHz,59.97,2049,34.167083541770886,1867,31.132232783058196,53.0,38.65,2,2015,LGA1150,Desktop,LGA1150,0,0
AMD Phenom II X4 910e,69.9,2044,29.241773962804004,1076,15.393419170243204,65.0,31.44,4,2010,AM3,Desktop,AM3,0,0
Intel Core i7-640M @ 2.80GHz,229.95,2042,8.880191345944771,1385,6.023048488801914,35.0,58.34,2,2010,BGA1288,Laptop,Other,0,0
Intel Core m3-6Y30 @ 0.90GHz,281.0,2041,7.263345195729538,1229,4.3736654804270465,4.5,453.53,2,2015,FCBGA1515,Laptop,Other,0,0
AMD A6-3650 APU,128.0,2037,15.9140625,1096,8.5625,100.0,20.37,4,2011,FM1,Desktop,Other,0,0
Intel Core2 Quad Q8400 @ 2.66GHz,128.88,2036,15.79764121663563,1154,8.954065797641217,95.0,21.44,4,2009,LGA775,Desktop,LGA775,0,0
Intel Celeron G3900E @ 2.40GHz,107.0,2034,19.009345794392523,1499,14.009345794392523,35.0,58.12,2,2017,FCBGA1440,Laptop,FCBGA1440,0,0
Intel Atom T5700 @ 1.70GHz,152.07,2030,13.34911553889656,816,5.365949891497337,11.12,,4,2018,unknown,Laptop,unknown,1,1
Intel Core i3-2102 @ 3.10GHz,58.0,2029,34.98275862068966,1400,24.137931034482758,65.0,31.21,2,2016,FCLGA1155,Desktop,Other,0,0
Intel Xeon E7- 2830 @ 2.13GHz,1779.0,2027,1.1394041596402473,559,0.31422147273749296,105.0,19.31,4,2018,LGA1567,Server,Other,0,0
AMD Phenom II X4 830,19.01,2022,106.36507101525513,1083,56.9700157811678,95.0,21.29,4,2010,AM2+/AM3,Unknown,Other,0,0
Intel Core i7-920XM @ 2.00GHz,398.95,2021,5.065797719012408,1016,2.5466850482516605,55.0,36.75,4,2009,PGA988B,Laptop,Other,0,0
Intel Core2 Quad Q9505 @ 2.83GHz,190.0,2020,10.631578947368421,1190,6.2631578947368425,95.0,21.26,4,2009,LGA775,Desktop,LGA775,0,0
Intel Core i3-5005U @ 2.00GHz,308.0,2018,6.5519480519480515,1150,3.7337662337662336,15.0,134.54,2,2015,FCBGA1168,Laptop,FCBGA1168,0,0
Intel Core i5-655K @ 3.20GHz,77.99,2017,25.862290037184255,1446,18.540838569047313,73.0,27.63,2,2010,LGA1156,Desktop,Other,0,0
Intel Pentium G3450T @ 2.90GHz,87.48,2016,23.045267489711932,1135,12.974394147233653,35.0,57.59,2,2015,LGA1150,Desktop,LGA1150,0,1
Intel Core i3-3240T @ 2.90GHz,68.24,2013,29.498827667057448,1540,22.567409144196954,35.0,57.5,2,2012,LGA1155,Desktop,LGA1155,0,1
Intel Core2 Extreme Q9200 @ 2.40GHz,168.26,2011,11.95174135266849,1080,6.418637822417687,18.88,,4,2019,unknown,Desktop,unknown,1,1
Intel Core i5-2430M @ 2.40GHz,73.02,2007,27.485620377978638,1244,17.036428375787455,35.0,57.33,2,2011,PGA988B,Laptop,Other,0,0
Intel Core i7-2655LE @ 2.20GHz,211.64,1999,9.445284445284447,1231,5.816480816480817,25.0,79.95,2,2011,BGA1023,Desktop,BGA1023,0,1
Intel Core i7-620M @ 2.67GHz,112.87,1999,17.71064055993621,1285,11.384778949233631,35.0,57.13,2,2010,BGA1288,Laptop,Other,0,0
AMD Opteron 2427,55.0,1995,36.27272727272727,386,7.0181818181818185,75.0,26.6,6,2011,F (1207),Server,Other,0,0
Intel Core i7-2677M @ 1.80GHz,232.89,1993,8.557688178968613,1240,5.3244020782343595,17.0,117.26,2,2011,BGA1023,Laptop,BGA1023,0,1
HiSilicon Kirin 950,136.98,1991,14.534968608555994,717,5.234340779675866,19.48,,8,2021,unknown,Mobile/Embedded,unknown,1,1
Intel Pentium G3420 @ 3.20GHz,49.95,1990,39.83983983983984,1805,36.13613613613614,54.0,36.86,2,2013,FCLGA1150,Desktop,Other,0,0
AMD Athlon X4 750 Quad Core,94.75,1986,20.96042216358839,1338,14.121372031662268,65.0,30.55,4,2015,FM2,Desktop,Other,0,0
Intel Core i3-2130 @ 3.40GHz,67.15,1986,29.575577066269542,1557,23.18689501116902,65.0,30.55,2,2011,LGA1155,Desktop,LGA1155,0,0
Intel Xeon X3320 @ 2.50GHz,229.5,1986,8.65359477124183,1097,4.77995642701525,95.0,20.9,4,2009,LGA775,Server,LGA775,0,0
AMD A10-5757M APU,100.87,1985,19.678794487954793,1107,10.974521661544562,35.0,56.73,4,2013,FP2,Laptop,Other,0,1
"Qualcomm Technologies, Inc SDM662",97.02,1980,20.408163265306122,919,9.472273757988043,15.8,,8,2021,unknown,Mobile/Embedded,unknown,1,1
Intel Xeon X5355 @ 2.66GHz,299.95,1979,6.597766294382398,1060,3.5339223203867314,120.0,16.49,4,2009,LGA771,Server,Other,0,0
"Qualcomm Technologies, Inc 450",145.68,1978,13.5777045579352,459,3.1507413509060953,19.72,,8,2022,unknown,Mobile/Embedded,unknown,1,1
Intel Core i3-4025U @ 1.90GHz,246.2,1974,8.0178716490658,1100,4.467912266450041,15.0,131.6,2,2014,FCBGA1168,Laptop,FCBGA1168,0,1
Intel Core i5-3317U @ 1.70GHz,225.0,1972,8.764444444444445,1235,5.488888888888889,17.0,116.03,2,2012,BGA1023,Laptop,BGA1023,0,0
AMD Athlon II X4 615e,59.0,1967,33.33898305084746,1037,17.576271186440678,45.0,43.71,4,2010,AM3,Desktop,AM3,0,0
Intel Core i7-3689Y @ 1.50GHz,209.26,1967,9.399789735257574,1209,5.777501672560452,13.0,151.29,2,2013,FCBGA1023,Laptop,Other,0,1
Intel Core2 Quad Q9300 @ 2.50GHz,68.02,1962,28.844457512496327,1087,15.980593942957954,95.0,20.65,4,2008,LGA775,Desktop,LGA775,0,0
MT8788,98.46,1961,19.916717448710138,893,9.069672963640057,16.73,,8,2021,unknown,Mobile/Embedded,unknown,1,1
Intel Atom E3940 @ 1.60GHz,143.28,1960,13.679508654383026,676,4.718034617532105,9.5,206.32,4,2018,unknown,Laptop,unknown,0,1
AMD Athlon II X4 605e,19.97,1957,97.99699549323987,1005,50.325488232348526,45.0,43.49,4,2009,AM3,Desktop,AM3,0,0
Intel Core i5-2410M @ 2.30GHz,42.12,1954,46.39126305792973,1224,29.059829059829063,35.0,55.82,2,2010,"FCBGA1023, PPG",Laptop,Other,0,0
Intel Atom E3900 @ 1.60GHz,163.27,1953,11.96178109879341,675,4.134256140135971,10.69,,4,2017,unknown,Laptop,unknown,1,1
Intel Core i3-3220T @ 2.80GHz,39.99,1949,48.73718429607402,1506,37.65941485371343,35.0,55.7,2,2012,LGA1155,Desktop,LGA1155,0,0
Intel Core i3-4120U @ 2.00GHz,261.36,1948,7.453321089684725,1177,4.5033670033670035,15.0,129.84,2,2016,FCBGA1168,Laptop,FCBGA1168,0,1
"Qualcomm Technologies, Inc SDM636",99.49,1947,19.56980601065434,809,8.131470499547694,17.19,,8,2021,unknown,Mobile/Embedded,unknown,1,1
Intel Xeon E5506 @ 2.13GHz,90.0,1946,21.622222222222224,941,10.455555555555556,80.0,24.33,4,2009,LGA1366,Server,LGA1366,0,0
AMD Phenom 9850B Quad-Core,64.83,1946,30.016967453339504,992,15.301557920715718,95.0,20.48,4,2010,unknown,Unknown,unknown,0,1
Samsung Exynos 9610,100.41,1942,19.3407031172194,940,9.36161736878797,14.9,,8,2021,unknown,Mobile/Embedded,unknown,1,1
Intel Core i3-5015U @ 2.10GHz,263.43,1939,7.360589150818054,1071,4.065596173556543,15.0,129.29,2,2015,FCBGA1168,Laptop,FCBGA1168,0,1
AMD A8-3800 APU,109.95,1939,17.635288767621645,1064,9.67712596634834,65.0,29.83,4,2011,FM1,Desktop,Other,0,0
Intel Celeron N3450 @ 1.10GHz,185.08,1938,10.471147611843527,763,4.122541603630862,6.0,322.98,4,2016,FCBGA1296,Laptop,Other,0,0
AMD Athlon X4 730,144.17,1936,13.42859124644517,562,3.8981757647222035,65.0,29.78,2,2022,FM2,Desktop,Other,0,1
Intel Xeon X6550 @ 2.00GHz,79.0,1936,24.50632911392405,390,4.936708860759493,130.0,14.89,4,2013,LGA1567,Server,Other,0,0
Intel Xeon E5603 @ 1.60GHz,95.19,1935,20.327765521588404,712,7.479777287530203,80.0,24.18,4,2011,LGA1366,Server,LGA1366,0,0
AMD Athlon II X4 620,54.95,1934,35.19563239308462,1054,19.181073703366696,95.0,20.36,4,2009,AM3,Desktop,AM3,0,0
AMD A6-7480,37.42,1931,51.60342063067878,1638,43.77338321753073,65.0,29.71,2,2019,FM2+,Desktop,Other,0,0
Intel Xeon E5420 @ 2.50GHz,249.95,1931,7.725545109021804,1048,4.192838567713543,80.0,24.14,4,2009,LGA771,Server,Other,0,0
Intel Pentium G3250 @ 3.20GHz,75.0,1928,25.706666666666667,1811,24.14666666666667,53.0,36.37,2,2014,LGA1150,Desktop,LGA1150,0,0
Intel Xeon E5507 @ 2.27GHz,100.0,1928,19.28,997,9.97,80.0,24.1,4,2010,LGA1366,Server,LGA1366,0,0
Intel Xeon X3330 @ 2.66GHz,210.0,1928,9.18095238095238,1160,5.523809523809524,95.0,20.29,4,2010,LGA775,Server,LGA775,0,0
Intel Core i7-840QM @ 1.87GHz,338.9,1928,5.6889938034818535,1114,3.2871053408084983,45.0,42.85,4,2010,PGA988A,Laptop,Other,0,0
Intel Celeron G1850 @ 2.90GHz,39.99,1926,48.16204051012753,1695,42.385596399099775,54.0,35.67,2,2014,FCLGA1150,Desktop,Other,0,0
Intel Core i3-2120 @ 3.30GHz,27.44,1926,70.18950437317784,1517,55.28425655976676,65.0,29.62,2,2011,LGA1155,Desktop,LGA1155,0,0
AMD Athlon II X3 460,16.78,1924,114.66030989272943,1390,82.83671036948748,95.0,20.26,3,2011,AM3,Desktop,AM3,0,0
AMD Athlon 5370 APU,598.68,1923,3.212066546402085,755,1.2611077704282756,25.0,76.92,4,2016,"AM1,FS1B",Desktop,Other,0,0
Intel Xeon E5410 @ 2.33GHz,10.69,1923,179.88774555659495,1024,95.79045837231058,80.0,24.04,4,2009,LGA771,Server,Other,0,0
Intel Xeon L5410 @ 2.33GHz,100.08,1921,19.19464428457234,1029,10.281774580335732,50.0,38.42,4,2009,LGA771,Server,Other,0,0
"Qualcomm Technologies, Inc SM4250",159.57,1920,12.032336905433352,718,4.499592655261014,19.83,,8,2021,unknown,Mobile/Embedded,unknown,1,1
Intel Pentium G3240 @ 3.10GHz,116.99,1919,16.403111377040773,1749,14.949995726130439,53.0,36.21,2,2014,FCLGA1150,Desktop,Other,0,0
AMD Opteron 3320 EE,548.0,1918,3.5,838,1.5291970802919708,25.0,76.72,2,2016,AM3+,Server,Other,0,0
Intel Core i5-580M @ 2.67GHz,99.95,1914,19.149574787393696,1266,12.666333166583291,35.0,54.67,2,2010,BGA1288,Laptop,Other,0,0
Intel Pentium G3420T @ 2.70GHz,159.99,1912,11.950746921682605,1570,9.813113319582474,35.0,54.61,2,2014,LGA1150,Desktop,LGA1150,0,0
"Qualcomm Technologies, Inc MSM8976SG",170.15,1912,11.237143696738173,736,4.325595063179548,21.01,,8,2021,unknown,Mobile/Embedded,unknown,1,1
AMD Opteron X2170 APU,258.87,1911,7.382083671340827,832,3.213968401127979,25.0,76.43,4,2018,FT3,Server,Other,0,1
AMD A10 PRO-7350B APU,216.21,1910,8.834003977614357,911,4.2134961380139675,19.0,100.55,4,2014,FP3,Laptop,Other,0,1
AMD A10-4600M APU,98.99,1908,19.274674209516114,1063,10.73845843014446,35.0,54.53,2,2012,FS1r2,Laptop,Other,0,0
Samsung Exynos 9611,98.97,1908,19.278569263413157,1007,10.174800444579166,14.21,,8,2021,unknown,Mobile/Embedded,unknown,1,1
Intel Core i5-3439Y @ 1.50GHz,197.35,1907,9.663035216620218,1197,6.065366100836078,13.0,146.72,2,2013,BGA1023,Desktop,BGA1023,0,1
Intel Core i5-4422E @ 1.80GHz,266.0,1907,7.169172932330827,1048,3.9398496240601504,25.0,76.27,2,2017,FCBGA1364,Laptop,Other,0,0
AMD Phenom II X4 B05e,50.11,1906,38.036320095789264,974,19.43723807623229,75.94,,4,2012,unknown,Unknown,unknown,1,1
Intel Core M-5Y10a @ 0.80GHz,249.98,1905,7.620609648771902,993,3.972317785422834,4.5,423.33,2,2015,FCBGA1234,Laptop,Other,0,1
Intel Celeron N4500 @ 1.10GHz,72.21,1904,26.367539122005265,1282,17.753773715551866,6.0,317.25,2,2021,FCBGA1338,Mobile/Embedded,Other,0,1
AMD Opteron 2419 EE,64.77,1902,29.365446966188053,396,6.113941639647986,60.0,31.7,6,2014,F (1207),Server,Other,0,1
AMD A10-5750M APU,98.04,1902,19.400244798041616,1097,11.189310485516115,35.0,54.35,4,2013,FS1r2,Laptop,Other,0,0
AMD Phenom II X4 920,27.89,1899,68.08892076012907,1068,38.2932950878451,125.0,15.2,4,2009,AM2+,Desktop,Other,0,0
AMD Opteron 1385,45.0,1898,42.17777777777778,1035,23.0,115.0,16.51,4,2014,"AM2+,AM3",Server,Other,0,0
AMD Phenom II X4 905e,53.99,1895,35.09909242452306,1029,19.059085015743655,65.0,29.16,4,2009,AM3,Desktop,AM3,0,0
Intel Pentium G2130 @ 3.20GHz,43.64,1895,43.42346471127406,1745,39.98625114573785,55.0,34.46,2,2013,FCLGA1155,Desktop,Other,0,0
AMD Phenom 9950 Quad-Core,97.04,1892,19.497114591920855,1041,10.727535037098104,125.0,15.13,4,2008,AM2+,Desktop,Other,0,0
AMD PRO A6-8570,65.85,1889,28.68640850417616,1638,24.874715261959,65.0,29.06,2,2017,AM4,Desktop,AM4,0,1
Intel Core i5-2510E @ 2.50GHz,78.69,1889,24.005591561824883,1183,15.033676451899861,35.0,53.97,2,2011,PGA988B,Laptop,Other,0,1
AMD PRO A6-8550B,45.29,1885,41.620666813866194,1623,35.83572532567896,65.0,28.99,1,2016,FM2+,Desktop,Other,0,1
Intel Core M-5Y10 @ 0.80GHz,183.74,1885,10.259061717644498,1117,6.0792424077500815,4.5,418.86,2,2014,unknown,Laptop,unknown,0,1
Intel Core i5-2515E @ 2.50GHz,66.92,1882,28.123132098027494,1189,17.76748356246264,35.0,53.76,2,2011,BGA1023,Desktop,BGA1023,0,1
Intel Core i7-3555LE @ 2.50GHz,142.96,1880,13.15053161723559,980,6.855064353665361,25.0,75.2,2,2012,BGA1023,Laptop,BGA1023,0,1
Intel Celeron 4305UE @ 2.00GHz,110.05,1876,17.046796910495228,1213,11.022262607905498,15.0,125.04,2,2019,FCBGA1528,"Laptop, Mobile/Embedded",Other,0,1
AMD PRO A6-9500,74.0,1875,25.33783783783784,1618,21.864864864864863,65.0,28.85,2,2017,AM4,Desktop,AM4,0,0
Intel Core i3-4030U @ 1.90GHz,199.42,1875,9.40226657306188,1025,5.139905726607161,15.0,124.97,2,2014,FCBGA1168,Laptop,FCBGA1168,0,1
AMD Athlon II X4 610e,17.9,1871,104.52513966480448,999,55.81005586592179,45.0,41.59,4,2010,AM3,Desktop,AM3,0,0
Intel Core i3-2105 @ 3.10GHz,113.0,1871,16.557522123893804,1387,12.274336283185841,65.0,28.78,2,2011,LGA1155,Desktop,LGA1155,0,0
Intel Pentium G2120 @ 3.10GHz,74.99,1870,24.93665822109615,1708,22.77637018269103,55.0,34.0,2,2012,FCLGA1155,Desktop,Other,0,0
AMD A6-9500,75.42,1864,24.714929726862902,1618,21.45319543887563,65.0,28.68,2,2016,AM4,Desktop,AM4,0,0
AMD Opteron 2378,14.49,1864,128.64044168391993,936,64.59627329192547,75.0,24.86,4,2009,F (1207),Server,Other,0,0
"Qualcomm Technologies, Inc SDM460",171.17,1861,10.872232283694574,750,4.38160892679792,22.84,,8,2021,unknown,Mobile/Embedded,unknown,1,1
Intel Core i5-4230U @ 1.90GHz,129.62,1853,14.295633389908964,1620,12.49807128529548,15.0,123.55,2,2018,FCBGA1364,Laptop,Other,0,1
Intel Core i3-4110U @ 1.90GHz,182.49,1853,10.153981040056989,1119,6.1318428407036,11.74,,2,2015,unknown,Laptop,unknown,1,1
Intel Pentium 1403 @ 2.60GHz,38.65,1851,47.89133247089263,990,25.614489003880983,80.0,23.14,2,2013,LGA1356,Server,Other,0,1
ARM Cortex-A53 6 Core 1896 MHz,165.72,1851,11.169442433019551,751,4.531740284817765,22.82,,6,2021,unknown,Unknown,unknown,1,1
Intel Celeron G3900TE @ 2.30GHz,67.66,1850,27.342595329589123,1402,20.721253325450785,35.0,52.86,2,2018,FCLGA1151,Laptop,FCLGA1151,0,0
AMD Phenom II X4 810,213.0,1849,8.68075117370892,1018,4.779342723004695,95.0,19.46,4,2009,AM3,Desktop,AM3,0,0
Intel Pentium G3220 @ 3.00GHz,64.8,1849,28.533950617283953,1695,26.15740740740741,54.0,34.24,2,2013,FCLGA1150,Desktop,Other,0,0
Intel Core i3-4100E @ 2.40GHz,225.0,1848,8.213333333333333,1390,6.177777777777778,37.0,49.96,2,2021,FCBGA1364,Mobile/Embedded,Other,0,0
MediaTek MT8183,92.68,1847,19.928787224859732,857,9.246870953819593,18.32,,8,2021,unknown,Mobile/Embedded,unknown,1,1
Intel Core i3-2310E @ 2.10GHz,225.0,1845,8.2,733,3.2577777777777777,35.0,52.73,2,2012,FCBGA1023,Laptop,Other,0,0
Intel Core2 Extreme Q9300 @ 2.53GHz,105.43,1845,17.49976287584179,1046,9.921274779474532,45.0,41.0,4,2008,PGA478,Desktop,PGA478,0,1
AMD Phenom II X3 B77,22.29,1844,82.72768057424855,1310,58.77074921489457,95.0,19.41,3,2012,AM2+/AM3,Unknown,Other,0,0
AMD Phenom II X4 805,173.99,1844,10.598310247715386,999,5.741709293637565,95.0,19.42,4,2009,AM3,Desktop,AM3,0,0
AMD A8-5550M APU,82.68,1844,22.302854378326074,1030,12.457668118045476,35.0,52.69,4,2013,FS1r2,Laptop,Other,0,1
AMD A6-9500E,74.45,1841,24.728005372733378,1478,19.852249832102082,35.0,52.59,2,2018,AM4,Desktop,AM4,0,0
UIS7862A,94.89,1839,19.38033512488144,951,10.022130888397092,16.18,,8,2022,unknown,Mobile/Embedded,unknown,1,1
Intel Xeon X3323 @ 2.50GHz,19.36,1837,94.88636363636364,1059,54.7004132231405,80.0,22.96,4,2014,LGA775,Server,LGA775,0,0
AMD FX-7500 APU,167.42,1835,10.960458726555968,907,5.417512841954367,19.0,96.56,4,2014,FP3,Laptop,Other,0,1
AMD Athlon II X3 455,39.99,1832,45.8114528632158,1343,33.58339584896224,95.0,19.29,3,2010,AM3,Desktop,AM3,0,0
Intel Core i5-560M @ 2.67GHz,88.92,1832,20.602789023841655,1238,13.922627080521817,35.0,52.35,2,2010,BGA1288,Laptop,Other,0,0
AMD A6-3620 APU,22.49,1830,81.36949755446865,987,43.886171631836376,65.0,28.16,4,2012,FM1,Desktop,Other,0,0
AMD Phenom II X4 B15e,54.16,1825,33.69645494830133,1069,19.737813884785822,86.17,,4,2010,AM2+/AM3,Desktop,Other,1,1
Intel Core i3-3130M @ 2.60GHz,71.55,1824,25.49266247379455,1067,14.912648497554159,35.0,52.13,2,2013,BGA1023,Laptop,BGA1023,0,1
SAMSUNG Exynos7420,140.88,1824,12.94718909710392,716,5.082339579784214,21.26,,8,2021,unknown,Mobile/Embedded,unknown,1,1
Intel Core i3-2330E @ 2.20GHz,65.61,1823,27.785398567291573,1063,16.201798506325254,35.0,52.1,2,2014,rPGA988,Desktop,Other,0,1
Intel Core M-5Y10c @ 0.80GHz,281.0,1822,6.483985765124555,1080,3.8434163701067616,4.5,404.97,2,2015,FCBGA1234,Laptop,Other,0,0
Intel Core i3-2100 @ 3.10GHz,116.19,1819,15.655392030295207,1426,12.273001118857044,65.0,27.98,2,2011,LGA1155,Desktop,LGA1155,0,0
Intel Xeon X3220 @ 2.40GHz,66.14,1819,27.50226791654067,942,14.242515875415785,105.0,17.32,4,2009,LGA775,Server,LGA775,0,0
Intel Core i7-610E @ 2.53GHz,85.38,1818,21.29304286718201,1400,16.39728273600375,35.0,51.93,2,2011,BGA1288,Laptop,Other,0,1
Intel Core i5-4302Y @ 1.60GHz,179.42,1817,10.127076134210233,1084,6.0416898896444104,11.5,158.0,2,2014,FCBGA1168,Desktop,FCBGA1168,0,1
AMD A8-6500T APU,59.95,1816,30.291909924937446,1048,17.481234361968305,45.0,40.35,2,2014,FM2,Desktop,Other,0,0
Intel Xeon E5345 @ 2.33GHz,39.99,1814,45.36134033508377,947,23.680920230057513,80.0,22.68,4,2008,LGA771,Server,Other,0,0
Intel Core2 Quad Q8300 @ 2.50GHz,34.3,1814,52.886297376093296,1059,30.87463556851312,95.0,19.1,4,2009,LGA775,Desktop,LGA775,0,0
Intel Core i7-2637M @ 1.70GHz,194.69,1811,9.301967229955313,1130,5.804098823771123,17.0,106.52,2,2011,BGA1023,Laptop,BGA1023,0,1
AMD Athlon X4 620,64.95,1810,27.867590454195533,1033,15.904541955350268,95.0,19.06,4,2009,unknown,Unknown,unknown,0,0
"Qualcomm Technologies, Inc SDM632",151.05,1809,11.976166832174776,745,4.932141674942072,22.68,,8,2021,unknown,Mobile/Embedded,unknown,1,1
AMD Athlon II X3 445,15.21,1808,118.86916502301116,1282,84.28665351742275,95.0,19.03,3,2010,AM3,Desktop,AM3,0,0
Intel Core M-5Y70 @ 1.10GHz,207.09,1807,8.725674827369742,1049,5.0654304891593025,4.5,401.46,2,2014,BGA1234,Laptop,Other,0,1
AMD Phenom 9750 Quad-Core,48.02,1804,37.5676801332778,942,19.61682632236568,125.0,14.43,4,2008,AM2+,Desktop,Other,0,0
AMD A8-7410 APU,140.38,1801,12.829462886451061,799,5.691693973500499,25.0,72.06,4,2015,unknown,Laptop,unknown,0,1
AMD A6-7470K,35.22,1799,51.07893242475866,1576,44.747302668938104,65.0,27.68,1,2016,FM2+,Desktop,Other,0,0
AMD Opteron 1381,47.52,1797,37.81565656565656,1011,21.275252525252522,75.0,23.96,4,2012,AM3,Server,AM3,0,1
Intel Core2 Quad Q8200 @ 2.33GHz,63.99,1797,28.082512892639475,1014,15.84622597280825,95.0,18.92,4,2008,LGA775,Desktop,LGA775,0,0
AMD Phenom II X940 Quad-Core,112.19,1797,16.01747036277743,785,6.997058561369106,45.0,39.94,4,2014,S1,Laptop,S1,0,1
AMD GX-420MC SOC,189.11,1796,9.497118079424673,695,3.6751097244989688,17.5,102.64,4,2014,FTB3b,Laptop,Other,0,1
AMD Athlon X4 530,159.92,1786,11.168084042021011,690,4.314657328664333,25.0,71.42,4,2021,AM1,Desktop,Other,0,1
AMD Phenom X4 Quad-Core GP-9730,83.19,1784,21.444885202548384,957,11.50378651280202,27.33,,4,2016,AM2+ (940-pin),Desktop,Other,1,1
Snapdragon 835,67.18,1784,26.555522476927653,1016,15.12354867520095,9.0,198.26,8,2021,unknown,Unknown,unknown,0,1
AMD Athlon X3 455,34.14,1783,52.22612770943175,1227,35.9402460456942,95.0,18.77,3,2012,AM2+/AM3,Unknown,Other,0,1
Intel Core i7-740QM @ 1.73GHz,99.95,1782,17.828914457228613,1009,10.095047523761881,45.0,39.59,4,2010,PGA988A,Laptop,Other,0,0
AMD Athlon X3 435,95.49,1781,18.65116766153524,1192,12.482982511257724,95.0,18.75,3,2009,unknown,Unknown,unknown,0,0
"Qualcomm Technologies, Inc SDM630",129.43,1780,13.752607587112724,612,4.728424631074712,21.32,,8,2021,unknown,Mobile/Embedded,unknown,1,1
Intel Core2 Quad Q6600 @ 2.40GHz,95.6,1778,18.598326359832637,958,10.02092050209205,105.0,16.93,4,2008,LGA775,Desktop,LGA775,0,0
AMD A8-6410 APU,174.53,1777,10.181630665215149,787,4.509253423480204,15.0,118.45,4,2014,BGA769 (FT3b),Laptop,Other,0,1
AMD Phenom II X4 910,100.0,1776,17.76,988,9.88,95.0,18.7,4,2009,AM3,Desktop,AM3,0,0
AMD A8-5557M APU,78.59,1774,22.57284641811935,1084,13.793103448275861,35.0,50.68,4,2013,FP2,Laptop,Other,0,1
AMD R-464L APU,64.28,1773,27.582451773490977,1123,17.470441817050403,35.0,50.65,4,2012,FS1r2,Unknown,Other,0,1
Intel Core i7-820QM @ 1.73GHz,129.0,1768,13.705426356589147,1029,7.976744186046512,45.0,39.29,4,2009,PGA988A,Laptop,Other,0,0
AMD Phenom II N830 3+1,93.65,1768,18.878804057661505,935,9.983982915109449,35.0,50.52,4,2014,S1,Laptop,S1,0,1
AMD GX-420CA SOC,132.79,1767,13.306724903983735,669,5.0380299721364565,25.0,70.69,4,2013,FT3 (769-BGA),Laptop,Other,0,1
Intel Core2 Quad Q9100 @ 2.26GHz,385.89,1764,4.571250874601571,930,2.4100132162015084,45.0,39.2,4,2009,PGA478,Laptop,PGA478,0,0
AMD Athlon II X3 450,28.02,1763,62.91934332619557,1292,46.10992148465382,95.0,18.56,3,2010,AM3,Desktop,AM3,0,0
Intel Xeon L5408 @ 2.13GHz,49.48,1761,35.59013742926435,935,18.896523848019402,40.0,44.04,4,2014,LGA771,Server,Other,0,1
AMD A10-4657M APU,86.82,1759,20.26030868463488,940,10.826998387468326,35.0,50.27,4,2013,FP2,Laptop,Other,0,1
Intel Celeron G1840 @ 2.80GHz,69.0,1758,25.47826086956522,1612,23.36231884057971,53.0,33.17,2,2014,FCLGA1150,Desktop,Other,0,0
Intel Atom C3538 @ 2.10GHz,75.0,1756,23.413333333333334,669,8.92,15.0,117.06,4,2018,FCBGA1310,Server,Other,0,0
Intel Pentium G3240T @ 2.70GHz,60.72,1755,28.90316205533597,1558,25.658761528326746,35.0,50.14,2,2014,LGA1150,Desktop,LGA1150,0,1
Intel Pentium G3260T @ 2.90GHz,49.99,1755,35.10702140428086,1568,31.366273254650928,35.0,50.13,2,2015,LGA1150,Desktop,LGA1150,0,0
Intel Core i5-540M @ 2.53GHz,48.99,1752,35.762400489895896,1133,23.127168809961216,35.0,50.06,2,2010,BGA1288,Laptop,Other,0,0
MediaTek MT8768WT,114.39,1748,15.281056036366815,609,5.323891948596906,18.99,,8,2021,unknown,Mobile/Embedded,unknown,1,1
MT6765,115.01,1748,15.198678375793408,629,5.46908964437875,18.99,,8,2021,unknown,Mobile/Embedded,unknown,1,1
MT6797M,87.43,1745,19.958824202218917,854,9.76781425140112,34.67,,10,2021,unknown,Mobile/Embedded,unknown,1,1
Intel Core i3-4000M @ 2.40GHz,58.11,1744,30.01204611942867,1269,21.837893649974188,37.0,47.13,2,2013,FCPGA946,Laptop,Other,0,0
HP Hexa-Core 2.0GHz,504.27,1741,3.4525155174807147,804,1.5943839609732882,26.1,,4,2014,unknown,Unknown,unknown,1,0
AMD A10-5745M APU,118.2,1738,14.70389170896785,975,8.248730964467004,25.0,69.53,4,2013,FP2,Laptop,Other,0,1
AMD Athlon 5350 APU,129.0,1737,13.465116279069768,698,5.410852713178294,25.0,69.48,4,2014,"AM1,FS1B",Desktop,Other,0,0
AMD Phenom 9600B Quad-Core,39.95,1736,43.45431789737171,937,23.454317897371713,95.0,18.27,4,2009,AM2+,Desktop,Other,0,0
AMD A6-7310 APU,129.65,1736,13.38989587350559,787,6.070188970304666,25.0,69.45,4,2015,unknown,Laptop,unknown,0,1
AMD GX-424CC SOC,133.9,1735,12.957430918595966,799,5.967139656460045,25.0,69.38,4,2014,FT3b,Laptop,Other,0,1
AArch64 rev 4 (aarch64),74.26,1735,23.363856719633716,648,8.72609749528683,16.1,,8,2021,unknown,Unknown,unknown,1,1
AMD Opteron 2356,89.95,1733,19.266259032795997,849,9.43857698721512,75.0,23.1,4,2009,F (1207),Server,Other,0,0
Intel Core i5-2557M @ 1.70GHz,163.32,1732,10.604947342640216,1048,6.416850355131031,17.0,101.86,2,2011,BGA1023,Laptop,BGA1023,0,1
MT6752,111.88,1728,15.445119771183412,486,4.343939935645334,18.64,,8,2021,unknown,Mobile/Embedded,unknown,1,1
Intel Pentium G3250T @ 2.80GHz,49.99,1726,34.52690538107621,1568,31.366273254650928,35.0,49.3,2,2015,LGA1150,Desktop,LGA1150,0,0
MediaTek MT8768CT,112.69,1724,15.298606797408821,615,5.457449640606975,18.99,,8,2021,unknown,Mobile/Embedded,unknown,1,1
MediaTek MT6797T,130.06,1723,13.247731816084883,533,4.098108565277564,30.74,,10,2021,unknown,Mobile/Embedded,unknown,1,1
AMD Phenom X2 Dual-Core GE-6060,69.56,1722,24.75560667050029,1160,16.67625071880391,38.78,,2,2012,unknown,Unknown,unknown,1,1
AMD Athlon II X3 440,14.76,1718,116.39566395663957,1220,82.65582655826559,95.0,18.09,3,2010,AM3,Desktop,AM3,0,0
Intel Core i3-4158U @ 2.00GHz,95.48,1718,17.99329702555509,1005,10.525764558022622,28.0,61.36,2,2014,FCBGA1168,Laptop,FCBGA1168,0,1
AMD A10-7300 APU,132.22,1715,12.970806232037514,847,6.405990016638935,19.0,90.29,4,2014,FP3,Laptop,Other,0,1
"Qualcomm Technologies, Inc APQ8053",115.25,1712,14.854663774403472,557,4.83297180043384,18.68,,8,2021,unknown,Mobile/Embedded,unknown,1,1
AMD Athlon II X4 600e,19.99,1711,85.59279639819911,913,45.67283641820911,45.0,38.02,4,2009,AM3,Desktop,AM3,0,0
Intel Pentium G2030 @ 3.00GHz,29.0,1711,59.0,1599,55.13793103448276,55.0,31.11,2,2013,FCLGA1155,Desktop,Other,0,0
Intel Celeron G1630 @ 2.80GHz,69.99,1707,24.38919845692242,1553,22.18888412630376,55.0,31.04,2,2013,FCLGA1155,Desktop,Other,0,0
AMD PRO A6-8500B,153.13,1704,11.127799908574413,1365,8.913994645072814,15.0,113.6,2,2016,FP4,Laptop,Other,0,1
AMD Opteron 1356,89.99,1703,18.924324924991666,918,10.201133459273253,75.0,22.7,4,2009,AM2,Server,AM2,0,0
HiSilicon Kirin 659,113.15,1703,15.05081749889527,665,5.877154220061865,18.99,,8,2021,unknown,Mobile/Embedded,unknown,1,1
AMD PRO A4-3350B APU,171.15,1702,9.944493134677183,779,4.5515629564709315,15.0,113.44,4,2016,FT3b,Laptop,Other,0,1
AMD Phenom 9650 Quad-Core,39.99,1699,42.48562140535134,924,23.105776444111026,95.0,17.89,4,2008,AM2+,Desktop,Other,0,0
AMD Phenom FX-5200 Quad-Core,42.6,1699,39.88262910798122,919,21.572769953051644,65.0,26.14,4,2010,AM3,Unknown,AM3,0,1
Intel Pentium 4425Y @ 1.70GHz,161.0,1697,10.540372670807454,967,6.0062111801242235,6.0,282.8,2,2020,FCBGA1515,Laptop,Other,0,0
Intel Core i3-560 @ 3.33GHz,36.97,1696,45.87503381119827,1379,37.30051393021369,73.0,23.23,2,2010,LGA1156,Desktop,Other,0,0
Intel Atom x6211E @ 1.20GHz,35.0,1695,48.42857142857143,1304,37.25714285714286,6.0,282.52,2,2021,FCBGA1493,Mobile/Embedded,Other,0,0
Intel Celeron 4305U @ 2.20GHz,107.0,1694,15.83177570093458,1378,12.878504672897197,15.0,112.91,2,2021,FCBGA1528,Mobile/Embedded,Other,0,0
Intel Celeron 3965U @ 2.20GHz,107.0,1692,15.813084112149532,1356,12.672897196261681,15.0,112.82,2,2017,FCBGA1356,Laptop,Other,0,0
Intel Pentium G2100T @ 2.60GHz,65.51,1691,25.812852999542052,1460,22.286673790261027,35.0,48.33,2,2016,LGA1155,Desktop,LGA1155,0,1
Intel Celeron J4025 @ 2.00GHz,110.87,1688,15.225038333183006,1234,11.13015243077478,10.0,168.79,2,2020,FCBGA1090,Desktop,Other,0,1
MT6765V/WB,115.06,1688,14.670606640013906,596,5.17990613592908,20.28,,8,2021,unknown,Mobile/Embedded,unknown,1,1
Intel Core i7-2617M @ 1.50GHz,184.37,1687,9.150078646200575,1092,5.9228724846775505,17.0,99.22,2,2011,BGA1023,Laptop,BGA1023,0,1
AMD A4-6250J APU,106.0,1685,15.89622641509434,700,6.60377358490566,25.0,67.4,4,2014,unknown,Unknown,unknown,0,1
Intel Pentium G2020 @ 2.90GHz,50.0,1684,33.68,1566,31.32,55.0,30.61,2,2013,FCLGA1155,Desktop,Other,0,0
Intel Core i5-520M @ 2.40GHz,28.02,1683,60.06423982869379,1083,38.650963597430405,35.0,48.09,2,2010,BGA1288,Laptop,Other,0,0
AMD Phenom 9850 Quad-Core,129.99,1680,12.924071082390952,925,7.115931994768828,125.0,13.44,4,2008,AM2+,Desktop,Other,0,0
AMD PRO A6-7350B,117.6,1679,14.277210884353742,1535,13.052721088435375,15.0,111.93,2,2018,FMA4,Laptop,Other,0,1
Intel Xeon L5335 @ 2.00GHz,18.79,1678,89.30282064928154,827,44.012772751463544,50.0,33.56,4,2007,LGA771,Server,Other,0,0
AMD A9-9430,77.8,1676,21.54241645244216,1441,18.52185089974293,38.14,,2,2017,unknown,Desktop,unknown,1,1
Intel Celeron 6305E @ 1.80GHz,107.0,1675,15.654205607476635,1083,10.121495327102803,15.0,111.68,2,2021,FCBGA1449,Mobile/Embedded,Other,0,0
AMD Athlon II X3 435,159.95,1670,10.440762738355737,1188,7.427321037824321,95.0,17.58,3,2009,AM3,Desktop,AM3,0,0
Intel Celeron G1820 @ 2.70GHz,62.3,1670,26.80577849117175,1520,24.398073836276083,53.0,31.51,2,2014,FCLGA1150,Desktop,Other,0,0
AMD Phenom II X920 Quad-Core,84.61,1669,19.725800732773905,944,11.157073631958397,45.0,37.09,4,2010,S1,Laptop,S1,0,1
AMD A6-6310 APU,172.52,1666,9.656851379550197,750,4.347322049617436,15.0,111.06,4,2014,FT3,Laptop,Other,0,1
Intel Xeon E5405 @ 2.00GHz,59.0,1664,28.203389830508474,877,14.864406779661017,80.0,20.8,4,2009,LGA771,Server,Other,0,0
Samsung Exynos 7880,128.14,1664,12.985796784766663,466,3.6366474168877794,21.35,,8,2021,unknown,Mobile/Embedded,unknown,1,1
AMD A4-7210 APU,127.63,1663,13.029851915693802,725,5.680482645146125,25.0,66.53,4,2015,BGA,Laptop,Other,0,1
MediaTek MT6765V/CB,130.78,1663,12.716011622572259,589,4.503746750267625,21.47,,8,2021,unknown,Mobile/Embedded,unknown,1,1
Samsung Exynos 7885,108.21,1663,15.368265409851215,854,7.892061731817762,18.71,,8,2021,unknown,Mobile/Embedded,unknown,1,1
AMD PRO A6-9500E,74.0,1662,22.45945945945946,1493,20.175675675675677,35.0,47.5,2,2017,AM4,Desktop,AM4,0,0
Intel Core i7-720QM @ 1.60GHz,99.95,1661,16.61830915457729,965,9.654827413706853,45.0,36.92,4,2009,PGA988A,Laptop,Other,0,0
MediaTek MT6765V/CA,130.31,1659,12.731179495050265,611,4.688818970148108,22.28,,8,2021,unknown,Mobile/Embedded,unknown,1,1
Samsung Exynos 7904,136.69,1657,12.122320579413271,742,5.428341502670276,23.99,,8,2021,unknown,Mobile/Embedded,unknown,1,1
Intel Core i3-4030Y @ 1.60GHz,178.49,1654,9.266625581265057,901,5.047901843240518,11.5,143.85,2,2014,FCBGA1168,Laptop,FCBGA1168,0,1
"Qualcomm Technologies, Inc MSM8953",129.97,1654,12.726013695468184,519,3.993229206740017,21.92,,8,2021,unknown,Mobile/Embedded,unknown,1,1
AMD A6-5200 APU,122.54,1653,13.489472825199934,659,5.377835808715521,25.0,66.1,4,2013,FT3,Laptop,Other,0,1
HiSilicon Kirin 650,126.45,1653,13.072360616844602,628,4.966389877421906,22.28,,8,2021,unknown,Mobile/Embedded,unknown,1,1
AMD A4 PRO-3340B,129.22,1652,12.784398699891657,657,5.084352267450859,25.0,66.1,4,2015,BGA769 (FT3),Laptop,Other,0,1
AMD Phenom X4 Quad-Core GP-9600,117.5,1649,14.034042553191489,764,6.502127659574468,95.0,17.36,4,2009,AM2+,Desktop,Other,0,1
AMD A6-3600 APU,24.95,1649,66.09218436873748,896,35.91182364729459,65.0,25.37,4,2011,FM1,Desktop,Other,0,0
MT6757W,124.97,1648,13.187164919580699,592,4.737136912859087,21.92,,8,2021,unknown,Mobile/Embedded,unknown,1,1
Intel Core i3-4010U @ 1.70GHz,124.95,1647,13.181272509003602,905,7.242897158863546,15.0,109.77,2,2013,BGA1168,Laptop,Other,0,0
AMD Phenom II N970 Quad-Core,149.99,1647,10.980732048803253,902,6.0137342489499295,35.0,47.05,4,2011,S1,Laptop,S1,0,0
AMD A8-7100 APU,126.25,1644,13.021782178217821,847,6.708910891089109,19.0,86.54,4,2014,FP3,Laptop,Other,0,1
AMD A6 PRO-7400B,38.32,1641,42.823590814196244,1494,38.987473903966595,65.0,25.24,1,2014,FM2+,Desktop,Other,0,1
Intel Core i3-3120M @ 2.50GHz,129.0,1641,12.720930232558139,1270,9.844961240310077,35.0,46.89,2,2012,PGA988,Laptop,Other,0,0
Rockchip RK,124.0,1641,13.233870967741936,783,6.314516129032258,21.28,,8,2021,unknown,Mobile/Embedded,unknown,1,1
AMD A10-4655M APU,111.34,1637,14.702712412430392,902,8.101311298724626,25.0,65.48,2,2012,FP2,Laptop,Other,0,1
AMD Phenom 9550 Quad-Core,29.99,1636,54.5515171723908,873,29.109703234411473,95.0,17.23,4,2008,AM2+,Desktop,Other,0,0
AMD Opteron 2373 EE,56.82,1635,28.77507919746568,814,14.325941569869764,60.0,27.25,4,2018,F (1207),Server,Other,0,1
Nvidia Tegra T210,121.58,1635,13.44793551570982,722,5.938476723145254,22.19,,4,2021,unknown,Mobile/Embedded,unknown,1,1
Intel Core i3-4005U @ 1.70GHz,180.14,1634,9.070722771177973,902,5.0072166093038755,15.0,108.96,2,2014,FCBGA1168,Laptop,FCBGA1168,0,1
Intel Core i3-2100T @ 2.50GHz,49.13,1634,33.258701404437204,1183,24.078974150213718,35.0,46.69,2,2011,LGA1155,Desktop,LGA1155,0,0
Snapdragon 888,89.95,1630,18.12117843246248,1190,13.229571984435797,17.17,,4,2022,unknown,Mobile/Embedded,unknown,1,1
AMD Embedded R-Series RX-216GD,110.11,1628,14.785214785214785,1313,11.92443919716647,15.0,108.54,2,2017,BGA (FP4),"Laptop, Mobile/Embedded",Other,0,1
AMD A8-4500M APU,69.95,1624,23.216583273766975,887,12.68048606147248,35.0,46.4,2,2012,FS1r2,Laptop,Other,0,0
Intel Pentium G3320TE @ 2.30GHz,59.07,1623,27.475876079228033,1314,22.244794311833417,35.0,46.38,2,2014,FCLGA1150,Desktop,Other,0,1
AMD Opteron 1354,238.01,1620,6.806436704340154,864,3.630099575648082,75.0,21.6,4,2009,AM2,Server,AM2,0,0
AMD Phenom 9600 Quad-Core,39.95,1619,40.52565707133917,904,22.62828535669587,95.0,17.04,4,2008,AM2+,Desktop,Other,0,0
Intel Core i5 E 520 @ 2.40GHz,55.24,1619,29.308472121650976,1032,18.682114409847937,35.0,46.26,2,2010,BGA1288,Desktop,Other,0,1
AMD A6-6400B APU,45.9,1616,35.20697167755991,1608,35.032679738562095,65.0,24.85,1,2014,FM2,Desktop,Other,0,1
MediaTek MT6797,129.22,1616,12.50580405509983,666,5.154000928648816,34.34,,10,2021,unknown,Mobile/Embedded,unknown,1,1
Intel Celeron G1820T @ 2.40GHz,42.0,1614,38.42857142857143,1396,33.23809523809524,35.0,46.11,2,2014,LGA1150,Desktop,LGA1150,0,0
Intel Pentium G2120T @ 2.70GHz,69.21,1613,23.305880653084817,1493,21.572027163704668,35.0,46.09,2,2020,FCLGA1155,Desktop,Other,0,1
MediaTek MT6757CD,125.56,1612,12.838483593501115,624,4.969735584581077,22.28,,8,2021,unknown,Mobile/Embedded,unknown,1,1
Samsung Exynos 7420,100.54,1612,16.033419534513627,812,8.076387507459717,19.57,,8,2021,unknown,Mobile/Embedded,unknown,1,1
Intel Celeron N4000C @ 1.10GHz,124.66,1611,12.923150970640142,1150,9.22509225092251,6.0,268.43,2,2019,FCBGA1090,Laptop,Other,0,1
AMD A8-5545M APU,125.52,1611,12.834608030592735,880,7.0108349267049075,19.0,84.78,4,2013,FP2,Laptop,Other,0,1
Intel Core i3-3110M @ 2.40GHz,69.95,1609,23.002144388849178,1255,17.941386704789135,35.0,45.96,2,2012,BGA1023,Laptop,BGA1023,0,0
Intel Celeron 2000E @ 2.20GHz,95.33,1607,16.857232770376587,1282,13.4480226581349,37.0,43.43,2,2017,FCBGA1364,Laptop,Other,0,1
MT6765V/WA,125.56,1606,12.790697674418604,617,4.913985345651481,22.28,,8,2021,unknown,Mobile/Embedded,unknown,1,1
Unisoc T310,88.59,1606,18.12845693644881,1154,13.026300936900327,17.37,,4,2022,unknown,Mobile/Embedded,unknown,1,1
AMD A6-8550,54.37,1604,29.501563362148246,1474,27.11053890012875,65.0,24.68,2,2015,FM2+,Desktop,Other,0,1
MT6757WD,125.24,1602,12.791440434366018,620,4.9504950495049505,22.28,,8,2021,unknown,Mobile/Embedded,unknown,1,1
Intel Pentium 4415Y @ 1.60GHz,161.0,1600,9.937888198757763,899,5.583850931677019,6.0,266.6,2,2018,FCBGA1515,Laptop,Other,0,0
AMD Phenom FX-5000 Quad-Core,53.89,1599,29.67155316385229,826,15.327519020226386,65.0,24.61,4,2009,AM2+,Unknown,Other,0,1
Intel Xeon X3210 @ 2.13GHz,185.71,1599,8.610198696893004,875,4.711647191858273,105.0,15.23,4,2008,LGA775,Server,LGA775,0,0
MT6755V/W,124.42,1596,12.827519691367947,553,4.444623050956438,21.64,,8,2021,unknown,Mobile/Embedded,unknown,1,1
Intel Core i5-4220Y @ 1.60GHz,172.47,1591,9.22479271757407,952,5.519800545022322,11.5,138.33,2,2015,FCBGA1364,Laptop,Other,0,1
Qualcomm MSM8953,122.3,1589,12.992641046606705,486,3.973834832379395,21.87,,8,2021,unknown,Mobile/Embedded,unknown,1,1
Intel Core i3-550 @ 3.20GHz,18.46,1588,86.02383531960996,1342,72.69772481040086,73.0,21.75,2,2010,LGA1156,Desktop,Other,0,0
AMD A6-7400K APU,69.99,1587,22.6746678096871,1422,20.317188169738536,65.0,24.42,2,2014,FM2+,Desktop,Other,0,0
ARM Neoverse-N1 2 Core 0 MHz,97.08,1583,16.30613926658426,1357,13.978162340337866,23.42,,2,2021,unknown,Unknown,unknown,1,1
Intel Celeron J4005 @ 2.00GHz,168.75,1581,9.36888888888889,1119,6.631111111111111,10.0,158.14,2,2018,FCBGA1090,Desktop,Other,0,0
AMD A8-3550MX APU,79.06,1579,19.972173033139388,938,11.864406779661017,45.0,35.09,4,2012,FS1,Laptop,Other,0,1
ARM phytium FT1500a 4 Core 2000 MHz,118.97,1579,13.272253509288056,716,6.018323947213584,25.38,,4,2021,unknown,Unknown,unknown,1,1
AMD Athlon II X3 425,58.34,1576,27.01405553651011,1105,18.940692492286594,95.0,16.59,3,2009,AM3,Desktop,AM3,0,0
Intel Celeron G1840T @ 2.50GHz,71.91,1576,21.916284244194134,1431,19.899874843554443,35.0,45.02,2,2015,LGA1150,Desktop,LGA1150,0,1
Intel Celeron N4020 @ 1.10GHz,121.24,1570,12.949521610029693,1170,9.650280435499836,6.0,261.73,2,2020,FCBGA1090,Laptop,Other,0,1
AMD A8-3530MX APU,83.36,1570,18.83397312859885,933,11.192418426103647,45.0,34.89,4,2011,FS1,Laptop,Other,0,1
Intel Core i5-3339Y @ 1.50GHz,141.51,1569,11.087555649777402,898,6.345841283301534,13.0,120.67,2,2013,BGA1023,Desktop,BGA1023,0,1
ZHAOXIN KaiXian KX-6640MA@2.2+GHz,94.93,1566,16.496365743179183,722,7.605604129358474,70.0,22.36,4,2020,unknown,Unknown,unknown,0,1
AMD Phenom X2 Dual-Core GE-5060,110.68,1566,14.148897723165883,1053,9.513913986266715,19.69,,2,2016,unknown,Unknown,unknown,1,1
Intel Pentium G3220T @ 2.60GHz,69.95,1564,22.358827734095783,1447,20.686204431736954,35.0,44.68,2,2014,LGA1150,Desktop,LGA1150,0,0
AMD A4-6320 APU,69.99,1563,22.331761680240035,1550,22.146020860122878,65.0,24.05,1,2014,FM2,Desktop,Other,0,0
AMD Embedded G-Series GX-420GI Radeon R7E,136.97,1561,11.396656202088048,854,6.234941958093013,16.1,96.94,4,2017,FP4,"Laptop, Mobile/Embedded",Other,0,1
AMD Phenom II X3 B75,49.95,1560,31.23123123123123,1161,23.243243243243242,95.0,16.42,3,2009,AM3,Desktop,AM3,0,0
Intel Celeron G1830 @ 2.80GHz,89.0,1560,17.528089887640448,1513,17.0,53.0,29.44,2,2014,LGA1150,Desktop,LGA1150,0,0
Intel Core i5-4200Y @ 1.40GHz,147.8,1558,10.54127198917456,944,6.38700947225981,11.5,135.47,2,2013,BGA1168,Desktop,Other,0,1
AMD Phenom II N930 Quad-Core,129.95,1558,11.98922662562524,825,6.348595613697577,35.0,44.5,4,2010,S1,Laptop,S1,0,0
AMD Athlon II X3 420e,116.15,1557,13.405079638398622,1058,9.108910891089108,45.0,34.6,3,2011,AM3,Desktop,AM3,0,0
AMD A8 PRO-7150B APU,154.83,1557,10.056190660724665,789,5.095911645030032,19.0,81.94,4,2014,FP3,Laptop,Other,0,1
AMD Phenom II X3 710,169.0,1554,9.195266272189349,1069,6.325443786982248,95.0,16.36,3,2009,AM3,Desktop,AM3,0,0
Intel Pentium 3560M @ 2.40GHz,97.98,1552,15.839967340273525,1421,14.502959787711777,37.0,41.95,2,2015,FCPGA946,Laptop,Other,0,1
AMD PRO A4-8350B,28.99,1552,53.53570196619524,1365,47.08520179372198,65.0,23.87,1,2016,FM2+,Desktop,Other,0,0
AMD A6-6420B APU,42.37,1550,36.582487609157425,1629,38.447014396979,65.0,23.84,1,2014,FM2,Desktop,Other,0,1
Intel Xeon E5335 @ 2.00GHz,17.77,1549,87.1693866066404,817,45.97636465953855,80.0,19.36,4,2009,LGA771,Server,Other,0,0
ZHAOXIN KaiXian ZX-C+ C4700@2.0GHz,111.02,1547,13.934426229508198,556,5.0081066474509095,24.95,,4,2019,unknown,Unknown,unknown,1,1
AMD A4 PRO-7350B,33.12,1544,46.61835748792271,1438,43.41787439613527,65.0,23.75,1,2014,FM2+,Desktop,Other,0,1
Intel Pentium G2010 @ 2.80GHz,22.97,1541,67.08750544188072,1473,64.12712233347845,55.0,28.01,2,2013,FCLGA1155,Desktop,Other,0,0
AMD Phenom II X3 B73,75.0,1538,20.506666666666668,1056,14.08,95.0,16.19,3,2010,AM3,Desktop,AM3,0,0
AMD A6-6420K APU,149.99,1538,10.254016934462296,1557,10.380692046136408,65.0,23.67,2,2014,FM2,Desktop,Other,0,0
Intel Core i5-4210Y @ 1.50GHz,162.38,1537,9.465451410272202,1008,6.207661042000247,11.0,139.76,2,2013,BGA1168,Desktop,Other,0,1
Intel Pentium G2030T @ 2.60GHz,130.5,1535,11.762452107279694,1441,11.042145593869732,35.0,43.85,2,2014,LGA1155,Desktop,LGA1155,0,0
Apple A8,91.79,1531,16.67937683843556,914,9.957511711515416,14.27,,2,2021,unknown,Mobile/Embedded,unknown,1,1
Qualcomm MSM8996PRO-AB,93.35,1530,16.389930369576863,944,10.112479914301018,16.0,,4,2021,unknown,Mobile/Embedded,unknown,1,1
AMD E2-7110 APU,199.94,1529,7.647294188256477,615,3.07592277683305,15.0,101.91,4,2015,FP4 BGA,Laptop,Other,0,1
Intel Xeon E5504 @ 2.00GHz,64.0,1529,23.890625,838,13.09375,80.0,19.11,4,2009,LGA1366,Server,LGA1366,0,0
"Qualcomm Technologies, Inc APQ8096",88.93,1529,17.19329809962892,1104,12.41425840548746,16.32,,4,2021,unknown,Mobile/Embedded,unknown,1,1
AMD Opteron X3216 APU,95.2,1525,16.01890756302521,1294,13.592436974789916,15.0,101.66,2,2017,unknown,Server,unknown,0,1
AMD A9-9425,114.81,1524,13.27410504311471,1342,11.68887727549865,15.0,101.58,2,2018,BGA (FT4),Laptop,Other,0,1
Intel Xeon X5270 @ 3.50GHz,58.51,1524,26.046829601777475,1485,25.380276875747736,80.0,19.05,2,2014,LGA771,Server,Other,0,1
AMD Phenom 9750B Quad-Core,40.08,1520,37.924151696606785,913,22.77944111776447,95.0,16.0,4,2009,AM2+,Desktop,Other,0,1
Intel Pentium 4405Y @ 1.50GHz,222.18,1518,6.832298136645963,868,3.906742281033396,6.0,253.04,2,2016,FCBGA1515,Laptop,Other,0,1
Intel Core i3-540 @ 3.07GHz,179.95,1516,8.424562378438456,1264,7.02417338149486,73.0,20.77,2,2010,LGA1156,Desktop,Other,0,0
AMD Athlon X3 425,72.72,1516,20.84708470847085,845,11.61991199119912,95.0,15.96,3,2010,unknown,Unknown,unknown,0,1
AMD A9-9420,111.97,1515,13.53040993123158,1318,11.771010091988925,15.0,100.99,2,2017,unknown,Laptop,unknown,0,1
"Qualcomm Technologies, Inc MSM8976",124.74,1513,12.129228795895463,698,5.595638928972263,21.38,,8,2021,unknown,Mobile/Embedded,unknown,1,1
AMD Phenom 9500 Quad-Core,29.99,1512,50.41680560186729,849,28.309436478826278,95.0,15.92,4,2008,AM2+,Desktop,Other,0,0
AMD Opteron 2354,285.19,1509,5.291209369192468,857,3.0050142010589433,115.0,13.12,4,2013,F (1207),Server,Other,0,0
Intel Celeron G1620T @ 2.40GHz,42.0,1507,35.88095238095238,1321,31.452380952380953,35.0,43.05,2,2014,LGA1155,Desktop,LGA1155,0,0
AMD Phenom II X4 900e,56.83,1505,26.48249164173852,917,16.135843744501145,65.0,23.15,4,2010,AM3,Desktop,AM3,0,1
AMD A9-9410,124.65,1504,12.065784195748094,1317,10.565583634175692,25.0,60.15,2,2016,FP4,Laptop,Other,0,1
AMD Athlon X2 370K Dual Core,38.18,1504,39.3923520167627,1514,39.65426925091671,65.0,23.14,1,2013,unknown,Unknown,unknown,0,1
AMD Phenom 9350e Quad-Core,3382.07,1501,0.4438110388016806,792,0.23417611107990077,65.0,23.1,4,2009,AM2+,Desktop,Other,0,0
Intel Celeron 2970M @ 2.20GHz,107.55,1501,13.95629939562994,1245,11.576011157601116,37.0,40.55,2,2014,FCPGA946,Laptop,Other,0,1
AMD PRO A6-8530B,119.58,1498,12.52717845793611,1271,10.62886770362937,15.0,99.88,2,2017,FP4,Laptop,Other,0,1
Intel Pentium G870 @ 3.10GHz,77.0,1495,19.415584415584416,1464,19.01298701298701,65.0,22.99,2,2012,FCLGA1155,Desktop,Other,0,0
MT6763V/B,131.06,1495,11.406989165267817,552,4.211811384098886,21.2,,8,2021,unknown,Mobile/Embedded,unknown,1,1
AMD A4-7300 APU,19.69,1492,75.77450482478415,1484,75.36820721178263,65.0,22.95,1,2014,FM2,Desktop,Other,0,0
Intel Celeron 3955U @ 2.00GHz,171.84,1490,8.670856610800744,1202,6.99487895716946,15.0,99.34,2,2016,FCBGA1356,Laptop,Other,0,1
AMD PRO A6-8570E,62.5,1489,23.824,1216,19.456,35.0,42.55,2,2017,unknown,Desktop,unknown,0,1
Intel Celeron 3867U @ 1.80GHz,107.0,1488,13.906542056074766,1097,10.25233644859813,15.0,99.18,2,2019,FCBGA1356,Laptop,Other,0,0
Intel Core i3-2120T @ 2.60GHz,133.89,1486,11.098663081634179,1144,8.544327432967362,35.0,42.47,2,2011,LGA1155,Desktop,LGA1155,0,0
MediaTek MT8768WA,116.07,1482,12.768157146549497,538,4.635133970879642,20.96,,8,2021,unknown,Mobile/Embedded,unknown,1,1
AMD A4 PRO-7300B APU,39.7,1481,37.304785894206546,1522,38.33753148614609,65.0,22.78,1,2014,unknown,Desktop,unknown,0,1
Intel Core2 Quad Q9000 @ 2.00GHz,389.0,1480,3.8046272493573263,879,2.2596401028277633,45.0,32.89,4,2009,PGA478,Laptop,PGA478,0,0
Intel Core i5-4300Y @ 1.60GHz,145.96,1479,10.132913126884077,965,6.611400383666758,11.5,128.57,2,2013,BGA1168,Desktop,Other,0,1
MediaTek MT6757V,118.25,1479,12.50739957716702,583,4.930232558139535,20.96,,8,2021,unknown,Mobile/Embedded,unknown,1,1
Intel Celeron G1610 @ 2.60GHz,37.0,1478,39.945945945945944,1359,36.729729729729726,55.0,26.88,2,2012,FCLGA1155,Desktop,Other,0,0
Intel Core m5-7Y54 @ 1.20GHz,82.77,1475,17.820466352543193,746,9.01292738915066,15.84,,2,2021,unknown,Unknown,unknown,1,1
Pentium Dual-Core E6000 @ 3.46GHz,67.55,1472,21.791265729089563,1542,22.827535159141377,64.99,,2,2011,unknown,Unknown,unknown,1,1
AMD A4-6210 APU,183.54,1471,8.014601721695543,607,3.3071809959681815,15.0,98.07,4,2014,FT3b,Laptop,Other,0,1
Intel Xeon E7320 @ 2.13GHz,68.4,1469,21.476608187134502,776,11.345029239766081,80.0,18.36,4,2016,604,Server,Other,0,1
Intel Core i7-640LM @ 2.13GHz,97.1,1469,15.128733264675594,1013,10.43254376930999,25.0,58.76,2,2010,BGA1288,Laptop,Other,0,1
AMD Phenom II X3 720,64.45,1466,22.746314972847166,1081,16.77269200930954,95.0,15.43,3,2009,AM3,Desktop,AM3,0,0
AMD A6-8500P,168.6,1466,8.695136417556347,1272,7.544483985765125,15.0,97.72,2,2016,BGA (FP4),Laptop,Other,0,1
Intel Celeron G1620 @ 2.70GHz,70.27,1466,20.862387932261278,1407,20.022769318343535,55.0,26.65,2,2013,FCLGA1155,Desktop,Other,0,0
Intel Pentium J3710 @ 1.60GHz,148.17,1465,9.887291624485389,715,4.825538233110617,6.5,225.39,4,2016,unknown,Desktop,unknown,0,1
AMD Opteron 1352,135.99,1464,10.765497463048753,849,6.243106110743437,75.0,19.52,4,2009,AM2,Server,AM2,0,0
AMD Phenom II N950 Quad-Core,112.6,1460,12.966252220248668,847,7.522202486678508,35.0,41.73,4,2010,S1,Laptop,S1,0,0
AMD A8-3510MX APU,77.11,1457,18.895084943587083,826,10.71196991311114,45.0,32.38,4,2011,FS1,Laptop,Other,0,0
MT6763V/CT,100.76,1457,14.46010321556173,415,4.118697895990472,20.97,,8,2021,unknown,Mobile/Embedded,unknown,1,1
AMD Phenom 9450e Quad-Core,105.0,1455,13.857142857142858,841,8.00952380952381,65.0,22.39,4,2010,AM2+,Desktop,Other,0,0
MediaTek MT6763V/V,99.91,1454,14.55309778800921,548,5.484936442798519,20.6,,8,2021,unknown,Mobile/Embedded,unknown,1,1
AMD A6-6400K APU,19.81,1453,73.34679454820798,1429,72.13528520949016,65.0,22.35,1,2013,FM2,Desktop,Other,0,0
AMD PRO A6-9500B,119.09,1453,12.200856495087748,1300,10.916113863464606,15.0,96.87,2,2017,FP4,Laptop,Other,0,1
Intel Xeon E5320 @ 1.86GHz,38.75,1451,37.44516129032258,768,19.81935483870968,80.0,18.13,4,2009,LGA771,Server,Other,0,0
Intel Xeon X5272 @ 3.40GHz,140.0,1451,10.364285714285714,1411,10.07857142857143,80.0,18.14,2,2009,LGA771,Server,Other,0,0
Intel Core i3-530 @ 2.93GHz,115.19,1449,12.579216945915444,1176,10.209219550308188,73.0,19.85,2,2010,LGA1156,Desktop,Other,0,0
AMD A6-3430MX APU,75.31,1448,19.227194263709997,822,10.914885141415482,45.0,32.18,4,2012,FS1,Laptop,Other,0,1
Intel Xeon E5240 @ 3.00GHz,88.78,1448,16.309979725163323,1312,14.77810317639108,65.0,22.28,2,2009,LGA771,Server,Other,0,0
Intel Core i3-4020Y @ 1.50GHz,168.15,1447,8.605411834671424,796,4.733868569729408,11.5,125.86,2,2014,BGA1168,Desktop,Other,0,1
"Qualcomm Technologies, Inc MSM8996pro",88.02,1446,16.428084526244035,838,9.52056350829357,18.04,,4,2021,unknown,Mobile/Embedded,unknown,1,1
Intel Core i5-2467M @ 1.60GHz,181.74,1445,7.950918895124904,848,4.66600638274458,17.0,85.0,2,2011,BGA1023,Laptop,BGA1023,0,1
Intel Pentium 4410Y @ 1.50GHz,161.0,1444,8.968944099378882,777,4.826086956521739,6.0,240.71,2,2017,FCBGA1515,Laptop,Other,0,0
AMD Athlon II X3 415e,75.0,1441,19.213333333333335,1028,13.706666666666667,45.0,32.02,3,2010,AM3,Desktop,AM3,0,0
AMD Athlon X3 440,87.99,1438,16.34276622343448,1129,12.83100352312763,95.0,15.14,3,2010,unknown,Unknown,unknown,0,0
MediaTek MT6762V/WR,98.74,1438,14.563500101276079,523,5.2967389102693945,20.6,,8,2021,unknown,Mobile/Embedded,unknown,1,1
"Qualcomm Technologies, Inc APQ8076",98.6,1438,14.584178498985802,561,5.689655172413794,20.6,,8,2021,unknown,Mobile/Embedded,unknown,1,1
Intel Pentium G860 @ 3.00GHz,22.93,1437,62.66899258613171,1389,60.575665067597036,65.0,22.11,2,2011,FCLGA1155,Desktop,Other,0,0
AMD A4-6300 APU,28.99,1431,49.36184891341842,1419,48.947913073473615,65.0,22.01,1,2013,FM2,Desktop,Other,0,0
AMD Phenom II X3 700e,61.42,1430,23.282318463041353,969,15.776619993487463,65.0,21.99,3,2010,AM3,Desktop,AM3,0,1
MediaTek MT6762V/WD,100.55,1430,14.221780208851317,481,4.783689706613625,21.04,,8,2021,unknown,Mobile/Embedded,unknown,1,1
Intel Xeon E3113 @ 3.00GHz,9.79,1429,145.96527068437183,1282,130.94994892747704,65.0,21.98,2,2014,LGA775,Server,LGA775,0,0
AMD A6-5400B APU,28.94,1428,49.34346924671734,1380,47.68486523842432,65.0,21.98,1,2013,FM2,Desktop,Other,0,0
AMD Phenom II X2 560,23.98,1426,59.466221851542954,1450,60.46705587989992,80.0,17.83,2,2010,AM2+/AM3,Unknown,Other,0,0
"Qualcomm Technologies, Inc. MSM8940-PMI8940 MTP",101.92,1426,13.991365777080063,404,3.963893249607535,21.72,,8,2022,unknown,Mobile/Embedded,unknown,1,1
AMD Phenom II X3 740,88.99,1424,16.001797954826387,982,11.034947746937858,95.0,14.99,3,2010,unknown,Unknown,unknown,0,0
ASUS Tinker Board 2/2S,92.06,1423,15.457310449706712,890,9.667608081685858,18.99,,6,2022,unknown,Mobile/Embedded,unknown,1,1
Intel Atom C2550 @ 2.40GHz,147.74,1422,9.62501692161906,554,3.7498307838093945,14.0,101.57,4,2014,FCBGA1283,Server,Other,0,1
Intel Core i7-620LM @ 2.00GHz,93.4,1422,15.224839400428264,1074,11.498929336188436,25.0,56.89,2,2010,rPGA988A,Laptop,Other,0,1
Hisilicon Kirin 930,94.95,1415,14.902580305423907,430,4.528699315429173,20.97,,8,2021,unknown,Mobile/Embedded,unknown,1,1
AMD Phenom 9150e Quad-Core,247.5,1414,5.7131313131313135,721,2.9131313131313132,65.0,21.75,4,2009,AM2+,Desktop,Other,0,0
Intel Celeron 5205U @ 1.90GHz,107.0,1414,13.214953271028037,1094,10.22429906542056,15.0,94.25,2,2020,FCBGA1528,Laptop,Other,0,0
AMD Phenom II P960 Quad-Core,39.12,1412,36.09406952965235,740,18.916155419222907,35.0,40.35,4,2011,S1,Laptop,S1,0,0
Intel Atom C2558 @ 2.40GHz,136.0,1410,10.367647058823529,358,2.6323529411764706,15.0,94.0,4,2015,BGA 1283,"Laptop, Mobile/Embedded",Other,0,0
MediaTek MT6765G,98.65,1410,14.29295489102889,504,5.108971109984794,20.6,,8,2021,unknown,Mobile/Embedded,unknown,1,1
Intel Core i7-2610UE @ 1.50GHz,172.17,1409,8.183771853400708,972,5.645582854155776,17.0,82.9,2,2012,BGA1023,Laptop,BGA1023,0,1
Intel Core2 Duo E8290 @ 2.83GHz,41.94,1408,33.57176919408679,1302,31.044349070100143,65.0,21.66,2,2012,LGA775,Unknown,LGA775,0,1
Intel Xeon E3-1220L v3 @ 1.10GHz,130.63,1407,10.77087958355661,777,5.9480976804715615,13.0,108.2,2,2014,LGA1150,Server,LGA1150,0,1
Intel Celeron 1020E @ 2.20GHz,94.15,1406,14.9336165693043,1224,13.000531067445564,35.0,40.18,2,2014,"FCBGA1023, FCP",Laptop,Other,0,1
AMD Phenom II X2 565,168.87,1405,8.320009474743886,1413,8.367383194173032,80.0,17.57,2,2011,AM2+/AM3,Desktop,Other,0,0
MT6755V/B,96.87,1404,14.493651285227624,551,5.688035511510272,20.6,,8,2021,unknown,Mobile/Embedded,unknown,1,1
Intel Pentium G6951 @ 2.80GHz,75.0,1401,18.68,1137,15.16,73.0,19.19,2,2011,LGA1156,Desktop,Other,0,0
Intel Celeron N4000 @ 1.10GHz,107.0,1399,13.074766355140186,1022,9.551401869158878,6.0,233.23,2,2018,FCBGA1090,Laptop,Other,0,0
AMD A8-3520M APU,55.0,1398,25.418181818181818,831,15.10909090909091,35.0,39.94,4,2012,FS1,Laptop,Other,0,0
AMD Phenom II X2 B59,48.02,1392,28.98792169929196,1384,28.821324448146605,80.0,17.4,2,2012,AM2+/AM3,Unknown,Other,0,0
AMD Phenom 8600B Triple-Core,14.95,1390,92.97658862876254,957,64.01337792642141,95.0,14.63,3,2009,AM2+,Desktop,Other,0,0
AMD A9-9400,180.9,1390,7.683803206191266,1246,6.887783305693754,10.0,138.96,2,2016,FP4,Laptop,Other,0,1
AMD Athlon 5150 APU,98.86,1389,14.050171960347967,550,5.563423022455998,25.0,55.57,4,2014,"AM1,FS1b",Desktop,Other,0,0
MT6755V/WS,96.87,1389,14.338804583462371,538,5.553835036647053,20.52,,8,2021,unknown,Mobile/Embedded,unknown,1,1
"Qualcomm Technologies, Inc SDA450",93.78,1388,14.800597142247813,458,4.883770526764769,20.89,,8,2021,unknown,Mobile/Embedded,unknown,1,1
AMD GX-415GA SOC,180.93,1386,7.660421157353673,520,2.8740396838556346,15.0,92.4,4,2013,FT3 (769-BGA),Laptop,Other,0,1
Intel Xeon L5310 @ 1.60GHz,112.5,1385,12.311111111111112,662,5.884444444444444,50.0,27.7,4,2016,LGA771,Server,Other,0,0
AMD E1-6050J APU,135.83,1385,10.196569240962967,787,5.7940072149009785,10.0,138.5,2,2016,unknown,Unknown,unknown,0,1
AMD A6-3500 APU,74.93,1382,18.44388095555852,958,12.785266248498598,65.0,21.25,3,2011,FM1,Desktop,Other,0,0
MT8176,88.67,1380,15.56332468704184,1027,11.582271343182587,15.88,,6,2021,unknown,Mobile/Embedded,unknown,1,1
Intel Pentium G850 @ 2.90GHz,101.97,1373,13.464744532705698,1339,13.131313131313131,65.0,21.13,2,2011,FCLGA1155,Desktop,Other,0,0
Intel Pentium 2020M @ 2.40GHz,134.0,1367,10.201492537313433,1268,9.462686567164178,35.0,39.06,2,2013,FCPGA988,Laptop,Other,0,0
Intel Pentium N3710 @ 1.60GHz,245.03,1364,5.566665306289026,686,2.79965718483451,6.0,227.37,4,2016,FCBGA1170,Laptop,Other,0,1
Intel Core i3-3217UE @ 1.60GHz,176.19,1362,7.730291162949089,711,4.035416311935978,17.0,80.11,2,2014,BGA1023,Laptop,BGA1023,0,1
Intel Core2 Duo E8600 @ 3.33GHz,149.95,1362,9.083027675891964,1413,9.423141047015672,65.0,20.96,2,2008,LGA775,Desktop,LGA775,0,0
AMD Phenom II X2 570,64.52,1360,21.07873527588345,1408,21.82269063856169,80.0,16.99,2,2015,AM3,Desktop,AM3,0,1
AMD Athlon II X2 280,76.89,1355,17.622577708414617,1462,19.01417609572116,65.0,20.84,2,2013,AM3,Unknown,AM3,0,0
MediaTek MT6762V/WA,94.72,1355,14.305320945945946,461,4.866976351351352,20.89,,8,2021,unknown,Mobile/Embedded,unknown,1,1
Intel Pentium 2030M @ 2.50GHz,134.0,1353,10.097014925373134,1157,8.634328358208956,35.0,38.66,2,2013,FCPGA988,Laptop,Other,0,0
Intel Pentium G645 @ 2.90GHz,93.35,1353,14.493840385645422,1303,13.958221746116767,65.0,20.82,2,2012,LGA1155,Desktop,LGA1155,0,0
Intel Core i3-2332M @ 2.20GHz,82.02,1353,16.495976591075348,936,11.41185076810534,35.0,38.65,2,2014,rPGA988B,Laptop,Other,0,1
Intel Core i3-4010Y @ 1.30GHz,155.67,1350,8.67219117363654,744,4.779340913470804,11.5,117.42,2,2013,BGA1168,Desktop,Other,0,1
AMD A4-5300 APU,26.95,1349,50.0556586270872,1348,50.01855287569573,65.0,20.76,2,2012,FM2,Desktop,Other,0,0
Intel Atom x7-Z8750 @ 1.60GHz,92.27,1349,14.62013655576027,701,7.597268884794625,4.0,337.22,4,2017,UTFCBGA1380,Laptop,Other,0,1
AMD A4-5100 APU,216.19,1346,6.2260049030945,540,2.497802858596605,15.0,89.72,4,2015,FT3,Laptop,Other,0,1
AMD A10 Micro-6700T APU,210.75,1345,6.38196915776987,700,3.3214709371293,5.0,268.95,4,2015,FT3b,Laptop,Other,0,1
"Qualcomm Technologies, Inc MSM8956",78.88,1345,17.051217038539555,746,9.45740365111562,22.25,,6,2021,unknown,Mobile/Embedded,unknown,1,1
AMD Phenom 8750 Triple-Core,50.82,1343,26.426603699330972,974,19.165682802046437,95.0,14.14,3,2009,AM2+,Desktop,Other,0,1
Intel Celeron 4205U @ 1.80GHz,107.0,1341,12.532710280373832,1057,9.878504672897197,15.0,89.41,2,2019,FCBGA1528,Laptop,Other,0,0
Intel Pentium 3825U @ 1.90GHz,192.39,1340,6.965018971880036,1108,5.7591350901814025,15.0,89.32,2,2015,FCBGA1168,Laptop,FCBGA1168,0,1
MediaTek MT6762V/CB,81.85,1340,16.371411117898596,495,6.047648136835676,20.74,,8,2021,unknown,Mobile/Embedded,unknown,1,1
Intel Xeon L3110 @ 3.00GHz,55.2,1338,24.239130434782606,1279,23.17028985507246,45.0,29.74,2,2009,LGA775,Server,LGA775,0,1
Intel Pentium G2020T @ 2.50GHz,47.6,1337,28.088235294117645,1252,26.30252100840336,35.0,38.19,2,2013,FCLGA1155,Desktop,Other,0,0
Intel Xeon L5240 @ 3.00GHz,31.4,1337,42.57961783439491,1299,41.36942675159236,40.0,33.42,2,2009,LGA771,Server,Other,0,0
AMD A6-9225,113.86,1336,11.733708062532935,1178,10.346038995257334,15.0,89.08,2,2018,BGA (FT4),Laptop,Other,0,1
Intel Core i3-2370M @ 2.40GHz,36.99,1336,36.11786969451203,1059,28.629359286293592,35.0,38.17,2,2012,PGA988B,Laptop,Other,0,0
Intel Celeron G1610T @ 2.30GHz,14.98,1334,89.0520694259012,1211,80.8411214953271,35.0,38.11,2,2013,LGA1155,Desktop,LGA1155,0,0
AMD Athlon II X3 405e,112.9,1331,11.78919397697077,973,8.618246235606732,45.0,29.58,3,2010,AM3,Desktop,AM3,0,0
Intel Xeon E3120 @ 3.16GHz,31.58,1330,42.11526282457252,1364,43.19189360354655,65.0,20.47,2,2010,LGA775,Server,LGA775,0,1
AMD A4-5050 APU,137.62,1328,9.649760209271907,538,3.9093155064670833,13.5,98.37,4,2017,FT3,Laptop,Other,0,1
AMD A4-6300B APU,27.95,1328,47.513416815742396,1373,49.12343470483005,65.0,20.43,1,2013,unknown,Desktop,unknown,0,0
AMD Athlon X2 280,33.49,1327,39.6237682890415,1258,37.56345177664974,65.0,20.42,2,2014,AM3,Unknown,AM3,0,0
Intel Core i5 750S @ 2.40GHz,210.19,1326,6.308577953280365,1039,4.943146676816214,82.0,16.17,4,2012,LGA1156,Desktop,Other,0,0
Intel Xeon @ 2.20GHz,34.19,1324,38.72477332553378,1383,40.45042410061422,61.0,21.7,1,2018,PPGA603,Server,Other,0,1
VIA QuadCore C4650@2.0GHz,133.02,1323,9.945872801082544,557,4.187340249586528,18.46,,4,2015,unknown,Unknown,unknown,1,1
AMD Athlon II X3 400e,25.49,1320,51.78501373087486,908,35.62181247548058,45.0,29.34,3,2009,AM3,Desktop,AM3,0,0
Samsung Exynos 7884,81.25,1320,16.246153846153845,629,7.741538461538462,20.84,,8,2021,unknown,Mobile/Embedded,unknown,1,1
AMD Phenom II P940 Quad-Core,56.22,1319,23.461401636428317,679,12.07755247242974,35.0,37.68,4,2010,S1,Laptop,S1,0,1
Intel Atom x7-Z8700 @ 1.60GHz,73.63,1318,17.900312372674183,646,8.773597718321337,4.0,329.52,4,2015,BGA1380,Laptop,Other,0,0
MT6750V/C,89.37,1318,14.747678191786953,413,4.621237551751147,21.37,,8,2022,unknown,Mobile/Embedded,unknown,1,1
AMD Opteron 2393 SE,84.91,1317,15.510540572370745,1237,14.56836650571193,105.0,12.54,2,2013,F (1207),Server,Other,0,1
AMD Athlon X2 340 Dual Core,94.99,1315,13.843562480261081,1301,13.696178545110012,65.0,20.24,2,2013,unknown,Unknown,unknown,0,0
MT6763V/WT,82.48,1313,15.91901066925315,621,7.52909796314258,20.49,,8,2021,unknown,Mobile/Embedded,unknown,1,1
Intel Core i5-480M @ 2.67GHz,80.6,1312,16.277915632754343,1167,14.478908188585608,35.0,37.48,2,2010,BGA1288,Laptop,Other,0,0
ARM Cortex-A73 6 Core 1992 MHz,61.46,1311,21.330946957370646,454,7.386918320859095,17.62,,6,2021,unknown,Unknown,unknown,1,1
ARM Cortex-A57 4 Core 2091 MHz,73.31,1311,17.88296276087846,449,6.1246760332833174,19.0,,4,2022,unknown,Unknown,unknown,1,1
Intel Core i5-4202Y @ 1.60GHz,163.22,1309,8.019850508516113,851,5.213821835559368,11.5,113.85,2,2014,FCBGA1168,Desktop,FCBGA1168,0,1
Intel Pentium 3550M @ 2.30GHz,215.92,1309,6.062430529825861,1183,5.4788810670618755,37.0,35.38,2,2014,FCPGA946,Laptop,Other,0,0
AMD Phenom II X2 555,36.96,1308,35.38961038961039,1315,35.57900432900433,80.0,16.35,2,2010,AM2+/AM3,Desktop,Other,0,0
AMD A8-3500M APU,59.95,1308,21.818181818181817,781,13.027522935779816,35.0,37.36,4,2011,FS1,Laptop,Other,0,0
AMD A8-4555M APU,106.57,1307,12.264239467016985,788,7.394200994651404,19.0,68.78,2,2012,FP2,Laptop,Other,0,1
Qualcomm MSM8996,74.35,1307,17.57901815736382,719,9.670477471418964,20.14,,4,2021,unknown,Mobile/Embedded,unknown,1,1
Intel Xeon E5310 @ 1.60GHz,49.0,1306,26.653061224489797,640,13.061224489795919,80.0,16.33,4,2009,LGA771,Server,Other,0,0
Unisoc SC9863a,78.84,1306,16.56519533231862,474,6.012176560121765,20.61,,8,2021,unknown,Mobile/Embedded,unknown,1,1
MediaTek MT6762V/WB,79.64,1303,16.36112506278252,468,5.876443997990959,20.28,,8,2021,unknown,Mobile/Embedded,unknown,1,1
"Qualcomm Technologies, Inc MSM8996",92.27,1302,14.11076189444023,873,9.461363390050938,17.27,,4,2021,unknown,Mobile/Embedded,unknown,1,1
"Qualcomm Technologies, Inc SDM439",81.31,1302,16.012790554667323,488,6.001721805435985,20.36,,8,2021,unknown,Mobile/Embedded,unknown,1,1
AMD Phenom X4 Quad-Core GP-9500,85.71,1297,15.13242328783106,711,8.295414770738537,95.0,13.65,4,2009,AM2+,Desktop,Other,0,1
Intel Pentium G6960 @ 2.93GHz,50.28,1293,25.71599045346062,1264,25.139220365950674,73.0,17.71,2,2011,LGA1156,Desktop,Other,0,1
Hisilicon Kirin 935,88.61,1291,14.56946168603995,328,3.7016138133393524,21.27,,8,2022,unknown,Mobile/Embedded,unknown,1,1
AMD A4-5000 APU,158.49,1289,8.133005236923465,510,3.2178686352451256,15.0,85.94,4,2013,FT3,Laptop,Other,0,1
Intel Pentium N3700 @ 1.60GHz,444.78,1288,2.895813660686182,636,1.429920410090382,6.0,214.74,4,2015,FCBGA1170,Laptop,Other,0,0
AMD A6-9220,114.43,1287,11.247050598619243,1140,9.962422441667394,15.0,85.83,2,2017,unknown,Laptop,unknown,0,1
AMD Phenom 8850B Triple-Core,52.33,1281,24.479266195299065,972,18.574431492451748,95.0,13.48,3,2010,unknown,Desktop,unknown,0,1
AMD Phenom 9100e Quad-Core,34.95,1279,36.595135908440625,734,21.00143061516452,65.0,19.67,4,2009,AM2+,Desktop,Other,0,0
AMD Phenom II X2 521,39.38,1279,32.478415439309295,1366,34.687658710005074,65.0,19.67,2,2011,AM2+/AM3,Unknown,Other,0,1
Intel Core i5-460M @ 2.53GHz,64.95,1279,19.692070823710544,1137,17.505773672055426,35.0,36.54,2,2010,BGA1288,Laptop,Other,0,0
AMD A6-5400K APU,52.02,1279,24.586697424067665,1271,24.432910419069586,65.0,19.68,1,2012,FM2,Desktop,Other,0,0
AMD A6-9230,113.69,1279,11.249890051895505,1158,10.185592400387018,15.0,85.3,2,2017,unknown,Desktop,unknown,0,1
Unisoc UIS8581E,80.01,1279,15.985501812273466,498,6.224221972253468,20.14,,8,2021,unknown,Mobile/Embedded,unknown,1,1
AMD Sempron 240,36.1,1278,35.40166204986149,1300,36.01108033240997,65.0,19.66,2,2018,FM2,Desktop,Other,0,0
MT6755,68.84,1278,18.564787914003485,536,7.78617083091226,19.93,,8,2021,unknown,Mobile/Embedded,unknown,1,1
Intel Pentium G630 @ 2.70GHz,14.99,1277,85.19012675116744,1225,81.72114743162108,65.0,19.65,2,2011,LGA1155,Desktop,LGA1155,0,0
Intel Celeron 1020M @ 2.10GHz,75.73,1275,16.83612835071966,1176,15.52885250231084,35.0,36.42,2,2019,FCPGA988,Laptop,Other,0,1
Intel Core i7-660UM @ 1.33GHz,176.8,1272,7.194570135746606,927,5.243212669683258,18.0,70.64,2,2010,BGA1288,Laptop,Other,0,1
AMD Embedded G-Series GX-224IJ Radeon R4E,116.84,1271,10.878123930160903,1119,9.577199589181786,15.0,84.73,2,2017,FP4,"Laptop, Mobile/Embedded",Other,0,1
Intel Pentium G640 @ 2.80GHz,30.0,1270,42.333333333333336,1290,43.0,65.0,19.54,2,2012,LGA1155,Desktop,LGA1155,0,0
Intel Celeron G555 @ 2.70GHz,39.99,1268,31.707926981745434,1275,31.88297074268567,65.0,19.51,2,2012,LGA1155,Desktop,LGA1155,0,0
Intel Celeron 3865U @ 1.80GHz,119.06,1266,10.63329413740971,1047,8.793885435914664,15.0,84.4,2,2017,BGA1356,Laptop,Other,0,1
Intel Pentium A1020 @ 2.41GHz,124.08,1265,10.195035460992909,705,5.681818181818182,10.0,126.47,4,2020,FCBGA1170,Laptop,Other,0,1
Intel Core i3-2350M @ 2.30GHz,36.03,1263,35.054121565362195,1004,27.865667499306134,35.0,36.07,2,2011,PGA988B,Laptop,Other,0,0
AMD A6-3420M APU,53.88,1262,23.422420193021527,788,14.625092798812174,35.0,36.06,4,2012,FS1,Laptop,Other,0,1
AMD Phenom II X620 Dual-Core,46.08,1262,27.38715277777778,1339,29.058159722222225,45.0,28.04,2,2013,S1,Laptop,S1,0,1
Intel Core i3-330E @ 2.13GHz,55.12,1260,22.85921625544267,934,16.944847605224965,35.0,36.0,2,2012,BGA1288,Laptop,Other,0,1
AMD A6-5357M APU,60.34,1260,20.88167053364269,1268,21.01425256877693,35.0,36.01,2,2013,FP2,Laptop,Other,0,1
AMD A6-9210,175.55,1260,7.177442324124181,1101,6.2717174594132725,15.0,84.01,2,2016,FP4,Laptop,Other,0,1
Intel Core i3-2348M @ 2.30GHz,53.78,1259,23.41018966158423,1038,19.30085533655634,35.0,35.99,2,2013,rPGA988B,Laptop,Other,0,1
AMD Phenom II N850 Triple-Core,25.0,1253,50.12,882,35.28,35.0,35.81,3,2010,S1,Laptop,S1,0,0
Intel Celeron 3765U @ 1.90GHz,198.8,1252,6.297786720321931,1171,5.8903420523138825,15.0,83.49,2,2016,FCBGA1168,Laptop,FCBGA1168,0,1
Intel Core i3-3227U @ 1.90GHz,167.44,1248,7.453416149068323,939,5.607978977544195,17.0,73.44,2,2013,BGA1023,Laptop,BGA1023,0,1
Intel Pentium J2900 @ 2.41GHz,194.32,1246,6.412103746397695,731,3.7618361465623713,10.0,124.63,4,2014,FCBGA1170,Desktop,Other,0,1
Intel Atom C3338 @ 1.50GHz,85.2,1245,14.612676056338028,874,10.258215962441314,8.5,146.52,2,2021,FCBGA1310,"Server, Mobile/Embedded",Other,0,1
Intel Xeon E3110 @ 3.00GHz,199.95,1242,6.211552888222056,1331,6.6566641660415105,65.0,19.11,2,2008,LGA775,Server,LGA775,0,0
Intel Core2 Duo E8435 @ 3.06GHz,59.99,1240,20.67011168528088,1307,21.786964494082348,35.17,,2,2009,Socket P,Laptop,Other,1,0
Intel Xeon X5260 @ 3.33GHz,13.0,1238,95.23076923076923,1406,108.15384615384616,80.0,15.47,2,2009,LGA771,Server,Other,0,0
Intel Core2 Duo E8500 @ 3.16GHz,129.95,1238,9.526741054251636,1324,10.188534051558293,65.0,19.05,2,2008,LGA775,Desktop,LGA775,0,0
Intel Atom x5-Z8500 @ 1.44GHz,62.57,1238,19.78583985935752,628,10.036758830110276,4.0,309.45,4,2015,UTFCBGA1380,Laptop,Other,0,0
Intel Celeron 3855U @ 1.60GHz,179.19,1237,6.903287013784252,944,5.2681511245047155,15.0,82.44,2,2016,FCBGA1356,Laptop,Other,0,1
Intel Celeron 2950M @ 2.00GHz,85.52,1237,14.4644527595884,1150,13.447146866230122,37.0,33.43,2,2014,FCPGA946,Laptop,Other,0,1
Intel Core i3-2330M @ 2.20GHz,39.95,1235,30.913642052565706,984,24.630788485607006,35.0,35.27,2,2011,BGA1023,Laptop,BGA1023,0,0
AMD Athlon II X2 270,19.99,1234,61.730865432716364,1353,67.68384192096049,65.0,18.99,2,2011,AM3,Desktop,AM3,0,0
Snapdragon 898,90.52,1234,13.632346442775077,1138,12.571807335395492,15.27,,4,2021,unknown,Mobile/Embedded,unknown,1,1
AMD Athlon II X2 265,15.5,1233,79.54838709677419,1344,86.70967741935483,65.0,18.97,2,2010,AM3,Desktop,AM3,0,0
Intel Core2 Duo T9900 @ 3.06GHz,398.95,1232,3.0881062789823286,1210,3.0329615240005015,35.0,35.21,2,2009,"BGA479,PGA478",Laptop,Other,0,0
BCM2835,65.13,1231,18.90066021802549,696,10.686319668355598,18.83,,4,2022,unknown,Mobile/Embedded,unknown,1,1
AMD A4-9120,124.69,1230,9.86446387039859,1061,8.509102574384473,15.0,81.99,2,2017,BGA,Laptop,Other,0,1
Intel Core i3-4012Y @ 1.50GHz,193.49,1229,6.351749444415732,698,3.6074215721742724,11.5,106.86,2,2014,FCBGA1168,Laptop,FCBGA1168,0,1
MT6755M,68.33,1229,17.98624323137714,501,7.332064978779453,19.57,,8,2021,unknown,Mobile/Embedded,unknown,1,1
AMD Phenom X4 Quad-Core GP-9530,97.98,1228,12.533170034700959,417,4.255970606246173,12.54,,4,2016,AM2+ (940-pin),Desktop,Other,1,1
Intel Celeron J3160 @ 1.60GHz,200.98,1227,6.105085083092845,596,2.965469200915514,6.0,204.44,4,2016,BGA1170,Desktop,Other,0,1
AMD A6-3400M APU,28.99,1226,42.290444981027946,717,24.732666436702313,35.0,35.04,4,2011,FS1,Laptop,Other,0,0
AMD A4-4020 APU,91.0,1225,13.461538461538462,1238,13.604395604395604,65.0,18.85,2,2014,FM2,Desktop,Other,0,0
AMD Athlon II X2 B26,24.95,1224,49.05811623246493,1291,51.743486973947896,65.0,18.83,2,2011,unknown,Unknown,unknown,0,0
AMD Phenom II X3 705e,152.34,1222,8.021530786398845,962,6.314822108441644,65.0,18.81,3,2009,AM3,Desktop,AM3,0,0
Intel Core i3-2328M @ 2.20GHz,150.11,1221,8.134035040969955,986,6.5685164212910525,35.0,34.88,2,2012,PGA988,Laptop,Other,0,0
AMD A4-5300B APU,25.95,1220,47.01348747591522,1254,48.32369942196532,65.0,18.77,2,2012,FM2,Desktop,Other,0,0
MT6755V/BM,65.64,1219,18.57099329677026,520,7.921998781230957,20.02,,8,2022,unknown,Mobile/Embedded,unknown,1,1
Intel Pentium N3540 @ 2.16GHz,250.87,1216,4.847131980707139,714,2.846095587356001,7.5,162.12,4,2014,FCBGA1170,Laptop,Other,0,0
AMD R-272F APU,67.92,1215,17.8886925795053,1087,16.00412249705536,35.0,34.71,2,2019,FS1,"Desktop, Laptop",Other,0,1
Qualcomm MSM8992,62.38,1215,19.47739660147483,439,7.0375120230843216,19.06,,6,2021,unknown,Mobile/Embedded,unknown,1,1
AMD Phenom 8450 Triple-Core,16.99,1214,71.45379635079459,829,48.793407886992355,95.0,12.78,3,2008,AM2+,Desktop,Other,0,0
AMD Phenom II P860 Triple-Core,47.23,1214,25.704001693838663,831,17.594749100148213,35.0,34.69,3,2011,S1,Laptop,S1,0,1
AMD A4-9125,114.9,1212,10.548302872062663,1041,9.060052219321149,15.0,80.82,2,2018,BGA (FT4),Laptop,Other,0,1
Intel Core i5-430M @ 2.27GHz,129.95,1211,9.318968834166988,997,7.67218160831089,35.0,34.6,2,2010,BGA1288,Laptop,Other,0,0
AMD Phenom 8600 Triple-Core,52.99,1210,22.834497074919796,898,16.946593696923948,95.0,12.74,3,2009,AM2+,Desktop,Other,0,0
Intel Core i5-450M @ 2.40GHz,31.95,1208,37.80907668231612,1035,32.394366197183096,35.0,34.51,2,2010,PGA988A,Laptop,Other,0,0
Intel Pentium G620 @ 2.60GHz,11.99,1207,100.6672226855713,1203,100.33361134278566,65.0,18.57,2,2011,LGA1155,Desktop,LGA1155,0,0
AMD Phenom 8650 Triple-Core,19.0,1205,63.421052631578945,854,44.94736842105263,95.0,12.68,3,2008,AM2+,Desktop,Other,0,0
"Qualcomm Technologies, Inc SDM450",65.08,1204,18.500307314074984,402,6.177012907191149,19.68,,8,2021,unknown,Mobile/Embedded,unknown,1,1
Intel Celeron G550 @ 2.60GHz,49.0,1200,24.489795918367346,1192,24.3265306122449,65.0,18.46,2,2012,LGA1155,Desktop,LGA1155,0,0
Intel Atom x5-Z8550 @ 1.44GHz,102.75,1200,11.678832116788321,703,6.841849148418492,4.0,300.05,4,2016,UTFCBGA1380,"Laptop, Mobile/Embedded",Other,0,1
AMD A6-3410MX APU,3.99,1199,300.50125313283206,722,180.95238095238093,45.0,26.65,4,2011,FS1,Laptop,Other,0,0
AMD Opteron 2222,19.0,1198,63.05263157894737,618,32.526315789473685,95.0,12.62,2,2013,F (1207),Server,Other,0,0
Intel Celeron N3150 @ 1.60GHz,279.25,1197,4.286481647269472,573,2.0519247985675917,6.0,199.58,4,2015,FCBGA1170,Laptop,Other,0,1
Intel Pentium N3530 @ 2.16GHz,232.82,1197,5.141310883944678,705,3.0280903702431066,7.5,159.65,4,2014,FCBGA1170,Laptop,Other,0,1
ROC-RK3568-PC HDMI (Android),87.25,1197,13.71919770773639,551,6.315186246418338,18.28,,4,2022,unknown,Mobile/Embedded,unknown,1,1
Intel Celeron J3355 @ 2.00GHz,138.22,1195,8.645637389668645,806,5.831283461148893,10.0,119.53,2,2017,FCBGA1296,"Desktop, Laptop",Other,0,1
Intel Core i3-2310M @ 2.10GHz,39.95,1193,29.862327909887355,943,23.60450563204005,35.0,34.07,2,2011,BGA1023,Laptop,BGA1023,0,0
ARM Cortex-A72 6 Core 1512 MHz,84.39,1192,14.124896314729233,522,6.185567010309279,17.04,,6,2022,unknown,Unknown,unknown,1,1
AMD A4-4000 APU,19.97,1190,59.58938407611417,1195,59.839759639459196,65.0,18.31,1,2013,FM2,Desktop,Other,0,0
Rockchip RK3568 EVB1 DDR4 V10 Board,85.99,1189,13.827189208047448,556,6.4658681242004885,18.05,,4,2022,unknown,Mobile/Embedded,unknown,1,1
AMD Phenom 8750B Triple-Core,38.28,1188,31.03448275862069,901,23.537095088819225,95.0,12.5,3,2009,AM2+,Desktop,Other,0,1
Intel Core i3-3217U @ 1.80GHz,199.0,1188,5.969849246231155,907,4.557788944723618,17.0,69.9,2,2012,BGA1023,Laptop,BGA1023,0,0
Intel Core2 Duo E8335 @ 2.93GHz,277.7,1187,4.274396831112711,1206,4.342815988476774,35.08,,2,2009,Socket P,Laptop,Other,1,1
AMD R-460L APU,83.37,1183,14.18975650713686,776,9.307904522010315,25.0,47.33,4,2015,BGA827 (FP2),Laptop,Other,0,1
Intel Celeron 3755U @ 1.70GHz,191.16,1182,6.183301946013811,1022,5.346306758736137,15.0,78.81,2,2015,FCBGA1168,Laptop,FCBGA1168,0,1
Intel Celeron 3965Y @ 1.50GHz,107.0,1179,11.018691588785046,889,8.30841121495327,6.0,196.53,2,2018,FCBGA1515,Laptop,Other,0,0
Intel Core i3-390M @ 2.67GHz,38.95,1178,30.24390243902439,1096,28.138639281129652,35.0,33.66,2,2011,BGA1288,Laptop,Other,0,0
AMD Athlon II X2 B28,39.02,1177,30.164018452075855,1347,34.52075858534085,65.0,18.11,2,2012,AM3,Desktop,AM3,0,0
Intel Pentium G840 @ 2.80GHz,84.53,1175,13.90039039394298,1252,14.811309594226902,65.0,18.08,2,2011,FCLGA1155,Desktop,Other,0,0
Intel Celeron G540T @ 2.10GHz,42.58,1174,27.571629873179898,972,22.827618600281824,35.0,33.55,2,2012,LGA1155,Desktop,LGA1155,0,1
Intel Xeon Gold 6133 @ 2.50GHz,50.92,1172,23.016496465043204,1429,28.063629222309505,150.0,7.82,1,2021,FCLGA3647,Server,FCLGA3647,0,1
Intel Core2 Duo E8335 @ 2.66GHz,194.11,1172,6.037813610839215,1126,5.800834578331873,34.92,,2,2009,Socket P,Laptop,Other,1,1
MT6755V/CM,70.6,1172,16.600566572237963,334,4.730878186968839,19.81,,8,2021,unknown,Mobile/Embedded,unknown,1,1
ARM Cortex-A57 4 Core 1734 MHz,65.84,1172,17.800729040097206,387,5.877885783718104,17.56,,4,2021,unknown,Unknown,unknown,1,1
AMD Phenom II X2 550,41.91,1169,27.89310427105703,1240,29.587210689572895,80.0,14.61,2,2009,AM2+/AM3,Desktop,Other,0,0
Intel Core2 Duo E8400 @ 3.00GHz,140.0,1169,8.35,1242,8.871428571428572,65.0,17.98,2,2008,LGA775,Desktop,LGA775,0,0
Intel Pentium E6800 @ 3.33GHz,24.95,1166,46.73346693386774,1358,54.428857715430865,65.0,17.94,2,2010,LGA775,Desktop,LGA775,0,0
Intel Atom Z3795 @ 1.60GHz,111.6,1166,10.448028673835125,654,5.860215053763441,4.0,291.52,4,2014,UTFCBGA1380,Laptop,Other,0,1
Intel Pentium E5800 @ 3.20GHz,139.95,1165,8.324401571989997,1314,9.389067524115756,65.0,17.93,2,2012,LGA775,Desktop,LGA775,0,0
Intel Core i3-380M @ 2.53GHz,49.95,1165,23.323323323323322,1018,20.38038038038038,35.0,33.28,2,2010,PGA988A,Laptop,Other,0,0
AMD Phenom II X640 Dual-Core,43.44,1165,26.818600368324127,1142,26.28913443830571,45.0,25.88,2,2012,S1,Unknown,S1,0,1
Intel Pentium G645T @ 2.50GHz,58.05,1164,20.05167958656331,1100,18.949181739879414,35.0,33.25,2,2012,LGA1155,Desktop,LGA1155,0,1
AMD Phenom II X2 511,55.43,1163,20.9814180046906,1253,22.605087497744904,65.0,17.89,2,2011,AM2+/AM3,Unknown,Other,0,1
AMD Athlon II X2 255,12.55,1163,92.66932270916334,1249,99.5219123505976,65.0,17.89,2,2010,AM3,Desktop,AM3,0,0
Intel Core2 Duo T9800 @ 2.93GHz,423.89,1163,2.7436363207435894,1220,2.878105168793791,35.0,33.22,2,2009,BGA479,Laptop,Other,0,0
Intel Core2 Duo E7600 @ 3.06GHz,119.95,1161,9.679032930387661,1275,10.6294289287203,65.0,17.85,2,2009,LGA775,Desktop,LGA775,0,0
MT6757WH,70.85,1161,16.386732533521524,419,5.913902611150318,19.22,,8,2021,unknown,Mobile/Embedded,unknown,1,1
AMD A6-5350M APU,33.12,1160,35.02415458937198,1213,36.624396135265705,35.0,33.13,2,2013,FS1r2,Laptop,Other,0,0
AMD Phenom II P920 Quad-Core,65.0,1160,17.846153846153847,598,9.2,25.0,46.4,4,2010,S1,Laptop,S1,0,0
AMD A6-9220C,114.16,1159,10.152417659425367,1018,8.91730903994394,6.0,193.12,2,2019,FT4,Laptop,Other,0,1
MTK6757,67.41,1158,17.178460169114377,709,10.517727340157247,18.78,,8,2021,unknown,Mobile/Embedded,unknown,1,1
AMD Athlon II X2 250e,76.73,1155,15.052782484034926,1201,15.652287240974847,45.0,25.67,2,2011,AM3,Desktop,AM3,0,0
AMD QC-4000,103.65,1155,11.14327062228654,449,4.331886155330439,15.0,77.02,4,2015,FT3,Laptop,Other,0,1
Intel Celeron N3160 @ 1.60GHz,349.0,1154,3.306590257879656,567,1.6246418338108883,6.0,192.42,4,2016,FCBGA1170,Laptop,Other,0,0
AMD Sempron 3850 APU,47.58,1153,24.23287095418243,448,9.415720891130727,25.0,46.1,4,2014,"AM1,FS1b",Desktop,Other,0,0
ARM Cortex-A57 4 Core 2014 MHz,61.04,1153,18.889252948885975,428,7.011795543905635,17.1,,4,2021,unknown,Unknown,unknown,1,1
Intel Pentium E6700 @ 3.20GHz,140.19,1152,8.21741921677723,1314,9.37299379413653,65.0,17.72,2,2010,LGA775,Desktop,LGA775,0,0
AMD Phenom II X2 B55,37.95,1151,30.32938076416337,1244,32.77997364953887,80.0,14.39,2,2009,AM3,Desktop,AM3,0,0
Intel Core i5-2537M @ 1.40GHz,182.84,1150,6.289652154889521,906,4.955152045504266,17.0,67.65,2,2011,BGA1023,Laptop,BGA1023,0,1
MediaTek MT6753T,71.3,1149,16.115007012622723,416,5.834502103786816,19.22,,8,2021,unknown,Mobile/Embedded,unknown,1,1
Intel Pentium 3805U @ 1.90GHz,197.64,1148,5.808540781218377,1079,5.459421169803684,15.0,76.51,2,2015,FCBGA1168,Laptop,FCBGA1168,0,1
AMD A6 Micro-6500T APU,229.41,1146,4.995423041715705,630,2.7461749705766967,5.63,,4,2016,unknown,Laptop,unknown,1,1
Intel Celeron 3215U @ 1.70GHz,198.83,1144,5.7536589045918625,1060,5.33118744656239,15.0,76.27,2,2016,FCBGA1168,Laptop,FCBGA1168,0,1
AMD Phenom 8850 Triple-Core,48.17,1142,23.70770188914262,982,20.38613244758148,95.0,12.02,3,2010,AM2+,Desktop,Other,0,1
Intel Xeon W3505 @ 2.53GHz,14.86,1142,76.85060565275909,1104,74.29340511440108,130.0,8.79,2,2009,LGA1366,Server,LGA1366,0,0
Intel Core2 Duo E6850 @ 3.00GHz,51.2,1140,22.265625,1196,23.359375,65.0,17.53,2,2008,LGA775,Desktop,LGA775,0,0
Intel Pentium G640T @ 2.40GHz,84.88,1139,13.418944392082942,1102,12.983034872761547,35.0,32.54,2,2012,LGA1155,Desktop,LGA1155,0,0
Intel Core2 Extreme X9100 @ 3.06GHz,851.0,1139,1.3384253819036427,1175,1.3807285546415982,44.0,25.89,2,2008,PGA478,Laptop,PGA478,0,0
AMD Phenom II N870 Triple-Core,39.27,1139,29.004329004329,858,21.848739495798316,35.0,32.53,3,2011,S1,Laptop,S1,0,1
Intel Core2 Extreme X7800 @ 2.60GHz,261.01,1138,4.359986207425003,1077,4.126278686640359,44.0,25.87,2,2009,PGA478,Laptop,PGA478,0,1
Intel Core i3-2312M @ 2.10GHz,46.58,1138,24.431086303134393,927,19.90124516960069,35.0,32.52,2,2012,PGA988B,Laptop,Other,0,1
Intel Celeron J1900 @ 1.99GHz,198.88,1137,5.717015285599357,650,3.268302493966211,10.0,113.68,4,2014,FCBGA1170,Desktop,Other,0,1
AMD Phenom II N830 Triple-Core,58.31,1137,19.499228262733663,798,13.685474189675869,35.0,32.47,3,2010,S1,Laptop,S1,0,1
Intel Core2 Extreme X9000 @ 2.80GHz,409.95,1135,2.768630320770826,1103,2.690572020978168,44.0,25.79,2,2009,PGA478,Laptop,PGA478,0,0
AMD A9-9420e,116.42,1135,9.749183989005326,996,8.555231059955334,10.82,,2,2018,unknown,Laptop,unknown,1,1
AMD Phenom 8450e Triple-Core,78.6,1134,14.427480916030536,781,9.936386768447838,65.0,17.45,3,2009,AM2+,Desktop,Other,0,1
Intel Pentium N3520 @ 2.16GHz,248.26,1134,4.567791831144768,664,2.6746153226456135,7.5,151.2,4,2014,FCBGA1170,Laptop,Other,0,1
AMD A8-7050,173.63,1129,6.502332546218971,890,5.125842308356851,15.0,75.27,2,2016,unknown,Laptop,unknown,0,1
AMD Phenom II X2 B53,40.97,1126,27.48352453014401,1164,28.411032462777644,80.0,14.07,2,2009,AM3,Desktop,AM3,0,1
Intel Celeron N3350 @ 1.10GHz,275.49,1126,4.0872626955606375,809,2.936585719989836,6.0,187.73,2,2016,FCBGA1296,Laptop,Other,0,0
Intel Core i3-370M @ 2.40GHz,29.96,1126,37.583444592790386,977,32.61014686248331,35.0,32.16,2,2010,PGA988A,Laptop,Other,0,0
AMD E2-3800 APU,96.81,1124,11.610370829459766,447,4.61729160210722,15.0,74.94,4,2014,FT3,Laptop,Other,0,1
MediaTek MT6750T,70.63,1123,15.899759309075465,473,6.696871017981028,20.21,,8,2021,unknown,Mobile/Embedded,unknown,1,1
AMD A6-5345M APU,163.78,1122,6.850653315423129,1094,6.679692270118451,17.0,65.97,2,2014,FP2,Laptop,Other,0,1
AMD E2-6110 APU,109.1,1121,10.274977085242897,466,4.271310724106325,15.0,74.76,4,2014,"AM1,FT3b",Laptop,Other,0,1
Intel Core2 Duo E8135 @ 2.66GHz,183.21,1119,6.107745210414278,1140,6.222367774684788,34.24,,2,2009,Socket P,Laptop,Other,1,1
Intel Xeon L5320 @ 1.86GHz,69.99,1118,15.973710530075726,281,4.014859265609373,50.0,22.35,4,2011,LGA771,Server,Other,0,0
Intel Pentium A1018 @ 2.10GHz,50.2,1117,22.250996015936252,1020,20.318725099601593,35.0,31.9,2,2014,FCPGA988,Laptop,Other,0,1
AMD A6-1450 APU,120.48,1117,9.27124833997344,468,3.884462151394422,8.0,139.59,4,2013,FT3,Laptop,Other,0,1
AMD Phenom II P840 Triple-Core,56.91,1116,19.609910384818136,790,13.881567387102443,35.0,31.88,3,2010,S1,Laptop,S1,0,1
MediaTek MT6762G,71.42,1116,15.625875105012602,447,6.258751050126015,20.22,,8,2021,unknown,Mobile/Embedded,unknown,1,1
Intel Celeron G1820TE @ 2.20GHz,37.41,1115,29.80486500935579,728,19.460037423148894,35.0,31.85,2,2014,LGA1150,Desktop,LGA1150,0,1
AMD Phenom 8250 Triple-Core,56.06,1114,19.871566179093826,752,13.414199072422404,65.0,17.14,3,2009,unknown,Desktop,unknown,0,1
AMD Athlon II X2 260,39.99,1113,27.831957989497372,1249,31.23280820205051,65.0,17.12,2,2010,AM3,Desktop,AM3,0,0
Intel Celeron G540 @ 2.50GHz,11.03,1110,100.63463281958296,1131,102.53853127833183,65.0,17.07,2,2011,LGA1155,Desktop,LGA1155,0,0
Intel Core2 Duo P9700 @ 2.80GHz,179.54,1109,6.176896513311797,1151,6.410827670714047,28.0,39.61,2,2009,PGA478,Laptop,PGA478,0,1
AMD Phenom II X2 545,43.98,1107,25.170532060027288,1083,24.624829467939975,80.0,13.84,2,2009,AM2+/AM3,Desktop,Other,0,0
AMD Opteron 2220,1038.26,1106,1.065243773235991,553,0.5326218866179955,95.0,11.64,2,2009,F (1207),Server,Other,0,0
AMD Athlon II X2 210e,28.49,1105,38.78553878553879,1105,38.78553878553879,45.0,24.56,2,2010,AM3,Desktop,AM3,0,0
Intel Celeron G550T @ 2.20GHz,59.51,1102,18.517896151907244,1026,17.240799865568814,35.0,31.49,2,2014,LGA1155,Desktop,LGA1155,0,1
ARM Cortex-A72 6 Core 1416 MHz,58.0,1101,18.982758620689655,482,8.310344827586206,15.47,,6,2021,unknown,Unknown,unknown,1,1
AMD Phenom II X2 B57,44.91,1099,24.471164551324875,1231,27.4103763081719,80.0,13.73,2,2010,unknown,Unknown,unknown,0,1
Intel Celeron G530 @ 2.40GHz,48.99,1096,22.37191263523168,1078,22.004490712390282,65.0,16.86,2,2011,LGA1155,Desktop,LGA1155,0,0
Intel Xeon 3075 @ 2.66GHz,349.95,1096,3.131875982283183,1096,3.131875982283183,61.68,,2,2011,unknown,Server,unknown,1,0
AMD A4-3420 APU,136.0,1094,8.044117647058824,1150,8.455882352941176,65.0,16.83,2,2012,FM1,Desktop,Other,0,0
AMD PRO A4-4350B,118.32,1093,9.23766058147397,988,8.350236646382692,15.0,72.89,2,2019,FT4,Laptop,Other,0,1
Intel Core2 Extreme X7900 @ 2.80GHz,159.95,1093,6.8333854329477965,1087,6.795873710534543,44.0,24.83,2,2009,PGA478,Laptop,PGA478,0,0
Intel Celeron 2002E @ 1.50GHz,86.0,1091,12.686046511627907,871,10.127906976744185,25.0,43.63,2,2018,FCBGA1364,Laptop,Other,0,0
Intel Pentium B970 @ 2.30GHz,50.99,1091,21.396352225926652,1055,20.69033143753677,35.0,31.17,2,2012,PGA988,Laptop,Other,0,0
Intel Core i7-640UM @ 1.20GHz,185.9,1090,5.86336740182894,817,4.394835933297472,18.0,60.53,2,2010,BGA1288,Laptop,Other,0,1
Intel Core2 Duo E7500 @ 2.93GHz,99.63,1090,10.940479775168123,1198,12.024490615276523,65.0,16.76,2,2009,LGA775,Desktop,LGA775,0,0
AMD Opteron 1222,85.84,1089,12.686393289841565,1128,13.140726933830381,103.0,10.58,2,2010,AM2,Server,AM2,0,1
MT6795,72.05,1088,15.100624566273423,436,6.051353226925746,19.97,,8,2021,unknown,Mobile/Embedded,unknown,1,1
Intel Celeron G1101 @ 2.27GHz,19.77,1086,54.931714719271625,929,46.9903894790086,73.0,14.87,2,2011,FCLGA1156,Desktop,Other,0,0
Qualcomm MSM 8939 HUAWEI TEXAS-A1,76.61,1085,14.162641952747682,383,4.999347343688814,20.66,,8,2021,unknown,Mobile/Embedded,unknown,1,1
15/70,91.45,1085,11.864406779661017,878,9.60087479496993,15.78,,2,2021,unknown,Unknown,unknown,1,1
AMD Phenom 8250e Triple-Core,46.99,1084,23.06873802936795,729,15.51393913598638,65.0,16.68,3,2009,940,Desktop,Other,0,0
AMD Athlon II X2 250,38.95,1083,27.804878048780484,1155,29.653401797175864,65.0,16.66,2,2009,AM3,Desktop,AM3,0,0
AMD Phenom 8400 Triple-Core,53.41,1079,20.20220932409661,786,14.71634525369781,95.0,11.36,3,2009,AM2+,Desktop,Other,0,1
MT8173,61.51,1077,17.509348073483988,848,13.786376198992034,18.67,,4,2022,unknown,Mobile/Embedded,unknown,1,1
AMD Athlon II X2 245e,19.99,1075,53.77688844422212,1145,57.27863931965983,45.0,23.89,2,2011,AM3,Desktop,AM3,0,0
ARM Cortex-A72 4 Core 2300 MHz,89.28,1075,12.040770609318995,726,8.131720430107526,17.22,,4,2021,unknown,Unknown,unknown,1,1
Intel Celeron 1005M @ 1.90GHz,41.25,1074,26.036363636363635,1017,24.654545454545456,35.0,30.67,2,2013,FCPGA988,Laptop,Other,0,1
AMD Athlon II X2 B24,24.1,1073,44.522821576763484,1206,50.04149377593361,65.0,16.51,2,2010,AM3,Desktop,AM3,0,0
Intel Pentium E6500 @ 2.93GHz,95.71,1073,11.21094974401839,1210,12.642357120468082,65.0,16.51,2,2009,LGA775,Desktop,LGA775,0,0
Intel Pentium E6600 @ 3.06GHz,16.99,1072,63.09593878752208,1156,68.04002354326074,65.0,16.49,2,2010,LGA775,Desktop,LGA775,0,0
Samsung EXYNOS5433,71.54,1072,14.984623986580932,468,6.541794800111825,19.63,,8,2021,unknown,Mobile/Embedded,unknown,1,1
Intel Xeon 3085 @ 3.00GHz,33.75,1070,31.703703703703702,1124,33.303703703703704,65.0,16.46,2,2015,LGA775,Server,LGA775,0,1
MT6755BM,72.62,1070,14.734232993665655,520,7.160561828697328,19.28,,8,2021,unknown,Mobile/Embedded,unknown,1,1
Intel Core2 Duo P9600 @ 2.66GHz,109.91,1069,9.72613956873806,1111,10.108270403057046,25.0,42.75,2,2009,PGA478,Laptop,PGA478,0,1
AMD Phenom II P820 Triple-Core,59.88,1068,17.83567134268537,717,11.973947895791582,25.0,42.7,3,2010,S1,Laptop,S1,0,1
MediaTek MT6750V/WT,73.91,1068,14.45000676498444,403,5.452577459071844,19.87,,8,2021,unknown,Mobile/Embedded,unknown,1,1
AMD A4-3400 APU,20.0,1066,53.3,1075,53.75,65.0,16.4,2,2011,FM1,Desktop,Other,0,0
AMD GX-412HC,141.26,1065,7.539289253858135,412,2.916607673793006,7.0,152.12,4,2015,FT3b,Laptop,Other,0,1
Qualcomm MSM 8939 HUAWEI KIW-L24,75.15,1065,14.171656686626745,344,4.577511643379906,20.28,,8,2021,unknown,Mobile/Embedded,unknown,1,1
Intel Pentium B980 @ 2.40GHz,35.81,1064,29.712370846132362,1050,29.32141859815694,35.0,30.4,2,2012,FCPGA988,Laptop,Other,0,0
Intel Core2 Duo E8200 @ 2.66GHz,75.99,1064,14.001842347677327,1126,14.817739176207397,65.0,16.36,2,2008,LGA775,Desktop,LGA775,0,0
AMD Phenom X4 Quad-Core GS-6560,82.43,1063,12.895790367584617,282,3.421084556593473,16.11,,4,2015,unknown,Unknown,unknown,1,1
AMD A6-9200,123.33,1062,8.611043541717343,925,7.500202708181302,10.0,106.22,2,2018,BGA,Laptop,Other,0,1
Intel Core i3-350M @ 2.27GHz,29.0,1062,36.62068965517241,879,30.310344827586206,35.0,30.35,2,2010,BGA1288,Laptop,Other,0,0
Intel Pentium G6950 @ 2.80GHz,79.0,1061,13.430379746835444,1035,13.10126582278481,73.0,14.53,2,2010,LGA1156,Desktop,Other,0,0
AMD Athlon II X2 4400e,62.26,1059,17.009315772566655,1121,18.0051397365885,37.0,28.61,2,2009,unknown,Unknown,unknown,0,1
Rockchip RK3566 BOX DEMO V10 ANDROID Board,68.6,1058,15.422740524781343,516,7.521865889212829,19.27,,4,2022,unknown,Mobile/Embedded,unknown,1,1
AMD Embedded G-Series GX-215JJ Radeon R2E,137.06,1057,7.711950970377937,869,6.340288924558587,10.0,105.74,2,2017,FP4,"Laptop, Mobile/Embedded",Other,0,1
Intel Celeron 2980U @ 1.60GHz,175.73,1056,6.009218687759631,929,5.28651909178854,15.0,70.38,2,2014,FCBGA1168,Laptop,FCBGA1168,0,1
Intel Celeron G530T @ 2.00GHz,16.99,1056,62.15420835785757,962,56.62154208357858,35.0,30.17,2,2011,LGA1155,Desktop,LGA1155,0,0
MT6592T,74.6,1056,14.15549597855228,354,4.745308310991957,20.28,,8,2021,unknown,Mobile/Embedded,unknown,1,1
Intel Xeon W3503 @ 2.40GHz,9.99,1052,105.3053053053053,1015,101.6016016016016,130.0,8.1,2,2009,LGA1366,Server,LGA1366,0,0
Intel Core2 Duo T9600 @ 2.80GHz,54.95,1051,19.126478616924476,1121,20.400363967242946,35.0,30.03,2,2009,BGA479,Laptop,Other,0,0
AMD Athlon II X2 235e,97.5,1049,10.75897435897436,1107,11.353846153846154,45.0,23.3,2,2009,AM3,Desktop,AM3,0,0
Intel Core i7-680UM @ 1.47GHz,175.37,1046,5.964532132063637,773,4.407823458972458,18.0,58.11,2,2011,BGA1288,Laptop,Other,0,1
MT8783,76.65,1039,13.555120678408349,353,4.605348988910633,20.28,,8,2021,unknown,Mobile/Embedded,unknown,1,1
AMD GX-222GC SOC,171.67,1038,6.046484534280888,819,4.770781149880585,15.0,69.2,2,2016,BGA769 (FT3b),"Laptop, Mobile/Embedded",Other,0,1
Intel Atom E3845 @ 1.91GHz,205.17,1038,5.0592191840912415,536,2.612467709704148,10.0,103.76,4,2014,FCBGA1170,Desktop,Other,0,1
AMD Athlon 7850 Dual-Core,99.99,1037,10.371037103710371,1110,11.101110111011101,95.0,10.91,2,2009,AM2+,Desktop,Other,0,0
AMD Opteron 1220,103.63,1036,9.997105085399982,1077,10.392743414069285,103.0,10.05,2,2009,AM2,Server,AM2,0,1
AMD Athlon II X2 B22,25.95,1036,39.92292870905588,1124,43.3140655105973,65.0,15.94,2,2010,AM3,Desktop,AM3,0,0
AMD Opteron 2218,96.41,1036,10.745773260035266,491,5.092832693703973,95.0,10.91,2,2009,F (1207),Server,Other,0,0
Intel Celeron N2940 @ 1.83GHz,232.5,1035,4.451612903225806,612,2.632258064516129,7.5,138.0,4,2014,FCBGA1170,Laptop,Other,0,1
Qualcomm MSM 8939 HUAWEI KIW-L21,76.65,1035,13.502935420743638,348,4.540117416829745,20.41,,8,2021,unknown,Mobile/Embedded,unknown,1,1
Intel Core2 Duo E8300 @ 2.83GHz,19.99,1034,51.725862931465734,1169,58.47923961980991,65.0,15.9,2,2008,LGA775,Desktop,LGA775,0,0
Intel Pentium G630T @ 2.30GHz,84.07,1029,12.239800166527894,1040,12.370643511359582,35.0,29.4,2,2011,LGA1155,Desktop,LGA1155,0,0
Intel Celeron U1900 @ 1.99GHz,136.86,1028,7.511325442057577,527,3.850650299576209,13.24,,4,2015,unknown,Unknown,unknown,1,1
AMD A6 PRO-7050B APU,159.97,1027,6.419953741326498,905,5.657310745764831,17.0,60.44,2,2014,FP3,Laptop,Other,0,1
Intel Celeron 1000M @ 1.80GHz,37.67,1026,27.23652774090788,969,25.723387310857444,35.0,29.32,2,2013,FCPGA988,Laptop,Other,0,1
AMD A6-4400M APU,27.0,1026,38.0,1043,38.629629629629626,35.0,29.31,1,2012,FS1r2,Laptop,Other,0,0
Intel Xeon 3070 @ 2.66GHz,28.65,1025,35.776614310645726,1024,35.74171029668412,65.0,15.77,2,2010,LGA775,Server,LGA775,0,0
AMD Athlon II X2 220,59.95,1024,17.08090075062552,1105,18.43202668890742,65.0,15.75,2,2010,AM3,Desktop,AM3,0,0
AMD Phenom II N660 Dual-Core,89.0,1024,11.50561797752809,1070,12.02247191011236,35.0,29.26,2,2011,S1,Laptop,S1,0,0
AMD Athlon II X2 245,12.55,1022,81.43426294820716,1113,88.68525896414342,65.0,15.73,2,2009,AM2+/AM3,Desktop,Other,0,0
ARM Cortex-A57 8 Core 1500 MHz,63.64,1022,16.059082338152106,346,5.436832181018228,16.02,,8,2021,unknown,Unknown,unknown,1,1
Intel Pentium 2127U @ 1.90GHz,134.0,1018,7.597014925373134,941,7.022388059701493,17.0,59.87,2,2013,FCBGA1023,Laptop,Other,0,0
Intel Pentium 3556U @ 1.70GHz,139.58,1017,7.286144146725891,937,6.712996131250895,15.0,67.82,2,2013,BGA1168,Laptop,Other,0,1
Intel Pentium E5700 @ 3.00GHz,49.99,1017,20.344068813762753,1169,23.384676935387077,65.0,15.65,2,2010,LGA775,Desktop,LGA775,0,0
"Qualcomm Technologies, Inc MSM8937",76.16,1017,13.353466386554622,374,4.910714285714286,20.43,,8,2021,unknown,Mobile/Embedded,unknown,1,1
Intel Core2 Duo T9500 @ 2.60GHz,108.02,1016,9.405665617478245,1090,10.09072394001111,35.0,29.02,2,2009,BGA479,Laptop,Other,0,0
Intel Pentium J2850 @ 2.41GHz,187.89,1016,5.407419234658577,646,3.438181914950237,10.0,101.56,4,2014,FCBGA1170,Desktop,Other,0,1
AMD Turion II Ultra Dual-Core Mobile M640,72.08,1016,14.09544950055494,1063,14.747502774694784,35.0,29.02,2,2009,S1,Laptop,S1,0,1
Intel Core i5-560UM @ 1.33GHz,159.1,1015,6.379635449402891,898,5.644248900062854,18.0,56.37,2,2011,BGA1288,Laptop,Other,0,1
AMD Athlon X2 240e,48.26,1015,21.031910484873602,1092,22.62743472855367,45.0,22.56,2,2011,unknown,Unknown,unknown,0,1
Qualcomm MSM8939,71.53,1013,14.161890116035229,461,6.444848315392143,19.63,,8,2021,unknown,Mobile/Embedded,unknown,1,1
Intel Core2 Duo E6700 @ 2.66GHz,29.99,1012,33.744581527175725,1055,35.1783927975992,65.0,15.57,2,2010,LGA775,Desktop,LGA775,0,0
Intel Core2 Duo P9600 @ 2.53GHz,99.0,1012,10.222222222222221,1075,10.858585858585858,25.0,40.46,2,2009,PGA478,Laptop,PGA478,0,0
AMD Turion II Ultra Dual-Core Mobile M660,30.68,1011,32.95306388526728,1103,35.95176010430248,35.0,28.9,2,2010,S1,Laptop,S1,0,1
AMD A6-7000,186.04,1010,5.428940012900452,857,4.606536228768007,17.0,59.4,2,2015,FP3,Laptop,Other,0,1
Intel Core2 Duo E6750 @ 2.66GHz,10.3,1010,98.05825242718446,1050,101.94174757281553,65.0,15.54,2,2008,LGA775,Desktop,LGA775,0,0
Intel Pentium E5500 @ 2.80GHz,15.99,1010,63.16447779862414,1140,71.29455909943715,65.0,15.53,2,2010,LGA775,Desktop,LGA775,0,0
AMD Phenom X2 Dual-Core GE-7060,52.89,1010,19.096237474002645,1332,25.184344866704482,62.81,,2,2013,unknown,Unknown,unknown,1,1
MT8168B,86.2,1008,11.693735498839906,552,6.403712296983758,18.05,,4,2021,unknown,Mobile/Embedded,unknown,1,1
Pentium Dual-Core T4500 @ 2.30GHz,60.7,1008,16.606260296540363,947,15.601317957166392,18.82,,2,2021,unknown,Unknown,unknown,1,1
MediaTek MT6762V/CA,75.61,1006,13.305118370585902,398,5.263853987567782,20.48,,8,2021,unknown,Mobile/Embedded,unknown,1,1
Intel Core i3-3229Y @ 1.40GHz,122.08,1004,8.224115334207077,678,5.553735255570118,13.0,77.22,2,2013,BGA1023,Desktop,BGA1023,0,1
Intel Pentium 3558U @ 1.70GHz,176.38,1004,5.692255357750312,929,5.267037079033904,15.0,66.91,2,2014,FCBGA1168,Laptop,FCBGA1168,0,1
AMD A4 Micro-6400T APU,258.51,1004,3.883795597849213,530,2.0502108235658194,4.5,223.12,4,2014,FT3b,Laptop,Other,0,1
Intel Celeron N2930 @ 1.83GHz,245.08,1003,4.092541211033132,582,2.374734780479843,7.5,133.73,4,2014,FCBGA1170,Laptop,Other,0,1
Intel Core i5-540UM @ 1.20GHz,177.37,1002,5.649207870553081,818,4.611828381349721,18.0,55.64,2,2011,BGA1288,Laptop,Other,0,1
Intel Pentium E6300 @ 2.80GHz,41.85,1000,23.894862604540023,1129,26.977299880525685,65.0,15.38,2,2009,LGA775,Desktop,LGA775,0,0
Intel Pentium 2117U @ 1.80GHz,134.0,998,7.447761194029851,925,6.902985074626866,17.0,58.7,2,2013,FCBGA1023,Laptop,Other,0,0
Intel Core i3-330M @ 2.13GHz,149.95,997,6.648882960986996,809,5.39513171057019,35.0,28.48,2,2010,BGA1288,Laptop,Other,0,0
AMD Athlon X2 215,30.13,996,33.05675406571523,1107,36.740789910388315,65.0,15.33,2,2010,unknown,Unknown,unknown,0,1
Intel Core2 Duo E8235 @ 2.80GHz,105.44,995,9.436646433990896,1113,10.55576631259484,31.76,,2,2009,Socket P,Laptop,Other,1,1
AMD Athlon X2 250,37.54,993,26.45178476291955,1132,30.154501864677677,65.0,15.28,2,2009,unknown,Unknown,unknown,0,1
Intel Celeron 2981U @ 1.60GHz,189.19,991,5.238120408055394,871,4.603837412125377,15.0,66.1,2,2016,BGA1168,Laptop,Other,0,1
AMD E2-9010,136.67,991,7.25104265749616,871,6.373015292309944,15.0,66.1,2,2017,FP4,Laptop,Other,0,1
AMD Phenom II N620 Dual-Core,3.99,990,248.12030075187968,1069,267.91979949874684,35.0,28.28,2,2010,S1,Laptop,S1,0,0
AMD Athlon II X2 4300e,109.06,990,9.077571978727306,1074,9.84779020722538,13.0,76.18,2,2012,unknown,Unknown,unknown,0,1
Nvidia Tegra T132,90.96,990,10.883905013192614,1056,11.609498680738787,15.77,,2,2021,unknown,Mobile/Embedded,unknown,1,1
Intel Pentium Extreme Edition 965 @ 3.73GHz,62.33,987,15.835071394192203,818,13.123696454355848,130.0,7.59,2,2009,PLGA775,Desktop,Other,0,1
Intel Atom x5-E8000 @ 1.04GHz,174.44,985,5.646640678743408,509,2.9179087365283194,5.0,196.92,4,2016,FCBGA1170,Laptop,Other,0,1
Intel Pentium B950 @ 2.10GHz,29.97,984,32.832832832832835,934,31.1644978311645,35.0,28.11,2,2011,PGA988,Laptop,Other,0,1
ARM ARMv7 rev 3 (v7l) 4 Core 2065 MHz,86.4,984,11.388888888888888,593,6.863425925925926,14.0,,4,2021,unknown,Unknown,unknown,1,1
MT6755V/WM,72.86,981,13.464177875377436,383,5.256656601701894,20.43,,8,2021,unknown,Mobile/Embedded,unknown,1,1
AMD Athlon II X2 240e,37.89,980,25.86434415413038,1092,28.820269200316705,45.0,21.77,2,2009,AM3,Desktop,AM3,0,0
Intel Core2 Duo E7400 @ 2.80GHz,14.99,980,65.37691794529687,1104,73.64909939959973,65.0,15.07,2,2008,LGA775,Desktop,LGA775,0,0
AMD Opteron 1218 HE,42.74,979,22.905942910622368,940,21.993448759943846,65.0,15.06,2,2010,AM2,Server,AM2,0,1
tn8,87.3,979,11.214203894616267,613,7.02176403207331,18.38,,4,2021,unknown,Mobile/Embedded,unknown,1,1
MT8768WD,73.17,979,13.379800464671312,404,5.521388547218805,19.87,,8,2021,unknown,Mobile/Embedded,unknown,1,1
MediaTek MT6750,74.68,977,13.082485270487412,354,4.740224959828602,20.41,,8,2021,unknown,Mobile/Embedded,unknown,1,1
AMD Phenom X3 8550,29.95,976,32.587646076794655,810,27.045075125208683,95.0,10.27,3,2009,AM2/AM2+,Desktop,Other,0,0
Intel Core i3-2340UE @ 1.30GHz,175.58,976,5.558719671944412,620,3.5311538899646884,17.0,57.43,2,2014,BGA-1023,Laptop,Other,0,1
Intel Core2 Duo T7800 @ 2.60GHz,607.99,976,1.6052895606835638,1034,1.7006858665438576,35.0,27.88,2,2009,BGA479,Laptop,Other,0,0
Qualcomm MSM8937,74.41,973,13.076199435559737,345,4.636473592259105,20.41,,8,2021,unknown,Mobile/Embedded,unknown,1,1
Intel Core2 Duo E8135 @ 2.40GHz,50.5,973,19.26732673267327,1028,20.356435643564357,54.28,,2,2009,unknown,Unknown,unknown,1,1
AMD Athlon 64 FX-74,499.5,972,1.945945945945946,617,1.2352352352352352,125.0,7.78,2,2009,F (1207),Desktop,Other,0,0
AMD A4-3300 APU,56.61,971,17.15244656421127,1026,18.124006359300477,65.0,14.93,2,2011,FM1,Desktop,Other,0,0
AMD A4-4300M APU,29.86,971,32.51841929002009,976,32.685867381111855,35.0,27.73,1,2012,FS1,Laptop,Other,0,0
Intel Celeron 1037U @ 1.80GHz,148.49,969,6.525691965788941,914,6.155296652973264,17.0,57.0,2,2013,FCBGA1023,Laptop,Other,0,1
MT6795M,74.77,968,12.946368864517856,377,5.042129196201685,20.43,,8,2021,unknown,Mobile/Embedded,unknown,1,1
AMD Athlon 64 X2 Dual Core 6400+,249.95,967,3.86877375475095,1142,4.568913782756551,125.0,7.74,2,2008,AM2,Desktop,AM2,0,0
AMD Phenom II N640 Dual-Core,54.95,965,17.561419472247497,1039,18.908098271155595,35.0,27.58,2,2010,S1,Laptop,S1,0,0
Intel Core i7-620UM @ 1.07GHz,183.3,964,5.259138025095472,777,4.238952536824877,18.0,53.57,2,2010,BGA1288,Laptop,Other,0,1
Intel Core2 Duo E7300 @ 2.66GHz,33.07,964,29.150287269428485,1097,33.17205926821893,65.0,14.83,2,2008,LGA775,Desktop,LGA775,0,0
Intel Xeon 5160 @ 3.00GHz,43.5,963,22.137931034482758,1134,26.06896551724138,80.0,12.04,2,2009,LGA771,Server,Other,0,0
Intel Atom C2538 @ 2.40GHz,104.0,960,9.23076923076923,491,4.721153846153846,15.0,64.01,4,2018,FCBGA1283,Laptop,Other,0,0
AMD Athlon II X2 215,28.97,959,33.10321021746635,1041,35.93372454263031,65.0,14.75,2,2009,AM3,Desktop,AM3,0,0
Intel Core2 Duo P9500 @ 2.53GHz,998.99,959,0.9599695692649576,1056,1.0570676383146977,25.0,38.36,2,2008,BGA479,Laptop,Other,0,0
AMD E2-9000,145.56,958,6.581478428139599,801,5.502885408079143,10.0,95.84,2,2017,unknown,Laptop,unknown,0,1
Unisoc ums312,94.04,958,10.187154402381964,1054,11.207996597192682,16.15,,4,2021,unknown,Mobile/Embedded,unknown,1,1
AMD Opteron 285,24.95,956,38.31663326653307,509,20.400801603206414,95.0,10.06,2,2009,940,Server,Other,0,0
Intel Core2 Duo P8700 @ 2.53GHz,84.95,956,11.253678634490877,1045,12.301353737492642,25.0,38.25,2,2009,BGA479,Laptop,Other,0,0
AMD A6-9220e,119.01,956,8.032938408537097,832,6.991009158894211,11.8,,2,2018,unknown,Laptop,unknown,1,1
MT6750V/CS,75.21,955,12.697779550591678,384,5.105704028719585,20.9,,8,2022,unknown,Mobile/Embedded,unknown,1,1
AMD R-260H APU,137.41,954,6.942726148024161,902,6.564296630521796,17.0,56.13,2,2017,BGA827 (FP2),Laptop,Other,0,1
AMD E2-3200 APU,7.99,953,119.2740926157697,964,120.65081351689612,65.0,14.66,2,2011,FM1,Desktop,Other,0,0
AMD Opteron 290,135.0,952,7.051851851851852,570,4.222222222222222,95.0,10.02,2,2009,940,Server,Other,0,0
AMD Athlon 7750 Dual-Core,79.99,951,11.88898612326541,1034,12.926615826978374,95.0,10.01,2,2009,AM2+,Desktop,Other,0,0
Samsung J7 Max LTE SWA board based on MT6757V/WL,76.13,950,12.478654932352555,286,3.7567319059503483,20.41,,8,2021,unknown,Mobile/Embedded,unknown,1,1
Intel Core2 Duo SP9400 @ 2.40GHz,284.0,948,3.3380281690140845,930,3.2746478873239435,25.0,37.93,2,2009,BGA956,Laptop,Other,0,0
Intel Core2 Duo E7200 @ 2.53GHz,47.0,947,20.148936170212767,1068,22.72340425531915,65.0,14.56,2,2008,LGA775,Desktop,LGA775,0,0
ARM Cortex-A57 4 Core 1479 MHz,63.33,947,14.953418600978999,400,6.316121901152693,15.62,,4,2021,unknown,Unknown,unknown,1,1
VIA Eden X4 C4250 @ 1.2+GHz,80.22,944,11.767638992769882,476,5.93368237347295,14.3,,4,2015,unknown,Unknown,unknown,1,1
AMD Athlon 64 FX-62 Dual Core,375.0,943,2.514666666666667,1000,2.6666666666666665,125.0,7.54,2,2009,AM2,Desktop,AM2,0,0
Intel Celeron J1850 @ 1.99GHz,117.54,942,8.014293006636038,455,3.87102263059384,10.0,94.18,4,2013,FCBGA1170,Desktop,Other,0,1
Intel Core2 Duo T9400 @ 2.53GHz,44.95,941,20.93437152391546,1016,22.60289210233593,35.0,26.88,2,2009,BGA479,Laptop,Other,0,0
Intel Core2 Duo P8800 @ 2.66GHz,56.99,940,16.49412177575013,1087,19.0735216704685,25.0,37.59,2,2009,BGA479,Laptop,Other,0,0
Intel Core2 Duo T9300 @ 2.50GHz,94.95,940,9.899947340705634,1020,10.742496050552923,35.0,26.86,2,2008,BGA479,Laptop,Other,0,0
Octa Core,552.5,940,1.7013574660633484,400,0.7239819004524887,19.87,,8,2021,unknown,Mobile/Embedded,unknown,1,0
Intel Xeon 3060 @ 2.40GHz,22.99,939,40.84384515006525,942,40.97433666811658,65.0,14.44,2,2009,LGA775,Server,LGA775,0,0
AMD Athlon X2 255,41.64,938,22.526416906820366,1095,26.296829971181555,65.0,14.43,2,2012,AM2+/AM3,Unknown,Other,0,1
Intel Core2 Duo T9550 @ 2.66GHz,298.95,937,3.1343033952165915,1035,3.462117410938284,35.0,26.77,2,2009,BGA479,Laptop,Other,0,0
Intel Pentium E5400 @ 2.70GHz,92.76,936,10.090556274256144,1074,11.578266494178525,65.0,14.4,2,2009,LGA775,Desktop,LGA775,0,0
AMD Athlon II X2 240,24.95,935,37.4749498997996,1027,41.1623246492986,65.0,14.38,2,2009,AM3,Desktop,AM3,0,0
Intel Celeron E3500 @ 2.70GHz,21.0,935,44.523809523809526,1154,54.95238095238095,65.0,14.39,2,2011,LGA775,Desktop,LGA775,0,0
AMD Phenom II P650 Dual-Core,35.0,933,26.65714285714286,985,28.142857142857142,35.0,26.66,2,2011,S1,Laptop,S1,0,0
AMD Sempron X2 198 Dual-Core,38.83,930,23.950553695596188,1070,27.556013391707445,65.0,14.31,2,2015,FM1,Desktop,Other,0,1
Intel Celeron B840 @ 1.90GHz,34.33,930,27.0900087387125,901,26.24526653073114,35.0,26.56,2,2011,PGA988B,Laptop,Other,0,1
Intel Xeon L3406 @ 2.27GHz,265.19,928,3.4993778045929336,647,2.439760171952185,30.0,30.94,2,2010,LGA1156,Server,Other,0,0
AMD Athlon 64 X2 Dual Core 5600+,107.21,923,8.609271523178808,1027,9.579330286353885,89.0,10.37,2,2008,AM2,Desktop,AM2,0,0
AMD Turion II Ultra Dual-Core Mobile M600,16.76,923,55.071599045346055,982,58.59188544152744,35.0,26.38,2,2009,S1,Laptop,S1,0,0
AMD E2-9030,58.28,922,15.820178448867535,906,15.545641729581332,19.89,,2,2019,BGA (FT4),Desktop,Other,1,1
AMD Athlon X2 240,38.7,921,23.7984496124031,1017,26.279069767441857,65.0,14.17,2,2009,unknown,Unknown,unknown,0,1
AMD Athlon 64 X2 Dual Core 6000+,38.5,919,23.87012987012987,1022,26.545454545454547,89.0,10.33,2,2008,AM2,Desktop,AM2,0,0
Intel Celeron 3205U @ 1.50GHz,287.04,918,3.1981605351170566,879,3.0622909698996654,15.0,61.19,2,2015,FCBGA1168,Laptop,FCBGA1168,0,0
Intel Celeron N2920 @ 1.86GHz,259.92,918,3.53185595567867,549,2.1121883656509692,7.5,122.4,4,2014,FCBGA1170,Laptop,Other,0,1
MediaTek MT6753,77.14,916,11.874513870884106,333,4.3168265491314495,19.56,,8,2021,unknown,Mobile/Embedded,unknown,1,1
Intel Xeon 5148 @ 2.33GHz,20.0,912,45.6,868,43.4,40.0,22.81,2,2010,LGA771,Server,Other,0,0
AMD Turion II Dual-Core Mobile M540,32.38,912,28.16553428042001,967,29.86411365040148,35.0,26.05,2,2011,S1,Laptop,S1,0,1
AMD Athlon 64 X2 Dual Core 5400+,52.99,910,17.17305151915456,1010,19.06020003774297,65.0,13.99,2,2008,AM2,Desktop,AM2,0,0
AMD Opteron 1218,78.86,910,11.539436976921126,962,12.198833375602334,103.0,8.84,2,2010,AM2,Server,AM2,0,1
Intel Pentium B960 @ 2.20GHz,38.68,910,23.526370217166495,941,24.327817993795243,35.0,26.0,2,2012,PGA988,Laptop,Other,0,0
"Qualcomm Technologies, Inc SDM429",84.87,910,10.722281135854836,561,6.610109579356663,17.64,,4,2021,unknown,Mobile/Embedded,unknown,1,1
AMD Opteron 2220 SE,25.0,909,36.36,519,20.76,119.0,7.64,2,2009,F (1207),Server,Other,0,0
Intel Core2 Duo P9300 @ 2.26GHz,94.76,909,9.592655128746307,855,9.022794428028703,25.05,,2,2009,unknown,Laptop,unknown,1,1
Rockchip RK3566 RK817 TABLET LP4X Board,71.77,909,12.665459105475826,488,6.79949839765919,18.21,,4,2021,unknown,Mobile/Embedded,unknown,1,1
Intel Atom x5-Z8350 @ 1.44GHz,21.0,909,43.285714285714285,482,22.952380952380953,4.0,227.26,4,2016,UTFCBGA592,Laptop,Other,0,0
MediaTek MT8166B,85.72,907,10.580961269248716,521,6.0779281381241255,17.95,,4,2021,unknown,Mobile/Embedded,unknown,1,1
Intel Core2 Duo T8300 @ 2.40GHz,108.95,906,8.315741165672327,996,9.14180816888481,35.0,25.9,2,2008,BGA479,Laptop,Other,0,0
Intel Pentium E5300 @ 2.60GHz,59.49,906,15.229450327786182,1032,17.34745335350479,65.0,13.93,2,2009,LGA775,Desktop,LGA775,0,0
Intel Core i5-520UM @ 1.07GHz,184.02,902,4.901641125964569,759,4.124551679165308,18.0,50.14,2,2010,BGA1288,Laptop,Other,0,1
"Qualcomm Technologies, Inc MSM8940",78.2,902,11.534526854219948,317,4.053708439897698,19.56,,8,2021,unknown,Mobile/Embedded,unknown,1,1
Intel Core2 Duo E6600 @ 2.40GHz,35.09,901,25.67683100598461,953,27.15873468224565,65.0,13.86,2,2008,PLGA775,Desktop,Other,0,0
Intel Xeon 3.73GHz,61.48,901,14.655172413793105,734,11.938841899804816,75.45,,2,2009,unknown,Server,unknown,1,1
AMD A4-9120e,122.91,899,7.314295012610853,783,6.370515010983647,8.91,,2,2019,FT4,Laptop,Other,1,1
AMD Athlon II N370 Dual-Core,39.09,899,22.99820926068048,913,23.356357124584292,35.0,25.67,2,2012,S1g4,Unknown,Other,0,1
Intel Pentium G620T @ 2.20GHz,19.99,896,44.822411205602805,961,48.07403701850926,35.0,25.61,2,2011,LGA1155,Desktop,LGA1155,0,0
Intel Core i3-2375M @ 1.50GHz,161.2,894,5.54590570719603,684,4.24317617866005,17.0,52.57,2,2013,BGA1023,Laptop,BGA1023,0,1
AMD A4-9120C,115.88,894,7.714877459440801,953,8.224024853296514,6.0,148.93,2,2019,FT4,Laptop,Other,0,1
UGOOS UT8 Board,79.11,894,11.30072051573758,543,6.863860447478195,18.82,,4,2022,unknown,Mobile/Embedded,unknown,1,1
Intel Core2 Duo L9600 @ 2.13GHz,174.52,892,5.111162044464818,914,5.237222094888837,17.0,52.46,2,2009,BGA956,Laptop,Other,0,1
"Qualcomm Technologies, Inc MSM8994",75.67,890,11.761596405444694,509,6.726575921765561,18.68,,8,2021,unknown,Mobile/Embedded,unknown,1,1
Samsung Exynos 7870,78.1,890,11.395646606914214,290,3.713188220230474,19.56,,8,2021,unknown,Mobile/Embedded,unknown,1,1
Intel Celeron 1017U @ 1.60GHz,180.77,888,4.912319522044586,821,4.541682801349781,17.0,52.24,2,2013,FCBGA1023,Laptop,Other,0,1
Intel Xeon 5133 @ 2.20GHz,27.56,887,32.184325108853415,838,30.406386066763428,40.0,22.18,2,2013,LGA771,Server,Other,0,1
AMD Turion II P540 Dual-Core,49.95,884,17.697697697697695,843,16.876876876876874,35.0,25.26,2,2010,S1,Laptop,S1,0,0
AMD Phenom X2 Dual-Core GP-7730,45.7,884,19.34354485776805,1047,22.910284463894964,52.5,,2,2009,unknown,Unknown,unknown,1,1
ARM FT-2000/4 4 Core 2200 MHz,84.05,881,10.481856038072577,565,6.722189173111244,14.14,,4,2022,unknown,Unknown,unknown,1,1
AMD Sempron X2 190,83.44,879,10.53451581975072,977,11.70901246404602,45.0,19.53,2,2012,AM2+/AM3,Unknown,Other,0,0
Intel Atom x5-E3930 @ 1.30GHz,161.61,878,5.432832126724831,617,3.817833054885217,6.5,135.01,2,2017,BGA1296,Laptop,Other,0,1
Intel Pentium N3510 @ 1.99GHz,239.62,878,3.664134880227026,534,2.2285285034638176,7.5,117.1,4,2013,FCBGA1170,Laptop,Other,0,1
Samsung Exynos 7580,79.06,878,11.105489501644321,308,3.895775360485707,19.56,,8,2021,unknown,Mobile/Embedded,unknown,1,1
AMD Turion II N550 Dual-Core,39.72,877,22.07955689828802,891,22.43202416918429,35.0,25.05,2,2011,S1,Laptop,S1,0,1
Athlon 64 Dual Core 5600+,43.14,875,20.282800185442746,993,23.018080667593882,65.0,13.46,2,2010,AM2,Desktop,AM2,0,1
Intel Core2 Duo E6550 @ 2.33GHz,13.3,875,65.78947368421052,911,68.49624060150376,65.0,13.46,2,2008,LGA775,Desktop,LGA775,0,0
AMD Athlon 5200 Dual-Core,89.0,869,9.764044943820224,915,10.280898876404494,75.0,11.59,2,2010,AM2,Desktop,AM2,0,0
Intel Core2 Duo P7550 @ 2.26GHz,229.99,868,3.7740771337884254,917,3.9871298752119655,25.0,34.74,2,2009,PGA478,Laptop,PGA478,0,0
AMD Athlon II X2 4450e,35.24,867,24.602724177071508,1066,30.24971623155505,45.0,19.27,2,2010,AM2,Desktop,AM2,0,1
Intel Pentium E5200 @ 2.50GHz,49.94,867,17.36083299959952,1006,20.144173007609133,65.0,13.33,2,2009,LGA775,Desktop,LGA775,0,0
Intel Xeon 3065 @ 2.33GHz,20.9,867,41.483253588516746,836,40.0,65.0,13.34,2,2009,LGA775,Server,LGA775,0,0
Intel Celeron P4600 @ 2.00GHz,53.78,862,16.02826329490517,812,15.098549646708813,35.0,24.63,2,2011,PGA988A,Laptop,Other,0,1
AMD Turion 64 X2 Mobile TL-68,90.0,861,9.566666666666666,887,9.855555555555556,35.0,24.59,2,2009,S1,Laptop,S1,0,0
Intel Celeron E3200 @ 2.40GHz,19.99,860,43.02151075537769,992,49.624812406203105,65.0,13.23,2,2009,LGA775,Desktop,LGA775,0,0
AMD Athlon 7550 Dual-Core,14.95,859,57.458193979933114,919,61.47157190635452,95.0,9.04,2,2009,AM2+,Desktop,Other,0,0
Intel Xeon 5140 @ 2.33GHz,36.99,857,23.168423898350905,870,23.519870235198702,65.0,13.18,2,2009,LGA771,Server,Other,0,0
MT6762V/CR,76.51,857,11.201150176447522,359,4.692197098418507,19.56,,8,2021,unknown,Mobile/Embedded,unknown,1,1
MT8161AA,71.26,857,12.026382262138647,419,5.879876508560201,18.96,,4,2022,unknown,Mobile/Embedded,unknown,1,1
AMD Turion II N530 Dual-Core,30.0,855,28.5,968,32.266666666666666,35.0,24.44,2,2010,S1,Laptop,S1,0,0
Intel Core2 Duo P8600 @ 2.40GHz,49.18,853,17.344448962993088,936,19.032126880845873,25.0,34.13,2,2008,BGA479,Laptop,Other,0,0
ARM Cortex-A72 4 Core 1800 MHz,84.59,853,10.083934271190447,569,6.726563423572526,13.35,,4,2021,unknown,Unknown,unknown,1,1
SAMSUNG Exynos7580,75.15,851,11.32401862940785,254,3.379906852960745,19.56,,8,2021,unknown,Mobile/Embedded,unknown,1,1
Intel Pentium P6100 @ 2.00GHz,28.44,850,29.887482419127988,831,29.219409282700422,35.0,24.29,2,2010,PGA988,Laptop,Other,0,0
Athlon 64 Dual Core 5000+,40.43,850,21.023992085085332,924,22.854316101904526,89.0,9.55,2,2009,unknown,Desktop,unknown,0,1
Intel Pentium 3560Y @ 1.20GHz,166.46,849,5.100324402258801,700,4.205214465937763,11.5,73.83,2,2013,BGA1168,Laptop,Other,0,1
Intel Pentium P6200 @ 2.13GHz,24.95,847,33.947895791583164,840,33.66733466933868,35.0,24.2,2,2010,PGA988,Laptop,Other,0,0
MT6761V/CBB,87.75,846,9.64102564102564,536,6.1082621082621085,17.95,,4,2021,unknown,Mobile/Embedded,unknown,1,1
Intel Core i3-2377M @ 1.50GHz,157.42,845,5.367805869648076,640,4.065557108372507,17.0,49.71,2,2012,BGA1023,Laptop,BGA1023,0,1
MT9950,88.57,845,9.54047645929773,653,7.372699559670318,18.04,,4,2021,unknown,Mobile/Embedded,unknown,1,1
Rockchip RK3566 EVB2 LP4X V10 Board,79.12,843,10.654701718907987,517,6.53437815975733,17.95,,4,2021,unknown,Mobile/Embedded,unknown,1,1
Intel Celeron 2957U @ 1.40GHz,194.77,841,4.317913436360835,782,4.014992041895569,15.0,56.08,2,2014,FCBGA1168,Laptop,FCBGA1168,0,1
Intel Xeon 3050 @ 2.13GHz,157.95,841,5.324469768914214,672,4.254510921177588,65.0,12.93,2,2009,LGA775,Server,LGA775,0,0
AMD TurionX2 Ultra DualCore Mobile ZM-85,49.05,841,17.145769622833843,686,13.98572884811417,35.0,24.03,2,2014,S1,Laptop,S1,0,1
Intel Xeon 5150 @ 2.66GHz,30.99,840,27.105517909002906,999,32.23620522749274,65.0,12.92,2,2009,LGA771,Server,Other,0,0
AMD Opteron 275,99.95,839,8.394197098549274,445,4.452226113056528,95.0,8.83,2,2008,940,Server,Other,0,0
Intel Xeon E5205 @ 1.86GHz,14.27,838,58.72459705676244,788,55.22074281709881,65.0,12.9,2,2012,LGA771,Server,Other,0,0
Intel Xeon E5502 @ 1.87GHz,80.0,837,10.4625,799,9.9875,80.0,10.46,2,2009,LGA1366,Server,LGA1366,0,0
Intel Celeron E3300 @ 2.50GHz,64.78,837,12.920654523000927,1042,16.085211485026242,65.0,12.87,2,2009,LGA775,Desktop,LGA775,0,0
Intel Atom Z3580 @ 1.33GHz,159.32,837,5.253577705247301,574,3.602811950790861,7.17,,4,2015,unknown,"Laptop, Mobile/Embedded",unknown,1,1
Intel Core i5-430UM @ 1.20GHz,196.36,836,4.257486249745365,630,3.208392748013852,18.0,46.47,2,2010,BGA1288,Laptop,Other,0,1
AMD Athlon Dual Core 5000B,95.0,835,8.789473684210526,935,9.842105263157896,65.0,12.84,2,2009,AM2,Desktop,AM2,0,0
AMD Athlon 5000 Dual-Core,109.95,835,7.594361073215097,892,8.112778535698045,65.0,12.84,2,2009,"AM2,AM2+",Desktop,Other,0,0
Intel Celeron 2955U @ 1.40GHz,178.91,835,4.667151081549383,765,4.275892907048236,15.0,55.68,2,2013,FCBGA1168,Laptop,FCBGA1168,0,1
Intel Pentium P6300 @ 2.27GHz,61.73,834,13.510448728333063,772,12.506074842054106,35.0,23.83,2,2011,PGA988,Laptop,Other,0,1
BCM2711,86.18,834,9.677419354838708,597,6.927361336737062,17.96,,4,2021,unknown,Mobile/Embedded,unknown,1,1
Intel Core i3-2367M @ 1.40GHz,166.16,832,5.007221954742417,617,3.713288396726047,17.0,48.93,2,2011,BGA1023,Laptop,BGA1023,0,1
Intel Pentium B940 @ 2.00GHz,29.94,832,27.788911155644623,861,28.75751503006012,35.0,23.77,2,2011,PGA988,Laptop,Other,0,0
AMD E2-9000e,142.92,832,5.821438567030507,725,5.072767982087882,6.0,138.72,2,2017,unknown,Laptop,unknown,0,1
AMD Turion II Dual-Core Mobile M520,69.1,830,12.011577424023155,927,13.415340086830682,35.0,23.71,2,2009,S1,Laptop,S1,0,0
Intel Core2 Duo E4600 @ 2.40GHz,157.95,829,5.248496359607471,925,5.856283634061413,65.0,12.76,2,2008,LGA775,Desktop,LGA775,0,0
Intel Celeron E3400 @ 2.60GHz,14.99,829,55.30353569046031,1007,67.17811874583056,65.0,12.76,2,2010,LGA775,Desktop,LGA775,0,0
Intel Core2 Duo P8400 @ 2.26GHz,297.01,827,2.78441803306286,921,3.100905693410996,25.0,33.09,2,2008,BGA479,Laptop,Other,0,0
AMD Athlon Dual Core 5400B,70.19,826,11.768058127938453,969,13.805385382533125,65.0,12.71,2,2009,AM2,Desktop,AM2,0,1
AMD Sempron X2 180,69.4,826,11.902017291066281,865,12.463976945244955,45.0,18.35,2,2011,unknown,Unknown,unknown,0,0
Intel Core2 Duo T7700 @ 2.40GHz,129.95,825,6.348595613697577,899,6.9180454020777224,35.0,23.56,2,2008,BGA479,Laptop,Other,0,0
Intel Core i3-2357M @ 1.30GHz,155.38,824,5.303127815677693,591,3.803578324108637,17.0,48.48,2,2011,unknown,Laptop,unknown,0,1
Intel Core2 Duo T7500 @ 2.20GHz,42.99,823,19.143986973714817,878,20.42335426843452,35.0,23.51,2,2008,BGA479,Laptop,Other,0,0
Intel Core2 Extreme X6800 @ 2.93GHz,263.64,823,3.121681080260962,973,3.6906387498103475,75.0,10.98,2,2008,PLGA775,Desktop,Other,0,0
Intel Atom x5-Z8330 @ 1.44GHz,45.0,822,18.266666666666666,468,10.4,4.0,205.53,4,2016,unknown,Laptop,unknown,0,1
"Qualcomm Technologies, Inc MSM8939",81.37,819,10.06513457048052,332,4.080127811232641,19.56,,8,2021,unknown,Mobile/Embedded,unknown,1,1
DO-Regular,63.41,819,12.915943857435737,1055,16.637754297429428,21.93,,1,2021,unknown,Unknown,unknown,1,1
Intel Atom x5-Z8300 @ 1.44GHz,132.99,819,6.158357771260997,463,3.481464771787352,4.0,204.66,4,2015,UTFCBGA592,"Laptop, Mobile/Embedded",Other,0,0
AMD A4-4355M APU,179.62,818,4.554058568088186,828,4.609731655717626,17.0,48.13,2,2012,FP2,Laptop,Other,0,1
AMD Turion II P560 Dual-Core,67.69,818,12.084502880780027,931,13.75387797311272,25.0,32.73,2,2011,S1,Laptop,S1,0,1
Intel Celeron P4500 @ 1.87GHz,46.37,816,17.597584645244773,707,15.24692689238732,35.0,23.32,2,2010,PGA988A,Laptop,Other,0,1
Intel Core i3-2365M @ 1.40GHz,148.44,815,5.49043384532471,611,4.116141201832391,17.0,47.92,2,2012,BGA1023,Laptop,BGA1023,0,1
AMD Turion II Ultra Dual-Core Mobile M620,38.49,814,21.14835022083658,945,24.551831644583007,35.0,23.25,2,2010,S1,Laptop,S1,0,1
AMD Athlon 64 X2 Dual Core 5200+,60.0,812,13.533333333333333,915,15.25,65.0,12.5,2,2008,AM2,Desktop,AM2,0,0
Intel Celeron B830 @ 1.80GHz,49.99,812,16.243248649729946,841,16.823364672934588,35.0,23.21,2,2012,rPGA988B,Laptop,Other,0,0
Intel Core2 Duo E4700 @ 2.60GHz,26.99,811,30.048165987402744,998,36.97665802148944,65.0,12.47,2,2008,LGA775,Desktop,LGA775,0,0
MT8165,66.73,810,12.13846845496778,483,7.2381237824067135,18.41,,4,2021,unknown,Mobile/Embedded,unknown,1,1
Intel Core2 Duo E6540 @ 2.33GHz,40.83,808,19.78937056086211,969,23.73254959588538,65.0,12.43,2,2009,LGA775,Desktop,LGA775,0,1
MT8766B,78.84,808,10.248604769152713,513,6.506849315068493,18.14,,4,2021,unknown,Mobile/Embedded,unknown,1,1
AMD Opteron 1214 HE,46.49,806,17.33706173370617,811,17.444611744461174,65.0,12.4,2,2015,AM2,Server,AM2,0,1
Intel Atom Z3735G @ 1.33GHz,157.67,806,5.111942665059936,487,3.0887296251664873,4.4,183.11,4,2014,unknown,Laptop,unknown,0,1
Qualcomm MSM8994,76.56,805,10.514629049111807,440,5.747126436781609,19.02,,8,2021,unknown,Mobile/Embedded,unknown,1,1
Intel Xeon E5503 @ 2.00GHz,130.19,804,6.175589523004839,845,6.490513864352101,80.0,10.05,2,2010,LGA1366,Server,LGA1366,0,0
"Qualcomm Technologies, Inc MSM8952",82.42,804,9.754913855860227,356,4.3193399660276635,19.77,,8,2021,unknown,Mobile/Embedded,unknown,1,1
ARM Cortex-A72 4 Core 2200 MHz,85.43,804,9.41121385930001,612,7.163759803347769,13.16,,4,2021,unknown,Unknown,unknown,1,1
AMD Athlon64 X2 Dual Core 4600+,128.32,803,6.257793017456359,755,5.883728179551123,110.0,7.3,2,2009,AM2,Desktop,AM2,0,1
MT8161A,78.93,800,10.135563157227923,374,4.7383757760040535,19.94,,4,2022,unknown,Mobile/Embedded,unknown,1,1
Intel Celeron 1007U @ 1.50GHz,184.99,798,4.313746689010217,760,4.10833018000973,17.0,46.93,2,2013,FCBGA1023,Laptop,Other,0,0
AMD Athlon 64 X2 Dual Core 5800+,29.95,797,26.611018363939902,1008,33.65609348914858,89.0,8.95,2,2009,unknown,Desktop,unknown,0,0
AMD Athlon Dual Core 5200B,61.21,796,13.004411043947067,953,15.569351413167784,65.0,12.25,2,2009,AM2,Desktop,AM2,0,1
hi6210sft,79.96,796,9.954977488744372,269,3.364182091045523,19.77,,8,2021,unknown,Mobile/Embedded,unknown,1,1
AMD A6-4455M APU,209.58,795,3.793300887489264,788,3.7599007538887297,17.0,46.79,1,2012,FP2,Laptop,Other,0,1
Intel Xeon 5130 @ 2.00GHz,48.99,795,16.227801592161665,796,16.24821392120841,65.0,12.23,2,2009,LGA771,Server,Other,0,0
Rockchip RK3566 RK817 ZIDOO TABLET LP4X Board,78.84,795,10.083713850837139,508,6.443429731100964,18.14,,4,2021,unknown,Mobile/Embedded,unknown,1,1
Intel Atom Z3775D @ 1.49GHz,252.92,794,3.1393325952870472,646,2.554167325636565,4.4,180.52,4,2015,UTFCBGA1380,Laptop,Other,0,1
Intel Pentium E2220 @ 2.40GHz,55.0,793,14.418181818181818,892,16.21818181818182,65.0,12.21,2,2009,LGA775,Desktop,LGA775,0,0
Intel Pentium T4500 @ 2.30GHz,29.95,793,26.47746243739566,911,30.417362270450752,35.0,22.66,2,2010,PGA478,Laptop,PGA478,0,0
AMD Turion X2 Ultra Dual-Core Mobile ZM-84,49.95,793,15.875875875875876,778,15.575575575575575,35.0,22.65,2,2009,S1,Laptop,S1,0,0
ARM Neoverse-N1 1 Core 0 MHz,46.29,791,17.08792395765824,1197,25.858716785482827,28.19,,1,2021,unknown,Unknown,unknown,1,1
Intel Core2 Duo P7370 @ 2.00GHz,80.39,790,9.827092922005225,793,9.864410996392586,25.0,31.58,2,2008,PGA478,Laptop,PGA478,0,1
AMD Turion II P520 Dual-Core,63.16,790,12.507916402786574,892,14.122862571247627,25.0,31.62,2,2010,S1,Laptop,S1,0,1
AMD Athlon 7450 Dual-Core,54.98,789,14.350672971989816,853,15.514732630047291,95.0,8.31,2,2009,AM2+,Desktop,Other,0,1
Intel Pentium 997 @ 1.60GHz,138.34,789,5.703339598091658,729,5.269625560213965,17.0,46.42,2,2012,BGA-1023,Unknown,Other,0,1
Intel Xeon 3040 @ 1.86GHz,25.04,789,31.509584664536742,474,18.9297124600639,65.0,12.14,2,2009,LGA775,Server,LGA775,0,0
Intel Celeron B820 @ 1.70GHz,29.29,789,26.93752133834073,745,25.435302150904747,35.0,22.54,2,2012,PGA988B,Laptop,Other,0,0
MT6761V/CD,71.74,784,10.928352383607471,488,6.802341789796488,18.41,,4,2021,unknown,Mobile/Embedded,unknown,1,1
"Qualcomm Technologies, Inc MSM8992",84.84,782,9.217350306459217,558,6.577086280056577,18.16,,6,2021,unknown,Mobile/Embedded,unknown,1,1
AMD Opteron 1216,54.85,781,14.238833181403828,810,14.767547857793984,103.0,7.58,2,2009,AM2,Server,AM2,0,0
MT6750V/W,78.28,779,9.951456310679612,334,4.266734798160449,19.77,,8,2021,unknown,Mobile/Embedded,unknown,1,1
Intel Celeron B810 @ 1.60GHz,79.95,775,9.693558474046279,754,9.430894308943088,35.0,22.13,2,2011,PGA988B,Laptop,Other,0,0
VIA QuadCore L4700 @ 1.2+ GHz,74.99,773,10.308041072142952,355,4.733964528603814,27.5,28.11,4,2013,unknown,Laptop,unknown,0,1
Intel Core2 Duo E6400 @ 2.13GHz,29.94,772,25.784903139612556,844,28.189712758851034,65.0,11.88,2,2009,LGA775,Desktop,LGA775,0,0
AMD Opteron 1212 HE,88.94,771,8.66876545986058,731,8.21902406116483,65.0,11.87,2,2012,AM2,Server,AM2,0,1
Intel Pentium T4300 @ 2.10GHz,98.95,771,7.791814047498736,834,8.428499242041434,35.0,22.02,2,2009,PGA478,Laptop,PGA478,0,0
Intel Core2 Duo T7600 @ 2.33GHz,99.95,770,7.703851925962981,848,8.48424212106053,34.0,22.66,2,2008,"PBGA479, PPGA478",Laptop,Other,0,0
Intel Core2 Duo P7570 @ 2.26GHz,101.79,770,7.564593771490323,904,8.881029570684742,25.0,30.81,2,2009,PGA478,Laptop,PGA478,0,1
Athlon Dual Core 4850e,54.26,769,14.17250276446738,861,15.868042757095466,45.0,17.08,2,2009,AM2,Desktop,AM2,0,1
AMD A4-3310MX APU,48.88,769,15.73240589198036,822,16.816693944353517,45.0,17.08,2,2011,FS1,Laptop,Other,0,1
MT6761V/WAB,61.22,769,12.56125449199608,472,7.709898725906567,18.34,,4,2021,unknown,Mobile/Embedded,unknown,1,1
AMD Athlon II N350 Dual-Core,50.09,767,15.312437612297863,945,18.866041125973247,35.0,21.91,2,2010,unknown,Unknown,unknown,0,1
AMD Opteron 280,280.72,765,2.725135366201197,430,1.5317754345967511,95.0,8.05,2,2009,940,Server,Other,0,0
Intel Pentium P6000 @ 1.87GHz,65.13,765,11.745739290649471,713,10.947336097036697,35.0,21.86,2,2010,PGA988,Laptop,Other,0,1
Intel Xeon 5120 @ 1.86GHz,1474.4,763,0.5174986435160065,748,0.5073250135648399,65.0,11.73,2,2009,LGA771,Server,Other,0,0
AMD GX-217GA SOC,191.89,762,3.971025066444317,558,2.907915993537965,15.0,50.83,2,2014,FT3 (769-BGA),Laptop,Other,0,1
Intel Pentium T4400 @ 2.20GHz,109.95,762,6.930422919508867,862,7.839927239654388,35.0,21.77,2,2011,PGA478,Laptop,PGA478,0,0
AMD Opteron 270,249.95,761,3.044608921784357,411,1.6443288657731547,95.0,8.01,2,2012,940,Server,Other,0,0
Intel Core2 Duo T6600 @ 2.20GHz,39.97,761,19.039279459594695,851,21.29096822616963,35.0,21.73,2,2009,PGA478,Laptop,PGA478,0,0
Intel Atom Z3735D @ 1.33GHz,208.55,761,3.6490050347638454,591,2.833852793095181,4.4,173.03,4,2014,unknown,Laptop,unknown,0,1
"rockchip,rk3328",81.9,761,9.29181929181929,356,4.346764346764346,20.09,,4,2022,unknown,Mobile/Embedded,unknown,1,1
AMD Athlon 64 X2 Dual Core 5000+,331.49,760,2.292678512172313,882,2.6607137470210263,65.0,11.69,2,2008,AM2,Desktop,AM2,0,0
AMD Turion II Dual-Core Mobile M500,59.06,760,12.86826955638334,866,14.663054520826277,35.0,21.71,2,2009,S1,Laptop,S1,0,1
MT6797D,95.87,758,7.906540106394075,326,3.4004380932512777,30.1,,10,2021,unknown,Mobile/Embedded,unknown,1,1
Intel Core2 Duo T6670 @ 2.20GHz,50.67,756,14.920071047957371,855,16.873889875666073,35.0,21.61,2,2009,PGA478,Laptop,PGA478,0,1
Intel Core i5-470UM @ 1.33GHz,225.94,755,3.3415951137470126,539,2.385589094449854,18.0,41.95,2,2010,BGA1288,Laptop,Other,0,1
AMD GX-218GL SOC,139.34,754,5.411224343332854,627,4.499784699296685,15.0,50.27,2,2017,BGA769 (FT3b),Laptop,Other,0,1
Intel Atom Z3775 @ 1.46GHz,500.0,754,1.508,538,1.076,4.0,188.38,4,2014,UTFCBGA1380,Laptop,Other,0,0
AMD A4-5150M APU,59.86,753,12.57935182091547,700,11.693952555963916,35.0,21.51,2,2013,FS1r2,Laptop,Other,0,1
AMD A4-3330MX APU,57.54,752,13.069169273548836,910,15.815085158150852,45.0,16.71,2,2013,FS1 uPGA,Laptop,Other,0,1
Intel Pentium E2200 @ 2.20GHz,54.0,752,13.925925925925926,841,15.574074074074074,65.0,11.57,2,2009,LGA775,Desktop,LGA775,0,0
Rockchip RK3566 EVB1 DDR4 V10 Board,62.45,751,12.025620496397117,466,7.461969575660528,18.34,,4,2021,unknown,Mobile/Embedded,unknown,1,1
AMD Athlon Dual Core 5050e,60.0,748,12.466666666666667,875,14.583333333333334,45.0,16.61,2,2009,AM2,Desktop,AM2,0,0
Dual-Core AMD Opteron 1220 SE,93.11,748,8.033508753087746,900,9.665986467618945,103.0,7.26,2,2016,AM2,Server,AM2,0,1
Intel Celeron 1047UE @ 1.40GHz,171.75,748,4.355167394468705,526,3.062590975254731,17.0,44.03,2,2014,FCBGA1023,Desktop,Other,0,1
Intel Core2 Duo P7450 @ 2.13GHz,39.99,747,18.67966991747937,821,20.530132533133283,25.0,29.88,2,2009,PGA478,Laptop,PGA478,0,0
Celeron Dual-Core T3500 @ 2.10GHz,57.68,747,12.950762829403606,861,14.927184466019417,35.0,21.33,2,2010,PGA478,Laptop,PGA478,0,1
AMD Opteron 180,119.95,746,6.219258024176741,874,7.286369320550229,110.0,6.78,2,2009,939,Server,Other,0,0
Intel Core2 Duo SL9400 @ 1.86GHz,253.0,743,2.9367588932806323,767,3.0316205533596836,17.0,43.7,2,2009,BGA956,Laptop,Other,0,0
Intel Pentium D 960 @ 3.60GHz,75.07,743,9.897429066204877,775,10.323697881976823,130.0,5.71,2,2009,PLGA775,Desktop,Other,0,1
Intel Celeron N2910 @ 1.60GHz,105.94,742,7.003964508212196,446,4.209930149141023,7.5,98.94,4,2013,FCBGA1170,Laptop,Other,0,1
ARM Cortex-A55 4 Core 2124 MHz,59.26,742,12.521093486331422,336,5.669929125885926,16.57,,4,2022,unknown,Unknown,unknown,1,1
AMD Turion II Neo N54L Dual-Core,68.24,741,10.85873388042204,840,12.309495896834703,25.0,29.64,2,2011,BGA812,Laptop,Other,0,1
ARM Cortex-A55 4 Core 1992 MHz,59.17,741,12.52323812742944,328,5.543349670441102,16.57,,4,2022,unknown,Unknown,unknown,1,1
Intel Core2 Duo T8100 @ 2.10GHz,999.99,739,0.7390073900739007,836,0.8360083600836008,35.0,21.13,2,2008,BGA479,Laptop,Other,0,0
AMD Turion 64 X2 Mobile TL-62,29.0,738,25.448275862068964,758,26.137931034482758,35.0,21.08,2,2009,S1,Laptop,S1,0,0
Intel Atom Z3770 @ 1.46GHz,149.44,738,4.938436830835117,542,3.6268736616702357,4.0,184.46,4,2013,UTFCBGA1380,Laptop,Other,0,0
AMD Athlon Dual Core 5600B,39.04,737,18.878073770491802,1003,25.69159836065574,65.0,11.34,2,2012,AM2+,Desktop,Other,0,1
Athlon 64 Dual Core 3800+,51.84,736,14.19753086419753,653,12.59645061728395,35.0,21.03,2,2014,unknown,Unknown,unknown,0,1
MT8696,65.79,736,11.187110503115974,533,8.101535187718497,19.03,,4,2022,unknown,Mobile/Embedded,unknown,1,1
AMD Athlon Dual Core 4850e,39.0,735,18.846153846153847,879,22.53846153846154,45.0,16.33,2,2009,AM2,Desktop,AM2,0,0
AC8257V/WAB,58.45,735,12.574850299401197,447,7.647562018819503,13.63,,8,2021,unknown,Unknown,unknown,1,1
Qualcomm APQ 8084 (Flattened Device Tree),66.08,734,11.107748184019371,396,5.99273607748184,19.14,,4,2021,unknown,Mobile/Embedded,unknown,1,1
Spreadtrum SC9853I-IA,64.23,734,11.427681768643936,465,7.239607659971975,19.02,,8,2021,unknown,Mobile/Embedded,unknown,1,1
Intel Celeron 2961Y @ 1.10GHz,152.93,732,4.786503629111358,641,4.191460145164454,11.5,63.66,2,2015,unknown,Laptop,unknown,0,1
Rockchip RK3368,66.15,731,11.050642479213908,357,5.396825396825396,19.77,,8,2021,unknown,Mobile/Embedded,unknown,1,1
AMD Turion X2 Ultra Dual-Core Mobile ZM-85,45.0,730,16.22222222222222,828,18.4,35.0,20.86,2,2009,S1,Laptop,S1,0,0
AMD Opteron 1216 HE,60.72,727,11.972990777338604,847,13.949275362318842,65.0,11.18,2,2012,AM2,Server,AM2,0,1
AMD Athlon Dual Core 4850B,34.46,727,21.096923969820082,887,25.739988392338944,45.0,16.15,2,2010,AM2+,Desktop,Other,0,1
Intel Celeron 887 @ 1.50GHz,138.92,727,5.233227756982436,694,4.995680967463288,17.0,42.74,2,2012,BGA1023,Laptop,BGA1023,0,1
Intel Core2 Duo P7350 @ 2.00GHz,19.99,727,36.36818409204603,787,39.369684842421215,25.0,29.09,2,2008,BGA479,Laptop,Other,0,0
AMD A4-3305M APU,20.81,727,34.935127342623744,819,39.35607880826526,35.0,20.76,2,2012,FS1,Laptop,Other,0,0
AMD E2-3000 APU,162.3,726,4.473197781885397,547,3.3703019100431297,15.0,48.37,2,2014,FT3,Laptop,Other,0,1
ARM Cortex-A72 4 Core 2000 MHz,80.92,726,8.971824023727137,555,6.858625803262481,13.56,,4,2021,unknown,Unknown,unknown,1,1
Intel Core2 Duo T7200 @ 2.00GHz,61.83,723,11.693352741387676,756,12.22707423580786,34.0,21.27,2,2008,"PBGA479, PPGA478",Laptop,Other,0,0
AMD Athlon 64 X2 Dual Core 4800+,149.95,722,4.814938312770924,885,5.9019673224408145,65.0,11.11,2,2008,AM2,Desktop,AM2,0,0
ARM Cortex-A55 4 Core 2100 MHz,60.0,719,11.983333333333333,328,5.466666666666667,15.86,,4,2021,unknown,Unknown,unknown,1,1
Intel Core2 Duo E4500 @ 2.20GHz,11.0,718,65.27272727272727,820,74.54545454545455,65.0,11.05,2,2008,LGA775,Desktop,LGA775,0,0
Intel Core2 Duo T6570 @ 2.10GHz,38.5,718,18.649350649350648,824,21.4025974025974,35.0,20.52,2,2009,PGA478,Laptop,PGA478,0,0
AMD Athlon 64 X2 Dual Core 4600+,349.95,716,2.046006572367481,839,2.397485355050722,65.0,11.02,2,2008,AM2,Desktop,AM2,0,0
Intel Pentium T4200 @ 2.00GHz,98.95,715,7.225871652349672,788,7.963617988883274,35.0,20.43,2,2009,PGA478,Laptop,PGA478,0,0
Intel Core2 Duo E6420 @ 2.13GHz,39.99,714,17.854463615903974,783,19.579894973743436,65.0,10.99,2,2008,PLGA775,Desktop,Other,0,0
MediaTek MT6761V/WE,59.92,714,11.91588785046729,445,7.426568758344459,18.34,,4,2021,unknown,Mobile/Embedded,unknown,1,1
Intel Celeron E1600 @ 2.40GHz,34.62,712,20.56614673599076,877,25.332177931831314,65.0,10.95,2,2009,LGA775,Desktop,LGA775,0,1
AMD Athlon II P360 Dual-Core,19.95,711,35.6390977443609,879,44.06015037593985,25.0,28.45,2,2011,S1g4,Unknown,Other,0,0
Intel Atom Z3560 @ 1.00GHz,65.0,710,10.923076923076923,495,7.615384615384615,19.23,,4,2022,unknown,Mobile/Embedded,unknown,1,1
AMD Athlon 64 FX-60 Dual Core,86.14,709,8.230787090782448,912,10.587415834687718,110.0,6.45,2,2009,939,Desktop,Other,0,1
Intel Core2 Duo T6400 @ 2.00GHz,14.99,708,47.23148765843896,794,52.96864576384256,35.0,20.23,2,2009,PGA478,Laptop,PGA478,0,0
AMD Turion X2 Dual-Core Mobile RM-75,49.39,708,14.334885604373355,770,15.590200445434299,35.0,20.23,2,2009,S1,Laptop,S1,0,1
Rockchip RK3288,56.6,708,12.508833922261484,766,13.53356890459364,20.51,,4,2021,unknown,Mobile/Embedded,unknown,1,1
Intel Celeron B815 @ 1.60GHz,42.69,706,16.537830873740923,684,16.02248770203795,35.0,20.18,2,2012,PGA988B,Laptop,Other,0,1
Intel Core2 Duo T5870 @ 2.00GHz,67.06,705,10.512973456606025,751,11.198926334625709,35.0,20.14,2,2008,"PPGA478, Socket",Laptop,Other,0,1
MT8735T,68.33,704,10.302941606907654,356,5.210010244402166,19.63,,4,2021,unknown,Mobile/Embedded,unknown,1,1
Intel Atom E3840 @ 1.91GHz,70.84,704,9.937888198757763,477,6.73348390739695,16.29,,4,2014,unknown,Unknown,unknown,1,1
Intel Core2 Duo T7400 @ 2.16GHz,149.95,702,4.681560520173392,774,5.161720573524509,34.0,20.65,2,2010,BGA479,Laptop,Other,0,0
Intel Pentium E2210 @ 2.20GHz,28.34,702,24.770642201834864,946,33.380381086803105,65.0,10.81,2,2009,LGA775,Desktop,LGA775,0,1
MT5893,63.15,702,11.116389548693586,641,10.150435471100554,19.63,,4,2022,unknown,Mobile/Embedded,unknown,1,1
Intel Core i3-380UM @ 1.33GHz,164.37,699,4.252600839569264,562,3.4191154103546877,18.0,38.81,2,2010,BGA1288,Laptop,Other,0,1
AMD Athlon Dual Core 4450e,14.48,698,48.20441988950276,812,56.07734806629834,45.0,15.52,2,2009,AM2,Desktop,AM2,0,0
AMD Opteron 1214,86.35,696,8.060220034742327,830,9.612044006948466,103.0,6.76,2,2009,AM2,Server,AM2,0,0
Intel Core2 Duo T6500 @ 2.10GHz,14.99,696,46.430953969312874,836,55.77051367578385,35.0,19.89,2,2009,PGA478,Laptop,PGA478,0,0
AMD Athlon II Dual-Core M320,30.0,696,23.2,831,27.7,35.0,19.87,2,2009,unknown,Unknown,unknown,0,0
AMD Opteron 185,159.6,695,4.354636591478697,884,5.538847117794487,110.0,6.32,2,2009,939,Server,Other,0,1
AMD Turion X2 Ultra Dual-Core Mobile ZM-86,61.0,695,11.39344262295082,820,13.442622950819672,35.0,19.84,2,2009,S1,Laptop,S1,0,0
Intel Core2 Duo T7300 @ 2.00GHz,53.99,693,12.835710316725319,772,14.298944248934987,35.0,19.8,2,2008,BGA479,Laptop,Other,0,0
MT6738,61.73,692,11.210108537178034,430,6.965818888708894,19.41,,8,2021,unknown,Mobile/Embedded,unknown,1,1
AMD Athlon 64 X2 Dual Core 4400+,298.95,691,2.3114233149356083,787,2.632547248703797,65.0,10.63,2,2008,AM2,Desktop,AM2,0,0
Intel Celeron G470 @ 2.00GHz,35.15,691,19.65860597439545,937,26.657183499288763,35.0,19.75,1,2014,LGA1155,Desktop,LGA1155,0,0
AMD Turion X2 Dual Core Mobile RM-76,43.99,691,15.708115480791088,729,16.571948170038645,35.0,19.76,2,2009,S1,Laptop,S1,0,1
Intel Atom Z3560 @ 1.83GHz,59.14,690,11.667230300980723,476,8.048698004734527,18.79,,4,2021,unknown,Mobile/Embedded,unknown,1,1
Intel Celeron P4505 @ 1.87GHz,36.45,689,18.902606310013716,820,22.49657064471879,35.0,19.7,2,2010,BGA1288,Laptop,Other,0,1
AMD Turion X2 Ultra Dual-Core Mobile ZM-87,39.95,689,17.246558197747184,758,18.97371714643304,35.0,19.69,2,2009,S1,Laptop,S1,0,0
Intel Core2 Duo T7250 @ 2.00GHz,201.48,688,3.414730990669049,771,3.826682549136391,35.0,19.65,2,2009,BGA479,Laptop,Other,0,0
AMD Athlon X2 Dual Core BE-2400,129.31,688,5.320547521460057,693,5.35921429123811,18.0,38.21,2,2009,FT1,Desktop,Other,0,1
AMD Athlon Dual Core 4450B,31.0,684,22.06451612903226,780,25.161290322580644,45.0,15.19,2,2009,AM2+,Desktop,Other,0,0
AMD Turion II Neo K685 Dual-Core,154.43,684,4.429191219322671,729,4.720585378488636,15.0,45.6,2,2011,BGA812,Laptop,Other,0,1
AMD A4-3300M APU,29.99,683,22.774258086028677,766,25.541847282427476,65.0,10.51,2,2011,FM1,Laptop,Other,0,0
AMD Opteron 175,168.9,682,4.03789224393132,773,4.576672587329781,110.0,6.2,2,2008,939,Server,Other,0,1
Athlon Dual Core 4450e,34.02,681,20.017636684303348,792,23.28042328042328,45.0,15.12,2,2009,AM2,Desktop,AM2,0,1
Intel Core2 Duo L7800 @ 2.00GHz,47.79,680,14.228918183720443,622,13.015275162167818,28.28,,2,2012,unknown,Unknown,unknown,1,1
Intel Pentium D 950 @ 3.40GHz,87.3,679,7.777777777777778,695,7.961053837342497,130.0,5.22,2,2008,PLGA775,Desktop,Other,0,1
AMD Athlon II Dual-Core M340,45.8,676,14.759825327510917,774,16.899563318777293,35.0,19.32,2,2010,unknown,Unknown,unknown,0,1
AMD Athlon II X2 270u,67.67,675,9.974878084823407,791,11.689079355696764,25.0,27.02,2,2010,AM3,Desktop,AM3,0,0
AMD Turion 64 X2 Mobile TL-64,39.39,675,17.136329017517134,702,17.82178217821782,35.0,19.29,2,2009,S1,Laptop,S1,0,0
AMD Athlon II P320 Dual-Core,19.95,674,33.78446115288221,811,40.65162907268171,25.0,26.96,2,2010,unknown,Unknown,unknown,0,0
AMD Athlon II P340 Dual-Core,39.95,673,16.846057571964955,827,20.700876095118897,25.0,26.91,2,2010,S1g4,Unknown,Other,0,0
AMD Athlon 64 X2 Dual Core 4200+,109.95,672,6.111869031377899,786,7.148703956343793,89.0,7.56,2,2008,AM2,Desktop,AM2,0,0
Intel Pentium E2180 @ 2.00GHz,19.5,671,34.41025641025641,748,38.35897435897436,65.0,10.33,2,2008,LGA775,Desktop,LGA775,0,0
Intel Celeron E1400 @ 2.00GHz,14.0,671,47.92857142857143,746,53.285714285714285,65.0,10.32,2,2009,LGA775,Desktop,LGA775,0,0
Athlon Dual Core 4050e,24.46,670,27.391659852820933,744,30.41700735895339,45.0,14.89,2,2009,AM2,Desktop,AM2,0,1
Intel Celeron J3060 @ 1.60GHz,158.87,668,4.20469566312079,627,3.9466230251148735,6.0,111.3,2,2016,BGA1170,Desktop,Other,0,1
Intel Core2 Duo T5750 @ 2.00GHz,9.99,667,66.76676676676676,735,73.57357357357357,35.0,19.06,2,2008,Socket P,Laptop,Other,0,0
Intel Core2 Duo L9300 @ 1.60GHz,147.23,666,4.523534605718943,659,4.475989947700876,17.0,39.17,2,2009,BGA956,Laptop,Other,0,1
AMD Turion X2 Dual-Core Mobile RM-72,224.26,666,2.969767234460002,751,3.3487915812003926,35.0,19.03,2,2008,S1,Laptop,S1,0,0
VIA QuadCore U4650 @ 1.0+ GHz,43.96,666,15.150136487716106,296,6.733393994540491,27.5,24.21,4,2012,unknown,Desktop,unknown,0,1
AMD E2-3000M APU,42.98,665,15.472312703583063,735,17.10097719869707,35.0,19.01,2,2011,FS1,Laptop,Other,0,0
Celeron Dual-Core T3000 @ 1.80GHz,35.56,665,18.700787401574804,748,21.034870641169853,35.0,19.0,2,2009,PGA478,Laptop,PGA478,0,1
AMD Athlon II N330 Dual-Core,32.74,665,20.311545510079412,813,24.832009773976786,35.0,19.01,2,2010,unknown,Unknown,unknown,0,1
Intel Celeron N3060 @ 1.60GHz,282.0,664,2.354609929078014,629,2.230496453900709,6.0,110.69,2,2016,unknown,Laptop,unknown,0,0
AMD Athlon II X2 260u,83.44,663,7.945829338446789,703,8.425215723873443,25.0,26.5,2,2010,AM3,Desktop,AM3,0,0
AMD Athlon 64 X2 Dual Core 4000+,86.01,661,7.68515288919893,730,8.487385187768863,65.0,10.17,2,2008,AM2,Desktop,AM2,0,1
ARM Cortex-A72 4 Core 1500 MHz,57.17,661,11.562008046178065,459,8.028686373972363,14.39,,4,2021,unknown,Unknown,unknown,1,1
AMD Turion Dual-Core RM-75,21.49,659,30.665425779432297,444,20.660772452303398,35.0,18.82,2,2009,S1,Laptop,S1,0,0
Intel Core2 Duo T5850 @ 2.16GHz,27.79,657,23.641597697013314,769,27.671824397265205,35.63,,2,2009,Socket P,Laptop,Other,1,0
AMD Turion X2 Ultra Dual-Core Mobile ZM-82,44.96,654,14.54626334519573,789,17.548932384341636,35.0,18.67,2,2009,S1,Laptop,S1,0,1
ARM Cortex-A72 4 Core 2100 MHz,80.7,653,8.091697645600991,543,6.728624535315985,13.92,,4,2021,unknown,Unknown,unknown,1,1
Intel Core2 Duo T5900 @ 2.20GHz,52.62,652,12.390725959711137,768,14.59521094640821,34.84,,2,2009,Socket P,Laptop,Other,1,1
Intel Atom Z3740 @ 1.33GHz,48.4,651,13.450413223140496,423,8.739669421487603,4.0,162.86,4,2013,UTFCBGA1380,Laptop,Other,0,1
Intel Celeron E1500 @ 2.20GHz,19.65,649,33.027989821882954,785,39.949109414758276,65.0,9.98,2,2009,LGA775,Desktop,LGA775,0,0
Intel Celeron B800 @ 1.50GHz,24.99,649,25.970388155262107,645,25.810324129651864,35.0,18.55,2,2011,PGA988B,Laptop,Other,0,0
AMD Turion Dual-Core RM-72,29.99,649,21.64054684894965,725,24.174724908302768,35.0,18.53,2,2009,S1,Laptop,S1,0,0
AMD Opteron 170,295.79,648,2.1907434328408666,715,2.417255485310524,110.0,5.89,2,2009,939,Server,Other,0,1
M7221,50.34,646,12.832737385776717,661,13.130711164084227,18.62,,4,2021,unknown,Mobile/Embedded,unknown,1,1
Intel Core2 Duo T5600 @ 1.83GHz,58.69,645,10.989947180098826,696,11.858919747827569,34.0,18.98,2,2008,PGA478,Laptop,PGA478,0,1
Intel Pentium T3400 @ 2.16GHz,79.95,645,8.067542213883677,722,9.030644152595372,35.0,18.42,2,2009,PPGA478,Laptop,Other,0,0
Intel Pentium T3200 @ 2.00GHz,12.0,644,53.666666666666664,717,59.75,35.0,18.41,2,2009,PPGA478,Laptop,Other,0,0
Intel Core2 Duo T7100 @ 1.80GHz,14.99,643,42.895263509006,714,47.631754503002,35.0,18.37,2,2009,BGA479,Laptop,Other,0,0
Intel Pentium 987 @ 1.50GHz,131.64,642,4.87693710118505,641,4.86934062594956,17.0,37.77,2,2012,FCBGA1023,Laptop,Other,0,1
Qualcomm MSM8974,48.83,642,13.147655130043006,382,7.823059594511571,19.49,,4,2021,unknown,Mobile/Embedded,unknown,1,1
Samsung EXYNOS5420,45.97,642,13.965629758538178,435,9.462693060691755,18.73,,4,2021,unknown,Mobile/Embedded,unknown,1,1
AMD Athlon 64 X2 QL-66,31.38,641,20.4270235818993,751,23.932441045251753,35.0,18.31,2,2009,S1,Laptop,S1,0,1
AMD A4-3320M APU,39.0,640,16.41025641025641,656,16.82051282051282,35.0,18.29,2,2012,FS1,Laptop,Other,0,0
Intel Core2 Duo T5800 @ 2.00GHz,46.66,638,13.673381911701673,738,15.816545220745821,35.0,18.22,2,2008,PGA478,Laptop,PGA478,0,1
Intel Pentium E2160 @ 1.80GHz,89.0,636,7.146067415730337,683,7.674157303370786,65.0,9.78,2,2008,LGA775,Desktop,LGA775,0,0
Intel Pentium 2129Y @ 1.10GHz,134.0,635,4.7388059701492535,587,4.380597014925373,10.0,63.52,2,2014,FCBGA1023,Laptop,Other,0,0
Intel Core2 Duo T5300 @ 1.73GHz,40.27,635,15.768562205115469,423,10.504097342935186,34.0,18.68,2,2009,PGA478,Laptop,PGA478,0,1
AMD Turion X2 Dual-Core Mobile RM-77,31.28,635,20.300511508951406,753,24.072890025575447,35.0,18.13,2,2009,S1,Laptop,S1,0,1
AMD Athlon 64 X2 Dual-Core TK-57,32.49,634,19.51369652200677,675,20.77562326869806,31.0,20.45,2,2009,unknown,Unknown,unknown,0,1
Intel Core2 Duo E4400 @ 2.00GHz,42.5,632,14.870588235294118,753,17.71764705882353,65.0,9.73,2,2008,LGA775,Desktop,LGA775,0,0
AMD Athlon II Dual-Core M300,31.23,631,20.2049311559398,747,23.919308357348704,35.0,18.03,2,2009,unknown,Unknown,unknown,0,1
AMD Turion 64 X2 Mobile TL-66,89.0,627,7.044943820224719,816,9.168539325842696,35.0,17.9,2,2009,S1,Laptop,S1,0,0
Celeron Dual-Core T3300 @ 2.00GHz,14.97,627,41.88376753507014,692,46.22578490313961,35.0,17.93,2,2010,μFCPGA-478,Laptop,Other,0,0
Intel Pentium 967 @ 1.30GHz,128.76,626,4.861758310034173,620,4.815159987573781,17.0,36.84,2,2012,FCBGA1023,Laptop,Other,0,1
Intel Atom C2358 @ 1.74GHz,94.41,625,6.620061434170109,291,3.082300603749603,7.0,89.24,2,2016,FCBGA1283,Laptop,Other,0,1
Qualcomm MSM8974PRO-AB,50.39,625,12.403254614010716,349,6.925977376463584,19.35,,4,2021,unknown,Mobile/Embedded,unknown,1,1
ARM Cortex-A72 2 Core 0 MHz,79.98,625,7.814453613403351,534,6.676669167291823,15.09,,2,2021,unknown,Unknown,unknown,1,1
Intel Pentium U5600 @ 1.33GHz,140.71,624,4.434652832065951,588,4.178807476369839,18.0,34.68,2,2011,BGA1288,Laptop,Other,0,1
AMD Turion X2 Dual-Core Mobile RM-70,26.13,624,23.880597014925375,663,25.37313432835821,31.0,20.14,2,2009,S1,Laptop,S1,0,1
AMD Turion X2 Dual-Core Mobile RM-74,14.95,623,41.67224080267559,730,48.829431438127095,35.0,17.81,2,2009,S1,Laptop,S1,0,0
Intel Pentium 957 @ 1.20GHz,134.0,622,4.641791044776119,574,4.2835820895522385,17.0,36.59,2,2011,FCBGA1023,Laptop,Other,0,0
AMD Athlon 64 X2 QL-64,19.48,622,31.930184804928132,732,37.57700205338809,35.0,17.78,2,2009,S1,Laptop,S1,0,1
Intel Atom Z3745 @ 1.33GHz,30.0,621,20.7,435,14.5,4.0,155.37,4,2014,UTFCBGA1380,Laptop,Other,0,0
AMD GX-212JC SOC,81.29,619,7.614712756796654,453,5.572641161274449,6.0,103.13,2,2014,FT3b,Laptop,Other,0,1
MT6795MM,47.67,618,12.964128382630586,567,11.894273127753303,19.28,,8,2021,unknown,Mobile/Embedded,unknown,1,1
AMD Athlon Dual Core 4050e,27.67,616,22.262378026743765,732,26.454644018792916,45.0,13.69,2,2009,AM2,Desktop,AM2,0,1
Intel Celeron 877 @ 1.40GHz,95.49,615,6.440464970153943,597,6.25196355639334,17.0,36.19,2,2012,BGA1023,Laptop,BGA1023,0,1
Intel Atom Z3740D @ 1.33GHz,94.53,614,6.495292499735534,459,4.8556013963821005,4.4,139.48,4,2013,UTFCBGA1380,Laptop,Other,0,1
MediaTek MT6761V/WBB,45.71,613,13.410632246773135,420,9.188361408882082,18.73,,4,2021,unknown,Mobile/Embedded,unknown,1,1
Generic DT based system,45.99,612,13.307240704500979,453,9.84996738421396,18.73,,4,2021,unknown,Mobile/Embedded,unknown,1,1
AMD Athlon 64 X2 Dual Core 3800+,91.78,611,6.657223796033994,719,7.833950751797778,89.0,6.87,2,2008,AM2,Desktop,AM2,0,1
Qualcomm MSM8974PRO-AC,46.22,611,13.219385547382085,380,8.221549112938122,19.49,,4,2021,unknown,Mobile/Embedded,unknown,1,1
AMD Athlon 64 X2 QL-65,22.0,609,27.681818181818183,653,29.681818181818183,35.0,17.41,2,2009,S1,Laptop,S1,0,0
Intel Core2 Duo L7700 @ 1.80GHz,97.98,607,6.195141865686875,748,7.6342110634823435,17.0,35.69,2,2009,unknown,Laptop,unknown,0,1
AMD Athlon II X2 250u,24.95,604,24.208416833667336,632,25.33066132264529,25.0,24.17,2,2010,AM3,Desktop,AM3,0,0
Intel Celeron N3000 @ 1.04GHz,131.17,604,4.604711443165359,562,4.284516276587635,4.0,150.94,2,2015,FCBGA1170,Laptop,Other,0,1
AMD Turion X2 Dual Core L510,62.43,603,9.658817876021144,593,9.498638475092104,20.0,30.13,2,2010,ASB1,Laptop,Other,0,1
AMD E1 Micro-6200T APU,97.77,600,6.13685179502915,498,5.093586989874194,3.95,151.92,2,2014,FT3b,Laptop,Other,0,1
Intel Xeon 5110 @ 1.60GHz,35.0,600,17.142857142857142,606,17.314285714285713,65.0,9.23,2,2009,LGA771,Server,Other,0,0
AMD TurionX2 Ultra DualCore Mobile ZM-87,43.53,599,13.76062485642086,770,17.688950149322306,35.0,17.13,2,2022,S1,Mobile/Embedded,S1,0,1
Rockchip (Device Tree),46.74,598,12.794180573384681,424,9.071459135643988,18.73,,4,2021,unknown,Mobile/Embedded,unknown,1,1
Intel Pentium T2410 @ 2.00GHz,28.3,598,21.130742049469966,726,25.653710247349824,40.56,,2,2009,unknown,Unknown,unknown,1,1
AMD E1-2500 APU,81.5,597,7.325153374233129,467,5.730061349693251,15.0,39.83,2,2013,FT3,Laptop,Other,0,1
Intel Core2 Duo E6320 @ 1.86GHz,39.99,597,14.92873218304576,642,16.05401350337584,65.0,9.18,2,2008,PLGA775,Desktop,Other,0,0
AMD Athlon 64 X2 Dual Core 3600+,68.25,596,8.732600732600732,686,10.051282051282051,65.0,9.17,2,2008,AM2,Desktop,AM2,0,0
Intel Atom S1260 @ 2.00GHz,64.0,596,9.3125,224,3.5,8.5,70.08,2,2013,FCBGA1283,Server,Other,0,0
Intel Core2 Duo T5550 @ 1.83GHz,57.42,596,10.379658655520725,664,11.563915012190874,35.0,17.03,2,2008,PGA478,Laptop,PGA478,0,1
Intel Celeron J1750 @ 2.41GHz,131.31,595,4.531261899322215,659,5.018658137232503,10.0,59.53,2,2014,FCBGA1170,Desktop,Other,0,1
AMD Athlon 64 X2 Dual Core BE-2300,39.38,594,15.083798882681563,624,15.84560690705942,45.0,13.2,2,2011,AM2,Desktop,AM2,0,1
AMD Opteron 1212,290.0,593,2.0448275862068965,729,2.513793103448276,103.0,5.75,2,2009,AM2,Server,AM2,0,0
Intel Celeron N3050 @ 1.60GHz,170.0,592,3.4823529411764707,564,3.3176470588235296,6.0,98.69,2,2015,FCBGA1170,Laptop,Other,0,0
Intel Core2 Duo E6300 @ 1.86GHz,127.61,592,4.639134864038868,693,5.430608886450905,65.0,9.11,2,2008,"LGA775, PLGA775",Desktop,Other,0,0
AMD Athlon X2 Dual Core BE-2350,32.9,591,17.963525835866264,705,21.42857142857143,45.0,13.14,2,2009,AM2,Desktop,AM2,0,1
AMD Turion 64 X2 Mobile TL-60,15.95,591,37.05329153605016,688,43.13479623824452,31.0,19.07,2,2009,S1,Laptop,S1,0,0
AMD Turion II Neo N40L Dual-Core,127.64,589,4.6145408962707615,609,4.771231588843623,15.0,39.24,2,2011,BGA812,Laptop,Other,0,1
AMD Turion Dual-Core RM-74,43.12,588,13.636363636363637,595,13.7987012987013,35.0,16.8,2,2014,S1,Laptop,S1,0,1
Qualcomm MSM8974PRO-AA,50.62,587,11.596207032793362,352,6.953773212169104,19.35,,4,2021,unknown,Mobile/Embedded,unknown,1,1
Intel Atom Z3745D @ 1.33GHz,72.73,585,8.043448370686098,437,6.008524680324488,4.4,133.05,4,2014,unknown,Laptop,unknown,0,1
Intel Core2 Duo U9600 @ 1.60GHz,122.19,584,4.779441852852115,657,5.37687208445863,10.0,58.45,2,2009,BGA956,Laptop,Other,0,1
Intel Celeron 847E @ 1.10GHz,132.08,584,4.421562689279225,520,3.9370078740157477,17.0,34.36,2,2012,FCBGA1023,Laptop,Other,0,1
Intel Atom C2338 @ 1.74GHz,102.21,584,5.713726641228843,233,2.2796203893943843,7.0,83.4,2,2014,FCBGA1283,Laptop,Other,0,1
AMD E1-7010 APU,124.99,582,4.656372509800784,492,3.9363149051924156,10.0,58.16,2,2016,BGA769 (FT3b),Laptop,Other,0,1
Intel Xeon MV 3.20GHz,110.17,582,5.282744848869928,378,3.4310610874103658,90.0,6.46,2,2015,mPGA604,Server,Other,0,1
AMD Athlon 64 X2 QL-67,30.89,582,18.8410488831337,515,16.67206215603755,35.0,16.63,2,2009,S1,Laptop,S1,0,1
Qualcomm MSM8917,48.51,582,11.99752628324057,373,7.689136260564832,19.61,,4,2021,unknown,Mobile/Embedded,unknown,1,1
Intel Celeron J1800 @ 2.41GHz,131.46,581,4.419595314164004,664,5.05096607333029,10.0,58.09,2,2014,FCBGA1170,Desktop,Other,0,1
MT8766A,48.43,581,11.99669626264712,380,7.84637621309106,19.49,,4,2021,unknown,Mobile/Embedded,unknown,1,1
Intel Celeron N2840 @ 2.16GHz,156.39,580,3.708677025385255,667,4.264978579193043,7.0,82.81,2,2014,FCBGA1170,Laptop,Other,0,1
Pentium Dual-Core T4200 @ 2.00GHz,43.39,578,13.321041714680803,783,18.04563263424752,22.25,,2,2022,unknown,Mobile/Embedded,unknown,1,1
AMD Athlon 64 X2 Dual-Core TK-42,41.35,577,13.954050785973397,537,12.98669891172914,20.0,28.85,2,2009,unknown,Unknown,unknown,0,1
Intel Celeron 1019Y @ 1.00GHz,146.0,576,3.9452054794520546,521,3.5684931506849313,10.0,57.65,2,2014,FCBGA1023,Desktop,Other,0,1
Intel Core2 Duo L7500 @ 1.60GHz,119.51,575,4.8113128608484645,600,5.0205003765375285,17.0,33.83,2,2009,BGA479,Laptop,Other,0,1
MT6761V/CAB,48.48,575,11.860561056105611,372,7.673267326732674,19.27,,4,2021,unknown,Mobile/Embedded,unknown,1,1
AMD Athlon 64 X2 Dual Core BE-2350,42.62,573,13.44439230408259,674,15.814171750351948,45.0,12.74,2,2009,AM2,Desktop,AM2,0,1
MediaTek MT8168A,48.4,571,11.797520661157025,396,8.181818181818182,19.54,,4,2021,unknown,Mobile/Embedded,unknown,1,1
AMD Athlon X2 Dual Core BE-2300,60.0,570,9.5,644,10.733333333333333,45.0,12.67,2,2009,AM2,Desktop,AM2,0,0
Intel Celeron 857 @ 1.20GHz,91.27,569,6.234250027391257,476,5.215295277747344,17.0,33.49,2,2011,BGA1023,Laptop,BGA1023,0,1
MediaTek MT6737T,48.14,568,11.798919817199833,397,8.246780224345658,19.54,,4,2021,unknown,Mobile/Embedded,unknown,1,1
AMD Athlon 64 X2 3800+,55.56,566,10.187185025197984,745,13.408927285817134,89.0,6.36,2,2010,939,Desktop,Other,0,1
Qualcomm MSM 8974 HAMMERHEAD (Flattened Device Tre,49.41,566,11.45517101801255,219,4.432301153612629,19.11,,4,2021,unknown,Mobile/Embedded,unknown,1,1
AMD Turion II Neo K625 Dual-Core,106.42,565,5.309152414959594,596,5.600451043037023,15.0,37.66,2,2010,S1,Laptop,S1,0,1
AMD Athlon X2 Dual Core 6850e,37.31,564,15.116590726346823,623,16.69793621013133,22.0,25.65,2,2010,unknown,Unknown,unknown,0,1
AMD Sempron Dual Core 2200,39.95,563,14.09261576971214,649,16.245306633291612,65.0,8.66,2,2009,unknown,Unknown,unknown,0,0
Intel Celeron 867 @ 1.30GHz,55.7,562,10.089766606822261,584,10.484739676840215,17.0,33.03,2,2012,BGA1023,Laptop,BGA1023,0,0
AMD Sempron 2650 APU,84.97,561,6.6023302342003065,475,5.5902083088148755,25.0,22.42,2,2014,"AM1,FSB1",Desktop,Other,0,0
Intel Core2 Duo E4300 @ 1.80GHz,42.5,561,13.2,665,15.647058823529411,65.0,8.64,2,2009,LGA775,Desktop,LGA775,0,0
AMD Turion Dual-Core RM-70,25.0,561,22.44,548,21.92,31.0,18.11,2,2008,S1,Laptop,S1,0,0
Intel Celeron U3600 @ 1.20GHz,150.35,560,3.7246425008313935,520,3.4585966079148656,18.0,31.11,2,2011,BGA1288,Laptop,Other,0,1
"Qualcomm Technologies, Inc MSM8929",51.23,560,10.93109506148741,252,4.9189927776693345,19.89,,8,2021,unknown,Mobile/Embedded,unknown,1,1
ARM Cortex-A53 4 Core 1800 MHz,57.73,558,9.66568508574398,246,4.261216005543045,14.85,,4,2021,unknown,Unknown,unknown,1,1
Intel Atom Z3735E @ 1.33GHz,117.0,557,4.760683760683761,478,4.085470085470085,4.4,126.59,4,2014,UTFCBGA1380,Laptop,Other,0,0
AMD Sempron Dual Core 2300,41.99,555,13.217432722076685,697,16.59919028340081,65.0,8.54,2,2009,unknown,Unknown,unknown,0,0
AMD Athlon 64 X2 QL-62,28.63,553,19.315403422982886,685,23.925951798812434,35.0,15.81,2,2009,S1,Laptop,S1,0,1
Intel Pentium E2140 @ 1.60GHz,79.95,549,6.866791744840525,605,7.567229518449031,65.0,8.45,2,2008,"LGA775, PLGA775",Desktop,Other,0,0
Intel T1500 @ 1.86GHz,42.26,548,12.967345007098912,661,15.64126833885471,51.29,,2,2009,unknown,Unknown,unknown,1,1
Intel Celeron @ 1.30GHz,50.48,548,10.855784469096672,611,12.10380348652932,31.82,,1,2013,unknown,Unknown,unknown,1,1
Intel Pentium T2390 @ 1.86GHz,46.26,547,11.82447038478167,641,13.85646346735841,35.0,15.63,2,2009,PPGA478,Laptop,Other,0,1
MediaTek MT6762V/CN,51.31,546,10.641200545702592,391,7.620346910933541,19.54,,4,2021,unknown,Mobile/Embedded,unknown,1,1
MediaTek MT8163,53.09,545,10.265586739498964,334,6.291203616500282,19.13,,4,2021,unknown,Mobile/Embedded,unknown,1,1
Qualcomm APQ8084,53.01,544,10.262214676476137,317,5.980003772873043,19.13,,4,2021,unknown,Mobile/Embedded,unknown,1,1
Intel Atom Z3735F @ 1.33GHz,500.0,544,1.088,390,0.78,4.4,123.73,4,2014,UTFCBGA592,Laptop,Other,0,0
Intel Core2 Duo T5450 @ 1.66GHz,60.74,543,8.939743167599605,581,9.565360553177477,35.0,15.52,2,2009,PGA478,Laptop,PGA478,0,1
MT6761V/WD,50.74,543,10.701616081986598,408,8.04099329917225,18.96,,4,2021,unknown,Mobile/Embedded,unknown,1,1
AMD E1-6015 APU,99.55,542,5.444500251130085,440,4.419889502762431,7.36,,2,2015,BGA769 (FT3b),Laptop,Other,1,1
Intel Celeron N2830 @ 2.16GHz,149.99,542,3.6135742382825518,630,4.200280018667911,7.5,72.33,2,2014,FCBGA1170,Laptop,Other,0,0
Intel Pentium U5400 @ 1.20GHz,124.69,538,4.314700457133692,503,4.034004330740236,18.0,29.89,2,2010,BGA1288,Laptop,Other,0,1
mt6762m,53.31,538,10.091915212905645,350,6.565372350403301,19.13,,4,2021,unknown,Mobile/Embedded,unknown,1,1
Amlogic,59.78,537,8.98293743726999,376,6.289729006356641,15.46,,4,2021,unknown,Unknown,unknown,1,1
Intel Pentium T2330 @ 1.60GHz,149.95,536,3.5745248416138717,572,3.8146048682894302,35.0,15.31,2,2009,PPGA478,Laptop,Other,0,0
AMD TurionX2 Dual Core Mobile RM-70,31.91,536,16.797242243810718,674,21.121905358821685,31.0,17.28,2,2009,S1,Laptop,S1,0,1
AMD Athlon 64 X2 Dual-Core TK-53,53.96,535,9.91475166790215,600,11.11934766493699,31.0,17.26,2,2009,unknown,Unknown,unknown,0,1
AMD Sempron Dual Core 2100,37.99,533,14.03000789681495,596,15.688339036588575,65.0,8.21,2,2009,unknown,Unknown,unknown,0,0
Intel Celeron N2808 @ 1.58GHz,188.62,532,2.820485632488601,596,3.159792174742869,4.5,118.17,2,2015,FCBGA1170,Laptop,Other,0,1
Intel Atom C2350 @ 1.74GHz,43.0,532,12.372093023255815,496,11.534883720930232,6.0,88.7,2,2021,FCBGA1283,Server,Other,0,0
AMD Athlon 64 X2 Dual Core 3400+,53.45,531,9.934518241347053,505,9.448082319925163,89.0,5.97,2,2010,754,Desktop,Other,0,1
AMD Opteron 165,550.0,531,0.9654545454545455,638,1.16,110.0,4.83,2,2009,939,Server,Other,0,0
Intel Core2 Duo T5470 @ 1.60GHz,51.48,531,10.314685314685315,606,11.771561771561773,35.0,15.18,2,2009,PGA478,Laptop,PGA478,0,1
Intel Core2 Duo T5670 @ 1.80GHz,44.56,530,11.89407540394973,635,14.25044883303411,35.0,15.15,2,2009,Socket P,Laptop,Other,0,1
MT6739CH,50.62,530,10.470169893322797,370,7.309363887791387,18.99,,4,2021,unknown,Mobile/Embedded,unknown,1,1
AMD Athlon Neo X2 Dual Core L335,69.41,529,7.621380204581473,570,8.212073188301398,18.0,29.36,2,2009,unknown,Unknown,unknown,0,1
AMD Athlon II Neo K345 Dual-Core,100.31,527,5.253713488186621,552,5.502940883261888,12.0,43.94,2,2011,unknown,Laptop,unknown,0,1
MT8735A,53.15,527,9.915333960489182,343,6.45343367826905,19.99,,4,2022,unknown,Mobile/Embedded,unknown,1,1
AMD Athlon 64 X2 Dual-Core TK-55,72.74,525,7.217486939785538,613,8.427275226835304,35.0,14.99,2,2008,unknown,Unknown,unknown,0,0
AMD E1-6010 APU,103.44,522,5.046403712296984,419,4.050657385924207,10.0,52.24,2,2014,FT3b,Laptop,Other,0,1
AMD Turion X2 Ultra Dual-Core Mobile ZM-80,49.95,521,10.43043043043043,628,12.572572572572572,32.0,16.29,2,2009,S1,Laptop,S1,0,0
MT6592,51.79,521,10.05985711527322,211,4.074145587951342,19.65,,8,2021,unknown,Mobile/Embedded,unknown,1,1
Celeron Dual-Core T3100 @ 1.90GHz,32.0,519,16.21875,566,17.6875,35.0,14.83,2,2009,BGA479,Laptop,Other,0,0
Intel Celeron T1600 @ 1.66GHz,19.99,519,25.962981490745374,628,31.415707853926968,35.0,14.84,2,2009,unknown,Laptop,unknown,0,0
AMD Athlon 64 FX-57,88.11,517,5.867665418227216,552,6.264896152536602,104.0,4.97,1,2009,939,Desktop,Other,0,1
Intel Core2 Duo L7400 @ 1.50GHz,141.31,516,3.651546245842474,555,3.9275352062840563,17.0,30.32,2,2011,BGA479,Laptop,Other,0,1
Intel T2050 @ 2.00GHz,55.65,516,9.272237196765499,611,10.979335130278526,31.0,16.64,2,2012,PPGA478,Unknown,Other,0,1
Intel Pentium T2310 @ 1.46GHz,43.08,515,11.954503249767875,557,12.929433611884866,35.0,14.71,2,2008,PPGA478,Laptop,Other,0,1
ARM Cortex-A17 4 Core 1800 MHz,61.61,515,8.359032624573933,398,6.459990261321214,15.71,,4,2021,unknown,Unknown,unknown,1,1
Intel Core2 Duo T5500 @ 1.66GHz,46.37,513,11.063187405650206,590,12.723743799870606,34.0,15.08,2,2009,PGA478,Laptop,PGA478,0,1
Intel Atom D2701 @ 2.13GHz,117.49,511,4.349306323942463,384,3.26836326495872,10.0,51.14,2,2013,BGA559,Laptop,Other,0,1
Intel Core2 Duo SU9400 @ 1.40GHz,127.04,509,4.0066120906801,588,4.628463476070529,10.0,50.94,2,2009,BGA956,Laptop,Other,0,1
Rockchip RK3288 (Flattened Device Tree),49.64,508,10.233682514101531,403,8.118452860596292,18.96,,4,2021,unknown,Mobile/Embedded,unknown,1,1
AMD Sempron 145,35.99,505,14.031675465407057,989,27.479855515420947,45.0,11.23,1,2010,AM3,Desktop,AM3,0,0
Intel Atom Z3736F @ 1.33GHz,180.78,502,2.7768558468857174,419,2.3177342626396724,4.4,114.01,4,2014,UTFCBGA592,Laptop,Other,0,1
AMD Sempron 130,30.0,501,16.7,1064,35.46666666666667,45.0,11.13,1,2012,AM2+/AM3,Unknown,Other,0,0
AMD E2-2000 APU,138.76,501,3.6105505909484004,555,3.9997117324877487,18.0,27.81,2,2013,"BGA413,FT1",Laptop,Other,0,1
Intel Core2 Duo U7300 @ 1.30GHz,148.06,501,3.383763339186816,533,3.5998919357017423,10.0,50.11,2,2009,BGA956,Laptop,Other,0,1
Intel Pentium T2370 @ 1.73GHz,35.0,500,14.285714285714286,546,15.6,35.0,14.27,2,2008,PPGA478,Laptop,Other,0,0
AMD Sempron 150,14.95,498,33.31103678929766,1079,72.17391304347827,45.0,11.07,1,2011,AM3,Desktop,AM3,0,0
Intel Core Duo T2700 @ 2.33GHz,46.87,498,10.625133347557073,652,13.910817153829743,31.0,16.07,2,2009,BGA479,Laptop,Other,0,1
Intel Pentium D 940 @ 3.20GHz,95.39,498,5.220673026522697,574,6.017402243421742,130.0,3.83,2,2008,PLGA775,Desktop,Other,0,1
AMD Turion X2 Dual Core Mobile RM-70,132.56,497,3.7492456246228123,504,3.8020519010259504,31.0,16.02,2,2009,S1,Laptop,S1,0,0
MediaTek MT6735,52.8,497,9.412878787878789,299,5.662878787878788,19.13,,4,2021,unknown,Mobile/Embedded,unknown,1,1
Intel Core2 Duo T5270 @ 1.40GHz,84.0,496,5.904761904761905,586,6.976190476190476,35.0,14.17,2,2008,PGA478,Laptop,PGA478,0,1
MT8735,52.4,495,9.446564885496183,299,5.706106870229008,19.13,,4,2021,unknown,Mobile/Embedded,unknown,1,1
Intel Celeron G460 @ 1.80GHz,55.0,494,8.981818181818182,720,13.090909090909092,35.0,14.13,1,2012,LGA1155,Desktop,LGA1155,0,0
Intel Pentium D 830 @ 3.00GHz,78.59,494,6.285786995800993,550,6.99834584552742,95.0,5.2,2,2008,PLGA775,Desktop,Other,0,1
Intel Atom D2700 @ 2.13GHz,131.76,492,3.7340619307832426,387,2.9371584699453552,10.0,49.22,2,2011,BGA559,Desktop,Other,0,1
Intel Celeron E1200 @ 1.60GHz,99.95,492,4.9224612306153075,628,6.283141570785393,65.0,7.58,2,2008,LGA775,Desktop,LGA775,0,0
Intel Core2 Duo L7300 @ 1.40GHz,141.53,489,3.4550978591111425,529,3.7377234508584753,17.0,28.74,2,2009,BGA479,Laptop,Other,0,1
"rockchip,rk3368",52.34,489,9.34275888421857,230,4.3943446694688575,19.65,,8,2021,unknown,Mobile/Embedded,unknown,1,1
Intel Atom Z3770D @ 1.49GHz,199.35,488,2.4479558565337345,361,1.8108853774767997,4.4,110.84,4,2014,BGA1380,Laptop,Other,0,1
Intel Celeron N3010 @ 1.04GHz,115.46,486,4.2092499566949595,560,4.850164559154686,4.0,121.5,2,2016,FCBGA1170,Laptop,Other,0,1
Intel Celeron N2815 @ 1.86GHz,184.89,486,2.6285899724160315,564,3.0504624371247773,7.5,64.84,2,2014,FCBGA1170,Laptop,Other,0,1
Intel Core2 Duo U9300 @ 1.20GHz,138.18,485,3.509914604139528,542,3.922420031842524,10.0,48.53,2,2009,BGA956,Laptop,Other,0,1
AMD Athlon 64 3100+,56.24,484,8.60597439544808,600,10.668563300142248,89.0,5.44,1,2015,754,Desktop,Other,0,1
Intel Core i3-330UM @ 1.20GHz,111.47,484,4.341975419395353,339,3.0411769982955055,18.0,26.87,2,2010,BGA1288,Laptop,Other,0,1
Intel Core2 Duo T5250 @ 1.50GHz,89.95,483,5.36964980544747,542,6.025569760978321,35.0,13.81,2,2008,PGA478,Laptop,PGA478,0,0
Intel Celeron G465 @ 1.90GHz,40.0,480,12.0,739,18.475,35.0,13.71,1,2012,LGA1155,Desktop,LGA1155,0,0
Intel Celeron N2806 @ 1.60GHz,222.86,479,2.1493314188279635,524,2.3512519070268327,4.5,106.48,2,2014,FCBGA1170,Laptop,Other,0,1
Intel Xeon 3.20GHz,280.33,478,1.7051332358292013,696,2.4827881425462848,103.0,4.64,1,2009,PPGA604,Server,Other,0,1
AMD Turion 64 X2 Mobile TL-58,36.81,478,12.985601738657973,552,14.995925020374898,31.0,15.42,2,2009,S1,Laptop,S1,0,1
AMD Athlon II Neo N36L Dual-Core,112.21,478,4.259869886819357,521,4.643079939399341,12.0,39.81,2,2010,unknown,Laptop,unknown,0,1
AMD E-350D APU,85.35,478,5.600468658465144,521,6.1042765084944355,18.0,26.58,2,2013,unknown,Unknown,unknown,0,1
MT8167A,52.25,478,9.148325358851675,285,5.454545454545454,19.13,,4,2021,unknown,Mobile/Embedded,unknown,1,1
Intel Pentium SU4100 @ 1.30GHz,136.52,476,3.48666861998242,515,3.7723410489305595,10.0,47.63,2,2009,BGA956,Laptop,Other,0,1
AMD Athlon Neo X2 Dual Core L325,82.53,476,5.767599660729432,527,6.385556767236157,18.0,26.45,2,2010,unknown,Unknown,unknown,0,1
Intel T1400 @ 1.73GHz,15.0,475,31.666666666666668,671,44.733333333333334,40.28,,2,2009,unknown,Unknown,unknown,1,0
AMD E1-2200 APU,108.41,474,4.3722903791163175,368,3.3945208006641456,9.0,52.63,2,2014,FT3,Laptop,Other,0,1
Intel Celeron U3400 @ 1.07GHz,90.59,473,5.221326857269014,441,4.868086985318468,18.0,26.28,2,2010,BGA1288,Laptop,Other,0,1
AMD Sempron 140,11.95,471,39.41422594142259,1044,87.36401673640168,45.0,10.47,1,2009,AM3,Desktop,AM3,0,0
AMD TurionX2 Dual Core Mobile RM-72,40.02,471,11.76911544227886,392,9.795102448775612,35.0,13.46,2,2009,S1,Laptop,S1,0,1
Intel Celeron 847 @ 1.10GHz,315.0,470,1.492063492063492,483,1.5333333333333334,17.0,27.62,2,2011,BGA1023,Laptop,BGA1023,0,0
AMD G-T56N,164.94,470,2.849521037953195,520,3.1526615739056627,18.0,26.1,2,2011,FT1,Laptop,Other,0,1
Intel Celeron N2820 @ 2.13GHz,225.0,469,2.0844444444444443,583,2.591111111111111,7.5,62.58,2,2014,FCBGA1170,Laptop,Other,0,0
Intel Pentium Extreme Edition 955 @ 3.46GHz,31.23,469,15.017611271213577,515,16.4905539545309,130.0,3.61,2,2009,PLGA775,Desktop,Other,0,0
Intel Core2 Duo L7100 @ 1.20GHz,116.12,467,4.02170168790906,484,4.168101963486048,15.85,,2,2008,BGA956,Laptop,Other,1,1
AMD Athlon 64 FX-59,51.97,465,8.947469694054263,575,11.064075428131614,30.82,,1,2013,939,Desktop,Other,1,1
AMD Athlon 64 X2 QL-60,32.46,465,14.32532347504621,557,17.159581022797287,35.0,13.29,2,2009,S1,Laptop,S1,0,1
Intel Atom E3827 @ 1.74GHz,87.24,460,5.27281063732233,455,5.215497478221,8.0,57.51,2,2016,FCBGA1170,Laptop,Other,0,1
ARM Cortex-A53 4 Core 1392 MHz,59.03,459,7.775707267491106,191,3.2356428934440116,14.67,,4,2021,unknown,Unknown,unknown,1,1
AMD Opteron 154,137.08,457,3.3338196673475338,534,3.895535453749635,104.0,4.39,1,2011,939,Server,Other,0,1
Unisoc SC9832e,50.74,457,9.00670082774931,280,5.518328734726055,18.87,,4,2021,unknown,Mobile/Embedded,unknown,1,1
AMD Athlon Neo X2 Dual Core 6850e,47.83,456,9.533765419192976,566,11.833577252770228,22.0,20.72,2,2009,unknown,Unknown,unknown,0,1
"Qualcomm Technologies, Inc MSM8917",50.74,456,8.986992510839574,286,5.63657863618447,18.87,,4,2021,unknown,Mobile/Embedded,unknown,1,1
"Qualcomm Technologies, Inc QM215",51.37,455,8.857309713840763,291,5.66478489390695,18.87,,4,2021,unknown,Mobile/Embedded,unknown,1,1
AMD Turion 64 X2 Mobile TL-56,65.4,453,6.9266055045871555,579,8.853211009174311,31.0,14.62,2,2009,S1,Laptop,S1,0,0
QCT APQ8064 DEB,52.1,453,8.694817658349328,278,5.335892514395393,18.87,,4,2021,unknown,Mobile/Embedded,unknown,1,1
AMD Opteron 254,49.55,451,9.10191725529768,578,11.664984863773967,68.0,6.63,1,2012,940,Server,Other,0,1
Intel Core Duo T2600 @ 2.16GHz,46.52,450,9.673258813413584,667,14.33791917454858,31.0,14.53,2,2009,BGA479,Laptop,Other,0,1
Intel Celeron N2807 @ 1.58GHz,231.76,450,1.9416637901277185,540,2.3299965481532623,4.3,104.63,2,2014,FCBGA1170,Laptop,Other,0,1
MT8167D,52.47,450,8.576329331046312,320,6.098723079855155,18.87,,4,2021,unknown,Mobile/Embedded,unknown,1,1
QCT APQ8064 FLO,51.88,449,8.654587509637626,282,5.43562066306862,18.87,,4,2021,unknown,Mobile/Embedded,unknown,1,1
ARM Cortex-A53 4 Core 1512 MHz,59.83,448,7.4878823332776205,229,3.827511281965569,14.67,,4,2021,unknown,Unknown,unknown,1,1
Intel Celeron SU2300 @ 1.20GHz,120.04,445,3.707097634121959,500,4.165278240586471,10.0,44.5,2,2009,BGA956,Laptop,Other,0,1
Intel Celeron 450 @ 2.20GHz,38.99,445,11.413182867401897,613,15.721979994870479,35.0,12.71,1,2009,LGA775,Desktop,LGA775,0,0
Intel Celeron 925 @ 2.30GHz,31.0,444,14.32258064516129,846,27.29032258064516,35.0,12.67,1,2010,unknown,Laptop,unknown,0,1
SAMSUNG JF,51.57,443,8.590265658328486,293,5.681597828194687,18.87,,4,2021,unknown,Mobile/Embedded,unknown,1,1
AMD E2-1800 APU,123.57,442,3.576919964392652,528,4.2728817674192765,18.0,24.53,2,2012,FT1,Desktop,Other,0,1
AMD G-T56E,146.73,442,3.012335582362162,522,3.557554692291965,18.0,24.58,2,2013,FT1,Laptop,Other,0,1
Intel Core2 Duo T5200 @ 1.60GHz,60.63,438,7.224146462147451,575,9.483753917202705,34.0,12.88,2,2009,Socket M,Laptop,Other,0,1
AMD Turion 64 X2 Mobile TL-50,18.99,436,22.9594523433386,525,27.64612954186414,31.0,14.07,2,2009,S1,Laptop,S1,0,0
"Qualcomm Technologies, Inc MSM8920",50.97,436,8.554051402785953,272,5.3364724347655486,18.87,,4,2021,unknown,Mobile/Embedded,unknown,1,1
MT8161P,50.16,434,8.652312599681022,259,5.16347687400319,19.99,,4,2022,unknown,Mobile/Embedded,unknown,1,1
Intel Atom D2560 @ 2.00GHz,72.46,433,5.975710736958322,353,4.871653325972951,10.0,43.31,2,2013,unknown,Desktop,unknown,0,1
AMD A4-1250 APU,116.55,432,3.7065637065637067,338,2.9000429000429,8.0,54.0,2,2013,FT3,Laptop,Other,0,1
MediaTek MT6737,50.91,432,8.485562757807896,258,5.06776664702416,18.87,,4,2021,unknown,Mobile/Embedded,unknown,1,1
AMD Turion Neo X2 Dual Core L625,139.09,431,3.098713063484075,530,3.810482421453735,18.0,23.93,2,2009,ASB1,Laptop,Other,0,1
AMD Athlon LE-1640,89.95,430,4.780433574207893,489,5.436353529738744,45.0,9.55,1,2009,AM2,Desktop,AM2,0,0
Intel Atom N2800 @ 1.86GHz,125.12,429,3.428708439897698,319,2.549552429667519,6.5,66.06,2,2011,BGA559,Laptop,Other,0,1
AMD Opteron 152,210.89,428,2.0294940490303004,487,2.3092607520508324,104.0,4.12,1,2009,939,Server,Other,0,1
Sony Mobile fusion3,57.66,428,7.422823447797434,234,4.0582726326742975,14.67,,4,2021,unknown,Unknown,unknown,1,1
Intel Celeron G440 @ 1.60GHz,100.0,426,4.26,739,7.39,35.0,12.17,1,2012,LGA1155,Desktop,LGA1155,0,0
Intel Xeon 3.00GHz,287.27,425,1.4794444251053018,607,2.112994743620984,103.0,4.12,1,2009,PPGA604,Server,Other,0,1
ARM Cortex-A53 4 Core 1296 MHz,57.06,425,7.448300035050823,184,3.224675779880827,14.67,,4,2021,unknown,Unknown,unknown,1,1
Qualcomm MSM8916,47.81,424,8.868437565362894,314,6.567663668688558,19.99,,4,2022,unknown,Mobile/Embedded,unknown,1,1
Intel Pentium D 915 @ 2.80GHz,57.37,423,7.373191563534949,508,8.854802161408402,95.0,4.46,2,2008,PLGA775,Desktop,Other,0,1
AMD E-450 APU,134.2,422,3.144560357675112,498,3.710879284649777,18.0,23.42,2,2011,FT1,Laptop,Other,0,1
AMD Athlon LE-1620,18.0,421,23.38888888888889,475,26.38888888888889,45.0,9.36,1,2009,AM2,Desktop,AM2,0,0
Intel Celeron N2810 @ 2.00GHz,139.99,420,3.000214301021501,512,3.6574041002928777,7.5,55.98,2,2013,FCBGA1170,Laptop,Other,0,0
AMD Athlon LE-1660,26.03,416,15.981559738762964,428,16.442566269688818,45.0,9.25,1,2009,AM2,Desktop,AM2,0,1
AMD G-T48E,86.54,416,4.8070256528772815,454,5.246128957707418,18.0,23.09,2,2013,FT1,Laptop,Other,0,1
Samsung GrandPrimePlus LTE LTN OPEN rev04 board ba,46.42,415,8.94011202068074,179,3.856096510124946,18.85,,4,2021,unknown,Mobile/Embedded,unknown,1,1
AMD E-350,116.34,414,3.558535327488396,486,4.177411036616813,18.0,23.0,2,2011,FT1,"Desktop, Laptop",Other,0,1
AMD Athlon LE-1600,21.0,412,19.61904761904762,430,20.476190476190474,45.0,9.16,1,2009,AM2,Desktop,AM2,0,0
AMD Athlon 1640B,50.0,412,8.24,462,9.24,45.0,9.14,1,2009,AM2,Desktop,AM2,0,0
Intel Celeron 900 @ 2.20GHz,18.99,409,21.537651395471304,851,44.813059505002634,34.8,11.74,1,2009,PGA478,Laptop,PGA478,0,0
MediaTek MT6739WW,47.17,409,8.670765316938732,277,5.872376510493957,18.87,,4,2021,unknown,Mobile/Embedded,unknown,1,1
Intel Core Duo T2500 @ 2.00GHz,119.99,408,3.4002833569464124,613,5.108759063255271,31.0,13.15,2,2009,BGA479,Laptop,Other,0,0
Intel Atom D2550 @ 1.86GHz,95.59,408,4.268228894235799,311,3.2534783973218957,10.0,40.78,2,2012,BGA559,Desktop,Other,0,1
AMD E1-2100 APU,92.31,407,4.40905644025566,328,3.5532445022207777,9.0,45.21,2,2013,FT3,Laptop,Other,0,1
Intel Core2 Duo U7500 @ 1.06GHz,76.18,405,5.316355998949855,425,5.578892097663428,10.0,40.52,2,2009,BGA479,Laptop,Other,0,1
MT8735P,46.87,405,8.640921698314488,191,4.075101344143375,18.85,,4,2021,unknown,Mobile/Embedded,unknown,1,1
AMD Athlon 64 FX-55,65.0,404,6.2153846153846155,505,7.769230769230769,104.0,3.89,1,2009,939,Desktop,Other,0,0
Intel Core Duo L2500 @ 1.83GHz,118.37,404,3.4130269493959617,578,4.882994001858579,15.0,26.91,2,2009,BGA479,Laptop,Other,0,1
Intel Atom D510 @ 1.66GHz,97.16,404,4.158089748867847,292,3.0053519967064637,13.0,31.11,2,2010,BGA559,Desktop,Other,0,0
Intel Core Duo T2450 @ 2.00GHz,62.89,404,6.423914771823819,603,9.588169820321196,31.0,13.03,2,2009,PGA478,Laptop,PGA478,0,1
Intel Xeon 3.60GHz,851.0,403,0.4735605170387779,643,0.7555816686251469,110.0,3.67,1,2009,PPGA604,Server,Other,0,0
AMD E-350 APU,87.62,401,4.576580689340333,482,5.501027162748231,18.0,22.28,2,2012,FT1 BGA,"Desktop, Laptop",Other,0,1
AMD Turion 64 Mobile ML-42,41.2,400,9.70873786407767,455,11.04368932038835,35.0,11.43,1,2009,754,Laptop,Other,0,1
AMD Sempron LE-1300,27.0,400,14.814814814814815,389,14.407407407407407,45.0,8.89,1,2009,AM2,Desktop,AM2,0,0
Intel Core i7-2630UM @ 1.60GHz,59.56,400,6.715916722632639,221,3.710543989254533,13.28,,2,2013,unknown,Laptop,unknown,1,1
AMD Geode NX 2400+,43.93,400,9.105394946505804,634,14.432050990211701,21.72,,1,2016,unknown,Unknown,unknown,1,1
ARM Cortex-A53 4 Core 1600 MHz,57.06,400,7.010164738871363,163,2.8566421310900805,15.52,,4,2022,unknown,Unknown,unknown,1,1
Intel Atom D525 @ 1.80GHz,86.34,399,4.621264767199444,310,3.5904563354181143,13.0,30.68,2,2010,BGA559,Desktop,Other,0,1
QCT APQ8064 MAKO,57.66,399,6.919875130072842,254,4.405133541449879,14.72,,4,2021,unknown,Unknown,unknown,1,1
ARM ARMv7 rev 4 (v7l) 4 Core 1400 MHz,57.7,399,6.915077989601386,273,4.731369150779896,16.46,,4,2022,unknown,Unknown,unknown,1,1
AMD Athlon 64 3500+,79.95,396,4.953095684803002,568,7.104440275171982,45.0,8.8,1,2008,AM2,Unknown,AM2,0,0
Samsung Exynos 7570,47.73,396,8.29666876178504,264,5.531112507856694,18.87,,4,2021,unknown,Mobile/Embedded,unknown,1,1
ARM ARMv7 rev 4 (v7l) 4 Core 1200 MHz,57.71,396,6.861895685323168,272,4.713221278807832,15.51,,4,2021,unknown,Unknown,unknown,1,1
AMD Athlon 64 3700+,89.95,394,4.380211228460255,435,4.836020011117287,89.0,4.42,1,2008,939,Desktop,Other,0,0
AMD Opteron 150,352.94,393,1.113503711679039,471,1.3345044483481612,85.3,4.6,1,2009,939,Server,Other,0,0
VIA Nano X2 U4025 @ 1.2 GHz,76.47,393,5.139270302079247,213,2.785406041584935,8.3,,2,2013,BGA400,Laptop,Other,1,1
Intel Xeon 3.80GHz,851.0,393,0.4618096357226792,594,0.6980023501762632,110.0,3.57,1,2009,PPGA604,Server,Other,0,0
AMD Opteron 148,187.69,392,2.0885502690606854,443,2.360274921412968,85.3,4.6,1,2009,939,Server,Other,0,1
Intel Celeron 807 @ 1.50GHz,154.25,392,2.5413290113452187,608,3.9416531604538085,17.0,23.05,1,2014,BGA-1023,Laptop,Other,0,1
AMD A4-1200 APU,64.06,391,6.103652825476116,295,4.6050577583515455,3.9,100.34,2,2013,FT3,Laptop,Other,0,1
AMD E1-1500 APU,84.23,390,4.630179271043571,458,5.437492579840912,18.0,21.66,2,2013,FT1,Laptop,Other,0,1
Intel Core Duo L2300 @ 1.50GHz,85.31,387,4.5363966709647165,442,5.1811042081819245,15.0,25.81,2,2010,BGA479,Desktop,Other,0,1
AMD Athlon II Neo K325 Dual-Core,25.99,387,14.89034243939977,472,18.16083108888034,12.0,32.25,2,2010,unknown,Laptop,unknown,0,0
Intel Atom E3825 @ 1.33GHz,70.32,385,5.474971558589306,370,5.261660978384528,6.0,64.14,2,2014,FCBGA1170,Desktop,Other,0,0
Intel Pentium 4 3.73GHz,187.72,385,2.0509269124227574,572,3.0470914127423825,115.0,3.35,1,2009,unknown,Desktop,unknown,0,1
AMD Turion 64 Mobile ML-44,38.18,384,10.057621791513881,469,12.283918281822944,35.0,10.98,1,2009,754,Laptop,Other,0,1
Intel Core Duo T2350 @ 1.86GHz,60.35,384,6.362883181441591,572,9.47804473902237,31.0,12.39,2,2009,PGA478,Laptop,PGA478,0,1
AMD Turion 64 X2 Mobile TL-52,43.54,384,8.819476343592099,497,11.414790996784566,31.0,12.39,2,2009,S1,Laptop,S1,0,1
Intel Pentium T2130 @ 1.86GHz,64.26,382,5.944600062247121,583,9.072517896047307,31.0,12.33,2,2009,PGA478,Laptop,PGA478,0,1
QCT APQ8064 AWIFI,45.96,382,8.311575282854657,276,6.005221932114883,18.87,,4,2021,unknown,Mobile/Embedded,unknown,1,1
"Qualcomm Technologies, Inc MSM8916",45.23,382,8.44572186601813,238,5.261994251602919,18.85,,4,2021,unknown,Mobile/Embedded,unknown,1,1
AMD Athlon X2 Dual Core L310,47.86,379,7.918930213121604,434,9.068115336397828,13.0,29.14,2,2009,S1,Laptop,S1,0,1
AMD V140,39.95,379,9.48685857321652,869,21.752190237797244,25.0,15.16,1,2010,S1,Laptop,S1,0,0
AMD Athlon 64 3400+,99.95,375,3.7518759379689843,429,4.292146073036518,89.0,4.21,1,2009,754,Unknown,Other,0,0
Intel Xeon 3.40GHz,176.67,375,2.122601460349805,519,2.93768042112413,103.0,3.64,1,2008,PPGA604,Server,Other,0,1
AMD Athlon 64 3300+,49.02,375,7.649938800489595,477,9.730722154222766,21.99,,1,2009,unknown,Unknown,unknown,1,1
Intel Pentium D 805 @ 2.66GHz,65.59,374,5.702088733038573,497,7.577374599786553,95.0,3.93,2,2008,PLGA775,Desktop,Other,0,1
ARM Cortex-A53 4 Core 0 MHz,54.58,374,6.852326859655552,165,3.0230853792598023,14.47,,4,2021,unknown,Unknown,unknown,1,1
AMD E1-1200 APU,80.18,372,4.6395609877775,425,5.300573709154402,18.0,20.66,2,2012,FT1,Laptop,Other,0,1
Intel Celeron D 360 @ 3.46GHz,57.33,372,6.488749345892203,712,12.41932670504099,65.0,5.72,1,2008,PLGA775,Desktop,Other,0,1
Intel Atom 330 @ 1.60GHz,77.26,371,4.80196738286306,168,2.174475796013461,8.0,46.43,2,2009,BGA437,Desktop,Other,0,1
Intel Celeron 827E @ 1.40GHz,140.24,371,2.6454649172846545,674,4.806046776953793,17.0,21.81,1,2012,FCBGA1023,Laptop,Other,0,1
Intel Celeron 440 @ 2.00GHz,49.99,368,7.361472294458891,444,8.881776355271054,35.0,10.52,1,2009,LGA775,Desktop,LGA775,0,0
Intel Celeron 560 @ 2.13GHz,69.95,365,5.218012866333095,498,7.119370979270908,31.0,11.76,1,2009,PGA478,Laptop,PGA478,0,0
"Qualcomm Technologies, Inc APQ8017",45.41,365,8.037877119577185,278,6.121999559568377,18.87,,4,2021,unknown,Mobile/Embedded,unknown,1,1
AMD Sempron 3600+,15.0,364,24.266666666666666,377,25.133333333333333,62.0,5.86,1,2009,AM2,Desktop,AM2,0,0
AMD V120,36.7,362,9.86376021798365,812,22.12534059945504,25.0,14.48,1,2010,S1,Laptop,S1,0,1
AMD Turion 64 Mobile MK-38,31.59,362,11.459322570433681,801,25.356125356125357,31.0,11.69,1,2009,S1,Laptop,S1,0,1
AMD Sempron 3800+,14.99,360,24.01601067378252,422,28.152101400933955,62.0,5.81,1,2008,AM2,Desktop,AM2,0,0
MediaTek MT6739WA,44.2,360,8.144796380090497,245,5.542986425339366,18.85,,4,2021,unknown,Mobile/Embedded,unknown,1,1
AMD E-300 APU,93.47,359,3.8408045362148284,402,4.300845190970365,18.0,19.96,2,2011,FT1,Laptop,Other,0,1
AMD Athlon II 160u,29.99,358,11.93731243747916,717,23.907969323107704,20.0,17.89,1,2010,unknown,Desktop,unknown,0,0
AMD Athlon II 170u,24.0,357,14.875,728,30.333333333333332,20.0,17.83,1,2010,"AM2+,AM3",Desktop,Other,0,0
AMD Athlon X2 Dual Core 3250e,38.67,357,9.231962761830877,458,11.843806568399275,22.0,16.23,2,2009,unknown,Unknown,unknown,0,1
Mobile AMD Athlon 64 3700+,71.44,356,4.983202687569989,485,6.788913773796192,81.5,4.37,1,2009,unknown,Laptop,unknown,0,1
Manta,49.13,356,7.246081823732953,426,8.670873193568085,17.44,,2,2021,unknown,Mobile/Embedded,unknown,1,1
"Qualcomm Technologies, Inc QCM2150",42.6,356,8.356807511737088,244,5.727699530516432,18.85,,4,2021,unknown,Mobile/Embedded,unknown,1,1
MediaTek MT6737M,42.6,355,8.333333333333334,196,4.60093896713615,18.85,,4,2021,unknown,Mobile/Embedded,unknown,1,1
ARM Cortex-A7 4 Core 1300 MHz,54.45,354,6.5013774104683195,253,4.646464646464646,15.46,,4,2022,unknown,Unknown,unknown,1,1
AMD Sempron LE-1200,14.95,349,23.34448160535117,551,36.8561872909699,45.0,7.75,1,2009,AM2,Desktop,AM2,0,0
Intel Core Duo T2400 @ 1.83GHz,16.0,349,21.8125,511,31.9375,31.0,11.26,2,2009,BGA479,Laptop,Other,0,0
Intel Core Duo L2400 @ 1.66GHz,93.03,348,3.740728797162206,501,5.385359561431796,15.0,23.2,2,2009,BGA479,Laptop,Other,0,1
Intel Pentium T2080 @ 1.73GHz,159.95,348,2.1756798999687406,530,3.3135354798374492,31.0,11.23,2,2008,PGA478,Laptop,PGA478,0,0
Intel Core Duo T2250 @ 1.73GHz,49.4,347,7.0242914979757085,529,10.708502024291498,31.0,11.19,2,2009,PGA478,Laptop,PGA478,0,1
ARM Cortex-A53 4 Core 1152 MHz,53.88,347,6.440237564959168,155,2.8767631774313287,14.6,,4,2021,unknown,Unknown,unknown,1,1
AMD Opteron 146,35.0,346,9.885714285714286,400,11.428571428571429,67.0,5.16,1,2009,939,Server,Other,0,0
ARM Cortex-A7 4 Core 1368 MHz,54.68,346,6.327724945135333,265,4.846378931967813,15.35,,4,2021,unknown,Unknown,unknown,1,1
Intel Core2 Duo U7700 @ 1.33GHz,51.77,345,6.6640911724937215,345,6.6640911724937215,10.0,34.51,2,2008,unknown,Laptop,unknown,0,1
ARM Cortex-A53 4 Core 1400 MHz,53.88,345,6.403118040089087,230,4.268745360059391,14.55,,4,2021,unknown,Unknown,unknown,1,1
Intel Celeron 570 @ 2.26GHz,40.39,344,8.516959643476108,431,10.670958157959891,31.0,11.09,1,2009,PGA478,Laptop,PGA478,0,1
Mobile Intel Pentium 4 3.33GHz,31.22,344,11.018577834721333,552,17.680973734785393,64.9,,1,2009,unknown,Laptop,unknown,1,1
"Qualcomm Technologies, Inc APQ8016",42.44,343,8.081998114985863,220,5.183788878416588,18.85,,4,2021,unknown,Mobile/Embedded,unknown,1,1
Intel 2.80GHz,46.47,341,7.338067570475576,456,9.812782440284055,14.22,,2,2019,unknown,Unknown,unknown,1,1
AMD Athlon 64 4000+,99.95,340,3.4017008504252124,565,5.652826413206603,62.0,5.49,1,2008,AM2,Unknown,AM2,0,0
AMD Athlon 64 3200+,149.95,340,2.2674224741580526,568,3.7879293097699236,62.0,5.48,1,2008,AM2,Unknown,AM2,0,0
AMD Athlon TF-36,43.18,338,7.827698008337193,349,8.082445576655859,25.0,13.53,1,2010,unknown,Unknown,unknown,0,1
AMD Sempron M100,12.0,338,28.166666666666668,587,48.916666666666664,45.82,,1,2009,unknown,Unknown,unknown,1,0
AMD V160,39.55,337,8.52085967130215,838,21.188369152970925,25.0,13.5,1,2011,S1,Laptop,S1,0,1
Qualcomm MSM8928,41.74,337,8.073790129372304,206,4.935313847628175,18.85,,4,2021,unknown,Mobile/Embedded,unknown,1,1
AMD Turion 64 Mobile ML-40,32.28,336,10.408921933085502,662,20.50805452292441,35.0,9.61,1,2009,754,Laptop,Other,0,1
Intel Atom N570 @ 1.66GHz,86.0,335,3.895348837209302,282,3.2790697674418605,8.5,39.4,2,2011,BGA559,Laptop,Other,0,0
Intel Celeron N2805 @ 1.46GHz,121.72,335,2.7522182057180413,394,3.236937232993756,4.3,77.9,2,2013,FCBGA1170,Laptop,Other,0,1
Mobile AMD Sempron 3800+,26.6,335,12.593984962406015,735,27.63157894736842,26.11,,1,2009,unknown,Laptop,unknown,1,1
ARM Cortex-A72 4 Core 1750 MHz,50.39,335,6.648144473109744,463,9.188331018059138,14.16,,4,2021,unknown,Unknown,unknown,1,1
AMD Turion 64 Mobile ML-37,25.99,334,12.851096575606004,510,19.62293189688342,35.0,9.55,1,2009,754,Laptop,Other,0,0
AMD Turion 64 Mobile MK-36,26.22,334,12.738367658276125,735,28.03203661327231,31.0,10.77,1,2009,S1,Laptop,S1,0,1
ARM Cortex-A35 4 Core 1296 MHz,51.94,334,6.4304967269926845,166,3.195995379283789,15.36,,4,2022,unknown,Unknown,unknown,1,1
AMD Athlon 2850e,41.08,333,8.106134371957157,337,8.20350535540409,22.0,15.12,1,2009,AM2,Desktop,AM2,0,1
Mobile AMD Athlon 64 3400+,70.36,333,4.732802728823195,432,6.139852188743604,81.5,4.08,1,2009,unknown,Laptop,unknown,0,1
MediaTek MT8167B,43.01,332,7.719135084863986,242,5.626598465473146,18.85,,4,2021,unknown,Mobile/Embedded,unknown,1,1
Qualcomm MSM8228,43.01,332,7.719135084863986,214,4.975587072773774,18.85,,4,2021,unknown,Mobile/Embedded,unknown,1,1
Intel Core Duo T2300 @ 1.66GHz,25.04,330,13.178913738019169,519,20.726837060702877,31.0,10.65,2,2009,BGA479,Laptop,Other,0,1
Intel Pentium T2060 @ 1.60GHz,88.93,330,3.710783762509839,490,5.509951647363094,31.0,10.65,2,2008,PGA478,Laptop,PGA478,0,1
MT8765WB,42.98,328,7.631456491391345,207,4.816193578408562,18.85,,4,2021,unknown,Mobile/Embedded,unknown,1,1
Intel Pentium 4 3.20GHz,68.17,326,4.782162241455185,561,8.229426433915211,82.0,3.97,1,2008,PGA478,Desktop,PGA478,0,1
Mobile AMD Athlon 64 3200+,70.99,326,4.592196083955487,400,5.634596422031272,81.5,4.0,1,2009,unknown,Laptop,unknown,0,1
MT6735P,42.98,326,7.5849232201023735,218,5.072126570497907,18.85,,4,2021,unknown,Mobile/Embedded,unknown,1,1
Unisoc SC7731e,42.98,324,7.5383899488134025,224,5.211726384364821,18.85,,4,2021,unknown,Mobile/Embedded,unknown,1,1
Intel Atom N2600 @ 1.60GHz,64.69,323,4.993043747101561,292,4.513835214098006,3.5,92.35,2,2012,BGA559,Laptop,Other,0,1
ARM Cortex-A53 4 Core 1200 MHz,51.82,323,6.233114627556928,237,4.573523736009263,14.27,,4,2021,unknown,Unknown,unknown,1,1
Mobile AMD Sempron 3400+,34.96,321,9.181922196796338,455,13.01487414187643,25.0,12.84,1,2009,Socket S1 (S1g1),Laptop,Other,0,1
Intel Core Duo T2050 @ 1.60GHz,67.66,320,4.729530002955957,493,7.28643216080402,31.0,10.32,2,2008,PGA478,Desktop,PGA478,0,1
Rockchip RK3328,43.28,319,7.370609981515711,204,4.7134935304990755,18.85,,4,2021,unknown,Mobile/Embedded,unknown,1,1
AMD Opteron 144,29.95,316,10.550918196994992,376,12.554257095158597,67.0,4.72,1,2008,939,Server,Other,0,0
Intel Core2 Duo U7600 @ 1.20GHz,71.45,316,4.422673198040588,427,5.976207137858642,10.0,31.6,2,2009,BGA479,Laptop,Other,0,1
AMD Turion 64 Mobile MT-37,35.09,315,8.976916500427471,379,10.80079794813337,25.0,12.6,1,2009,754,Laptop,Other,0,1
AMD Sempron 3300+,20.0,315,15.75,394,19.7,62.0,5.08,1,2008,754,Desktop,Other,0,0
AMD Sempron LE-1100,34.95,315,9.012875536480687,509,14.563662374821172,45.0,7.01,1,2009,AM2,Desktop,AM2,0,0
Intel Pentium 4 3.60GHz,124.74,315,2.5252525252525255,447,3.5834535834535837,115.0,2.74,1,2008,unknown,Desktop,unknown,0,1
VIA Eden X2 U4200 @ 1.0+ GHz,48.6,315,6.481481481481481,281,5.7818930041152266,11.4,,2,2013,unknown,Unknown,unknown,1,1
Intel Celeron D 420 @ 1.60GHz,40.49,313,7.730303778710792,388,9.582612990861941,35.0,8.95,1,2011,LGA775,Desktop,LGA775,0,1
Intel Pentium 4 3.00GHz,64.65,313,4.841453982985305,549,8.491879350348027,81.9,3.82,1,2008,PGA478,Desktop,PGA478,0,1
Mobile AMD Athlon 64 4000+,38.0,313,8.236842105263158,338,8.894736842105264,62.0,5.04,1,2009,unknown,Laptop,unknown,0,1
Intel Pentium 4 3.80GHz,53.21,313,5.88235294117647,596,11.200902086074047,65.0,4.81,1,2008,unknown,Desktop,unknown,0,1
Samsung GrandPrimePlus LTE CIS rev04 board based o,42.69,312,7.3085031623331,213,4.989458889669712,18.85,,4,2021,unknown,Mobile/Embedded,unknown,1,1
MT6739WM,42.57,310,7.282123561193329,223,5.238430819826169,18.83,,4,2021,unknown,Mobile/Embedded,unknown,1,1
AMD C-60 APU,50.84,309,6.07789142407553,359,7.061369000786781,9.0,34.36,2,2011,unknown,Unknown,unknown,0,1
MT6735M,44.5,308,6.921348314606742,190,4.269662921348314,18.83,,4,2021,unknown,Mobile/Embedded,unknown,1,1
AMD Z-01,52.32,308,5.886850152905199,290,5.542813455657492,10.71,,2,2011,unknown,Unknown,unknown,1,1
Intel Celeron M 530 @ 1.73GHz,33.85,307,9.069423929098965,553,16.336779911373707,30.0,10.25,1,2009,"PBGA479, PPGA478",Laptop,Other,0,1
Intel Atom E3826 @ 1.46GHz,89.5,304,3.3966480446927374,395,4.41340782122905,7.0,43.45,2,2016,FCBGA1170,Laptop,Other,0,1
AMD Athlon 64 3000+,20.0,303,15.15,506,25.3,89.0,3.4,1,2008,Socket 754,Desktop,Other,0,0
AMD Athlon II Neo K125,110.71,302,2.7278475295817906,613,5.5369885285882035,12.0,25.15,1,2010,S1,Laptop,S1,0,1
Mobile AMD Sempron 3600+,23.81,302,12.6837463250735,724,30.40739185216296,25.0,12.08,1,2009,S1,Laptop,S1,0,1
AMD Sempron LE-1250,99.99,301,3.0103010301030104,508,5.080508050805081,45.0,6.68,1,2009,AM2,Desktop,AM2,0,0
Intel Celeron 550 @ 2.00GHz,54.95,301,5.477707006369426,613,11.155595996360328,31.0,9.7,1,2009,BGA479,Laptop,Other,0,0
AMD C-70 APU,49.38,300,6.075334143377885,354,7.168894289185904,9.0,33.29,2,2012,unknown,Unknown,unknown,0,1
Qualcomm MSM8926,46.69,300,6.42535874919683,190,4.069393874491326,18.83,,4,2021,unknown,Mobile/Embedded,unknown,1,1
AMD Sempron 3100+,65.0,298,4.584615384615384,383,5.892307692307693,62.0,4.8,1,2009,754,Desktop,Other,0,0
Intel Atom Z2760 @ 1.80GHz,74.38,298,4.006453347674106,206,2.769561710137134,13.05,,2,2012,FC-MB4760,Laptop,Other,1,1
AMD Athlon II Neo K145,122.79,298,2.4269077286423975,592,4.821239514618454,12.0,24.81,1,2011,S1,Laptop,S1,0,1
AMD Athlon 64 2800+,99.99,295,2.9502950295029504,375,3.750375037503751,89.0,3.32,1,2009,754,Unknown,Other,0,0
Intel Pentium 4 3.46GHz,112.52,295,2.621756132243157,512,4.550302168503378,110.7,2.67,1,2009,unknown,Desktop,unknown,0,1
Mobile AMD Sempron 3300+,41.62,294,7.063911580970688,391,9.394521864488228,52.41,,1,2009,unknown,Laptop,unknown,1,1
MediaTek MT8735B,47.27,294,6.219589591707213,181,3.829067061561244,18.83,,4,2021,unknown,Mobile/Embedded,unknown,1,1
Qualcomm MSM8626,47.27,294,6.219589591707213,185,3.9136873281150835,18.83,,4,2021,unknown,Mobile/Embedded,unknown,1,1
UNIVERSAL3475,47.27,294,6.219589591707213,192,4.061772794584303,18.83,,4,2021,unknown,Mobile/Embedded,unknown,1,1
Intel Celeron 430 @ 1.80GHz,49.99,293,5.861172234446889,630,12.60252050410082,35.0,8.37,1,2009,LGA775,Desktop,LGA775,0,0
Intel Pentium 4 3.40GHz,65.55,293,4.469870327993898,667,10.175438596491228,89.0,3.29,1,2008,PGA478,Desktop,PGA478,0,1
AMD Athlon 64 3800+,131.01,292,2.228837493321121,461,3.51881535760629,45.0,6.5,1,2009,AM2,Unknown,AM2,0,0
AMD Sempron 3400+,86.68,292,3.368712505768343,346,3.991693585602215,62.0,4.71,1,2008,AM2,Desktop,AM2,0,0
AMD G-T40N,83.31,292,3.504981394790541,321,3.8530788620813827,9.0,32.5,2,2011,FT1,Laptop,Other,0,1
Intel Pentium M 2.10GHz,50.57,292,5.774174411706546,353,6.980423175795926,21.0,13.89,1,2009,"H-PBGA479, PPGA4",Laptop,Other,0,1
"Qualcomm Technologies, Inc MSM8216",47.58,292,6.137032366540564,155,3.257671290458176,18.93,,4,2021,unknown,Mobile/Embedded,unknown,1,1
AMD Athlon 2800+,109.95,291,2.6466575716234653,439,3.992723965438836,89.0,3.27,1,2009,754,Unknown,Other,0,0
Qualcomm APQ8026,47.58,291,6.116015132408576,180,3.7831021437578816,18.83,,4,2021,unknown,Mobile/Embedded,unknown,1,1
AMD C-60,50.53,290,5.739164852562834,354,7.005739164852563,9.0,32.21,2,2011,unknown,Unknown,unknown,0,1
Mobile AMD Sempron 3500+,31.97,290,9.071004066312168,654,20.45667813575227,38.9,,1,2009,unknown,Laptop,unknown,1,1
AMD G-T40E,107.31,289,2.6931320473394837,313,2.9167831516168112,6.4,45.12,2,2011,FT1,Laptop,Other,0,1
AMD Sempron 3200+,124.68,288,2.3099133782483157,356,2.855309592556946,62.0,4.65,1,2009,AM2,Desktop,AM2,0,0
AMD Sempron SI-40,12.0,288,24.0,631,52.583333333333336,25.0,11.53,1,2009,S1,Laptop,S1,0,0
AMD Turion 64 Mobile MT-32,36.14,286,7.913669064748201,367,10.154952960708357,24.0,11.92,1,2009,754,Laptop,Other,0,1
"Qualcomm Technologies, Inc APQ8009",43.96,286,6.505914467697907,182,4.140127388535031,18.83,,4,2021,unknown,Mobile/Embedded,unknown,1,1
AMD Turion 64 Mobile ML-32,47.65,285,5.981112277019937,321,6.736621196222456,35.0,8.13,1,2008,754,Laptop,Other,0,1
Intel Celeron 540 @ 1.86GHz,20.95,283,13.50835322195704,496,23.675417661097853,30.0,9.43,1,2009,PGA478,Laptop,PGA478,0,0
Intel Celeron D 352 @ 3.20GHz,70.69,283,4.00339510538973,674,9.534587636157873,86.0,3.29,1,2009,PLGA775,Desktop,Other,0,1
AMD Athlon Neo MV-40,52.25,282,5.3971291866028706,442,8.45933014354067,15.0,18.79,1,2009,unknown,Unknown,unknown,0,1
AMD Athlon XP 3100+,45.55,282,6.19099890230516,431,9.46212952799122,19.62,,1,2009,unknown,Unknown,unknown,1,1
AMD Athlon XP 3200+,71.71,281,3.9185608701715244,430,5.996374285315856,62.0,4.53,1,2008,AM2,Unknown,AM2,0,1
Intel Pentium M 1.80GHz,46.96,280,5.9625212947189095,389,8.283645655877342,21.0,13.36,1,2008,"H-PBGA479, PPGA4",Laptop,Other,0,1
AMD Turion 64 Mobile MT-34,36.64,279,7.614628820960698,328,8.951965065502183,24.0,11.62,1,2009,754,Laptop,Other,0,1
VIA Nano L2100@1800MHz,37.74,279,7.39268680445151,182,4.822469528351881,25.0,11.15,1,2011,BGA400,Laptop,Other,0,1
AMD Turion 64 Mobile ML-30,40.43,277,6.851348008904279,314,7.766510017313876,35.0,7.9,1,2009,754,Laptop,Other,0,1
AMD Turion 64 Mobile ML-34,41.27,277,6.711897261933608,329,7.971892415798401,35.0,7.9,1,2009,754,Laptop,Other,0,1
Mobile AMD Sempron 3100+,37.9,277,7.308707124010555,359,9.472295514511874,32.89,,1,2009,unknown,Laptop,unknown,1,1
Rockchip RK3326,42.78,277,6.474988312295465,207,4.838709677419355,18.83,,4,2021,unknown,Mobile/Embedded,unknown,1,1
Spreadtrum SC7731e,53.79,277,5.149656069901469,183,3.4021193530395983,14.4,,4,2021,unknown,Unknown,unknown,1,1
AMD Athlon XP 2900+,43.87,276,6.2913152496010945,410,9.345794392523365,19.68,,1,2009,unknown,Unknown,unknown,1,1
Intel Atom D2500 @ 1.86GHz,106.46,275,2.5831298140146535,346,3.2500469659966185,10.0,27.46,2,2012,BGA559,Desktop,Other,0,1
AMD Athlon 2650e,19.0,274,14.421052631578947,304,16.0,15.0,18.28,1,2009,AM2,Desktop,AM2,0,0
AMD Athlon TF-20,57.36,272,4.741980474198048,420,7.322175732217573,15.0,18.1,1,2009,unknown,Unknown,unknown,0,1
Intel Pentium M 2.13GHz,30.11,271,9.00033211557622,354,11.756891398206577,27.0,10.02,1,2009,"H-PBGA479, PPGA4",Laptop,Other,0,1
VIA Nano U2250 (1.6GHz Capable),149.89,270,1.8013209687103877,259,1.727933818133298,8.0,33.79,1,2011,BGA400,Laptop,Other,0,1
Intel Pentium M 2.00GHz,48.43,270,5.575056782985753,363,7.495354119347512,21.0,12.87,1,2009,"H-PBGA479, PPGA4",Laptop,Other,0,1
ARM Cortex-A7 4 Core 1200 MHz,53.79,270,5.01952035694367,208,3.8668897564603086,14.4,,4,2021,unknown,Unknown,unknown,1,1
Mobile AMD Sempron 3000+,41.41,269,6.496015455204057,350,8.452064718666989,20.28,,1,2008,unknown,Laptop,unknown,1,1
AMD Sempron 3000+,34.95,268,7.668097281831187,333,9.527896995708154,62.0,4.32,1,2008,AM2,Desktop,AM2,0,0
Intel Celeron 743 @ 1.30GHz,174.79,268,1.5332684936209167,529,3.02648892957263,10.0,26.78,1,2009,BGA956,Laptop,Other,0,1
Intel Celeron 530 @ 1.73GHz,13.0,268,20.615384615384617,468,36.0,27.0,9.93,1,2009,PGA478,Laptop,PGA478,0,0
Intel Celeron M 723 @ 1.20GHz,163.77,267,1.6303352262319104,507,3.095805092507785,10.0,26.71,1,2009,BGA956,Laptop,Other,0,1
AMD Sempron 210U,55.87,267,4.778951136567031,299,5.351709325219259,15.0,17.83,1,2009,unknown,Unknown,unknown,0,1
"Qualcomm Technologies, Inc MSM8909",40.9,267,6.528117359413203,172,4.205378973105135,18.83,,4,2021,unknown,Mobile/Embedded,unknown,1,1
Intel Celeron 3.20GHz,46.75,267,5.711229946524064,599,12.81283422459893,32.22,,1,2009,unknown,Unknown,unknown,1,1
Intel Atom N550 @ 1.50GHz,86.0,265,3.0813953488372094,243,2.8255813953488373,8.5,31.16,2,2010,BGA559,Laptop,Other,0,0
Qualcomm MSM8226,40.9,265,6.479217603911981,176,4.30317848410758,18.83,,4,2021,unknown,Mobile/Embedded,unknown,1,1
Intel Celeron 3.33GHz,44.98,263,5.847043130280125,528,11.738550466874168,20.96,,1,2009,unknown,Unknown,unknown,1,1
VIA Eden C1050@1.06GHz,70.78,263,3.7157389092964115,283,3.998304605820853,10.15,,1,2017,unknown,Unknown,unknown,1,1
AMD Z-60 APU,120.7,262,2.1706710853355426,318,2.634631317315659,4.5,58.26,2,2013,FT1,Laptop,Other,0,1
AMD Athlon XP 3000+,79.7,262,3.28732747804266,396,4.968632371392722,62.0,4.22,1,2009,Socket A,Desktop,Other,0,0
AMD Sempron SI-42,29.99,261,8.702900966988997,650,21.673891297099033,25.0,10.44,1,2009,S1,Laptop,S1,0,0
AMD Athlon XP 2800+,104.19,260,2.4954410212112488,408,3.915922833285344,89.0,2.93,1,2009,754,Unknown,Other,0,1
AMD C-50,98.68,260,2.63477908390758,315,3.1921361978111062,9.0,28.93,2,2011,FT1,Laptop,Other,0,1
Intel Xeon 2.80GHz,216.67,260,1.199981538745558,384,1.7722804264549776,103.0,2.52,1,2008,PPGA604,Server,Other,0,1
Mobile AMD Sempron 2600+,35.11,256,7.29136998006266,316,9.000284819139846,21.77,,1,2009,unknown,Laptop,unknown,1,1
AMD Athlon XP 2700+,84.79,256,3.0192239650902226,398,4.693949758226205,22.03,,1,2008,unknown,Unknown,unknown,1,0
Intel Core Duo U2400 @ 1.06GHz,88.12,255,2.893781207444394,342,3.881071266454834,9.0,28.28,2,2009,BGA479,Laptop,Other,0,1
AMD Turion 64 Mobile ML-28,36.33,254,6.991467107074044,314,8.642994770162401,25.0,10.16,1,2009,754,Laptop,Other,0,1
VIA Nano L2007@1600MHz,41.15,254,6.172539489671932,242,5.880923450789794,25.0,10.15,1,2012,BGA400,Laptop,Other,0,1
Intel Core Solo T1400 @ 1.83GHz,25.45,253,9.94106090373281,525,20.6286836935167,27.0,9.37,1,2009,PGA478,Laptop,PGA478,0,1
AMD Sempron 2600+,34.95,253,7.238912732474963,325,9.298998569384835,54.95,,1,2008,Socket A,Desktop,Other,1,0
Intel Core2 Solo U3500 @ 1.40GHz,171.35,252,1.4706740589436826,546,3.1864604610446454,5.5,45.8,1,2009,BGA956,Laptop,Other,0,1
Intel Celeron M 1.70GHz,32.71,252,7.704066034851727,370,11.311525527361663,21.94,,1,2009,unknown,Laptop,unknown,1,1
msm8960dt,54.32,252,4.639175257731959,279,5.136229749631812,15.51,,2,2021,unknown,Mobile/Embedded,unknown,1,1
AMD Sempron LE-1150,14.94,251,16.80053547523427,477,31.927710843373497,45.0,5.59,1,2009,AM2,Desktop,AM2,0,0
Intel Celeron D 356 @ 3.33GHz,71.95,251,3.488533703961084,619,8.603196664350243,86.0,2.92,1,2009,PLGA775,Desktop,Other,0,1
Intel Pentium 4 3.06GHz,62.13,249,4.007725736359246,551,8.868501529051988,81.8,3.04,1,2009,PGA478,Desktop,PGA478,0,1
AMD GX-210JA SOC,126.14,248,1.9660694466465831,231,1.8312985571587126,6.0,41.28,2,2015,FT3 (769-BGA),Laptop,Other,0,1
AMD Sempron M120,31.15,247,7.929373996789727,559,17.9454253611557,25.0,9.86,1,2010,S1,Laptop,S1,0,1
SAMSUNG SERRANO,65.54,247,3.7686908758010373,327,4.989319499542264,15.43,,2,2021,unknown,Mobile/Embedded,unknown,1,1
AMD Turion 64 Mobile MT-30,39.24,246,6.269113149847095,294,7.492354740061161,25.0,9.85,1,2009,754,Laptop,Other,0,1
Mobile AMD Sempron 3200+,131.72,245,1.8600060734892196,525,3.985727300334042,18.03,,1,2008,unknown,Laptop,unknown,1,1
ARM Cortex-A7 4 Core 900 MHz,66.62,244,3.662563794656259,171,2.566796757730411,14.4,,4,2021,unknown,Unknown,unknown,1,1
AMD Sempron 2800+,29.95,243,8.113522537562604,408,13.622704507512521,62.0,3.92,1,2008,AM2,Desktop,AM2,0,0
AMD Athlon 64 2600+,163.41,243,1.487057095648981,292,1.7869163453888992,15.0,16.22,1,2013,unknown,Unknown,unknown,0,1
AMD Athlon XP2400+,64.99,243,3.7390367748884445,390,6.000923218956763,20.61,,1,2009,unknown,Unknown,unknown,1,1
AMD Athlon XP 2600+,23.03,242,10.508033000434216,380,16.50021710811984,21.26,,1,2008,unknown,Unknown,unknown,1,0
Intel Celeron 807UE @ 1.00GHz,278.83,241,0.8643259333644157,421,1.50988057239178,10.0,24.06,1,2013,BGA-1023,Laptop,Other,0,1
Mobile AMD Athlon 2500+,172.1,241,1.400348634514817,365,2.1208599651365487,15.34,,1,2009,unknown,Laptop,unknown,1,1
Mobile AMD Athlon XP-M 2600+,50.16,241,4.804625199362042,375,7.476076555023924,18.75,,1,2009,unknown,Laptop,unknown,1,1
Intel Pentium M 1.50GHz,43.8,240,5.479452054794521,323,7.3744292237442925,24.5,9.8,1,2009,"H-PBGA479, PPG",Laptop,Other,0,1
Intel Pentium M 1.70GHz,46.97,239,5.088354268682138,318,6.770278901426442,24.5,9.77,1,2008,"H-PBGA479, PPG",Laptop,Other,0,1
Intel Pentium SU2700 @ 1.30GHz,182.9,239,1.3067249863313286,432,2.361946418808092,10.0,23.87,1,2009,unknown,Laptop,unknown,0,1
Intel Pentium M 1.86GHz,31.99,238,7.439824945295405,460,14.379493591747421,27.0,8.82,1,2009,"H-PBGA479, PPGA4",Laptop,Other,0,1
Mobile AMD Athlon XP-M 2800+,49.39,238,4.818789228588783,385,7.795100222717149,19.9,,1,2009,unknown,Laptop,unknown,1,1
Mobile AMD Athlon XP-M 3000+,172.1,238,1.3829169087739688,365,2.1208599651365487,15.94,,1,2009,unknown,Laptop,unknown,1,1
Intel Pentium M 1700MHz,45.86,237,5.167902311382468,361,7.871783689489751,24.5,9.69,1,2009,"H-PBGA479, PPGA4",Laptop,Other,0,1
Mobile AMD Athlon XP-M 2200+,172.1,237,1.3771063335270193,363,2.1092388146426497,15.94,,1,2009,unknown,Laptop,unknown,1,1
Mobile AMD Sempron 2800+,175.42,237,1.3510432105803216,299,1.704480674951545,15.75,,1,2009,unknown,Laptop,unknown,1,1
Intel Pentium 4 2.80GHz,55.64,236,4.24155283968368,506,9.094176851186196,69.7,3.39,1,2008,PGA478,Desktop,PGA478,0,1
Intel Celeron 420 @ 1.60GHz,49.95,235,4.704704704704705,471,9.42942942942943,35.0,6.72,1,2009,LGA775,Desktop,LGA775,0,0
Rockchip RK3229,50.62,234,4.622678783089688,141,2.7854602923745557,18.93,,4,2021,unknown,Mobile/Embedded,unknown,1,1
AMD Athlon XP 2400+,79.99,234,2.925365670708839,375,4.688086010751344,19.64,,1,2009,unknown,Unknown,unknown,1,0
Intel Celeron 3.06GHz,54.21,234,4.316546762589928,514,9.481645452868474,21.37,,1,2009,unknown,Unknown,unknown,1,1
Intel Core2 Solo U2100 @ 1.06GHz,160.92,233,1.4479244345016158,258,1.603281133482476,5.5,42.43,1,2009,unknown,Laptop,unknown,0,1
Mobile AMD Athlon 4 2400+,192.21,233,1.2122158056292596,358,1.8625461734561157,13.33,,1,2010,unknown,Laptop,unknown,1,1
AMD Sempron 3500+,24.99,232,9.283713485394157,264,10.56422569027611,62.0,3.74,1,2009,AM2,Desktop,AM2,0,0
Mobile Intel Pentium 4 3.20GHz,67.94,232,3.4147777450691787,468,6.888430968501619,82.0,2.83,1,2009,PGA478,Desktop,PGA478,0,1
Intel Celeron D 347 @ 3.06GHz,65.89,232,3.5210198816208833,565,8.574897556533617,86.0,2.7,1,2008,PLGA775,Desktop,Other,0,1
AMD Athlon XP 2500+,73.61,231,3.1381605760086946,353,4.795544083684282,20.64,,1,2008,unknown,Unknown,unknown,1,1
Intel Celeron M 450 @ 2.00GHz,41.18,230,5.5852355512384655,598,14.52161243322001,27.0,8.51,1,2009,PPGA478,Laptop,Other,0,1
Intel Celeron 2.93GHz,65.31,230,3.5216659010871227,396,6.063389986219568,20.39,,1,2009,unknown,Unknown,unknown,1,1
Intel Pentium M 1.60GHz,46.97,229,4.875452416436023,307,6.536086863955717,24.5,9.36,1,2008,"H-PBGA479, PPG",Laptop,Other,0,1
Intel Pentium M 2.26GHz,32.94,227,6.891317547055253,508,15.421979356405586,27.0,8.41,1,2009,"H-PBGA479, PPGA4",Laptop,Other,0,1
Mobile AMD Athlon XP-M 2500+,175.95,226,1.2844558113100313,355,2.0176186416595625,15.44,,1,2009,unknown,Laptop,unknown,1,1
Intel Pentium M 1.40GHz,58.17,225,3.867973182052604,264,4.5384218669417224,22.0,10.21,1,2008,"H-PBGA479, PPG",Laptop,Other,0,1
Mobile AMD Athlon XP-M 2400+,182.19,225,1.234974477194138,355,1.94851528623964,15.29,,1,2009,unknown,Laptop,unknown,1,1
Intel Atom N470 @ 1.83GHz,312.17,224,0.717557740974469,308,0.9866418938398949,6.5,34.4,1,2010,BGA559,Laptop,Other,0,1
Intel Atom D425 @ 1.80GHz,992.98,222,0.22356945759229793,320,0.32226228121412315,10.0,22.2,1,2011,BGA559,Desktop,Other,0,0
Intel Celeron M 360 1.40GHz,75.96,221,2.9094260136914167,305,4.015271195365982,21.0,10.53,1,2008,"H-PBGA479, PPGA4",Laptop,Other,0,1
Intel Core Duo U2500 @ 1.20GHz,245.98,220,0.8943816570452883,362,1.471664362956338,9.0,24.48,2,2009,BGA479,Laptop,Other,0,1
Mobile Intel Pentium 4 3.06GHz,66.52,220,3.3072760072158753,423,6.358989777510524,81.8,2.68,1,2009,PGA478,Desktop,PGA478,0,1
Intel Celeron M 1500MHz,238.95,217,0.9081397781962754,297,1.2429378531073447,15.47,,1,2009,unknown,Laptop,unknown,1,1
Intel Celeron M 1.50GHz,75.24,216,2.870813397129187,280,3.721424774056353,21.0,10.27,1,2009,"PPGA478, H-PBGA4",Laptop,Other,0,1
Intel Pentium 4 2.60GHz,55.74,215,3.857194115536419,494,8.862576246860423,69.0,3.11,1,2008,PGA478,Desktop,PGA478,0,1
Intel Celeron M 520 @ 1.60GHz,40.08,215,5.364271457085828,522,13.023952095808383,30.0,7.16,1,2008,PPGA478,Laptop,Other,0,1
AMD Athlon XP 2200+,84.95,214,2.5191288993525602,335,3.9434961742201295,17.51,,1,2009,unknown,Unknown,unknown,1,0
Intel Celeron 723 @ 1.20GHz,416.5,213,0.5114045618247299,460,1.1044417767106842,10.0,21.31,1,2009,BGA956,Laptop,Other,0,1
Intel Atom 230 @ 1.60GHz,248.57,210,0.8448324415657561,167,0.6718429416261014,4.0,52.61,1,2009,BGA437,Desktop,Other,0,1
Intel Core Solo T1300 @ 1.66GHz,29.74,210,7.061197041022193,518,17.41761936785474,27.0,7.78,1,2009,PGA478,Laptop,PGA478,0,1
AMD Athlon XP 2100+,63.75,210,3.2941176470588234,327,5.129411764705883,17.4,,1,2009,unknown,Unknown,unknown,1,0
Intel Celeron 220 @ 1.20GHz,85.28,209,2.450750469043152,255,2.9901500938086305,19.0,10.97,1,2009,BGA479,Desktop,Other,0,1
Intel Pentium M 1400MHz,61.08,208,3.4053700065487886,282,4.616895874263261,22.0,9.46,1,2009,"H-PBGA479, PPGA4",Laptop,Other,0,1
Intel Celeron 2.53GHz,70.96,208,2.931228861330327,370,5.214205186020293,21.83,,1,2008,unknown,Unknown,unknown,1,1
AMD Sempron 2300+,45.0,207,4.6,314,6.977777777777778,52.99,,1,2009,Socket A,Desktop,Other,1,0
AMD Sempron 2500+,59.95,207,3.452877397831526,405,6.755629691409507,68.99,,1,2009,Socket A,Desktop,Other,1,0
Intel Pentium M 1.73GHz,35.94,205,5.7039510294936004,494,13.74513077351141,27.0,7.58,1,2009,"H-PBGA479, PPGA4",Laptop,Other,0,1
Mobile Intel Pentium 4 2.80GHz,45.59,205,4.496600131607808,397,8.708050010967316,69.7,2.94,1,2009,PGA478,Desktop,PGA478,0,1
AMD Sempron 2400+,12.99,205,15.781370284834487,321,24.711316397228636,58.62,,1,2008,Socket A,Desktop,Other,1,0
Intel Celeron M 1.30GHz,228.1,205,0.8987286277948269,284,1.2450679526523456,16.18,,1,2009,unknown,Laptop,unknown,1,1
AMD Athlon XP 1900+,45.8,203,4.43231441048035,312,6.812227074235809,17.05,,1,2009,unknown,Unknown,unknown,1,0
ARM Cortex-A53 4 Core 1536 MHz,133.98,202,1.5076877145842664,192,1.433049708911778,14.38,,4,2021,unknown,Unknown,unknown,1,1
VIA Nano U2500@1200MHz,312.99,199,0.6358030608006645,184,0.5878782069714688,7.0,28.43,1,2011,BGA400,Laptop,Other,0,1
Intel Pentium M 1.20GHz,74.4,199,2.6747311827956985,262,3.5215053763440856,18.82,,1,2008,unknown,Unknown,unknown,1,1
ARM Cortex-A72 4 Core 1850 MHz,139.08,199,1.4308311763014092,343,2.4662064998561974,15.06,,4,2021,unknown,Unknown,unknown,1,1
Intel Pentium M 1300MHz,60.0,197,3.283333333333333,271,4.516666666666667,22.0,8.98,1,2009,"H-PBGA479, PPGA4",Laptop,Other,0,1
AMD Athlon L110,197.97,197,0.995100267717331,223,1.1264332979744405,13.0,15.17,1,2009,unknown,Unknown,unknown,0,1
Intel Celeron M 1300MHz,219.11,197,0.8990917803842818,274,1.2505134407375291,16.03,,1,2009,unknown,Laptop,unknown,1,1
Intel Pentium M 1.30GHz,58.74,196,3.3367381681988424,250,4.256043581886279,22.0,8.91,1,2009,"H-PBGA479, PPG",Laptop,Other,0,1
Mobile AMD Athlon XP-M 2000+,226.92,196,0.8637405252952582,301,1.3264586638462894,18.15,,1,2009,unknown,Laptop,unknown,1,1
AMD Athlon XP 1800+,50.95,195,3.8272816486751715,301,5.907752698724239,66.0,2.96,1,2009,Socket A,Desktop,Other,0,0
AMD Athlon XP 2000+,58.99,195,3.3056450245804374,311,5.27208001356162,70.0,2.79,1,2009,Socket A,Desktop,Other,0,0
Intel Pentium III 1400S @ 1400MHz,45.04,194,4.307282415630551,278,6.172291296625223,32.2,6.04,1,2009,Socket 370,Desktop,Other,0,1
Intel Core Solo T1350 @ 1.86GHz,29.9,194,6.488294314381271,413,13.812709030100335,31.0,6.26,1,2009,unknown,Laptop,unknown,0,1
Intel Pentium M 1600MHz,46.7,193,4.132762312633833,313,6.702355460385439,24.5,7.86,1,2009,"H-PBGA479, PPGA4",Laptop,Other,0,1
Intel Pentium III 1400 @ 1400MHz,46.0,193,4.195652173913044,272,5.913043478260869,31.2,6.19,1,2009,Socket 370,Desktop,Other,0,1
Mobile AMD Athlon XP-M 1800+,39.06,193,4.941116231438812,291,7.450076804915514,45.0,4.3,1,2009,Socket A,Laptop,Other,0,1
Mobile AMD Athlon MP-M 2400+,284.5,192,0.6748681898066784,314,1.1036906854130053,8.72,,1,2012,unknown,Laptop,unknown,1,1
AMD Athlon 1500+,212.31,191,0.8996279025952616,275,1.295275775987942,18.38,,1,2009,unknown,Unknown,unknown,1,1
Intel Celeron 2.80GHz,42.98,190,4.420660772452304,425,9.88832014890647,68.4,2.78,1,2008,PPGA478,Desktop,Other,0,1
Intel Celeron M 1.60GHz,34.5,190,5.507246376811594,433,12.55072463768116,23.01,,1,2009,unknown,Laptop,unknown,1,1
Intel Atom N2100 @ 1.60GHz,368.49,188,0.5101902358272952,310,0.8412711335450079,6.6,,1,2012,BGA559,Laptop,Other,1,1
Intel Pentium M 1500MHz,45.2,188,4.15929203539823,251,5.553097345132743,24.5,7.65,1,2009,"H-PBGA479, PPGA4",Laptop,Other,0,1
VIA Nano U3500@1000MHz,337.82,184,0.5446687585104494,286,0.8466047007281985,5.0,36.79,1,2011,BGA400,Laptop,Other,0,1
AMD V105,402.72,184,0.45689312673818033,452,1.122367898291617,9.0,20.43,1,2010,BGA812,Laptop,Other,0,1
AMD Sempron 2200+,39.95,184,4.605757196495619,279,6.983729662077597,47.64,,1,2009,Socket A,Desktop,Other,1,0
Intel Pentium M 1.10GHz,190.12,184,0.9678098043341048,218,1.1466442247001893,17.52,,1,2009,unknown,Unknown,unknown,1,1
Intel Atom Z530 @ 1.60GHz,205.63,183,0.8899479647911297,161,0.7829596848708846,2.0,91.43,1,2009,BGA441,Laptop,Other,0,1
Mobile Intel Celeron 1333MHz,218.37,183,0.8380272015386728,248,1.1356871365114256,7.24,,1,2010,unknown,Laptop,unknown,1,1
AMD Athlon XP1600+,69.19,183,2.644890880184998,272,3.9312039312039313,20.67,,1,2009,unknown,Unknown,unknown,1,1
AMD E-240,423.62,182,0.4296303290685048,385,0.9088333884141447,18.0,10.11,1,2011,FT1,Laptop,Other,0,1
Mobile Intel Pentium 4 2.66GHz,39.57,182,4.599444023249937,425,10.740459944402325,66.1,2.75,1,2009,PGA478,Desktop,PGA478,0,1
Intel Celeron 2.26GHz,71.14,182,2.5583356761315716,382,5.369693561990442,19.27,,1,2009,unknown,Unknown,unknown,1,1
Intel Xeon 2.40GHz,9.1,180,19.78021978021978,387,42.527472527472526,66.57,,1,2009,unknown,Server,unknown,1,0
VIA Nano U2250@1300+MHz,369.95,179,0.4838491688065955,156,0.42167860521692124,10.0,17.87,1,2011,BGA400,Laptop,Other,0,1
Intel Atom N455 @ 1.66GHz,337.99,179,0.5296014674990385,257,0.7603775259623066,6.5,27.47,1,2010,BGA559,Laptop,Other,0,1
Intel Atom N475 @ 1.83GHz,336.48,179,0.5319781264859724,281,0.8351165002377555,6.5,27.61,1,2010,BGA559,Laptop,Other,0,1
AMD C-30,433.45,178,0.4106586688199331,375,0.8651516899296343,9.0,19.83,1,2011,FT1,Laptop,Other,0,1
Intel Atom N450 @ 1.66GHz,334.15,177,0.5297022295376328,270,0.8080203501421518,5.5,32.16,1,2010,BGA559,Laptop,Other,0,1
Intel Atom D410 @ 1.66GHz,635.99,177,0.27830626267708614,254,0.3993773487004513,10.0,17.7,1,2010,BGA559,Desktop,Other,0,0
AMD G-T52R,423.62,177,0.4178272980501393,381,0.8993909635994524,18.0,9.86,1,2011,FT1,Laptop,Other,0,1
AMD Athlon XP 1700+,51.25,176,3.4341463414634146,272,5.307317073170732,64.0,2.75,1,2009,Socket A (462),Desktop,Other,0,0
Intel Atom N270 @ 1.60GHz,205.63,175,0.8510431357292224,164,0.7975489957690999,2.5,70.05,1,2009,BGA437,Laptop,Other,0,1
Intel Atom N280 @ 1.66GHz,205.63,175,0.8510431357292224,226,1.0990614209988816,2.5,69.92,1,2009,BGA437,Laptop,Other,0,1
Intel Celeron 215 @ 1.33GHz,32.92,174,5.28554070473876,440,13.365735115431349,27.0,6.43,1,2009,BGA479,Laptop,Other,0,1
AMD Athlon XP 1600+,67.27,174,2.586591348297904,265,3.9393488925226703,20.47,,1,2009,unknown,Unknown,unknown,1,1
Mobile AMD Athlon MP-M 1800+,41.41,173,4.177734846655397,262,6.3269741608307175,35.0,4.93,1,2014,unknown,Laptop,unknown,0,1
Intel Celeron M 440 @ 1.86GHz,38.79,169,4.356792987883475,485,12.503222480020623,27.0,6.28,1,2008,"PBGA479, PPGA478",Laptop,Other,0,1
Intel Celeron M 430 @ 1.73GHz,32.55,169,5.192012288786483,466,14.316436251920123,27.0,6.26,1,2009,PPGA478,Laptop,Other,0,1
Mobile AMD Athlon XP-M 1600+,218.62,169,0.7730308297502516,274,1.2533162565181593,7.84,,1,2009,unknown,Laptop,unknown,1,1
AMD Athlon XP 1500+,67.24,167,2.4836406900654375,251,3.732897085068412,18.71,,1,2009,unknown,Unknown,unknown,1,1
Intel Celeron 2.13GHz,72.92,166,2.276467361492046,361,4.950630828304992,20.44,,1,2009,unknown,Unknown,unknown,1,1
VIA Nano L2207@1600MHz,234.59,165,0.703354789206701,191,0.8141864529604842,17.0,9.68,1,2014,BGA400,Laptop,Other,0,1
Mobile AMD Sempron 2100+,259.13,164,0.6328869679311543,203,0.7833905761586848,8.0,20.49,1,2011,S1,"Laptop, Mobile/Embedded",S1,0,1
Intel Core Solo U1500 @ 1.33GHz,194.62,164,0.842667762819854,375,1.92683177474052,5.5,29.77,1,2009,unknown,Laptop,unknown,0,1
Intel Pentium III Mobile 1133MHz,180.05,164,0.9108580949736184,218,1.210774784782005,6.52,,1,2009,unknown,Laptop,unknown,1,1
Intel XEON 2.20GHz,50.54,164,3.2449544914918875,351,6.944994064107638,55.13,,1,2009,unknown,Server,unknown,1,1
Intel Celeron 2.50GHz,69.94,164,2.344867028881899,431,6.1624249356591365,19.88,,1,2009,unknown,Unknown,unknown,1,1
Intel Pentium 4 2.53GHz,37.57,162,4.311951024753793,442,11.76470588235294,61.5,2.64,1,2009,PGA478,Desktop,PGA478,0,1
Intel Pentium 4 2.50GHz,40.3,160,3.970223325062035,385,9.553349875930522,61.0,2.62,1,2009,PGA478,Desktop,PGA478,0,1
Intel Pentium III Mobile 1066MHz,176.57,160,0.9061561986747466,210,1.1893300107606048,6.82,,1,2009,unknown,Laptop,unknown,1,1
Intel Atom E3815 @ 1.46GHz,135.0,159,1.1777777777777778,238,1.762962962962963,5.0,31.7,1,2014,FCBGA1170,Desktop,Other,0,0
Intel Celeron 1200MHz,187.19,159,0.8494043485228912,212,1.1325391313638549,17.33,,1,2009,unknown,Unknown,unknown,1,1
Intel Celeron 2.70GHz,70.29,159,2.262057191634656,386,5.491535068999857,19.98,,1,2009,unknown,Unknown,unknown,1,1
Intel Atom Z670 @ 1.50GHz,216.07,158,0.7312445040958949,95,0.4396723284120887,3.0,52.81,1,2011,BGA518,Laptop,Other,0,1
Intel Pentium 4 2.20GHz,40.21,157,3.9045013678189506,379,9.425516040785874,57.1,2.76,1,2009,PGA478,Desktop,PGA478,0,1
Intel Pentium 4 2.66GHz,39.84,157,3.940763052208835,431,10.818273092369477,66.1,2.38,1,2009,PGA478,Desktop,PGA478,0,1
Intel Pentium M 1000MHz,176.57,156,0.8835022937078779,222,1.2572917256612108,7.0,22.22,1,2009,unknown,Laptop,unknown,0,1
Intel Pentium III Mobile 1200MHz,176.57,156,0.8835022937078779,216,1.223310868210908,7.25,,1,2009,unknown,Laptop,unknown,1,1
Intel Pentium M 1200MHz,190.97,155,0.8116458082421323,166,0.8692464785044771,12.0,12.88,1,2009,unknown,Laptop,unknown,0,1
AMD Athlon 64 2000+,155.25,154,0.9919484702093397,173,1.1143317230273753,8.0,19.3,1,2013,unknown,Unknown,unknown,0,1
Intel Pentium 4 3.83GHz,178.48,154,0.8628417749887943,237,1.3278798744957419,8.54,,1,2018,unknown,Desktop,unknown,1,1
Mobile Intel Celeron 2.40GHz,220.88,154,0.6972111553784861,376,1.702281781963057,8.06,,1,2009,unknown,Laptop,unknown,1,1
Intel Celeron 2.66GHz,69.95,154,2.2015725518227303,417,5.961401000714796,19.97,,1,2009,unknown,Unknown,unknown,1,1
Intel Atom N435 @ 1.33GHz,202.54,153,0.7554063394884961,220,1.086205194035746,11.51,,1,2011,unknown,Unknown,unknown,1,1
Intel Xeon 2.00GHz,44.7,152,3.4004474272930647,259,5.794183445190156,38.23,,1,2009,unknown,Server,unknown,1,1
Intel Pentium 4 2.26GHz,38.22,151,3.9508110936682366,409,10.701203558346416,58.0,2.6,1,2009,PGA478,Desktop,PGA478,0,1
VIA C7-D 1800MHz,79.88,150,1.8778167250876316,147,1.840260390585879,20.0,7.51,1,2011,BGA400,Desktop,Other,0,1
Intel Pentium 4 2.93GHz,39.09,150,3.837298541826554,269,6.881555385008953,46.95,,1,2009,unknown,Desktop,unknown,1,1
Intel Celeron M 1.00GHz,13.99,149,10.650464617583989,197,14.081486776268763,9.54,,1,2009,unknown,Laptop,unknown,1,0
Intel Celeron 2.30GHz,72.71,148,2.0354834273139875,364,5.0061889698803475,20.49,,1,2009,unknown,Unknown,unknown,1,1
Mobile Intel Celeron 2.20GHz,224.58,147,0.6545551696500134,355,1.5807284709235017,7.62,,1,2009,unknown,Laptop,unknown,1,1
Mobile Intel Pentium III - M 1200MHz,56.5,146,2.584070796460177,185,3.274336283185841,22.0,6.63,1,2009,"BGA2, microPGA2",Laptop,Other,0,1
VIA C7-M 6300MHz,208.77,145,0.6945442352828471,121,0.5795851894429276,14.33,,1,2011,unknown,Unknown,unknown,1,1
Mobile Intel Pentium 4 - M 2.20GHz,207.32,143,0.6897549681651554,388,1.8715029905460159,12.32,,1,2009,unknown,Laptop,unknown,1,1
Intel Celeron 2.40GHz,65.36,143,2.1878824969400243,397,6.0740514075887395,21.98,,1,2008,unknown,Unknown,unknown,1,1
Intel Celeron 2.60GHz,72.92,143,1.96105320899616,353,4.84092155787164,20.95,,1,2009,unknown,Unknown,unknown,1,1
ARM Cortex-A7 2 Core 1080 MHz,115.87,142,1.2255113489255198,200,1.7260723224303098,11.14,,2,2021,unknown,Unknown,unknown,1,1
Intel Pentium M 900MHz,176.57,141,0.7985501500821205,200,1.1326952483434332,7.0,20.19,1,2009,unknown,Laptop,unknown,0,1
Intel Celeron M 420 @ 1.60GHz,34.84,139,3.9896670493685416,391,11.222732491389207,27.0,5.14,1,2009,PPGA478,Laptop,Other,0,1
Mobile Intel Pentium 4 - M 2.40GHz,223.49,139,0.6219517651796501,317,1.4184079824600653,8.12,,1,2009,unknown,Laptop,unknown,1,1
Intel Celeron 1000MHz,187.19,139,0.7425610342432822,174,0.9295368342325979,16.64,,1,2009,unknown,Unknown,unknown,1,1
Intel Celeron 2.20GHz,63.98,139,2.172553923100969,349,5.454829634260706,21.41,,1,2009,unknown,Unknown,unknown,1,1
Mobile Intel Pentium 4 - M 2.00GHz,224.58,138,0.6144803633449105,345,1.536200908362276,7.64,,1,2009,unknown,Laptop,unknown,1,1
Intel Pentium 4 Mobile 1.90GHz,187.59,136,0.7249853403699558,282,1.5032784263553494,7.35,,1,2009,unknown,Laptop,unknown,1,1
VIA Esther 1500MHz,208.77,135,0.6466446328495473,112,0.5364755472529578,15.68,,1,2011,unknown,Unknown,unknown,1,1
Intel Pentium 4 2.00GHz,46.23,133,2.8769197490806837,349,7.54921046939217,54.3,2.45,1,2009,PGA478,Desktop,PGA478,0,1
Mobile Intel Celeron 2.00GHz,198.19,133,0.6710732125737928,290,1.4632423432060144,7.15,,1,2009,unknown,Laptop,unknown,1,1
Intel Pentium 4 Mobile 2.00GHz,223.9,132,0.5895489057615007,310,1.3845466726217062,7.83,,1,2009,unknown,Laptop,unknown,1,1
Intel Pentium 4 2.40GHz,55.63,131,2.354844508358799,360,6.4713284199173104,59.8,2.2,1,2008,PGA478,Desktop,PGA478,0,1
Mobile Intel Pentium III - M 933MHz,70.11,130,1.8542290686064755,177,2.5246041934103554,20.1,6.47,1,2009,"BGA2, microPGA2",Laptop,Other,0,1
AMD G-T44R,429.31,130,0.30281148820199855,328,0.7640166779250425,9.0,14.44,1,2011,FT1,Laptop,Other,0,1
Intel Core Solo U1400 @ 1.20GHz,313.28,130,0.4149642492339122,365,1.165091930541369,5.5,23.68,1,2009,PBGA479,Laptop,Other,0,1
Intel Core Solo U1300 @ 1.06GHz,315.12,127,0.403021071337903,340,1.078954049251079,6.0,21.21,1,2009,PBGA479,Laptop,Other,0,1
Intel Celeron M 443 @ 1.20GHz,308.92,125,0.4046355043376926,288,0.9322802019940437,5.5,22.82,1,2009,PBGA479,Laptop,Other,0,1
Intel Celeron 2.00GHz,51.82,125,2.4121960632960247,338,6.522578155152451,52.8,2.36,1,2009,PPGA478,Desktop,Other,0,1
Intel Celeron M 410 @ 1.46GHz,34.81,123,3.5334673944268884,301,8.646940534329215,27.0,4.55,1,2009,PPGA478,Laptop,Other,0,1
Intel Celeron M 900MHz,185.42,123,0.6633588609642973,155,0.8359400280444397,5.12,,1,2009,unknown,Laptop,unknown,1,1
Intel Atom Z520 @ 1.33GHz,202.46,122,0.6025881655635681,151,0.7458263360663835,2.0,61.23,1,2009,BGA441,Laptop,Other,0,1
Mobile Intel Celeron 1.80GHz,40.35,121,2.9987608426270134,280,6.9392812887236675,66.1,1.83,1,2009,PPGA478,Laptop,Other,0,1
Mobile Intel Pentium 4 - M 1.70GHz,175.0,121,0.6914285714285714,297,1.697142857142857,20.07,,1,2009,unknown,Laptop,unknown,1,0
AMD G-T40R,189.93,120,0.6318117201074079,327,1.7216869372926866,5.5,21.75,1,2018,FT1,Laptop,Other,0,1
Intel Pentium III Mobile 800MHz,180.05,119,0.6609275201332963,155,0.860871980005554,6.65,,1,2009,unknown,Laptop,unknown,1,1
Mobile Intel Pentium 4 - M 1.80GHz,55.9,119,2.1288014311270125,297,5.3130590339892665,20.43,,1,2009,unknown,Laptop,unknown,1,1
Mobile Intel Celeron 1.70GHz,207.29,118,0.5692508080466979,254,1.2253364851174684,17.85,,1,2009,unknown,Laptop,unknown,1,1
VIA C7-M 1600MHz,337.62,116,0.34358154137788044,124,0.36727682009359636,15.0,7.71,1,2011,BGA400,Laptop,Other,0,1
Intel Pentium 4 Mobile 1.60GHz,207.29,116,0.5596024892662453,254,1.2253364851174684,17.85,,1,2009,unknown,Laptop,unknown,1,1
Intel Pentium 4 1.80GHz,55.84,115,2.05945558739255,318,5.69484240687679,68.1,1.68,1,2008,PGA478,Desktop,PGA478,0,1
Intel Pentium 4 1800MHz,48.07,114,2.3715415019762847,317,6.59454961514458,68.1,1.67,1,2009,PGA478,Desktop,PGA478,0,1
Intel Pentium 4 Mobile 1.80GHz,194.74,114,0.5853959124987163,195,1.0013351134846462,15.76,,1,2009,unknown,Laptop,unknown,1,1
Intel Celeron 1100MHz,15.0,113,7.533333333333333,183,12.2,21.33,,1,2009,unknown,Unknown,unknown,1,0
VIA C7-M 1200MHz,208.77,112,0.5364755472529578,93,0.44546630262968817,15.9,,1,2011,unknown,Unknown,unknown,1,1
Intel Celeron B710 @ 1.60GHz,42.11,106,2.5172168131085253,101,2.398480170980765,35.0,3.02,1,2015,rPGA988B,Laptop,Other,0,1
Intel Pentium 4 1.90GHz,54.42,104,1.9110621095185594,292,5.365674384417494,69.2,1.5,1,2009,PGA423,Desktop,Other,0,1
Intel Celeron 1.70GHz,58.47,101,1.7273815631948009,190,3.249529673336754,21.79,,1,2009,unknown,Unknown,unknown,1,1
VIA Nehemiah,208.77,101,0.483785984576328,75,0.35924701824974853,15.89,,1,2011,unknown,Unknown,unknown,1,1
Intel Pentium 4 1700MHz,47.33,100,2.1128248468201987,266,5.620114092541728,64.0,1.57,1,2009,PGA423,Desktop,Other,0,1
Intel Pentium III Mobile 866MHz,180.05,99,0.5498472646487087,132,0.7331296861982782,6.64,,1,2009,unknown,Laptop,unknown,1,1
Intel Celeron 1.80GHz,52.65,96,1.8233618233618234,307,5.830959164292498,66.1,1.45,1,2009,PPGA478,Desktop,Other,0,1
VIA Esther 1000MHz,208.77,95,0.4550462231163481,82,0.3927767399530584,15.88,,1,2011,unknown,Unknown,unknown,1,1
VIA Eden 1200MHz,177.82,93,0.5230007873130131,97,0.5454954448318524,7.0,13.23,1,2017,NanoBGA2,Laptop,Other,0,1
ARM Cortex-A7 2 Core 960 MHz,116.73,93,0.796710357234644,140,1.1993489248693565,12.63,,2,2021,unknown,Unknown,unknown,1,1
Intel Pentium 4 1.50GHz,49.51,86,1.7370228236719856,228,4.605130276711775,57.8,1.48,1,2009,PGA423,Desktop,Other,0,1
Intel Pentium 4 1.70GHz,48.9,86,1.7586912065439673,254,5.194274028629857,64.0,1.35,1,2009,PGA423,Desktop,Other,0,1
Intel Pentium 4 1.60GHz,39.42,84,2.13089802130898,225,5.707762557077626,38.0,2.22,1,2009,PGA478,Desktop,PGA478,0,1
Intel Pentium 4 1400MHz,49.51,83,1.6764290042415675,180,3.635629165825086,54.7,1.52,1,2009,PGA423,Desktop,Other,0,1
Intel Pentium 4 1500MHz,49.51,81,1.6360331246212887,223,4.504140577661079,57.8,1.41,1,2009,PGA423,Desktop,Other,0,1
VIA Eden 1000MHz,174.08,80,0.45955882352941174,83,0.47679227941176466,5.0,16.08,1,2017,NanoBGA2,Laptop,Other,0,1
Intel Pentium 4 1300MHz,47.83,77,1.609868283504077,203,4.244198201965294,51.6,1.5,1,2009,PGA423,Desktop,Other,0,1
