cpuName,price,cpuMark,cpuValue,threadMark,threadValue,TDP,powerPerf,cores,testDate,socket,category,socket_grouped,price_is_imputed
AMD Ryzen Threadripper PRO 5995WX,615.760009765625,108822,176.7279431501578,3330,5.407951064031405,280.0,388.65,64,2022,sWRX8,Desktop,Other,1
AMD EPYC 7763,7299.99,88338,12.101112467277353,2635,0.3609593985745186,280.0,315.49,64,2021,SP3,Server,SP3,0
AMD EPYC 7713,7060.0,85861,12.161614730878187,2727,0.38626062322946175,225.0,381.6,64,2021,SP3,Server,SP3,0
AMD Ryzen Threadripper PRO 3995WX,6807.98,83971,12.334201921862286,2626,0.38572381234962505,280.0,299.9,64,2020,sWRX8,Desktop,Other,0
AMD Ryzen Threadripper 3990X,8399.69,81568,9.710834566513764,2569,0.3058446204562311,280.0,291.31,64,2020,sTRX4,Desktop,Other,0
AMD Ryzen Threadripper PRO 5975WX,615.760009765625,80842,131.28816213766572,3340,5.424191157316785,280.0,288.72,32,2022,sWRX8,Desktop,Other,1
AMD EPYC 7643,5424.99,76455,14.093113535693155,2695,0.4967751092628742,225.0,339.8,48,2021,SP3,Server,SP3,0
AMD EPYC 7702,4000.0,71646,17.9115,2097,0.52425,200.0,358.23,64,2020,SP3,Server,SP3,0
AMD EPYC 7662,6817.0,71576,10.49963326976676,2054,0.30130555963033595,225.0,318.12,64,2021,SP3,Server,SP3,0
AMD EPYC 7742,5045.99,68749,13.624482014431262,2145,0.4250900219778478,225.0,305.55,64,2019,SP3,Server,SP3,0
AMD EPYC 75F3,625.9000244140625,68505,109.45038716707367,2775,4.433615420606225,280.0,244.66,32,2021,SP3,Server,SP3,1
AMD Ryzen Threadripper PRO 5965WX,637.1400146484375,68405,107.36258660154104,3346,5.25159293573213,280.0,244.3,24,2022,sWRX8,Desktop,Other,1
AMD EPYC 7642,3684.0,67748,18.389793702497286,2155,0.5849619978284474,225.0,301.1,48,2021,SP3,Server,SP3,0
AMD EPYC 7543P,2999.0,67144,22.388796265421806,2742,0.9143047682560853,225.0,298.42,32,2021,SP3,Server,SP3,0
AMD Ryzen Threadripper 3970X,2997.99,63835,21.292599374914527,2694,0.8986020633824663,280.0,227.98,32,2019,sTRX4,Desktop,Other,0
AMD Ryzen Threadripper PRO 3975WX,4499.99,63495,14.110031355625235,2666,0.59244576099058,280.0,226.77,32,2020,sWRX8,Desktop,Other,0
Intel Xeon Platinum 8380 @ 2.30GHz,8978.0,62317,6.941078191133883,2385,0.26564936511472487,270.0,230.81,40,2021,FCLGA4189,Server,Other,0
AMD EPYC 7702P,3499.99,61689,17.625478929939803,2110,0.6028588653110438,200.0,308.44,64,2019,SP3,Server,SP3,0
AMD EPYC 74F3,4989.0,60948,12.216476247745039,2975,0.596311886149529,240.0,253.95,24,2021,SP3,Server,SP3,0
AMD EPYC 7513,2840.0,59732,21.032394366197185,2447,0.8616197183098592,200.0,298.66,32,2021,SP3,Server,SP3,0
AMD EPYC 7443P,1499.99,57666,38.44425629504197,2965,1.9766798445322968,200.0,288.33,24,2021,SP3,Server,SP3,0
AMD EPYC 7542,1789.99,56728,31.691797160877993,2207,1.232967781942916,225.0,252.13,32,2019,SP3,Server,SP3,0
AMD EPYC 7543,3761.0,56562,15.039085349641052,2563,0.6814676947620314,240.0,235.68,32,2021,SP3,Server,SP3,0
AMD EPYC 7532,620.8200073242188,55358,89.16916231259552,2137,3.4422215373029483,200.0,276.79,32,2021,SP3,Server,SP3,1
AMD Ryzen Threadripper 3960X,1682.9,54757,32.53728682631172,2678,1.5913007308812168,280.0,195.56,24,2019,sTRX4,Desktop,Other,0
Intel Xeon Platinum 8358 @ 2.60GHz,5097.75,54416,10.674513265656417,2382,0.4672649698396351,250.0,217.67,32,2021,FCLGA4189,Server,Other,0
AMD EPYC 7453,1799.0,53511,29.744858254585882,2580,1.434130072262368,225.0,237.83,28,2021,SP3,Server,SP3,0
Intel Xeon Gold 6348 @ 2.60GHz,3173.0,53112,16.738733060195397,2455,0.7737157264418532,235.0,226.01,28,2021,FCLGA4189,Server,Other,0
Intel Xeon Platinum 8375C @ 2.90GHz,637.5800170898438,51836,81.30116787003317,2439,3.825402199919185,300.0,172.79,32,2021,FCLGA4189,Server,Other,1
AMD Ryzen Threadripper PRO 5955WX,692.9099731445312,51656,74.54936716465082,3346,4.828910146602944,280.0,184.48,16,2022,sWRX8,Desktop,Other,1
AMD EPYC 7402,1962.0,51368,26.18144750254842,2081,1.0606523955147809,180.0,285.38,24,2020,SP3,Server,SP3,0
Intel Xeon Platinum 8347C @ 2.10GHz,601.5999755859375,49386,82.09109375694331,2445,4.064162398973927,210.0,235.17,36,2022,LGA4189,Server,Other,1
AMD EPYC 7502,2750.0,49177,17.882545454545454,1843,0.6701818181818182,180.0,273.21,32,2020,SP3,Server,SP3,0
AMD EPYC 7502P,2696.51,48995,18.169782422464593,1894,0.7023893847973862,180.0,272.19,32,2019,SP3,Server,SP3,0
Intel Xeon Gold 6342 @ 2.80GHz,3825.9,48330,12.632321806633733,2453,0.6411563292297238,230.0,210.13,24,2021,FCLGA4189,Server,Other,0
AMD EPYC 7413,1997.99,46295,23.170786640573777,1983,0.992497459947247,180.0,257.2,24,2021,SP3,Server,SP3,0
AMD Ryzen 9 5950X,649.74,46195,71.09766983716564,3498,5.383691938313787,105.0,439.96,16,2020,AM4,Desktop,AM4,0
AMD EPYC 73F3,5992.0,46085,7.691088117489986,2878,0.4803070761014686,240.0,192.02,16,2021,SP3,Server,SP3,0
AMD EPYC 7343,1699.99,45882,26.98957052688545,2947,1.7335396090565238,190.0,241.48,16,2021,SP3,Server,SP3,0
AMD EPYC 7713P,613.3300170898438,45860,74.77214341733773,2736,4.460893684907022,225.0,203.82,64,2022,SP3,Server,SP3,1
Intel Xeon Gold 6336Y @ 2.40GHz,3850.34,45517,11.821553421256304,2522,0.655007090282936,185.0,246.04,24,2021,FCLGA4189,Server,Other,0
Intel Core i9-12900KS,779.98,44243,56.723249314084974,4317,5.534757301469268,150.0,294.95,8,2022,LGA 1700,Desktop,Other,0
Intel Xeon Gold 6312U @ 2.40GHz,1736.62,43745,25.189736384470987,2383,1.3722057790420472,185.0,236.46,24,2021,FCLGA4189,Server,Other,0
Intel Xeon Gold 6330 @ 2.00GHz,1904.0,43056,22.613445378151262,2034,1.0682773109243697,205.0,210.03,28,2021,FCLGA4189,Server,Other,0
AMD EPYC 7601,899.95,42244,46.940385576976496,1941,2.1567864881382297,180.0,234.69,32,2017,SP3,Server,SP3,0
AMD EPYC 7452,2209.97,41871,18.946411037253903,1689,0.7642637682864474,155.0,270.14,32,2019,SP3,Server,SP3,0
AMD EPYC 7402P,1428.93,41741,29.211367946645392,1970,1.378653957856578,180.0,231.9,24,2019,SP3,Server,SP3,0
AMD Ryzen Threadripper PRO 5945WX,622.5900268554688,41578,66.78230971671529,3347,5.37592935258661,280.0,148.49,12,2022,sWRX8,Desktop,Other,1
Intel Xeon Gold 6354 @ 3.00GHz,2932.63,41434,14.128614929261447,2406,0.8204239880244013,205.0,202.12,18,2021,FCLGA4189,Server,Other,0
Apple M1 Ultra 20 Core,556.1500244140625,41360,74.36842251976029,3900,7.012496320770434,60.0,689.34,16,2022,unknown,Desktop,unknown,1
Intel Core i9-12900KF,572.98,41163,71.84020384655659,4217,7.359768229257566,241.0,170.8,8,2021,FCLGA1700,Desktop,Other,0
Intel Core i9-12900K,599.95,41077,68.46737228102342,4209,7.01558463205267,241.0,170.44,8,2021,FCLGA1700,Desktop,Other,0
AMD EPYC 7F52,3100.0,40951,13.21,2446,0.7890322580645162,240.0,170.63,16,2020,SP3,Server,SP3,0
AMD EPYC 7313P,913.0,40879,44.77437020810515,2608,2.8565169769989045,155.0,263.74,16,2021,SP3,Server,SP3,0
Intel Xeon W-3275M @ 2.50GHz,7453.0,40767,5.469877901516168,2725,0.3656245807057561,205.0,198.86,28,2020,FCLGA3647,Server,FCLGA3647,0
AMD EPYC 7313,1179.99,40575,34.3858846261409,2610,2.211883151552132,155.0,261.77,16,2021,SP3,Server,SP3,0
AMD EPYC 7352,1280.0,40472,31.61875,1995,1.55859375,155.0,261.11,24,2021,SP3,Server,SP3,0
AMD Ryzen Threadripper PRO 3955WX,1995.0,40225,20.162907268170425,2696,1.3513784461152882,280.0,143.66,16,2020,sWRX8,Desktop,Other,0
Intel Xeon W-3265M @ 2.70GHz,6353.0,39620,6.236423736817252,2718,0.4278293719502597,205.0,193.27,24,2021,FCLGA3647,"Desktop, Server",FCLGA3647,0
AMD Ryzen 9 5900X,393.03,39457,100.39182759585783,3494,8.889906622904105,105.0,375.78,12,2020,AM4,Desktop,AM4,0
AMD Ryzen 9 3950X,650.0,39157,60.24153846153846,2738,4.212307692307692,105.0,372.92,16,2019,AM4,Desktop,AM4,0
Intel Xeon W-3335 @ 3.40GHz,1299.0,38944,29.979984603541187,2556,1.9676674364896074,250.0,155.78,16,2022,FCLGA4189,Server,Other,0
Intel Xeon Gold 6248R @ 3.00GHz,3095.0,38604,12.473021001615509,2296,0.7418416801292407,205.0,188.31,24,2020,FCLGA3647,Server,FCLGA3647,0
Intel Core i9-12900,509.0,38281,75.2082514734774,4162,8.17681728880157,65.0,588.95,8,2022,FCLGA1700,Desktop,Other,0
Intel Xeon Gold 6346 @ 3.10GHz,2279.0,37606,16.501096972356297,2455,1.077226853883282,205.0,183.44,16,2021,FCLGA4189,Server,Other,0
Intel Xeon Platinum 8280 @ 2.70GHz,8870.46,37575,4.2359697242307615,2011,0.22670752136867764,205.0,183.29,28,2020,FCLGA3647,Server,FCLGA3647,0
Intel Xeon Gold 6238R @ 2.20GHz,2667.0,37511,14.064866891638545,2362,0.885639295088114,165.0,227.34,28,2021,FCLGA3647,Server,FCLGA3647,0
Intel Xeon Silver 4316 @ 2.30GHz,1129.22,37264,32.99976975257257,2380,2.107649527992774,150.0,248.43,20,2021,FCLGA4189,Server,Other,0
Intel Xeon W-3175X @ 3.10GHz,1595.96,37167,23.28817764856262,2148,1.3458983934434448,255.0,145.75,28,2019,FCLGA3647,Desktop,FCLGA3647,0
Intel Core i9-12900F,529.99,35726,67.4088190343214,4045,7.632219475839166,65.0,549.63,8,2022,FCLGA1700,Desktop,Other,0
Intel Xeon Gold 6242R @ 3.10GHz,2472.14,35352,14.300160994118457,2426,0.9813360084784842,205.0,172.45,20,2020,FCLGA3647,Server,FCLGA3647,0
Intel Xeon Gold 6326 @ 2.90GHz,1605.79,35328,22.00038610279053,2356,1.4671906040017686,185.0,190.96,16,2021,FCLGA4189,Server,Other,0
Intel Core i9-12900T,489.0,34999,71.57259713701431,4032,8.245398773006135,35.0,999.97,8,2022,FCLGA1700,Desktop,Other,0
AMD Ryzen 9 5900,415.0299987792969,34721,83.65901284755998,3432,8.269281762991442,65.0,534.17,12,2021,AM4,Desktop,AM4,1
Intel Core i7-12700K,409.0,34125,83.43520782396088,4047,9.89486552567237,190.0,179.61,8,2021,FCLGA1700,Desktop,Other,0
Intel Core i7-12700KF,350.99,34110,97.18225590472663,4054,11.550186615003277,190.0,179.53,8,2021,FCLGA1700,Desktop,Other,0
Intel Xeon Platinum 8260M @ 2.30GHz,7705.0,33970,4.408825438027255,2315,0.30045425048669694,165.0,205.88,24,2020,LGA3647,Server,Other,0
Intel Xeon D-2799 @ 2.40GHz,1933.0,33792,17.48163476461459,2404,1.2436627004655976,129.0,261.95,20,2022,FCBGA2579,Server,Other,0
AMD Ryzen Threadripper PRO 3945WX,619.9400024414062,33417,53.90360336225991,2708,4.368164643893821,280.0,119.35,12,2020,sWRX8,Desktop,Other,1
Intel Core i9-10980XE @ 3.00GHz,999.99,33408,33.40833408334083,2667,2.6670266702667025,165.0,202.47,18,2019,FCLGA2066,Desktop,Other,0
Intel Xeon Gold 5220R @ 2.20GHz,1712.0,33370,19.49182242990654,2399,1.401285046728972,150.0,222.46,24,2021,FCLGA3647,Server,FCLGA3647,0
AMD EPYC 7302,1115.12,33015,29.606679101800705,1978,1.7738001291340844,155.0,213.0,16,2020,SP3,Server,SP3,0
AMD Ryzen 9 3900XT,618.77,32869,53.1198991547748,2786,4.502480727895664,105.0,313.04,12,2020,AM4,Desktop,AM4,0
AMD Ryzen 9 3900X,359.0,32751,91.2284122562674,2725,7.5905292479108635,105.0,311.92,12,2019,AM4,Desktop,AM4,0
Intel Xeon Platinum 8168 @ 2.70GHz,7829.0,32616,4.166049303870226,2138,0.27308723974964877,205.0,159.1,24,2017,FCLGA3647,Server,FCLGA3647,0
AMD EPYC 7302P,2069.95,32480,15.691200270537937,1878,0.9072682915046258,155.0,209.55,16,2019,SP3,Server,SP3,0
AMD Ryzen Threadripper 2990WX,2100.0,32475,15.464285714285714,2290,1.0904761904761904,250.0,129.9,32,2018,sTR4,Desktop,Other,0
Intel Xeon Gold 6252 @ 2.10GHz,3850.0,32410,8.418181818181818,2143,0.5566233766233766,150.0,216.06,24,2019,FCLGA3647,Server,FCLGA3647,0
Intel Core i7-12700F,312.96,32268,103.1058282208589,3987,12.739647239263805,65.0,496.43,8,2022,FCLGA1700,Desktop,Other,0
Intel Xeon Gold 6230R @ 2.10GHz,1870.0,32223,17.231550802139036,2020,1.0802139037433156,150.0,214.82,26,2021,FCLGA3647,Server,FCLGA3647,0
Intel Core i9-9980XE @ 3.00GHz,1442.21,31905,22.12229841701278,2566,1.7792138454177961,165.0,193.37,18,2018,FCLGA2066,Desktop,Other,0
Intel Xeon W-2295 @ 3.00GHz,1504.63,31680,21.05501020184364,2696,1.7918026358639665,165.0,192.0,18,2020,FCLGA2066,Server,Other,0
Intel Core i7-12700,328.0,31659,96.52134146341463,3948,12.036585365853659,65.0,487.07,8,2022,FCLGA1700,Desktop,Other,0
AMD EPYC 7282,722.97,31631,43.75146963221157,1987,2.7483851335463436,120.0,263.59,16,2019,SP3,Server,SP3,0
Intel Xeon Platinum 8259CL @ 2.50GHz,599.2999877929688,31500,52.561322612410656,1863,3.1086267945054304,210.0,150.0,24,2020,LGA 3647,Server,Other,1
AMD Ryzen 9 PRO 3900,462.3500061035156,31372,67.85335695005078,2623,5.673191230395996,65.0,482.65,12,2019,AM4,Desktop,AM4,1
AMD Ryzen 9 3900,517.27,30660,59.272720242813236,2627,5.078585651593945,65.0,471.7,12,2019,AM4,Desktop,AM4,0
Intel Core i9-9960X @ 3.10GHz,1498.95,30655,20.450982354314686,2631,1.7552286600620435,165.0,185.79,16,2019,FCLGA2066,Desktop,Other,0
Intel Xeon Gold 6253CL @ 3.10GHz,782.989990234375,30616,39.10139386435274,2346,2.996206885477251,205.0,149.35,18,2021,FCLGA3647,Server,FCLGA3647,1
Intel Xeon W-3245 @ 3.20GHz,2683.99,30549,11.38193510408012,2537,0.94523452024784,205.0,149.02,16,2020,FCLGA3647,Server,FCLGA3647,0
AMD Ryzen Threadripper 2970WX,669.0,30433,45.49028400597907,2358,3.524663677130045,250.0,121.73,24,2018,sTR4,Desktop,Other,0
AMD EPYC 7551P,369.99,30313,81.92924133084678,1719,4.646071515446363,180.0,168.4,32,2018,SP3,Server,SP3,0
Intel Xeon Gold 6246R @ 3.40GHz,3389.78,30220,8.915032833989226,2321,0.6847052021075114,205.0,147.41,16,2020,FCLGA3647,Server,FCLGA3647,0
Intel Core i9-12900HK,635.0,30213,47.579527559055116,3946,6.214173228346457,45.0,671.4,6,2022,FCBGA1744,Laptop,Other,0
Intel Core i9-9990XE @ 4.00GHz,2163.0,30162,13.944521497919556,2970,1.3730929264909848,255.0,118.28,14,2020,LGA2066,Desktop,Other,0
Intel Xeon W-3265 @ 2.70GHz,4551.37,30105,6.614491900241027,2572,0.5651045729088164,205.0,146.85,24,2019,FCLGA3647,Server,FCLGA3647,0
Intel Xeon Platinum 8268 @ 2.90GHz,6005.98,30103,5.012171202701308,2167,0.36080706229457976,205.0,146.84,24,2019,FCLGA3647,Server,FCLGA3647,0
Intel Xeon Silver 4314 @ 2.40GHz,867.3,30043,34.63968638302779,2179,2.5123947884238444,135.0,222.54,16,2021,FCLGA4189,Server,Other,0
AMD Ryzen Threadripper 2950X,990.0,29981,30.283838383838383,2488,2.5131313131313133,180.0,166.56,16,2018,sTR4,Desktop,Other,0
Intel Core i9-7980XE @ 2.60GHz,816.42,29842,36.55226476568433,2474,3.0303030303030303,165.0,180.86,18,2017,FCLGA2066,Desktop,Other,0
Intel Core i9-12900H,617.0,29714,48.15883306320907,3974,6.4408427876823335,45.0,660.32,6,2022,FCBGA1744,Laptop,Other,0
Intel Xeon Gold 6254 @ 3.10GHz,3626.37,29356,8.095147489086884,2381,0.6565794444582324,200.0,146.78,18,2019,FCLGA3647,Server,FCLGA3647,0
Intel Xeon W-2191B @ 2.30GHz,745.47998046875,29049,38.966841177591775,2609,3.4997586365223223,140.0,207.49,18,2021,FCLGA2066,Server,Other,1
Intel Xeon Gold 6148 @ 2.40GHz,2817.0,28962,10.281150159744408,2182,0.774582889598864,150.0,193.08,20,2018,FCLGA3647,Server,FCLGA3647,0
Intel Xeon Gold 6210U @ 2.50GHz,1524.89,28915,18.962023490218964,2203,1.444694371397281,150.0,192.77,20,2019,FCLGA3647,Server,FCLGA3647,0
Intel Xeon Gold 6154 @ 3.00GHz,3798.95,28848,7.593677200279025,2264,0.5959541452243383,200.0,144.24,18,2017,FCLGA3647,Server,FCLGA3647,0
Intel Core i9-10940X @ 3.30GHz,771.99,28619,37.07172372699128,2724,3.5285431158434695,165.0,173.45,14,2019,FCLGA2066,Desktop,Other,0
Intel Xeon Gold 5317 @ 3.00GHz,1119.25,28580,25.534956444047353,2437,2.1773509046236317,150.0,190.54,12,2021,FCLGA4189,Server,Other,0
Intel Core i9-9940X @ 3.30GHz,841.4,28411,33.76634181126694,2647,3.1459472308058,165.0,172.19,14,2018,FCLGA2066,Desktop,Other,0
AMD Ryzen 7 5800X,333.99,28368,84.93667475074103,3485,10.434444145034282,105.0,270.17,8,2020,AM4,Desktop,AM4,0
AMD EPYC 7401P,249.99,28271,113.08852354094164,1689,6.756270250810032,155.0,182.4,24,2017,SP3,Server,SP3,0
AMD Ryzen Threadripper 1950X,684.47,28037,40.961619939515245,2293,3.350037255102488,180.0,155.76,16,2017,sTR4,Desktop,Other,0
Intel Xeon W-2275 @ 3.30GHz,1112.0,27904,25.093525179856115,2790,2.508992805755396,165.0,169.12,14,2020,FCLGA2066,Desktop,Other,0
Intel Xeon Gold 6238 @ 2.10GHz,2698.95,27617,10.232497823227552,1691,0.626539950721577,140.0,197.26,22,2019,FCLGA3647,Server,FCLGA3647,0
Intel Xeon Gold 6212U @ 2.40GHz,2000.0,27470,13.735,2013,1.0065,165.0,166.48,24,2019,FCLGA3647,Server,FCLGA3647,0
AMD EPYC 7571,560.22998046875,27445,48.98880987596647,1934,3.452153700131869,120.0,228.71,32,2019,SP3,Server,SP3,1
Intel Core i5-12600K,277.98,27429,98.67256637168141,3965,14.263616087488307,150.0,182.86,6,2021,FCLGA1700,Desktop,Other,0
Intel Core i7-12700H,457.0,27391,59.93654266958424,3766,8.24070021881838,45.0,608.69,6,2022,FCBGA1744,Laptop,Other,0
Intel Xeon Platinum 8173M @ 2.00GHz,856.989990234375,27377,31.945530650262047,2123,2.477275142291205,165.0,165.92,28,2018,FCLGA3647,Server,FCLGA3647,1
Intel Xeon W-2195 @ 2.30GHz,1983.82,27325,13.773931102620198,2413,1.2163401921545303,140.0,195.18,18,2017,FCLGA2066,Server,Other,0
Intel Xeon Gold 6226R @ 2.90GHz,1372.08,27211,19.83193399801761,2290,1.6689988921928751,150.0,181.41,16,2020,FCLGA3647,Server,FCLGA3647,0
Intel Core i5-12600KF,260.98,27186,104.16890183155796,3967,15.200398497969193,150.0,181.24,6,2021,FCLGA1700,Desktop,Other,0
AMD Ryzen 7 5700X,299.0,27065,90.51839464882943,3397,11.361204013377927,65.0,416.38,8,2022,AM4,Desktop,AM4,0
Intel Xeon Gold 6208U @ 2.90GHz,1406.99,26901,19.119538873765983,2247,1.5970262759507885,150.0,179.34,16,2020,FCLGA3647,Server,FCLGA3647,0
Intel Core i9-7960X @ 2.80GHz,990.97,26699,26.942288868482397,2525,2.548008516907676,165.0,161.81,16,2017,FCLGA2066,Desktop,Other,0
Intel Core i9-10920X @ 3.50GHz,679.99,26696,39.259400873542255,2766,4.0677068780423244,165.0,161.79,12,2019,FCLGA2066,Desktop,Other,0
Intel Xeon Gold 6230 @ 2.10GHz,1990.0,26657,13.395477386934674,2285,1.1482412060301508,125.0,213.25,20,2019,FCLGA3647,Server,FCLGA3647,0
Intel Core i9-7940X @ 3.10GHz,548.87,26508,48.29558911946363,2490,4.536593364548982,165.0,160.65,14,2017,FCLGA2066,Desktop,Other,0
Intel Xeon Platinum 8160 @ 2.10GHz,2348.7,26485,11.276450802571636,1984,0.8447226125090477,150.0,176.56,24,2017,FCLGA3647,Server,FCLGA3647,0
AMD Ryzen Threadripper 2990X,552.219970703125,26469,47.93198617264389,2285,4.137843832577403,250.0,105.88,32,2018,TR4,Desktop,Other,1
AMD EPYC 7272,605.45,26446,43.67990750681311,2013,3.3247997357337513,120.0,220.38,12,2020,SP3,Server,SP3,0
Intel Xeon Gold 5318Y @ 2.10GHz,1361.0,26400,19.397501836884643,1826,1.3416605437178546,165.0,160.0,24,2022,FCLGA4189,Server,Other,0
Intel Xeon Gold 6242 @ 2.80GHz,2465.14,26288,10.66389738513837,2196,0.8908216166221797,150.0,175.26,16,2019,FCLGA3647,Server,FCLGA3647,0
Intel Xeon W-1390P @ 3.50GHz,456.3900146484375,26031,57.03674305857016,3619,7.929621341053567,125.0,208.24,8,2021,FCLGA1200,"Desktop, Server",FCLGA1200,1
Intel Xeon W-2265 @ 3.50GHz,944.0,25984,27.52542372881356,2810,2.9766949152542375,165.0,157.48,12,2020,FCLGA2066,Server,Other,0
Intel Xeon W-3235 @ 3.30GHz,1829.99,25974,14.1935201831704,2622,1.4327947147252171,180.0,144.3,12,2019,FCLGA3647,Server,FCLGA3647,0
Intel Xeon W-3323 @ 3.50GHz,949.0,25875,27.265542676501582,2617,2.757639620653319,220.0,117.61,12,2021,FCLGA4189,"Desktop, Server",Other,0
Intel Xeon Gold 5220 @ 2.20GHz,1674.44,25740,15.372303576120972,2396,1.4309261603879506,125.0,205.92,18,2019,FCLGA3647,Server,FCLGA3647,0
AMD Ryzen 7 5800,328.7300109863281,25644,78.00930594397886,3386,10.300246058583388,65.0,394.52,8,2021,AM4,Desktop,AM4,1
Intel Core i9-11900K @ 3.50GHz,397.97,25539,64.17317888283036,3519,8.842375053395983,125.0,204.31,8,2021,FCLGA1200,Desktop,FCLGA1200,0
AMD Ryzen 7 5800X3D,599.0,25508,42.58430717863105,2850,4.757929883138564,105.0,242.93,8,2022,AM4,Desktop,AM4,0
AMD EPYC 7351P,739.0,25484,34.48443843031123,1809,2.4479025710419484,155.0,164.41,16,2017,SP3,Server,SP3,0
AMD Ryzen 7 6800HS,500.80999755859375,25460,50.83764326613954,3428,6.84491127715343,35.0,727.44,8,2022,FP7,Laptop,Other,1
Intel Core i9-11900KF @ 3.50GHz,379.98,25390,66.81930627927785,3563,9.376809305752934,125.0,203.12,8,2021,FCLGA1200,Desktop,FCLGA1200,0
Intel Core i9-9920X @ 3.50GHz,999.0,25291,25.316316316316318,2621,2.6236236236236237,165.0,153.28,12,2018,FCLGA2066,Desktop,Other,0
AMD Ryzen Threadripper 2920X,761.0,25203,33.11826544021025,2482,3.26149802890933,180.0,140.01,12,2018,sTR4,Desktop,Other,0
Intel Xeon W-1370P @ 3.60GHz,411.99,25202,61.17138765504017,3494,8.480788368649725,125.0,201.62,8,2021,FCLGA1200,"Desktop, Server",FCLGA1200,0
Intel Xeon Gold 5218R @ 2.10GHz,1268.96,25191,19.85168957256336,2200,1.7337031900138695,125.0,201.52,20,2021,FCLGA3647,Server,FCLGA3647,0
AMD Ryzen 7 PRO 5750G,328.7300109863281,25004,76.06241950644389,3361,10.224195807117178,65.0,384.68,8,2021,AM4,Desktop,AM4,1
AMD EPYC 7501,3616.0,24925,6.892975663716814,1925,0.5323561946902655,155.0,160.81,32,2017,SP3,Server,SP3,0
Intel Xeon Gold 6138T @ 2.00GHz,7528.0,24800,3.2943676939426143,2050,0.27231668437832096,125.0,198.4,20,2020,FCLGA3647,Server,FCLGA3647,0
Intel Xeon Gold 6143 @ 2.80GHz,801.2999877929688,24786,30.93223558915608,2248,2.805441200856244,205.0,120.91,16,2019,FCLGA3647,Server,FCLGA3647,1
Intel Core i7-11700K @ 3.60GHz,297.0,24749,83.32996632996633,3429,11.545454545454545,125.0,197.99,8,2020,FCLGA1200,Desktop,FCLGA1200,0
Intel Xeon E5-2699 v4 @ 2.20GHz,5957.96,24619,4.132119047459198,1937,0.325111279699763,145.0,169.79,22,2016,FCLGA2011-3,Server,FCLGA2011-3,0
AMD Ryzen 7 5700G,233.0,24545,105.34334763948497,3281,14.081545064377682,65.0,377.62,8,2021,AM4,Desktop,AM4,0
Intel Xeon Gold 6150 @ 2.70GHz,2411.0,24489,10.157196184155952,2190,0.9083367897138117,165.0,148.42,18,2017,FCLGA3647,Server,FCLGA3647,0
Intel Xeon Gold 6246 @ 3.30GHz,3113.22,24446,7.852320105871092,2450,0.7869665491035006,165.0,148.16,12,2019,FCLGA3647,Server,FCLGA3647,0
AMD Ryzen 9 6900HS,498.07000732421875,24390,48.969019698717425,3354,6.733993114780576,35.0,696.86,8,2022,FP7,Laptop,Other,1
AMD Ryzen 7 PRO 6850U,526.1900024414062,24352,46.279860672023524,3442,6.541363355498726,28.0,869.73,8,2022,FP7,Laptop,Other,1
Intel Xeon Gold 6248 @ 2.50GHz,2940.0,24234,8.242857142857142,2290,0.7789115646258503,150.0,161.56,20,2019,FCLGA3647,Server,FCLGA3647,0
Intel Core i7-11700KF @ 3.60GHz,279.0,24147,86.54838709677419,3420,12.258064516129032,125.0,193.17,8,2021,FCLGA1200,Desktop,FCLGA1200,0
Intel Xeon W-1370 @ 2.90GHz,376.99,23908,63.418127801798455,3538,9.384864320008488,80.0,298.85,8,2021,FCLGA1200,"Desktop, Server",FCLGA1200,0
Intel Xeon W-11955M @ 2.60GHz,623.0,23859,38.296950240770464,3375,5.417335473515249,45.0,530.19,8,2021,FCBGA1787,"Laptop, Server",Other,0
AMD Ryzen 7 3800XT,391.65,23815,60.80684284437636,2845,7.26413889952764,105.0,226.81,8,2020,AM4,Desktop,AM4,0
Intel Core i9-11900F @ 2.50GHz,379.99,23814,62.67007026500697,3528,9.284454854075108,65.0,366.37,8,2021,FCLGA1200,Desktop,FCLGA1200,0
Intel Core i9-10900K @ 3.70GHz,389.97,23768,60.94827807267225,3167,8.121137523399236,125.0,190.14,10,2020,FCLGA1200,Desktop,FCLGA1200,0
Intel Core i9-11980HK @ 2.60GHz,583.0,23629,40.530017152658665,3312,5.680960548885078,45.0,525.09,8,2021,FCBGA1787,Laptop,Other,0
Intel Xeon Silver 4310 @ 2.10GHz,608.77,23589,38.74862427517782,2200,3.6138443090165415,120.0,196.57,12,2021,FCLGA4189,Server,Other,0
AMD EPYC 7351,883.99,23566,26.65867260941866,1821,2.059978054050385,155.0,152.04,16,2019,SP3,Server,SP3,0
Intel Xeon E5-2696 v3 @ 2.30GHz,2498.0,23556,9.42994395516413,2209,0.8843074459567654,145.0,162.45,18,2015,LGA2011-v3,Server,LGA2011-v3,0
Intel Core i5-12500H,311.0,23530,75.65916398713826,3678,11.82636655948553,45.0,522.9,4,2022,FCBGA1744,Laptop,Other,0
Intel Xeon W-1390 @ 2.80GHz,469.99,23515,50.03297942509415,3358,7.144832868784442,80.0,293.94,8,2021,FCLGA1200,Server,FCLGA1200,0
Intel Xeon E5-2679 v4 @ 2.50GHz,2702.0,23512,8.701702442635085,1951,0.7220577350111029,200.0,117.56,20,2016,FCLGA2011-3,Server,FCLGA2011-3,0
Intel Core i9-10900KF @ 3.70GHz,339.99,23508,69.14321009441454,3141,9.238507014912203,125.0,188.06,10,2020,FCLGA1200,Desktop,FCLGA1200,0
Intel Xeon E-2388G @ 3.20GHz,539.0,23501,43.601113172541744,3323,6.165120593692023,95.0,247.37,8,2021,FCLGA1200,Server,FCLGA1200,0
AMD Ryzen 7 6800H,476.6400146484375,23447,49.19226099238469,3311,6.946542250428017,45.0,521.04,8,2022,FP7,Laptop,Other,1
Intel Xeon Gold 6146 @ 3.20GHz,3062.0,23432,7.652514696276943,2493,0.8141737426518615,165.0,142.01,12,2018,FCLGA3647,Server,FCLGA3647,0
AMD Ryzen 9 5980HX,485.1000061035156,23425,48.289011967155766,3333,6.870748212872152,45.0,520.55,8,2021,FP6,Laptop,Other,1
Intel Core i9-7920X @ 2.90GHz,375.0,23292,62.112,2467,6.578666666666667,140.0,166.37,12,2017,FCLGA2066,Desktop,Other,0
AMD Ryzen 7 3800X,248.59,23275,93.62806227120961,2735,11.00205157085965,105.0,221.67,8,2019,AM4,Desktop,AM4,0
Intel Xeon W-2175 @ 2.50GHz,395.0,23215,58.77215189873418,2481,6.281012658227848,140.0,165.82,14,2019,FCLGA2066,Server,Other,0
Intel Xeon E5-2696 v4 @ 2.20GHz,2793.95,23207,8.306161527586392,2248,0.8045956441597023,145.0,160.05,22,2016,FCLGA2011-3,Server,FCLGA2011-3,0
Intel Xeon Platinum 8176 @ 2.10GHz,2793.7,23179,8.29688227082364,2048,0.7330779969216452,165.0,140.48,28,2019,FCLGA3647,Server,FCLGA3647,0
AMD Ryzen 9 5900HX,485.1000061035156,23160,47.742732856321346,3230,6.6584208603591515,45.0,514.67,8,2021,FP6,Laptop,Other,1
Intel Core i5-1250P,376.25,23120,61.4485049833887,3619,9.61860465116279,28.0,825.7,4,2022,BGA1700,Laptop,Other,1
Intel Core i9-11900 @ 2.50GHz,347.88,23117,66.45107508336208,3443,9.89709095090261,65.0,355.65,8,2021,FCLGA1200,Desktop,FCLGA1200,0
Intel Core i9-10850K @ 3.60GHz,408.44,23055,56.44647928704339,3091,7.567819018705318,125.0,184.44,10,2020,FCLGA1200,Desktop,FCLGA1200,0
AMD EPYC 7F32,543.02001953125,23026,42.40359318589522,2423,4.4620822674118,180.0,127.92,8,2020,SP3,Server,SP3,1
Intel Xeon W-1290P @ 3.70GHz,997.98,22997,23.043547966893122,3204,3.2104851800637286,125.0,183.97,10,2020,FCLGA1200,Server,FCLGA1200,0
AMD Ryzen Threadripper 1920X,299.99,22903,76.34587819593986,2300,7.666922230741024,180.0,127.24,12,2017,sTR4,Desktop,Other,0
Intel Xeon Gold 6138 @ 2.00GHz,1662.95,22851,13.741242971827175,2220,1.3349769987071167,125.0,182.81,20,2017,FCLGA3647,Server,FCLGA3647,0
AMD Ryzen 7 PRO 3700,329.99,22800,69.09300281826722,2673,8.100245461983697,65.0,350.76,8,2019,AM4,Desktop,AM4,0
Intel Core i9-11900KB @ 3.30GHz,539.0,22769,42.2430426716141,3303,6.128014842300557,65.0,350.29,8,2021,FCBGA1787,Desktop,Other,0
Intel Xeon Gold 6140 @ 2.30GHz,1000.0,22733,22.733,1840,1.84,140.0,162.38,18,2017,FCLGA3647,Server,FCLGA3647,0
AMD Ryzen 7 3700X,367.52,22716,61.80888114932521,2680,7.292120156726165,65.0,349.48,8,2019,AM4,Desktop,AM4,0
Intel Core i7-12700T,339.0,22688,66.92625368731564,3295,9.71976401179941,35.0,648.24,8,2022,FCLGA1700,Desktop,Other,0
Intel Core i9-10900X @ 3.70GHz,560.0,22683,40.50535714285714,2696,4.814285714285714,165.0,137.47,10,2019,FCLGA2066,Desktop,Other,0
Intel Core i9-11950H @ 2.60GHz,556.0,22570,40.593525179856115,3298,5.931654676258993,45.0,501.56,8,2021,FCBGA1787,Laptop,Other,0
AMD Ryzen 7 5700GE,330.17999267578125,22566,68.34454085822996,3371,10.20958287836095,35.0,644.73,8,2021,AM4,Desktop,AM4,1
Intel Core i7-11700B @ 3.20GHz,445.75,22539,50.56421761076837,3362,7.542344363432417,65.0,346.75,8,2021,unknown,Desktop,unknown,1
AMD Ryzen 7 PRO 5750GE,330.17999267578125,22315,67.58434943062136,3320,10.05512167195442,35.0,637.56,8,2021,AM4,Desktop,AM4,1
Intel Xeon Gold 6152 @ 2.10GHz,3167.14,22291,7.038211130546803,2155,0.6804246102161572,140.0,159.22,22,2018,FCLGA3647,Server,FCLGA3647,0
Intel Xeon Gold 6136 @ 3.00GHz,2500.0,22266,8.9064,2224,0.8896,150.0,148.44,12,2017,FCLGA3647,Server,FCLGA3647,0
AMD Ryzen 9 5900HS,481.0400085449219,22215,46.18118993303123,3201,6.654332161856086,35.0,634.71,8,2021,FP6,Laptop,Other,1
Intel Xeon Gold 6334 @ 3.60GHz,2570.41,22160,8.621192728008372,2592,1.008399438221918,165.0,134.3,8,2021,FCLGA4189,Server,Other,0
Intel Xeon Gold 5218 @ 2.30GHz,1405.64,22117,15.734469707748783,2245,1.5971372470902934,125.0,176.94,16,2019,FCLGA3647,Server,FCLGA3647,0
AMD Ryzen 5 5600X,216.99,22088,101.79270934144431,3377,15.562929167242729,65.0,339.82,6,2020,AM4,Desktop,AM4,0
Intel Xeon W-1290E @ 3.50GHz,500.0,22066,44.132,2914,5.828,95.0,232.27,10,2021,FCLGA1200,Server,FCLGA1200,0
AMD Ryzen Threadripper 1920,489.67999267578125,22066,45.062082033255486,2299,4.694902863883548,140.0,157.62,12,2021,sTR4,Desktop,Other,1
Intel Xeon W-2255 @ 3.70GHz,778.0,22042,28.331619537275063,2727,3.505141388174807,165.0,133.59,10,2020,FCLGA2066,"Desktop, Server",Other,0
AMD EPYC 7551,2974.12,22005,7.398827216117709,1736,0.5837020698559574,180.0,122.25,32,2017,SP3,Server,SP3,0
Intel Core i9-9900X @ 3.50GHz,654.99,21868,33.38676926365288,2604,3.9756332157742866,165.0,132.54,10,2018,FCLGA2066,Desktop,Other,0
Intel Xeon Gold 6130T @ 2.10GHz,1988.0,21803,10.967303822937625,1698,0.8541247484909457,125.0,174.43,16,2020,FCLGA3647,Server,FCLGA3647,0
Intel Core i9-10910 @ 3.60GHz,388.82000732421875,21799,56.06450179870203,3143,8.083431769958278,125.0,174.39,10,2020,FCLGA1200,Desktop,FCLGA1200,1
Intel Xeon E5-2698 v4 @ 2.20GHz,908.7,21755,23.94079454165291,2141,2.356113128645317,135.0,161.15,20,2016,FCLGA2011-3,Server,FCLGA2011-3,0
Intel Xeon E5-2697 v4 @ 2.30GHz,874.0,21545,24.651029748283754,1963,2.245995423340961,145.0,148.59,18,2016,FCLGA2011-3,Server,FCLGA2011-3,0
Intel Xeon E5-2697A v4 @ 2.60GHz,620.0800170898438,21494,34.663268300235714,2038,3.2866725968121515,145.0,148.24,16,2016,FCLGA2011-3,Server,FCLGA2011-3,1
AMD Ryzen 7 5800H,474.510009765625,21469,45.24456714960385,3083,6.4972285864375925,45.0,477.09,8,2021,FP6,Laptop,Other,1
Intel Core i7-11700F @ 2.50GHz,289.99,21447,73.95772268009242,3339,11.51419014448774,65.0,329.95,8,2021,FCLGA1200,Desktop,FCLGA1200,0
AMD Ryzen 9 5980HS,475.0799865722656,21412,45.07030522268268,3145,6.619937881810995,35.0,611.76,8,2021,FP6,Laptop,Other,1
Intel Core i9-11900H @ 2.50GHz,546.0,21385,39.166666666666664,3202,5.864468864468864,45.0,475.22,8,2021,FCBGA1787,Laptop,Other,0
Intel Core i5-12600,238.97,21368,89.41708164204712,3883,16.248901535757625,65.0,328.73,6,2022,LGA 1700,Desktop,Other,0
Intel Core i7-11800H @ 2.30GHz,395.0,21363,54.08354430379747,3134,7.934177215189873,45.0,474.74,8,2021,FCBGA1787,Laptop,Other,0
AMD Ryzen 5 5600,189.99,21350,112.37433549134164,3208,16.885099215748195,65.0,328.46,6,2022,AM4,Desktop,AM4,0
Intel Core i9-7900X @ 3.30GHz,269.98,21310,78.93177272390547,2594,9.608119119934809,140.0,152.21,10,2017,FCLGA2066,Desktop,Other,0
AMD EPYC 7281,1098.95,21230,19.31844032940534,1613,1.4677646844715408,155.0,136.97,16,2017,SP3,Server,SP3,0
Intel Xeon Gold 5315Y @ 3.20GHz,1267.68,21225,16.74318439984854,2524,1.991038747949009,140.0,151.61,8,2021,FCLGA4189,Server,Other,0
Intel Core i7-11850H @ 2.50GHz,395.0,21212,53.70126582278481,3219,8.149367088607596,45.0,471.38,8,2021,FCBGA1787,Laptop,Other,0
Intel Xeon W-2155 @ 3.30GHz,1530.39,21198,13.851371219101013,2637,1.7230901926959794,140.0,151.41,10,2018,FCLGA2066,Server,Other,0
Intel Xeon Gold 6132 @ 2.60GHz,2139.95,21042,9.83294002196313,2180,1.0187153905465083,140.0,150.3,14,2018,FCLGA3647,Server,FCLGA3647,0
Intel Core i7-1270P,374.6199951171875,21030,56.136886108872694,3796,10.132934839243022,28.0,751.07,4,2022,BGA1700,Laptop,Other,1
Intel Xeon Silver 4310T @ 2.30GHz,668.18,20973,31.388248675506603,2288,3.4242270046993326,105.0,199.74,10,2021,FCLGA4189,Server,Other,0
Intel Core i9-10900F @ 2.80GHz,350.0,20881,59.66,3070,8.771428571428572,65.0,321.25,10,2020,FCLGA1200,Desktop,FCLGA1200,0
AMD Ryzen 7 PRO 4700G,322.1000061035156,20848,64.72523938201952,2700,8.38248975112494,65.0,320.74,8,2020,AM4,Desktop,AM4,1
Intel Xeon E5-2697R v4 @ 2.30GHz,639.0999755859375,20843,32.61305084684253,2007,3.1403537422450203,145.0,143.74,18,2021,FCLGA2011-3,Server,FCLGA2011-3,1
AMD EPYC 7262,571.95,20827,36.414022204738174,2026,3.542267680741323,155.0,134.37,8,2019,SP3,Server,SP3,0
Intel Xeon Gold 6130 @ 2.10GHz,1770.0,20721,11.706779661016949,1880,1.0621468926553672,125.0,165.77,16,2017,FCLGA3647,Server,FCLGA3647,0
AMD Ryzen 7 5800HS,471.94000244140625,20684,43.82760497732553,3060,6.483875035322767,35.0,590.97,8,2021,FP6,Laptop,Other,1
Intel Core i9-10900E @ 2.80GHz,444.0,20658,46.527027027027025,2969,6.686936936936937,65.0,317.82,10,2021,FCLGA1200,"Desktop, Mobile/Embedded",FCLGA1200,0
AMD Ryzen 5 PRO 5650G,196.05999755859375,20633,105.23819370054669,3234,16.49495073075016,65.0,317.42,6,2021,AM4,Desktop,AM4,1
Intel Core i7-11700 @ 2.50GHz,316.99,20588,64.94842108583867,3146,9.924603299788636,95.0,216.72,8,2021,FCLGA1200,Desktop,FCLGA1200,0
AMD Ryzen 7 PRO 4750G,299.99,20570,68.56895229840994,2710,9.033634454481815,65.0,316.46,8,2020,AM4,Desktop,AM4,0
Intel Xeon W-1290 @ 3.20GHz,619.0,20533,33.17124394184168,3093,4.996768982229402,80.0,256.66,10,2020,FCLGA1200,Server,FCLGA1200,0
AMD EPYC 7451,2015.12,20471,10.158700226289254,1975,0.9800905157012982,180.0,113.73,24,2018,SP3,Server,SP3,0
Intel Core i9-10900 @ 2.80GHz,389.97,20446,52.42967407749314,3057,7.839064543426417,65.0,314.55,10,2020,FCLGA1200,Desktop,FCLGA1200,0
Intel Xeon Gold 6244 @ 3.60GHz,2970.0,20402,6.8693602693602696,2752,0.9265993265993266,150.0,136.01,8,2019,FCLGA3647,Server,FCLGA3647,0
AMD Ryzen 7 4700GE,335.92999267578125,20392,60.703123997865504,2727,8.117762806109221,35.0,582.62,8,2020,AM4,Desktop,AM4,1
Intel Xeon E5-2695 v4 @ 2.10GHz,592.1,20373,34.40803918257051,1948,3.2899847998648877,120.0,169.77,18,2016,FCLGA2011-3,Server,FCLGA2011-3,0
AMD Ryzen 7 PRO 5875U,503.3299865722656,20369,40.468481003317926,2919,5.799376309523542,15.0,1357.93,8,2022,FP6,Laptop,Other,1
Intel Core i5-12500,202.0,20309,100.53960396039604,3759,18.60891089108911,65.0,312.45,6,2022,LGA 1700,Desktop,Other,0
Intel Core i9-11900T @ 1.50GHz,439.0,20225,46.07061503416856,3419,7.788154897494305,35.0,577.86,8,2021,FCLGA1200,Desktop,FCLGA1200,0
AMD Ryzen 7 4700G,319.0,20138,63.12852664576803,2758,8.64576802507837,65.0,309.82,8,2020,AM4,Desktop,AM4,0
Intel Xeon E5-2699 v3 @ 2.30GHz,542.53,20138,37.11868468103147,1916,3.5316019390632776,145.0,138.88,18,2014,LGA2011-v3,Server,LGA2011-v3,0
Intel Xeon E5-2690 v4 @ 2.60GHz,498.31,20094,40.324296120888604,1971,3.955369147719291,135.0,148.85,14,2016,FCLGA2011-3,Server,FCLGA2011-3,0
Intel Xeon E5-2699C v4 @ 2.20GHz,349.3500061035156,20079,57.475310288245446,1622,4.64290817707725,145.0,138.47,22,2017,FCLGA2011-3,Server,FCLGA2011-3,1
AMD Ryzen 5 5500,159.0,19949,125.46540880503144,3096,19.471698113207548,65.0,306.9,6,2022,AM4,Desktop,AM4,0
Intel Xeon W-1350P @ 4.00GHz,325.99,19935,61.1521825822878,3512,10.773336605417343,65.0,306.69,6,2021,FCLGA1200,Server,FCLGA1200,0
AMD Ryzen 5 5600G,179.97,19830,110.18503083847308,3187,17.708506973384452,65.0,305.08,6,2021,AM4,Desktop,AM4,0
Intel Core i5-12450H,311.0,19820,63.72990353697749,3628,11.665594855305466,45.0,440.44,4,2022,FCBGA1744,Laptop,Other,0
Intel Xeon Gold 6226 @ 2.70GHz,1769.98,19810,11.192216861207472,2104,1.1887139967683251,125.0,158.48,12,2020,FCLGA3647,Server,FCLGA3647,0
Intel Xeon E5-2698 v3 @ 2.30GHz,3405.95,19794,5.811594415654957,1990,0.5842716422730809,135.0,146.62,16,2014,LGA2011-v3,Server,LGA2011-v3,0
Intel Core i5-11600K @ 3.90GHz,209.99,19781,94.19972379637125,3374,16.06743178246583,125.0,158.25,6,2021,FCLGA1200,Desktop,FCLGA1200,0
Intel Core i5-11600KF @ 3.90GHz,232.49,19742,84.91548023570905,3359,14.44793324444062,125.0,157.93,6,2021,FCLGA1200,Desktop,FCLGA1200,0
Intel Core i5-12400F,174.98,19659,112.34998285518346,3567,20.385186878500402,65.0,302.44,6,2022,FCLGA1700,Desktop,Other,0
Intel Core i5-12400,192.0,19571,101.93229166666667,3532,18.395833333333332,65.0,301.09,6,2022,LGA 1700,Desktop,Other,0
Intel Xeon E5-2682 v4 @ 2.50GHz,528.780029296875,19551,36.973786672687304,1868,3.532659889753971,120.0,162.93,16,2017,FCLGA2011-3,Server,FCLGA2011-3,1
AMD EPYC 7252,381.22,19550,51.28272388646975,1992,5.2253292062326215,120.0,162.92,8,2021,SP3,Server,SP3,0
Intel Core i9-9900KS @ 4.00GHz,898.3,19518,21.727707892686187,3039,3.3830568852276524,127.0,153.69,8,2019,FCLGA1151-2,Desktop,FCLGA1151-2,0
Intel Xeon Silver 4216 @ 2.10GHz,1096.66,19451,17.73658198530082,1775,1.6185508726496816,100.0,194.51,16,2019,FCLGA3647,Server,FCLGA3647,0
Intel Xeon W-2245 @ 3.90GHz,999.9,19446,19.447944794479447,2763,2.7632763276327634,155.0,125.46,8,2020,FCLGA2066,Server,Other,0
AMD Ryzen 9 4900HS,496.2799987792969,19425,39.14121070319134,2628,5.295397772354535,35.0,554.99,8,2020,FP6,Laptop,Other,1
Intel Xeon Gold 6137 @ 3.90GHz,661.9099731445312,19365,29.25624448292088,2499,3.7754379015140347,205.0,94.46,16,2019,FCLGA-3647,Server,Other,1
Intel Core i7-7900X @ 3.30GHz,429.79998779296875,19358,45.03955455979351,2610,6.07259207568246,140.0,138.27,10,2017,FCLGA2066,Desktop,Other,1
AMD Ryzen 9 4900H,487.9200134277344,19339,39.63559490855829,2733,5.601327932421004,45.0,429.76,8,2020,FP6,Laptop,Other,1
Intel Core i7-10700K @ 3.80GHz,328.98,19277,58.59626725028877,3074,9.344033071919265,125.0,154.22,8,2020,FCLGA1200,Desktop,FCLGA1200,0
Intel Xeon W-1270P @ 3.80GHz,428.0,19245,44.96495327102804,3074,7.182242990654205,95.0,202.58,8,2020,FCLGA1200,Server,FCLGA1200,0
Intel Xeon E5-2697 v3 @ 2.60GHz,200.19,19238,96.09870622908237,2009,10.035466307008342,145.0,132.67,14,2014,LGA2011-v3,Server,LGA2011-v3,0
Intel Xeon Gold 6126 @ 2.60GHz,1160.0,19223,16.57155172413793,2019,1.7405172413793104,125.0,153.78,12,2018,FCLGA3647,Server,FCLGA3647,0
Intel Core i7-10700KF @ 3.80GHz,309.99,19143,61.75360495499854,3056,9.85838252846866,125.0,153.14,8,2020,FCLGA1200,Desktop,FCLGA1200,0
AMD Ryzen 7 4800H,495.67999267578125,19056,38.44415808903612,2638,5.321982002459975,45.0,423.46,8,2020,FP6,Laptop,Other,1
Intel Core i7-12800H,457.0,19052,41.689277899343544,3604,7.886214442013129,45.0,423.37,6,2022,FCBGA1744,Laptop,Other,0
Intel Xeon Silver 4309Y @ 2.80GHz,677.5,19010,28.059040590405903,2494,3.681180811808118,105.0,181.05,8,2021,FCLGA4189,Server,Other,0
Intel Xeon E5-2676 v4 @ 2.40GHz,502.1600036621094,18978,37.7927351075332,1730,3.4451170690290036,145.0,130.88,16,2020,FCLGA2011-3,Server,FCLGA2011-3,1
Intel Core i5-1240P,372.75,18963,50.87323943661972,3356,9.00335345405768,28.0,677.25,4,2022,FCBGA1744,Laptop,Other,1
Intel Xeon W-1350 @ 3.30GHz,279.99,18940,67.64527304546591,3511,12.539733561912925,80.0,236.75,6,2021,FCLGA1200,Server,FCLGA1200,0
AMD Ryzen 5 5600GE,214.97999572753906,18879,87.81747313795108,3224,14.996744181193616,35.0,539.4,6,2021,AM4,Desktop,AM4,1
AMD Ryzen 7 4800HS,495.67999267578125,18864,38.05681140803827,2609,5.2634765141842585,45.0,419.2,8,2020,FP6,Laptop,Other,1
Intel Xeon W-11855M @ 3.20GHz,450.0,18857,41.904444444444444,3319,7.375555555555556,45.0,419.05,6,2021,FCBGA1787,"Laptop, Server",Other,0
AMD Ryzen 7 5800U,503.54998779296875,18852,37.43818976667491,3092,6.14040328657749,15.0,1256.8,8,2021,FP6,Laptop,Other,1
Intel Xeon Silver 4214R @ 2.40GHz,707.81,18846,26.625789406761704,2023,2.8581116401294135,100.0,188.46,12,2020,FCLGA3647,Server,FCLGA3647,0
AMD Ryzen 5 3600XT,327.52,18780,57.3400097703957,2794,8.530776746458232,95.0,197.69,6,2020,AM4,Desktop,AM4,0
Intel Xeon E-2356G @ 3.20GHz,333.0,18757,56.327327327327325,3507,10.531531531531531,80.0,234.47,6,2022,FCLGA1200,Server,FCLGA1200,0
AMD Ryzen 5 PRO 5650GE,214.97999572753906,18716,87.05926305682993,3223,14.992092585603917,35.0,534.74,6,2021,AM4,Desktop,AM4,1
Intel Core i9-9900K @ 3.60GHz,622.0,18716,30.090032154340836,2960,4.758842443729904,95.0,197.02,8,2018,FCLGA1151-2,Desktop,FCLGA1151-2,0
Intel Core i9-9900KF @ 3.60GHz,502.13,18691,37.223428195885525,2968,5.910819907195348,95.0,196.75,8,2019,FCLGA1151-2,Desktop,FCLGA1151-2,0
Intel Xeon Gold 6144 @ 3.50GHz,2097.0,18656,8.896518836433,2523,1.2031473533619457,150.0,124.38,8,2017,FCLGA3647,Server,FCLGA3647,0
AMD Ryzen 5 PRO 6650U,401.30999755859375,18649,46.47031001832226,3277,8.165757195026115,28.0,666.04,6,2022,FP7,Laptop,Other,1
Intel Xeon W-1270E @ 3.40GHz,367.0,18635,50.776566757493185,2990,8.147138964577657,80.0,232.94,8,2022,FCLGA1200,"Server, Mobile/Embedded",FCLGA1200,0
AMD Ryzen 7 PRO 4750GE,334.989990234375,18550,55.37478892136907,2709,8.086808797196161,35.0,530.01,8,2020,AM4,Desktop,AM4,1
Intel Xeon Platinum P-8124 @ 3.00GHz,769.22998046875,18416,23.940824548697048,2007,2.609102675349423,240.0,76.73,18,2021,FCLGA3647,Server,FCLGA3647,1
Intel Xeon W-1290T @ 1.90GHz,494.0,18409,37.26518218623482,2974,6.020242914979757,35.0,525.98,10,2021,FCLGA1200,Server,FCLGA1200,0
Intel Xeon D-2183IT @ 2.20GHz,1764.0,18385,10.42233560090703,1728,0.9795918367346939,100.0,183.85,16,2018,FCBGA2518,Server,Other,0
Intel Core i5-11600 @ 2.80GHz,216.41,18318,84.64488702000831,3302,15.25807495032577,65.0,281.81,6,2021,FCLGA1200,Desktop,FCLGA1200,0
Intel Core i9-9820X @ 3.30GHz,685.0,18288,26.697810218978102,2406,3.512408759124088,165.0,110.84,10,2018,FCLGA2066,Desktop,Other,0
AMD Ryzen 5 3600X,209.99,18285,87.07557502738226,2670,12.714891185294537,95.0,192.47,6,2019,AM4,Desktop,AM4,0
Intel Xeon E-2378 @ 2.60GHz,386.0,18248,47.27461139896373,3258,8.44041450777202,65.0,280.74,8,2022,FCLGA1200,Server,FCLGA1200,0
Intel Xeon E7-8880 v3 @ 2.30GHz,133.0,18244,137.17293233082708,1612,12.1203007518797,150.0,121.63,18,2016,LGA2011-1,Server,Other,0
Intel Core i7-9800X @ 3.80GHz,650.0,18240,28.06153846153846,2595,3.9923076923076923,165.0,110.54,8,2018,FCLGA2066,Desktop,Other,0
Intel Xeon W-2145 @ 3.70GHz,1224.67,18225,14.881559930430237,2625,2.1434345578808984,140.0,130.18,8,2017,FCLGA2066,Server,Other,0
Intel Core i5-12600T,213.30999755859375,18202,85.33120907753104,3805,17.83788872321754,35.0,520.06,6,2022,FCLGA1700,Desktop,Other,1
Intel Xeon E5-2686 v3 @ 2.00GHz,443.19000244140625,18148,40.94857713402353,1910,4.309664002974705,120.0,151.24,18,2015,LGA2011-v3,Server,LGA2011-v3,1
AMD Ryzen 7 5825U,397.4700012207031,18122,45.593377976561804,3064,7.708757870002504,15.0,1208.12,8,2022,AM4,Laptop,AM4,1
Intel Xeon W-1270 @ 3.40GHz,362.0,18093,49.98066298342541,3060,8.453038674033149,80.0,226.17,8,2020,FCLGA1200,Server,FCLGA1200,0
Intel Xeon D-2187NT @ 2.00GHz,1989.0,18070,9.084967320261438,1425,0.7164404223227753,110.0,164.27,16,2020,FCBGA2518,Server,Other,0
AMD Ryzen Embedded V2718,480.57000732421875,17972,37.39725685351626,2439,5.075223095132771,15.0,1198.15,8,2021,FP6,Mobile/Embedded,Other,1
AMD Ryzen 5 PRO 3600,188.4199981689453,17900,95.00053165243163,2609,13.846725535262243,65.0,275.39,6,2019,AM4,Desktop,AM4,1
Intel Core i9-10900TE @ 1.80GHz,444.0,17888,40.288288288288285,2684,6.045045045045045,35.0,511.09,10,2021,FCLGA1200,Mobile/Embedded,FCLGA1200,0
AMD Ryzen 5 3600,153.49,17822,116.111798814255,2576,16.782852303081633,65.0,274.18,6,2019,AM4,Desktop,AM4,0
Intel Xeon E5-2680R v4 @ 2.40GHz,510.8800048828125,17795,34.83205416129348,1833,3.5879266803962313,120.0,148.29,14,2020,FCLGA2011-3,Server,FCLGA2011-3,1
Intel Core i5-11500B @ 3.30GHz,240.50999450683594,17783,73.93871525573778,3224,13.404848337428927,65.0,273.58,6,2021,unknown,Desktop,unknown,1
Intel Xeon E5-2687W v4 @ 3.00GHz,975.1,17757,18.210439954876424,2065,2.1177315147164393,160.0,110.98,12,2016,FCLGA2011-3,Server,FCLGA2011-3,0
Intel Xeon E5-2680 v4 @ 2.40GHz,402.19,17737,44.10104676894005,1949,4.845968323429225,120.0,147.81,14,2016,FCLGA2011-3,Server,FCLGA2011-3,0
Intel Core i5-12500T,202.0,17728,87.76237623762377,3618,17.91089108910891,35.0,506.53,6,2022,FCLGA1700,Desktop,Other,0
Intel Xeon E-2278G @ 3.40GHz,494.0,17706,35.8421052631579,2951,5.973684210526316,80.0,221.33,8,2019,FCLGA1151-2,Server,FCLGA1151-2,0
Intel Xeon Gold 5120 @ 2.20GHz,1561.0,17686,11.32991672005125,1847,1.1832158872517617,105.0,168.43,14,2017,FCLGA3647,Server,FCLGA3647,0
Intel Core i5-11500 @ 2.70GHz,197.19,17626,89.38587149449769,3153,15.989654647801613,65.0,271.17,6,2021,FCLGA1200,Desktop,FCLGA1200,0
AMD Ryzen 7 PRO 5850U,491.07000732421875,17581,35.80141270650339,3057,6.225181653135821,15.0,1172.06,8,2021,FP6,Laptop,Other,1
AMD Ryzen 7 2700X,212.98,17578,82.53357122734529,2436,11.437693680157762,105.0,167.41,8,2018,AM4,Desktop,AM4,0
Intel Xeon Gold 5120T @ 2.20GHz,1727.0,17540,10.156340474811813,1827,1.0579038795599305,105.0,167.04,14,2018,FCLGA3647,Server,FCLGA3647,0
Intel Xeon E5-2673 v4 @ 2.30GHz,1950.0,17533,8.99128205128205,1909,0.978974358974359,135.0,129.87,20,2016,FCLGA2011-3,Server,FCLGA2011-3,0
Intel Xeon W-3223 @ 3.50GHz,820.55,17456,21.27353604289806,2503,3.0503930290658707,160.0,109.1,8,2020,FCLGA3647,Server,FCLGA3647,0
Intel Xeon E5-4669 v3 @ 2.10GHz,5400.0,17430,3.227777777777778,1474,0.27296296296296296,135.0,129.11,18,2015,FCLGA2011-3,Server,FCLGA2011-3,0
Intel Xeon E5-2683 v4 @ 2.10GHz,421.0,17388,41.30166270783848,1633,3.878859857482185,120.0,144.9,16,2016,FCLGA2011-3,Server,FCLGA2011-3,0
Intel Xeon E-2288G @ 3.70GHz,539.0,17313,32.12059369202226,2927,5.430426716141002,95.0,182.24,8,2019,FCLGA1151-2,Server,FCLGA1151-2,0
Intel Core i7-7820X @ 3.60GHz,709.0,17283,24.376586741889987,2539,3.5811001410437235,140.0,123.45,8,2017,FCLGA2066,Desktop,Other,0
AMD Ryzen 7 PRO 2700X,285.739990234375,17221,60.268077932930105,2395,8.381745929351816,105.0,164.01,8,2018,AM4,Desktop,AM4,1
Intel Core i5-11400F @ 2.60GHz,149.99,17213,114.76098406560436,3023,20.15467697846523,65.0,264.82,6,2021,FCLGA1200,Desktop,FCLGA1200,0
AMD Ryzen 5 5600H,366.1300048828125,17196,46.96692369013552,2982,8.14464796720075,45.0,382.14,6,2021,FP6,Laptop,Other,1
Intel Core i7-6950X @ 3.00GHz,377.32,17142,45.430933955263434,2334,6.185730944556345,140.0,122.44,10,2016,LGA2011-v3,Desktop,LGA2011-v3,0
Intel Core i5-11400 @ 2.60GHz,174.21,17132,98.34108260145801,3048,17.49612536593766,65.0,263.57,6,2021,FCLGA1200,Desktop,FCLGA1200,0
AMD Ryzen 7 4800U,505.760009765625,17073,33.75711734882286,2603,5.146709802552914,15.0,1138.18,8,2020,FP6,Laptop,Other,1
Intel Core i7-10700E @ 2.90GHz,330.0,17020,51.57575757575758,2845,8.621212121212121,65.0,261.85,8,2021,FCLGA1200,"Laptop, Mobile/Embedded",FCLGA1200,0
AMD EPYC 7232P,390.27,17017,43.60314653957517,1549,3.9690470699771954,120.0,141.81,8,2020,SP3,Server,SP3,0
Intel Core i7-10700F @ 2.90GHz,249.99,16973,67.89471578863154,2919,11.676467058682347,65.0,261.12,8,2020,FCLGA1200,Desktop,FCLGA1200,0
AMD Ryzen Threadripper 1900X,249.99,16955,67.82271290851634,2343,9.372374894995799,180.0,94.19,8,2017,sTR4,Desktop,Other,0
Intel Core i7-10700 @ 2.90GHz,268.99,16946,62.99862448418157,2922,10.862857355292018,65.0,260.71,8,2020,FCLGA1200,Desktop,FCLGA1200,0
Intel Xeon E5-2689 v4 @ 3.10GHz,536.6099853515625,16936,31.561097374854665,2343,4.366299666348871,165.0,102.64,10,2016,FCLGA2011-3,Server,FCLGA2011-3,1
Intel Core i9-9900 @ 3.10GHz,458.99,16873,36.76114948038084,2863,6.2376086624980935,65.0,259.58,8,2019,FCLGA1151-2,Desktop,FCLGA1151-2,0
Intel Xeon E5-2686 v4 @ 2.30GHz,297.8599853515625,16745,56.21768892600988,1613,5.415296042857804,145.0,115.48,18,2016,FCLGA2011-3,Server,FCLGA2011-3,1
AMD Ryzen 5 4500,141.75,16698,117.7989417989418,2605,18.377425044091712,65.0,256.89,6,2022,AM4,Desktop,AM4,0
Intel Xeon Gold 6134 @ 3.20GHz,1699.99,16518,9.71652774428085,2240,1.317654809734175,130.0,127.06,8,2017,FCLGA3647,Server,FCLGA3647,0
Intel Core i5-11500H @ 2.90GHz,250.0,16458,65.832,3148,12.592,45.0,365.74,6,2021,FCBGA1787,Laptop,Other,0
Intel Xeon E5-2690 v3 @ 2.60GHz,235.19,16444,69.91793868786938,1903,8.091330413708066,135.0,121.8,12,2014,LGA2011-v3,Server,LGA2011-v3,0
AMD Ryzen 5 PRO 4650G,257.36,16428,63.83276344420267,2664,10.35125893689773,65.0,252.73,6,2020,AM4,Desktop,AM4,0
Intel Core i7-11600H @ 2.90GHz,395.0,16403,41.526582278481015,3185,8.063291139240507,45.0,364.51,6,2021,FCBGA1787,Laptop,Other,0
Intel Core i7-10700TE @ 2.00GHz,330.0,16332,49.49090909090909,2772,8.4,35.0,466.63,8,2021,FCLGA1200,Laptop,FCLGA1200,0
AMD Ryzen 7 1800X,178.03,16306,91.59130483626355,2186,12.278829410773465,95.0,171.64,8,2017,AM4,Desktop,AM4,0
Intel Xeon Gold 5118 @ 2.30GHz,699.0,16287,23.300429184549355,1746,2.4978540772532187,105.0,155.12,12,2017,FCLGA3647,Server,FCLGA3647,0
Intel Core i9-10980HK @ 2.40GHz,583.0,16271,27.90909090909091,2869,4.921097770154374,45.0,361.57,8,2020,FCBGA1440,Laptop,FCBGA1440,0
AMD Ryzen Embedded V2748,358.9700012207031,16186,45.09011879811224,2646,7.3710894810209435,54.0,299.74,8,2021,FP6,Mobile/Embedded,Other,1
Intel Xeon E5-2669 v3 @ 2.30GHz,283.0,16107,56.91519434628975,1502,5.307420494699647,120.0,134.23,12,2016,LGA2011-v3,Server,LGA2011-v3,1
AMD Ryzen 7 5700U,475.3500061035156,16104,33.87819457920251,2618,5.507520703449587,15.0,1073.63,8,2021,FP6,Laptop,Other,1
Intel Core i5-11400H @ 2.70GHz,250.0,16073,64.292,3061,12.244,45.0,357.17,6,2021,FCBGA1787,Laptop,Other,0
Intel Core i7-1260P,358.29998779296875,16020,44.711137442897716,3067,8.559866325678358,28.0,572.16,4,2022,BGA1700,Laptop,Other,1
Intel Xeon W-10885M @ 2.40GHz,623.0,16013,25.703049759229536,2768,4.443017656500802,45.0,355.84,8,2020,FCBGA1440,"Laptop, Server",FCBGA1440,0
AMD Ryzen 7 4850U Mobile,463.1199951171875,15920,34.3755401793257,2653,5.728536940687881,15.0,1061.35,8,2022,FP6,Laptop,Other,1
Intel Xeon E-2336 @ 2.90GHz,304.0,15900,52.30263157894737,3353,11.029605263157896,65.0,244.61,6,2022,FCLGA1200,Server,FCLGA1200,0
Intel Xeon Gold 5117 @ 2.00GHz,397.45001220703125,15816,39.793683518020536,1531,3.8520567441887605,105.0,150.63,14,2017,unknown,Server,unknown,1
Intel Xeon E5-2695 v3 @ 2.30GHz,243.19,15801,64.97388872897734,1739,7.1507874501418645,120.0,131.68,14,2014,LGA2011-v3,Server,LGA2011-v3,0
Intel Xeon Silver 4214 @ 2.20GHz,761.7,15772,20.70631482210844,1712,2.2476040435867137,85.0,185.55,12,2019,FCLGA3647,Server,FCLGA3647,0
AMD Ryzen 5 PRO 4650GE,218.74000549316406,15712,71.82956754790345,2632,12.032549757260812,35.0,448.91,6,2020,AM4,Desktop,AM4,1
Intel Core i9-10885H @ 2.40GHz,556.0,15679,28.199640287769785,2810,5.053956834532374,45.0,348.42,8,2020,FCBGA1440,Laptop,FCBGA1440,0
AMD Ryzen 5 4600GE,210.16000366210938,15656,74.49562108483482,2605,12.395317637071713,35.0,447.31,6,2020,AM4,Desktop,AM4,1
AMD Ryzen 7 2700,254.2,15654,61.581431943351696,2197,8.642800944138473,65.0,240.82,8,2018,AM4,Desktop,AM4,0
AMD Ryzen 5 4600G,194.97000122070312,15577,79.89434221917591,2658,13.632866509505654,65.0,239.65,6,2020,AM4,Desktop,AM4,1
AMD Ryzen 7 PRO 1700X,226.77999877929688,15530,68.48046601814234,2231,9.837728247680332,95.0,163.47,8,2017,AM4,Desktop,AM4,1
Intel Xeon E5-2680 v3 @ 2.50GHz,142.0,15522,109.30985915492958,1774,12.492957746478874,120.0,129.35,12,2014,LGA2011-v3,Server,LGA2011-v3,0
AMD Ryzen 7 PRO 4750U,505.760009765625,15511,30.668696022819155,2562,5.065643685801216,15.0,1034.04,8,2020,FP6,Laptop,Other,1
AMD Ryzen 7 1700X,168.06,15496,92.20516482208735,2074,12.340830655718197,95.0,163.12,8,2017,AM4,Desktop,AM4,0
Intel Xeon Gold 5217 @ 3.00GHz,1645.0,15429,9.379331306990881,2173,1.3209726443768997,115.0,134.16,8,2019,FCLGA3647,Server,FCLGA3647,0
Intel Core i7-10875H @ 2.30GHz,450.0,15426,34.28,2778,6.173333333333333,45.0,342.79,8,2020,FCBGA1440,Laptop,FCBGA1440,0
Intel Xeon Gold 5215 @ 2.50GHz,1384.95,15420,11.133975955810678,1866,1.347341059244016,85.0,181.42,10,2019,FCLGA3647,Server,FCLGA3647,0
Intel Xeon E5-4667 v3 @ 2.00GHz,5729.0,15397,2.6875545470413686,1461,0.2550183278058998,135.0,114.05,16,2018,FCLGA2011-3,Server,FCLGA2011-3,0
AMD Ryzen 5 PRO 5650U,398.0199890136719,15373,38.62368831800541,2965,7.449374608917325,15.0,1024.86,6,2021,FP6,Laptop,Other,1
Intel Core i5-11260H @ 2.60GHz,250.0,15313,61.252,2969,11.876,45.0,340.29,6,2021,FCBGA1787,Laptop,Other,0
Intel Core i7-11700T @ 1.40GHz,323.0,15271,47.27863777089783,2859,8.85139318885449,35.0,436.3,8,2021,FCLGA1200,Desktop,FCLGA1200,0
Intel Core i5-11600T @ 1.70GHz,213.0,15254,71.6150234741784,2884,13.539906103286384,35.0,435.82,6,2021,FCLGA1200,Desktop,FCLGA1200,0
Intel Xeon E-2278GE @ 3.30GHz,494.0,15252,30.874493927125506,2639,5.342105263157895,80.0,190.66,8,2020,FCLGA1151-2,Server,FCLGA1151-2,0
Intel Xeon E-2286M @ 2.40GHz,1373.18,15249,11.104880642013429,2778,2.0230414075357928,45.0,338.87,8,2019,FCBGA1440,Laptop,FCBGA1440,0
Intel Xeon Silver 4214Y @ 2.20GHz,768.0,15248,19.854166666666668,1790,2.3307291666666665,85.0,179.39,12,2020,FCLGA3647,Server,FCLGA3647,0
AMD Ryzen 5 5600U,398.0199890136719,15241,38.292046682802344,2924,7.346364707073949,15.0,1016.06,6,2021,FP6,Laptop,Other,1
Intel Xeon Silver 4116T @ 2.10GHz,1112.0,15187,13.657374100719425,1781,1.6016187050359711,85.0,178.66,12,2021,FCLGA3647,Server,FCLGA3647,0
Intel Xeon Silver 4215R @ 3.20GHz,860.0,15147,17.61279069767442,2349,2.7313953488372094,130.0,116.51,8,2020,FCLGA3647,Server,FCLGA3647,0
Intel Core i9-10900T @ 1.90GHz,439.0,15134,34.47380410022779,2523,5.747152619589977,35.0,432.4,10,2020,FCLGA1200,Desktop,FCLGA1200,0
Intel Xeon D-2166NT @ 2.00GHz,1005.0,15105,15.029850746268657,1751,1.7422885572139304,85.0,177.7,12,2020,FCBGA2518,Server,Other,0
AMD Ryzen 5 5625U,394.1600036621094,15099,38.30677861710063,3050,7.737974354735873,15.0,1006.6,6,2022,FP6,Laptop,Other,1
Intel Core i9-10880H @ 2.30GHz,472.5400085449219,15064,31.878782172087647,2805,5.936005310190245,45.0,334.75,8,2020,FCBGA1440,Laptop,FCBGA1440,1
AMD Ryzen 7 PRO 2700,221.69000244140625,15059,67.92818726221164,2145,9.675673130848262,65.0,231.67,8,2018,AM4,Desktop,AM4,1
Intel Xeon E5-2660 v4 @ 2.00GHz,254.45,15038,59.10001965022598,1897,7.455295735900963,105.0,143.22,14,2016,FCLGA2011-3,Server,FCLGA2011-3,0
Intel Xeon Silver 4210R @ 2.40GHz,519.99,15030,28.90440200773092,1831,3.5212215619531144,100.0,150.3,10,2020,FCLGA3647,Server,FCLGA3647,0
Intel Core i7-10870H @ 2.20GHz,417.0,15027,36.03597122302158,2726,6.537170263788969,45.0,333.93,8,2020,FCBGA1440,Laptop,FCBGA1440,0
AMD EPYC 7301,1499.98,14991,9.994133255110068,1363,0.9086787823837651,155.0,96.72,16,2019,SP3,Server,SP3,0
Intel Core i3-12300,143.0,14955,104.58041958041959,3673,25.685314685314687,60.0,249.26,4,2022,LGA 1700,Desktop,Other,0
AMD EPYC 7251,1111.0,14935,13.442844284428443,1671,1.5040504050405041,120.0,124.46,8,2018,SP3,Server,SP3,0
Intel Xeon Silver 4116 @ 2.10GHz,389.99,14931,38.28559706659145,1709,4.382163645221672,85.0,175.66,12,2018,FCLGA3647,Server,FCLGA3647,0
Intel Xeon W-1250P @ 4.10GHz,596.66,14924,25.01256997284886,2985,5.002849193845742,125.0,119.39,6,2021,FCLGA1200,"Desktop, Server",FCLGA1200,0
Intel Xeon E5-2699A v4 @ 2.40GHz,4938.0,14917,3.0208586472255976,1037,0.21000405022276225,145.0,102.87,22,2019,FCLGA2011-3,Server,FCLGA2011-3,0
Intel Xeon E5-2658A v3 @ 2.20GHz,1832.0,14879,8.121724890829695,1688,0.9213973799126638,105.0,141.71,12,2019,FCLGA2011-3,Server,FCLGA2011-3,0
Intel Xeon E5-2683 v3 @ 2.00GHz,1498.95,14829,9.892925047533273,1571,1.0480669802194869,120.0,123.57,14,2015,LGA2011-v3,Server,LGA2011-v3,0
Intel Xeon E5-1681 v3 @ 2.90GHz,408.5,14820,36.27906976744186,2040,4.993880048959609,135.0,109.78,10,2016,LGA2011-v3,Server,LGA2011-v3,1
Intel Xeon E5-2687W v3 @ 3.10GHz,679.95,14812,21.783954702551657,1897,2.7899110228693282,160.0,92.57,10,2014,LGA2011-v3,Server,LGA2011-v3,0
AMD Ryzen 5 PRO 4400GE,435.4100036621094,14795,33.979467342420875,2664,6.118371138912417,35.0,422.71,6,2020,unknown,Laptop,unknown,1
AMD Ryzen 5 4600HS,389.8399963378906,14735,37.79755832756719,2468,6.3308024399345655,35.0,421.01,6,2020,FP6,Laptop,Other,1
AMD Ryzen 5 4600H,389.3699951171875,14735,37.843183051547804,2461,6.32046647369251,45.0,327.45,6,2020,FP6,Laptop,Other,1
Intel Core i9-9980HK @ 2.40GHz,583.0,14728,25.262435677530018,2620,4.493996569468267,45.0,327.29,8,2019,FCBGA1440,Laptop,FCBGA1440,0
Apple M1 8 Core 3200 MHz,508.19000244140625,14694,28.914382277117312,3763,7.4047108009250335,15.1,973.12,8,2021,unknown,"Desktop, Laptop, Mobile/Embedded",unknown,1
Intel Xeon E5-2678 v3 @ 2.50GHz,170.0,14682,86.36470588235294,1718,10.105882352941176,120.0,122.35,12,2015,LGA2011-v3,Server,LGA2011-v3,0
AMD Ryzen 7 2700E,286.8399963378906,14657,51.09817384997595,2410,8.401896634948628,45.0,325.72,8,2019,AM4,Desktop,AM4,1
AMD Ryzen 7 1700,152.68,14628,95.80822635577678,1985,13.001047943411056,65.0,225.05,8,2017,AM4,Desktop,AM4,0
AMD Ryzen 7 PRO 1700,187.41000366210938,14590,77.8507001488833,2026,10.810522172833283,65.0,224.45,8,2017,AM4,Desktop,AM4,1
Intel Core i5-10600KF @ 4.10GHz,184.98,14575,78.79230187047249,2948,15.936858038706887,125.0,116.6,6,2020,FCLGA1200,Desktop,FCLGA1200,0
Intel Core i7-9700K @ 3.60GHz,390.99,14550,37.21322795979437,2899,7.414511880099235,95.0,153.16,8,2018,FCLGA1151-2,Desktop,FCLGA1151-2,0
Intel Core i7-8086K @ 4.00GHz,549.0,14550,26.502732240437158,2895,5.273224043715847,95.0,153.16,6,2018,FCLGA1151-2,Desktop,FCLGA1151-2,0
Intel Xeon E5-2676 v3 @ 2.40GHz,191.99000549316406,14537,75.71748311928457,1687,8.786915733798793,120.0,121.14,12,2015,LGA2011-v3,Server,LGA2011-v3,1
Intel Core i5-10600K @ 4.10GHz,212.97,14534,68.24435366483543,2936,13.78597924590318,125.0,116.27,6,2020,FCLGA1200,Desktop,FCLGA1200,0
Intel Core i3-12100,122.0,14503,118.87704918032787,3549,29.09016393442623,60.0,241.72,4,2022,LGA 1700,Desktop,Other,0
Intel Core i7-9700KF @ 3.60GHz,424.99,14499,34.11609684933763,2920,6.870749899997647,95.0,152.62,8,2019,FCLGA1151-2,Desktop,FCLGA1151-2,0
Intel Core i3-12100F,107.99,14490,134.1790906565423,3532,32.706732104824525,58.0,249.83,4,2022,FCLGA1700,Server,Other,0
Intel Xeon Silver 4215 @ 2.50GHz,869.95,14439,16.59750560377033,2060,2.3679521811598367,85.0,169.87,8,2019,FCLGA3647,Server,FCLGA3647,0
Intel Xeon E5-2658 v4 @ 2.30GHz,324.5400085449219,14434,44.475256116233474,1583,4.8776728856864064,105.0,137.46,14,2016,FCLGA2011-3,Server,FCLGA2011-3,1
Intel Xeon Silver 4123 @ 3.00GHz,690.969970703125,14405,20.847505117106028,1967,2.846722843828362,105.0,137.19,8,2018,unknown,Server,unknown,1
Intel Xeon E-2286G @ 4.00GHz,551.26,14384,26.09295069477198,2846,5.162718136632442,95.0,151.41,6,2019,FCLGA1151-2,Server,FCLGA1151-2,0
Intel Xeon W-2235 @ 3.80GHz,582.99,14332,24.583612068817647,2662,4.566116056879192,130.0,110.25,6,2020,FCLGA2066,Server,Other,0
Intel Xeon E-2236 @ 3.40GHz,327.31,14307,43.71085515260762,2851,8.710396871467417,80.0,178.84,6,2019,FCLGA1151-2,Server,FCLGA1151-2,0
Intel Core i7-6900K @ 3.20GHz,384.95,14291,37.124301857384076,2361,6.133264060267567,140.0,102.08,8,2016,FCLGA2011-3,Desktop,FCLGA2011-3,0
Intel Xeon Silver 4210 @ 2.20GHz,449.0,14285,31.815144766146993,1858,4.138084632516704,85.0,168.06,10,2019,FCLGA3647,Server,FCLGA3647,0
Intel Xeon Gold 6128 @ 3.40GHz,1719.0,14273,8.303083187899942,2247,1.307155322862129,115.0,124.11,6,2017,FCLGA3647,Server,FCLGA3647,0
Intel Xeon E5-4660 v3 @ 2.10GHz,4800.0,14256,2.97,1558,0.32458333333333333,120.0,118.8,14,2017,FCLGA2011-3,Server,FCLGA2011-3,0
AMD Ryzen 5 PRO 5675U,395.5400085449219,14253,36.03428146859959,2783,7.035950700000887,15.0,950.21,6,2022,FP6,Laptop,Other,1
Intel Xeon E5-2697 v2 @ 2.70GHz,162.5,14218,87.49538461538461,1811,11.144615384615385,130.0,109.37,12,2013,FCLGA2011,Server,Other,0
Intel Xeon E5-1680 v4 @ 3.40GHz,4719.0,14120,2.9921593557957196,2348,0.49756304301758847,140.0,100.86,8,2016,FCLGA2011-3,Server,FCLGA2011-3,0
Intel Xeon E5-2673 v3 @ 2.40GHz,700.0,14112,20.16,1723,2.4614285714285713,110.0,128.29,12,2015,LGA2011-v3,Server,LGA2011-v3,0
Intel Xeon W-2135 @ 3.70GHz,1007.7,14109,14.001190830604346,2592,2.5721941053885082,140.0,100.78,6,2017,FCLGA2066,Server,Other,0
Intel Xeon E-2374G @ 3.70GHz,357.0,14086,39.45658263305322,3445,9.64985994397759,80.0,176.07,4,2022,FCLGA1200,Server,FCLGA1200,0
AMD Ryzen 5 2600X,154.39,14053,91.0227346330721,2406,15.583910875056675,95.0,147.92,6,2018,AM4,Desktop,AM4,0
Intel Xeon E-2246G @ 3.60GHz,311.0,14050,45.17684887459807,2825,9.083601286173634,80.0,175.62,6,2019,FCLGA1151-2,Server,FCLGA1151-2,0
Intel Core i9-9880H @ 2.30GHz,556.0,13979,25.142086330935253,2555,4.595323741007194,45.0,310.64,8,2019,FCBGA1440,Laptop,FCBGA1440,0
AMD Ryzen 3 PRO 5350G,176.75999450683594,13976,79.0676648242343,3104,17.56053460320716,65.0,215.01,4,2021,AM4,Desktop,AM4,1
AMD EPYC 3251,315.0,13965,44.333333333333336,1872,5.942857142857143,50.0,279.3,8,2019,SP4r2,Server,Other,0
Intel Core i9-9900T @ 2.10GHz,439.0,13947,31.76993166287016,2505,5.70615034168565,35.0,398.49,8,2019,FCLGA1151-2,Desktop,FCLGA1151-2,0
Intel Core i5-10600 @ 3.30GHz,219.99,13928,63.31196872585117,2911,13.232419655438884,65.0,214.27,6,2020,FCLGA1200,Desktop,FCLGA1200,0
Intel Xeon E5-2670 v3 @ 2.30GHz,63.99,13917,217.48710736052507,1695,26.48851383028598,120.0,115.97,12,2014,LGA2011-v3,Server,LGA2011-v3,0
Intel Xeon E-2186G @ 3.80GHz,542.78,13909,25.62548362135672,2780,5.121780463539556,95.0,146.41,6,2018,FCLGA1151-2,Server,FCLGA1151-2,0
Intel Core i7-8700K @ 3.70GHz,309.0,13850,44.82200647249191,2764,8.944983818770227,95.0,145.79,6,2017,FCLGA1151-2,Desktop,FCLGA1151-2,0
Intel Xeon E5-2667 v4 @ 3.20GHz,357.5,13846,38.73006993006993,2158,6.036363636363636,135.0,102.57,8,2016,FCLGA2011-3,Server,FCLGA2011-3,0
AMD Ryzen 3 5300GE,188.41000366210938,13843,73.47274417989902,3104,16.474709090111,35.0,395.51,4,2021,AM4,Desktop,AM4,1
Intel Core i5-11500T @ 1.50GHz,192.0,13820,71.97916666666667,2571,13.390625,35.0,394.85,6,2021,FCLGA1200,Desktop,FCLGA1200,0
Intel Xeon W-1250 @ 3.30GHz,312.39,13799,44.17234866673069,2859,9.152021511572073,80.0,172.49,6,2020,FCLGA1200,Server,FCLGA1200,0
AMD Ryzen 3 PRO 5350GE,188.41000366210938,13707,72.75091414244571,3106,16.485324237720608,35.0,391.62,4,2021,AM4,Desktop,AM4,1
AMD Ryzen 7 4700U,505.760009765625,13648,26.985130766516395,2553,5.047848684563039,15.0,909.83,8,2020,FP6,Laptop,Other,1
Intel Xeon E-2176G @ 3.70GHz,448.0,13643,30.453125,2749,6.136160714285714,80.0,170.54,6,2018,FCLGA1151-2,Server,FCLGA1151-2,0
Intel Xeon W-1270TE @ 2.00GHz,367.0,13553,36.9291553133515,2796,7.618528610354224,35.0,387.24,8,2021,FCLGA1200,Server,FCLGA1200,0
Intel Xeon E5-2695 v2 @ 2.40GHz,183.0,13521,73.88524590163935,1604,8.765027322404372,115.0,117.57,12,2013,LGA 2011,Server,Other,0
Intel Xeon E5-2650 v4 @ 2.20GHz,1199.99,13489,11.240927007725064,1578,1.3150109584246534,105.0,128.47,12,2016,FCLGA2011-3,Server,FCLGA2011-3,0
Intel Xeon E5-2658 v3 @ 2.20GHz,263.010009765625,13487,51.27941712947965,1711,6.505455824760116,105.0,128.45,12,2015,LGA2011-v3,Server,LGA2011-v3,1
Intel Xeon E5-2690 v2 @ 3.00GHz,148.0,13481,91.08783783783784,1880,12.702702702702704,130.0,103.7,10,2013,FCLGA2011,Server,Other,0
Intel Core i7-9700F @ 3.00GHz,340.99,13462,39.47916361183612,2796,8.199653948796152,65.0,207.11,8,2019,FCLGA1151-2,Desktop,FCLGA1151-2,0
AMD Ryzen 5 4600U,432.1600036621094,13460,31.145871635367484,2418,5.5951498970519,15.0,897.36,6,2020,FP6,Laptop,Other,1
Intel Core i7-9700 @ 3.00GHz,322.85,13385,41.45888183366888,2782,8.617004800991172,65.0,205.93,8,2019,FCLGA1151-2,Desktop,FCLGA1151-2,0
Intel Xeon E-2276G @ 3.80GHz,442.9,13371,30.189659065251753,2894,6.534206367125762,80.0,167.13,6,2019,FCLGA1151-2,Server,FCLGA1151-2,0
Intel Xeon E-2136 @ 3.30GHz,321.99,13356,41.479549054318454,2711,8.41951613404143,80.0,166.96,6,2018,FCLGA1151-2,Server,FCLGA1151-2,0
Intel Xeon E-2146G @ 3.50GHz,369.94,13351,36.089636157214684,2679,7.241714872682056,80.0,166.89,6,2018,FCLGA1151-2,Server,FCLGA1151-2,0
Intel Xeon E5-1660 v4 @ 3.20GHz,1494.0,13340,8.92904953145917,2193,1.4678714859437751,140.0,95.29,8,2016,FCLGA2011-3,Server,FCLGA2011-3,0
AMD Ryzen 5 3500X,184.95,13319,72.01405785347391,2525,13.65233846985672,65.0,204.91,6,2019,AM4,Desktop,AM4,0
AMD Ryzen 5 PRO 2600,180.00999450683594,13250,73.60702407830375,2263,12.571524187864258,65.0,203.84,6,2018,AM4,Desktop,AM4,1
Intel Xeon E5-1680 v3 @ 3.20GHz,589.99,13214,22.396989779487786,2127,3.60514584992966,140.0,94.38,8,2015,LGA2011-v3,Server,LGA2011-v3,0
AMD Ryzen 5 2600,124.88,13195,105.66143497757848,2250,18.01729660474055,65.0,202.99,6,2018,AM4,Desktop,AM4,0
AMD Ryzen 5 5500U,396.5199890136719,13190,33.264401204109824,2459,6.201452809773014,15.0,879.33,6,2021,FP6,Laptop,Other,1
Intel Xeon E-2334 @ 3.40GHz,305.99,13189,43.102715775025324,3244,10.601653648812052,65.0,202.9,4,2022,FCLGA1200,Server,FCLGA1200,0
Intel Xeon Silver 4114 @ 2.20GHz,775.0,13169,16.99225806451613,1681,2.169032258064516,85.0,154.93,10,2017,FCLGA3647,Server,FCLGA3647,0
Intel Xeon E5-2660 v3 @ 2.60GHz,142.73,13146,92.10397253555665,1796,12.583199047151966,105.0,125.2,10,2014,LGA2011-v3,Server,LGA2011-v3,0
AMD Ryzen 3 5300G,177.99000549316406,13139,73.81875158436702,3055,17.16388508183585,65.0,202.14,4,2021,AM4,Desktop,AM4,1
Intel Core i7-10700T @ 2.00GHz,447.99,13119,29.284135806602826,2661,5.939864729123418,35.0,374.82,8,2020,FCLGA1200,Desktop,FCLGA1200,0
Intel Xeon D-2143IT @ 2.20GHz,566.0,13107,23.157243816254418,1812,3.2014134275618376,65.0,201.64,8,2018,FCBGA2518,Server,Other,0
Intel Core i5-11400T @ 1.30GHz,182.0,13078,71.85714285714286,2549,14.005494505494505,35.0,373.67,6,2021,FCLGA1200,Desktop,FCLGA1200,0
Intel Core i5-10500 @ 3.10GHz,209.88,13056,62.20697541452259,2785,13.2694873260911,65.0,200.86,6,2020,FCLGA1200,Desktop,FCLGA1200,0
Intel Core i7-8700 @ 3.20GHz,260.99,13046,49.986589524502854,2662,10.19962450668608,65.0,200.71,6,2017,FCLGA1151-2,Desktop,FCLGA1151-2,0
Intel Xeon E5-4627 v4 @ 2.60GHz,999.99,12969,12.969129691296914,2030,2.030020300203002,135.0,96.07,10,2017,FCLGA2011-3,Server,FCLGA2011-3,0
Intel Xeon W-10855M @ 2.80GHz,450.0,12955,28.788888888888888,2776,6.168888888888889,45.0,287.89,6,2020,FCBGA1440,"Laptop, Server",FCBGA1440,0
Intel Xeon E5-2685 v3 @ 2.60GHz,338.3299865722656,12944,38.258506528315735,1726,5.101528296343709,120.0,107.87,12,2015,LGA2011-v3,Server,LGA2011-v3,1
AMD Ryzen 5 1600X,169.46,12943,76.37790629057004,2183,12.882096069868995,95.0,136.25,6,2017,AM4,Desktop,AM4,0
AMD Ryzen 5 PRO 4650U,427.8399963378906,12889,30.12574820101857,2462,5.754487708193632,15.0,859.29,6,2020,FP6,Laptop,Other,1
Intel Core i7-7800X @ 3.50GHz,199.99,12864,64.32321616080803,2414,12.070603530176509,140.0,91.89,6,2017,FCLGA2066,Desktop,Other,0
AMD Ryzen 5 3500,179.50999450683594,12836,71.50576788364388,2515,14.010361968476502,65.0,197.47,6,2019,AM4,Desktop,AM4,1
Intel Xeon E5-2618L v4 @ 2.20GHz,700.39,12816,18.29837661874099,2013,2.874112994188952,75.0,170.88,10,2017,FCLGA2011-3,Server,FCLGA2011-3,0
Intel Core i3-12100T,122.0,12767,104.64754098360656,3412,27.9672131147541,35.0,364.77,4,2022,FCLGA1700,Desktop,Other,0
AMD Ryzen 3 3300X,269.99,12746,47.209155894662764,2689,9.959628134375347,65.0,196.1,4,2020,AM4,Desktop,AM4,0
Intel Core i7-5960X @ 3.00GHz,215.61,12719,58.990770372431705,1979,9.17860952645981,140.0,90.85,8,2014,LGA2011-v3,Desktop,LGA2011-v3,0
Intel Xeon E5-2680 v2 @ 2.80GHz,139.53,12530,89.80147638500681,1789,12.82161542320648,115.0,108.96,10,2013,FCLGA2011,Server,Other,0
Intel Xeon E5-1680 v2 @ 3.00GHz,272.1400146484375,12503,45.943262023234354,2074,7.621076976420704,130.0,96.18,8,2014,LGA 2011,Server,Other,1
Intel Xeon E5-4657L v2 @ 2.40GHz,751.19,12495,16.63360800862631,1478,1.9675448288715236,115.0,108.66,12,2015,FCLGA2011,Server,Other,0
Intel Core i5-10400F @ 2.90GHz,124.99,12439,99.51996159692776,2572,20.577646211696937,65.0,191.37,6,2020,FCLGA1200,Desktop,FCLGA1200,0
Intel Xeon W-2133 @ 3.60GHz,617.0,12438,20.158833063209077,2274,3.685575364667747,140.0,88.84,6,2017,FCLGA2066,Server,Other,0
Intel Xeon E5-2649 v3 @ 2.30GHz,306.20001220703125,12399,40.49314012311879,1674,5.467014804911755,105.0,118.09,10,2018,LGA2011-v3,Server,LGA2011-v3,1
Intel Core i7-11375H @ 3.30GHz,482.0,12383,25.690871369294605,3105,6.441908713692946,35.0,353.79,4,2021,FCBGA1449,Laptop,Other,0
Intel Xeon E5-1660 v3 @ 3.00GHz,398.95,12360,30.981325980699335,1976,4.9530016292768515,140.0,88.28,8,2014,LGA2011-v3,Server,LGA2011-v3,0
Intel Core i7-10750H @ 2.60GHz,390.82000732421875,12355,31.61301818857617,2716,6.949490683947623,45.0,274.54,6,2020,FCBGA1440,Laptop,FCBGA1440,1
Intel Xeon E5-2667 v3 @ 3.20GHz,403.0,12354,30.655086848635236,1983,4.920595533498759,135.0,91.51,8,2014,LGA2011-v3,Server,LGA2011-v3,0
Intel Core i7-1265U,426.0,12334,28.953051643192488,3422,8.032863849765258,15.0,822.28,2,2022,FCBGA1744,"Laptop, Mobile/Embedded",Other,0
Intel Core i5-10400 @ 2.90GHz,149.99,12320,82.13880925395026,2587,17.247816521101406,65.0,189.53,6,2020,FCLGA1200,Desktop,FCLGA1200,0
AMD Ryzen 5 1600,159.82,12314,77.04918032786885,2074,12.977099236641221,65.0,189.45,6,2017,AM4,Desktop,AM4,0
Intel Core i7-8700B @ 3.20GHz,303.0,12239,40.39273927392739,2751,9.07920792079208,65.0,188.3,6,2019,FCBGA1440,Laptop,FCBGA1440,0
Intel Core i7-9700E @ 2.60GHz,323.0,12239,37.89164086687307,2576,7.975232198142415,65.0,188.3,8,2020,FCLGA1151-2,Desktop,FCLGA1151-2,0
AMD Ryzen 3 PRO 5475U,391.3399963378906,12230,31.251597369159217,3001,7.668523606283467,15.0,815.33,4,2021,FP6,Laptop,Other,1
Intel Xeon E5-2667 v2 @ 3.30GHz,174.95,12222,69.85995998856816,2018,11.534724206916263,130.0,94.02,8,2014,LGA 2011,Server,Other,0
Intel Core i5-10505 @ 3.20GHz,178.52000427246094,12221,68.45731406855703,2874,16.099036137225504,65.0,188.02,6,2021,FCLGA1200,Desktop,FCLGA1200,1
Intel Xeon D-2141I @ 2.20GHz,555.0,12177,21.94054054054054,1756,3.163963963963964,65.0,187.33,8,2019,FCBGA2518,Server,Other,0
Intel Core i7-10850H @ 2.70GHz,395.0,12124,30.69367088607595,2740,6.936708860759493,45.0,269.42,6,2020,FCBGA1440,Laptop,FCBGA1440,0
Intel Xeon E5-2692 v2 @ 2.20GHz,304.45001220703125,12119,39.806206319869915,1571,5.160124608343563,115.0,105.38,12,2016,LGA 2011,Server,Other,1
Intel Core i7-11370H @ 3.30GHz,426.0,12098,28.399061032863848,3017,7.082159624413146,35.0,345.66,4,2021,FCBGA1449,Laptop,Other,0
Intel Xeon E5-2687W v2 @ 3.40GHz,432.19,12083,27.95761123579907,2067,4.782618755639881,150.0,80.56,8,2013,FCLGA2011,Server,Other,0
AMD Ryzen 5 PRO 4500U,432.3900146484375,12049,27.866045911806395,2486,5.74943896893939,15.0,803.25,6,2020,FP6,Laptop,Other,1
Intel Xeon E-2278GEL @ 2.00GHz,494.0,12024,24.34008097165992,2428,4.91497975708502,35.0,343.53,8,2019,FCLGA1151-2,Server,FCLGA1151-2,0
Intel Xeon E5-2640 v4 @ 2.40GHz,461.0,11950,25.92190889370933,1818,3.943600867678959,90.0,132.78,10,2016,FCLGA2011-3,Server,FCLGA2011-3,0
Intel Core i5-1245U,348.8399963378906,11934,34.210526674930314,3386,9.706455783585893,15.0,795.59,2,2022,BGA1700,Mobile/Embedded,Other,1
Intel Xeon E5-2650 v3 @ 2.30GHz,107.87,11931,110.6053583016594,1629,15.101511078149624,105.0,113.63,10,2014,LGA2011-v3,Server,LGA2011-v3,0
Intel Xeon E5-2673 v2 @ 3.30GHz,437.42999267578125,11919,27.247788673773552,1959,4.478430909633559,110.0,108.35,8,2016,LGA 2011,Server,Other,1
AMD Ryzen 3 5400U,392.7099914550781,11839,30.146928414359575,2893,7.366759346460195,15.0,789.29,4,2021,FP6,Laptop,Other,1
Intel Xeon E5-2650L v3 @ 1.80GHz,1365.0,11820,8.659340659340659,1397,1.0234432234432234,65.0,181.85,12,2015,LGA2011-v3,Server,LGA2011-v3,0
Intel Xeon E-2276M @ 2.80GHz,450.0,11818,26.26222222222222,2648,5.884444444444444,45.0,262.62,6,2019,FCBGA1440,Laptop,FCBGA1440,0
Intel Xeon E5-2663 v3 @ 2.80GHz,363.6400146484375,11777,32.38642483112276,2040,5.609943674576754,120.0,98.14,10,2015,LGA2011-v3,Server,LGA2011-v3,1
Intel Xeon D-2146NT @ 2.30GHz,641.0,11736,18.308892355694226,1802,2.811232449297972,80.0,146.69,8,2019,FCBGA2518,Server,Other,0
Intel Xeon E5-2670 v2 @ 2.50GHz,79.0,11718,148.32911392405063,1658,20.9873417721519,115.0,101.9,10,2014,FCLGA2011,Server,Other,0
AMD Ryzen 3 3100,137.95,11660,84.52337803552012,2427,17.593330916998916,65.0,179.38,4,2020,AM4,Desktop,AM4,0
Intel Xeon D-1577 @ 1.30GHz,1176.0,11645,9.90221088435374,1319,1.1215986394557824,45.0,258.78,16,2020,FCBGA1667,Server,Other,0
Intel Core i5-10500H @ 2.50GHz,250.0,11604,46.416,2620,10.48,45.0,257.86,6,2021,FCBGA1440,Laptop,FCBGA1440,0
Intel Xeon E5-2648L v4 @ 1.80GHz,1298.7,11547,8.891198891198892,1435,1.104951104951105,75.0,153.96,14,2017,FCLGA2011-3,Server,FCLGA2011-3,0
Intel Xeon E5-1650 v4 @ 3.60GHz,453.7,11534,25.422085078245537,2406,5.303063698479171,140.0,82.38,6,2016,FCLGA2011-3,Server,FCLGA2011-3,0
Intel Xeon E5-4669 v4 @ 2.20GHz,403.0,11523,28.59305210918114,1366,3.389578163771712,135.0,85.35,22,2017,FCLGA2011-3,Server,FCLGA2011-3,1
Intel Core i7-9850H @ 2.60GHz,1305.76,11483,8.794112241146918,2550,1.9528856757750275,45.0,255.18,6,2019,unknown,Laptop,unknown,0
AMD Ryzen 3 PRO 5450U,385.8500061035156,11453,29.682518644116325,2847,7.378514850240039,15.0,763.53,4,2021,FP6,Laptop,Other,1
Intel Xeon E5-2650L v4 @ 1.70GHz,700.0,11436,16.337142857142858,1385,1.9785714285714286,65.0,175.93,14,2017,FCLGA2011-3,Server,FCLGA2011-3,0
Intel Core i7-9750HF @ 2.60GHz,395.0,11391,28.837974683544303,2539,6.427848101265822,45.0,253.14,6,2020,FCBGA1440,Laptop,FCBGA1440,0
Intel Core i5-10600T @ 2.40GHz,213.0,11376,53.40845070422535,2422,11.370892018779342,35.0,325.02,6,2020,FCLGA1200,Desktop,FCLGA1200,0
Intel Xeon E5-2630 v4 @ 2.20GHz,374.95,11373,30.33204427256968,1774,4.731297506334178,85.0,133.8,10,2016,FCLGA2011-3,Server,FCLGA2011-3,0
Intel Core i3-11100B @ 3.60GHz,226.27000427246094,11357,50.19224725131738,2912,12.869580346555976,65.0,174.73,4,2021,unknown,Desktop,unknown,1
Intel Xeon E5-4627 v3 @ 2.60GHz,2400.0,11344,4.726666666666667,1749,0.72875,135.0,84.03,10,2016,FCLGA2011-3,Server,FCLGA2011-3,0
AMD Ryzen 3 4300GE,188.60000610351562,11332,60.0848336864861,2558,13.563096061598257,35.0,323.78,4,2020,AM4,Desktop,AM4,1
AMD Ryzen 3 PRO 4200G,188.41000366210938,11315,60.05519760135501,2564,13.608619235516947,65.0,174.07,4,2021,FP6,Desktop,Other,1
Intel Core i7-6850K @ 3.60GHz,326.97,11295,34.54445361959812,2407,7.361531638988286,140.0,80.68,6,2016,FCLGA2011-3,Desktop,FCLGA2011-3,0
AMD Ryzen 3 PRO 4350GE,188.60000610351562,11270,59.7560956271354,2567,13.610816102471746,35.0,322.01,4,2020,AM4,Desktop,AM4,1
Intel Core i7-9750H @ 2.60GHz,960.0,11207,11.673958333333333,2487,2.590625,45.0,249.03,6,2019,FCBGA1440,Laptop,FCBGA1440,0
Intel Xeon E5-2640 v3 @ 2.60GHz,59.0,11205,189.91525423728814,1865,31.610169491525422,90.0,124.5,8,2014,LGA2011-v3,Server,LGA2011-v3,0
Intel Xeon E5-2643 v4 @ 3.40GHz,383.5,11152,29.079530638852674,2249,5.864406779661017,135.0,82.61,6,2016,FCLGA2011-3,Server,FCLGA2011-3,0
Intel Xeon Silver 4208 @ 2.10GHz,482.01,11137,23.105329764942635,1821,3.777929918466422,85.0,131.02,8,2019,FCLGA3647,Server,FCLGA3647,0
Intel Core i5-1235U,309.0,11119,35.983818770226534,3335,10.792880258899677,15.0,741.27,2,2022,BGA1744,"Laptop, Mobile/Embedded",Other,0
Intel Xeon E-2226G @ 3.40GHz,326.54,11119,34.05095853494212,2853,8.737061309487352,80.0,138.99,6,2019,FCLGA1151-2,Server,FCLGA1151-2,0
Intel Core i7-1185G7E @ 2.80GHz,431.0,11114,25.786542923433874,3017,7.0,15.0,740.95,4,2021,FCBGA1449,"Laptop, Mobile/Embedded",Other,0
AMD Ryzen 5 4500U,423.510009765625,11098,26.204811560750954,2454,5.79443211119867,15.0,739.83,6,2020,FP6,Laptop,Other,1
Intel Xeon E5-2628L v4 @ 1.90GHz,1364.0,11079,8.122434017595308,1433,1.0505865102639296,75.0,147.72,12,2017,FCLGA2011-3,Server,FCLGA2011-3,0
Intel Core i5-11300H @ 3.10GHz,309.0,11048,35.75404530744336,2832,9.16504854368932,35.0,315.65,4,2021,FCBGA1449,Laptop,Other,0
Intel Core i7-1195G7 @ 2.90GHz,426.0,11019,25.866197183098592,3084,7.23943661971831,28.0,393.52,4,2021,FCBGA1449,Laptop,Other,0
Intel Core i7-1185G7 @ 3.00GHz,426.0,10948,25.699530516431924,2899,6.805164319248826,15.0,729.84,4,2020,BGA1526,Laptop,Other,0
Intel Xeon E-2176M @ 2.70GHz,450.0,10946,24.324444444444445,2454,5.453333333333333,45.0,243.25,6,2018,FCBGA1440,Laptop,FCBGA1440,0
AMD Ryzen 3 PRO 4200GE,409.05999755859375,10930,26.71979676632738,2540,6.209358077444789,35.0,312.29,4,2020,unknown,Laptop,unknown,1
Intel Xeon E-2186M @ 2.90GHz,623.0,10904,17.502407704654896,2481,3.9823434991974316,45.0,242.31,6,2018,FCBGA1440,Laptop,FCBGA1440,0
Intel Xeon E5-2470 v2 @ 2.40GHz,237.45,10902,45.91282375236892,1503,6.329753632343651,95.0,114.76,10,2016,LGA 1356,Server,Other,0
Intel Core i7-11390H @ 3.40GHz,426.0,10897,25.579812206572768,3053,7.166666666666667,35.0,311.35,4,2021,FCBGA1449,Laptop,Other,0
Intel Xeon E5-2630L v4 @ 1.80GHz,98.0,10864,110.85714285714286,1743,17.785714285714285,55.0,197.53,10,2017,FCLGA2011-3,Server,FCLGA2011-3,0
Intel Xeon W-2225 @ 4.10GHz,513.0,10844,21.13840155945419,2667,5.1988304093567255,105.0,103.28,4,2020,FCLGA2066,Server,Other,0
Intel Core i5-9600KF @ 3.70GHz,159.0,10838,68.16352201257861,2786,17.52201257861635,95.0,114.08,6,2019,FCLGA1151-2,Desktop,FCLGA1151-2,0
Intel Xeon E5-4650 v3 @ 2.10GHz,3838.0,10838,2.8238665971860346,1384,0.36060448150078167,105.0,103.22,12,2018,FCLGA2011-3,Server,FCLGA2011-3,0
AMD Ryzen 3 PRO 4350G,168.97999572753906,10833,64.10818010356076,2540,15.031365038589891,65.0,166.66,4,2020,AM4,Desktop,AM4,1
Intel Core i7-9700TE @ 1.80GHz,323.0,10826,33.51702786377709,2309,7.148606811145511,35.0,309.32,8,2019,FCLGA1151-2,"Desktop, Laptop",FCLGA1151-2,0
Intel Core i9-8950HK @ 2.90GHz,583.0,10803,18.53001715265866,2489,4.269296740994855,45.0,240.06,6,2018,FCBGA1440,Laptop,FCBGA1440,0
Intel Core i5-9600K @ 3.70GHz,232.6,10793,46.40154772141015,2773,11.921754084264833,95.0,113.61,6,2018,FCLGA1151-2,Desktop,FCLGA1151-2,0
AMD Ryzen 3 4300G,168.97999572753906,10792,63.865547833252805,2548,15.078707920601198,65.0,166.03,4,2020,AM4,Desktop,AM4,1
Intel Xeon E-2126G @ 3.30GHz,320.29,10747,33.553966717662114,2652,8.27999625339536,80.0,134.34,6,2018,FCLGA1151-2,Server,FCLGA1151-2,0
Intel Core i7-9700T @ 2.00GHz,323.0,10736,33.23839009287926,2445,7.569659442724459,35.0,306.74,8,2019,FCLGA1151-2,Desktop,FCLGA1151-2,0
Intel Core i5-11320H @ 3.20GHz,309.0,10732,34.73139158576052,2951,9.550161812297734,35.0,306.64,4,2021,FCBGA1449,Laptop,Other,0
Intel Core i7-6800K @ 3.40GHz,259.99,10681,41.08234932112774,2272,8.73879764606331,140.0,76.29,6,2016,LGA2011-v3,Desktop,LGA2011-v3,0
Intel Core i7-1165G7 @ 2.80GHz,426.0,10595,24.870892018779344,2877,6.753521126760563,15.0,706.33,4,2020,BGA1526,Laptop,Other,0
Intel Core i5-1155G7 @ 2.50GHz,309.0,10561,34.17799352750809,3014,9.754045307443366,28.0,377.2,4,2021,FCBGA1449,Laptop,Other,0
Intel Xeon E5-4620 v3 @ 2.00GHz,778.7,10525,13.516116604597405,1486,1.9083087196609734,105.0,100.24,10,2019,FCLGA2011-3,Server,FCLGA2011-3,0
Intel Xeon D-1581 @ 1.80GHz,425.3900146484375,10476,24.626812194117587,1466,3.4462492054769363,65.0,161.16,16,2021,FCBGA1667,Server,Other,1
Intel Xeon E5-2618L v3 @ 2.30GHz,1029.95,10464,10.1597164910918,1872,1.8175639594155055,75.0,139.52,8,2017,LGA2011-v3,Server,LGA2011-v3,0
Intel Core i5-1145G7E @ 2.60GHz,312.0,10454,33.506410256410255,2691,8.625,15.0,696.93,4,2021,FCBGA1449,Mobile/Embedded,Other,0
Intel Core i7-8700T @ 2.40GHz,343.02,10431,30.409305579849573,2366,6.897556993761297,35.0,298.04,6,2018,FCLGA1151-2,Desktop,FCLGA1151-2,0
Intel Core i5-1145G7 @ 2.60GHz,376.2099914550781,10413,27.678690721969776,2821,7.4984717686235225,28.0,371.89,4,2021,FCBGA1449,Laptop,Other,1
AMD Ryzen 5 PRO 1600,134.86000061035156,10401,77.12442498092085,1685,12.494438620599139,65.0,160.01,6,2017,AM4,Desktop,AM4,1
Intel Xeon E5-2630 v3 @ 2.40GHz,74.99,10392,138.57847713028406,1771,23.61648219762635,85.0,122.26,8,2014,LGA2011-v3,Server,LGA2011-v3,0
Intel Xeon E5-2643 v3 @ 3.40GHz,2499.95,10391,4.156483129662593,2071,0.8284165683313667,135.0,76.97,6,2015,LGA2011-v3,Server,LGA2011-v3,0
Intel Xeon E5-2660 v2 @ 2.20GHz,79.0,10382,131.41772151898735,1498,18.962025316455698,95.0,109.28,10,2014,LGA 2011,Server,Other,0
Intel Xeon E5-1650 v3 @ 3.50GHz,819.95,10373,12.650771388499297,2116,2.5806451612903225,140.0,74.1,6,2014,LGA2011-v3,Server,LGA2011-v3,0
Intel Xeon E5-4640 v3 @ 1.90GHz,367.5400085449219,10372,28.22005702470974,1514,4.119279438431406,105.0,98.78,12,2017,FCLGA2011-3,Server,FCLGA2011-3,1
Intel Core i5-9600 @ 3.10GHz,256.55,10369,40.417072695381016,2751,10.723055934515688,65.0,159.53,6,2019,FCLGA1151-2,Desktop,FCLGA1151-2,0
Intel Core i5-10500T @ 2.30GHz,192.0,10365,53.984375,2342,12.197916666666666,35.0,296.14,6,2020,FCLGA1200,Desktop,FCLGA1200,0
Intel Xeon Silver 4109T @ 2.00GHz,607.75,10348,17.02673796791444,1445,2.3776223776223775,70.0,147.83,8,2018,FCLGA3647,Server,FCLGA3647,0
Intel Core i7-8850H @ 2.60GHz,395.0,10333,26.159493670886075,2399,6.073417721518988,45.0,229.62,6,2018,FCBGA1440,Laptop,FCBGA1440,0
Intel Core i5-9500F @ 3.00GHz,182.0,10330,56.75824175824176,2676,14.703296703296703,65.0,158.92,6,2019,FCLGA1151-2,Desktop,FCLGA1151-2,0
Intel Core i3-10325 @ 3.90GHz,154.0,10308,66.93506493506493,2890,18.766233766233768,65.0,158.59,4,2022,FCLGA1200,Desktop,FCLGA1200,0
Intel Core i7-5930K @ 3.50GHz,319.95,10304,32.205032036255666,2063,6.447882481637756,140.0,73.6,6,2014,LGA2011-v3,Desktop,LGA2011-v3,0
Intel Core i5-1140G7 @ 1.10GHz,334.79998779296875,10279,30.701912708420572,2612,7.801672924836515,15.0,685.29,4,2021,FCBGA1598,Server,Other,1
Intel Xeon E5-2658 v2 @ 2.40GHz,3604.0,10274,2.8507214206437292,1442,0.40011098779134296,95.0,108.15,10,2013,LGA 2011,Server,Other,0
AMD EPYC 3201,503.010009765625,10258,20.393232342989883,1928,3.832925712349824,30.0,341.94,8,2019,SP4r2,Server,Other,1
Intel Xeon Silver 4110 @ 2.10GHz,530.0,10246,19.332075471698115,1613,3.043396226415094,85.0,120.54,8,2017,FCLGA3647,Server,FCLGA3647,0
Intel Xeon E5-1660 v2 @ 3.70GHz,1798.95,10223,5.68275938742044,2073,1.1523388643375303,130.0,78.64,6,2013,LGA 2011,Server,Other,0
Intel Core i5-8600K @ 3.60GHz,235.99,10195,43.20098309250392,2609,11.05555320140684,95.0,107.32,6,2017,FCLGA1151-2,Desktop,FCLGA1151-2,0
Intel Xeon D-1541 @ 2.10GHz,281.2099914550781,10170,36.165144585997425,1702,6.052416527568104,45.0,226.01,8,2016,FCBGA1667,Server,Other,1
AMD Ryzen 3 PRO 4450U,412.7200012207031,10129,24.542062342608617,2364,5.727854218375631,15.0,675.29,4,2020,FP6,Laptop,Other,1
Intel Core i7-10710U @ 1.10GHz,644.99,10126,15.699468208809439,2460,3.814012620350703,15.0,675.07,6,2019,FCBGA1528,Laptop,Other,0
Intel Core i3-10320 @ 3.80GHz,133.95,10115,75.51325121313924,2848,21.26166480029862,65.0,155.61,4,2020,FCLGA1200,Desktop,FCLGA1200,0
Intel Core i5-1135G7 @ 2.40GHz,309.0,10100,32.68608414239482,2727,8.825242718446601,15.0,673.3,4,2020,BGA1526,Laptop,Other,0
Intel Core i7-1068NG7 @ 2.30GHz,426.0,10093,23.6924882629108,2484,5.830985915492958,28.0,360.46,4,2020,FCBGA1344,Laptop,Other,0
Intel Core i7-8750H @ 2.20GHz,395.0,10085,25.531645569620252,2331,5.9012658227848105,45.0,224.12,6,2018,FCBGA1440,Laptop,FCBGA1440,0
Intel Core i5-10400T @ 2.00GHz,182.0,10052,55.23076923076923,2168,11.912087912087912,35.0,287.2,6,2020,FCLGA1200,Desktop,FCLGA1200,0
AMD Ryzen 3 5300U,365.1600036621094,10046,27.511227678965042,2401,6.575199846425948,15.0,669.74,4,2021,FP6,Laptop,Other,1
Intel Xeon W-2125 @ 4.00GHz,998.95,10039,10.049552029631112,2599,2.6017318184093297,120.0,83.66,4,2017,FCLGA2066,Server,Other,0
Intel Xeon D-1540 @ 2.00GHz,309.3800048828125,10028,32.41321301225793,1602,5.178098050023654,45.0,222.84,8,2015,FCBGA1667,Server,Other,1
Intel Xeon E5-2650 v2 @ 2.60GHz,70.0,9995,142.78571428571428,1675,23.928571428571427,95.0,105.21,8,2013,FCLGA2011,Server,Other,0
Intel Core i5-10500TE @ 2.30GHz,195.0,9960,51.07692307692308,2145,11.0,35.0,284.58,6,2022,FCLGA1200,"Laptop, Mobile/Embedded",FCLGA1200,0
Intel Xeon E5-2628L v3 @ 2.00GHz,190.97000122070312,9949,52.097187706994816,1483,7.765617586639191,75.0,132.65,10,2015,LGA2011-v3,Server,LGA2011-v3,1
Intel Core i3-1125G4 @ 2.00GHz,356.3999938964844,9932,27.867565011476202,2511,7.0454546661112305,28.0,354.72,4,2021,FCBGA1449,Laptop,Other,1
Intel Core i7-4960X @ 3.60GHz,1250.0,9906,7.9248,2078,1.6624,130.0,76.2,6,2013,LGA2011,Desktop,Other,0
Intel Xeon E-2234 @ 3.60GHz,294.99,9903,33.57062951286484,2871,9.732533306213769,71.0,139.48,4,2020,FCLGA1151-2,Server,FCLGA1151-2,0
Intel Core i7-7740X @ 4.30GHz,225.99,9864,43.64794902429311,2805,12.412053630691624,112.0,88.07,4,2017,FCLGA2066,Desktop,Other,0
Intel Core i5-8600 @ 3.10GHz,275.67,9849,35.727500272064425,2582,9.366271266369209,65.0,151.52,6,2018,FCLGA1151-2,Desktop,FCLGA1151-2,0
Intel Xeon E5-2648L v3 @ 1.80GHz,1530.37,9847,6.434391683057039,1292,0.8442402817619269,75.0,131.29,12,2016,LGA2011-v3,Server,LGA2011-v3,0
Intel Xeon E5-2690 @ 2.90GHz,135.4,9832,72.61447562776956,1657,12.237813884785819,135.0,72.83,8,2012,LGA2011,Server,Other,0
Intel Xeon E-2244G @ 3.80GHz,413.0,9826,23.791767554479417,2807,6.796610169491525,71.0,138.39,4,2019,FCLGA1151-2,Server,FCLGA1151-2,0
Intel Core i7-5820K @ 3.30GHz,255.36,9814,38.432017543859644,2010,7.871240601503759,140.0,70.1,6,2014,LGA2011-v3,Desktop,LGA2011-v3,0
Intel Xeon E5-2687W @ 3.10GHz,192.0,9796,51.020833333333336,1693,8.817708333333334,150.0,65.31,8,2012,LGA2011,Server,Other,0
Intel Xeon E5-2689 @ 2.60GHz,182.75,9767,53.444596443228455,1571,8.596443228454172,115.0,84.93,8,2013,LGA 2011,Server,Other,0
Intel Core i5-1130G7 @ 1.10GHz,309.0,9756,31.57281553398058,2549,8.249190938511326,15.0,650.39,4,2021,BGA 1449,Laptop,Other,0
Intel Core i5-9500 @ 3.00GHz,297.59,9698,32.588460633757855,2578,8.66292550152895,65.0,149.2,6,2019,FCLGA1151-2,Desktop,FCLGA1151-2,0
Intel Core i3-10305 @ 3.80GHz,159.99,9689,60.56003500218763,2834,17.713607100443777,65.0,149.06,4,2021,FCLGA1200,Desktop,FCLGA1200,0
AMD Ryzen 5 3350GE,238.77999877929688,9684,40.55616068978571,2342,9.808191690982872,35.0,276.69,4,2020,unknown,Desktop,unknown,1
Intel Xeon E-2274G @ 4.00GHz,334.0,9660,28.922155688622755,2758,8.25748502994012,83.0,116.39,4,2019,FCLGA1151-2,Server,FCLGA1151-2,0
Intel Core i7-7700K @ 4.20GHz,349.44,9658,27.638507326007325,2730,7.8125,95.0,101.66,4,2016,LGA 1151,Desktop,Other,0
AMD Ryzen 5 PRO 3350GE,238.77999877929688,9643,40.384454515861584,2340,9.799815780059744,35.0,275.5,4,2020,unknown,Desktop,unknown,1
AMD Ryzen 3 5425U,345.3599853515625,9641,27.915799191923906,2788,8.072736038490183,15.0,642.72,4,2022,FP6,Laptop,Other,1
Intel Core i5-1038NG7 @ 2.00GHz,320.0,9626,30.08125,2323,7.259375,28.0,343.8,4,2020,FCBGA1344,Laptop,Other,0
Intel Xeon E-2174G @ 3.80GHz,349.99,9596,27.417926226463614,2650,7.571644904140118,71.0,135.15,4,2018,FCLGA1151-2,Server,FCLGA1151-2,0
Intel Core i5-8500 @ 3.00GHz,190.0,9576,50.4,2485,13.078947368421053,65.0,147.32,6,2018,FCLGA1151-2,Desktop,FCLGA1151-2,0
Intel Core i5-9400F @ 2.90GHz,129.99,9544,73.42103238710669,2471,19.009154550350026,65.0,146.84,6,2019,FCLGA1151-2,"Desktop, Laptop",FCLGA1151-2,0
AMD Ryzen 5 PRO 3350G,152.82000732421875,9498,62.15154786538717,2328,15.233607436367798,65.0,146.13,4,2020,AM4,Desktop,AM4,1
Intel Core i5-9400 @ 2.90GHz,139.99,9478,67.70483605971855,2479,17.70840774341024,65.0,145.82,6,2019,FCLGA1151-2,Desktop,FCLGA1151-2,0
Intel Core i5-8500B @ 3.00GHz,192.0,9429,49.109375,2574,13.40625,65.0,145.06,6,2019,FCBGA1440,Laptop,FCBGA1440,0
Intel Xeon Gold 5222 @ 3.80GHz,1476.32,9428,6.386149344315596,2372,1.606697734908421,105.0,89.79,4,2019,FCLGA3647,Server,FCLGA3647,0
AMD Ryzen 5 PRO 1500,166.4499969482422,9402,56.485432096003954,2158,12.964854548306375,65.0,144.65,4,2017,AM4,Desktop,AM4,1
AMD Ryzen 5 2500X,154.4499969482422,9384,60.75752790817261,2319,15.014568117972324,65.0,144.37,4,2019,AM4,Desktop,AM4,1
Intel Xeon E5-4655 v3 @ 2.90GHz,4616.0,9377,2.0314124783362217,1817,0.393630849220104,135.0,69.46,6,2018,FCLGA2011-3,Server,FCLGA2011-3,0
Intel Xeon E5-2680 @ 2.70GHz,85.45,9361,109.54944411936805,1561,18.267992978349913,130.0,72.01,8,2012,LGA2011,Server,Other,0
Intel Core i7-4930K @ 3.40GHz,174.85,9360,53.531598513011154,1963,11.226765799256507,130.0,72.0,6,2013,LGA2011,Desktop,Other,0
AMD Ryzen 5 3400G,228.0,9331,40.925438596491226,2360,10.350877192982455,65.0,143.56,4,2019,AM4,Desktop,AM4,0
Intel Xeon E5-1650 v2 @ 3.50GHz,238.02,9323,39.16897739685741,2026,8.511889757163264,130.0,71.71,6,2013,FCLGA2011,Server,Other,0
Intel Xeon E-2144G @ 3.60GHz,301.17,9322,30.95261812265498,2679,8.895308297639207,71.0,131.29,4,2019,FCLGA1151-2,Server,FCLGA1151-2,0
Intel Xeon E5-4627 v2 @ 3.30GHz,498.95,9320,18.679226375388318,1786,3.579516985669907,130.0,71.69,8,2015,FCLGA2011,Server,Other,0
AMD Ryzen 5 PRO 3400G,154.4499969482422,9307,60.2589846804521,2330,15.085788579075254,65.0,143.18,4,2019,AM4,Desktop,AM4,1
Intel Core i3-10300 @ 3.70GHz,138.99,9284,66.79617238650262,2677,19.260378444492407,65.0,142.82,4,2020,FCLGA1200,Desktop,FCLGA1200,0
Intel Xeon E3-1285 v6 @ 4.10GHz,544.91,9276,17.02299462296526,2692,4.940265364922648,79.0,117.41,4,2018,FCLGA1151,Server,FCLGA1151,0
Intel Xeon Silver 4108 @ 1.80GHz,489.95,9262,18.903969792836005,1558,3.1799163179916317,85.0,108.97,8,2018,FCLGA3647,Server,FCLGA3647,0
Intel Xeon D-1567 @ 2.10GHz,241.0800018310547,9236,38.31093383876964,988,4.098224624589044,65.0,142.09,12,2017,FCBGA1667,Server,Other,1
Intel Xeon E3-1275 v6 @ 3.80GHz,353.61,9229,26.099375017674838,2593,7.332937416928254,73.0,126.43,4,2017,FCLGA1151,Server,FCLGA1151,0
Intel Xeon D-1587 @ 1.70GHz,354.2200012207031,9223,26.037490735181393,835,2.3572920702457405,65.0,141.9,16,2016,FCBGA1667,Server,Other,1
Intel Core i5-8400 @ 2.80GHz,230.0,9222,40.095652173913045,2404,10.452173913043477,65.0,141.88,6,2017,FCLGA1151-2,Desktop,FCLGA1151-2,0
Intel Core i5-9500TE @ 2.20GHz,192.0,9212,47.979166666666664,2296,11.958333333333334,35.0,263.21,6,2020,FCLGA1151-2,Laptop,FCLGA1151-2,0
Intel Xeon E3-1280 v6 @ 3.90GHz,592.18,9166,15.478401837279208,2561,4.324698571380324,72.0,127.3,4,2017,FCLGA1151,Server,FCLGA1151,0
Intel Xeon E5-2620 v4 @ 2.10GHz,253.99,9152,36.03291468168038,1610,6.338832237489664,85.0,107.68,8,2016,FCLGA2011-3,Server,FCLGA2011-3,0
Intel Core i7-1185GRE @ 2.80GHz,301.17999267578125,9142,30.353941902911583,2793,9.273524363906372,15.0,609.43,4,2021,FCBGA1449,Mobile/Embedded,Other,1
Intel Xeon E5-2629 v3 @ 2.40GHz,499.88,9139,18.282387773065537,1426,2.8526846443146354,85.0,107.52,8,2016,LGA2011-v3,Server,LGA2011-v3,0
Intel Core i7-9850HL @ 1.90GHz,395.0,9112,23.068354430379745,2139,5.415189873417722,25.0,364.49,6,2019,FCBGA1440,"Desktop, Laptop",FCBGA1440,0
Intel Xeon D-1715TER @ 2.40GHz,285.0,9104,31.943859649122807,2269,7.96140350877193,50.0,182.08,4,2022,FCBGA2227,Server,Other,0
AMD Ryzen 5 1500X,120.36,9083,75.46527085410436,2110,17.530741110003323,65.0,139.75,4,2017,AM4,Desktop,AM4,0
Intel Xeon E5-2643 v2 @ 3.50GHz,398.95,9083,22.76726406817897,1895,4.749968667752851,130.0,69.87,6,2013,FCLGA2011,Server,Other,0
Intel Xeon D-1548 @ 2.00GHz,555.0,9075,16.35135135135135,1647,2.9675675675675675,45.0,201.66,8,2019,FCBGA1667,Server,Other,0
AMD Ryzen 5 3350G,150.5800018310547,9067,60.21383908716408,2281,15.148093852191604,65.0,139.49,4,2020,AM4,Desktop,AM4,1
Intel Xeon E5-4648 v3 @ 1.70GHz,244.99000549316406,9061,36.98518223941519,1317,5.37572950108264,105.0,86.3,12,2017,FCLGA2011-3,Server,FCLGA2011-3,1
AMD Ryzen 5 3400GE,174.75999450683594,8985,51.413368519238205,2324,13.298238000969347,35.0,256.71,4,2020,AM4,Desktop,AM4,1
Intel Xeon E5-2630L v3 @ 1.80GHz,79.0,8978,113.64556962025317,1532,19.39240506329114,55.0,163.23,8,2016,LGA2011-v3,Server,LGA2011-v3,0
Intel Core i7-6700K @ 4.00GHz,230.0,8967,38.98695652173913,2520,10.956521739130435,95.0,94.39,4,2015,LGA1151,Desktop,Other,0
Intel Core i3-10105 @ 3.70GHz,107.0,8928,83.4392523364486,2718,25.401869158878505,65.0,137.36,4,2021,FCLGA1200,Desktop,FCLGA1200,0
Intel Core i5-10400H @ 2.60GHz,250.0,8916,35.664,2738,10.952,45.0,198.13,4,2020,FCBGA1440,Laptop,FCBGA1440,0
Intel Xeon E5-2670 @ 2.60GHz,71.0,8902,125.38028169014085,1477,20.802816901408452,115.0,77.41,8,2012,LGA2011,Server,Other,0
Intel Xeon E3-1270 v6 @ 3.80GHz,316.71,8862,27.98143411954154,2462,7.773673076315873,72.0,123.08,4,2017,FCLGA1151,Server,FCLGA1151,0
Intel Core i3-10100F @ 3.60GHz,79.99,8854,110.68883610451307,2604,32.554069258657336,65.0,136.22,4,2020,FCLGA1200,Desktop,FCLGA1200,0
Intel Xeon E3-1240 v6 @ 3.70GHz,374.45,8853,23.642675924689545,2456,6.55895313125918,72.0,122.95,4,2017,FCLGA1151,Server,FCLGA1151,0
Intel Core i3-10100 @ 3.60GHz,112.99,8800,77.88299849544208,2637,23.33834852641827,65.0,135.39,4,2020,FCLGA1200,Desktop,FCLGA1200,0
Intel Xeon Gold 5122 @ 3.60GHz,904.33,8771,9.69889310318136,2120,2.344276978536596,105.0,83.53,4,2017,FCLGA3647,Server,FCLGA3647,0
Intel Core i7-8809G @ 3.10GHz,321.8399963378906,8759,27.21538683714182,2458,7.637335408801757,100.0,87.59,4,2018,BGA2270,Laptop,Other,1
Intel Core i7-8559U @ 2.70GHz,617.0,8745,14.173419773095624,2580,4.181523500810373,28.0,312.32,4,2018,FCBGA1528,Laptop,Other,0
Intel Xeon E-2134 @ 3.50GHz,297.57,8741,29.374600934233964,2569,8.63326276170313,71.0,123.11,4,2019,FCLGA1151-2,Server,FCLGA1151-2,0
AMD Ryzen 5 2400G,214.0,8729,40.78971962616822,2158,10.08411214953271,65.0,134.29,4,2018,AM4,Desktop,AM4,0
Intel Core i5-10300H @ 2.50GHz,250.0,8692,34.768,2616,10.464,45.0,193.15,4,2020,FCBGA1440,"Desktop, Laptop",FCBGA1440,0
Intel Xeon W-2223 @ 3.60GHz,289.99,8686,29.9527569916204,2255,7.776130211386599,120.0,72.39,4,2020,FCLGA2066,Server,Other,0
Intel Core i7-1065G7 @ 1.30GHz,426.0,8668,20.347417840375588,2401,5.636150234741784,15.0,577.88,4,2019,FCBGA-1526,Laptop,Other,0
Intel Xeon E3-1245 v6 @ 3.70GHz,496.3,8659,17.447108603667136,2441,4.918396131372154,73.0,118.62,4,2017,FCLGA1151,Server,FCLGA1151,0
Intel Core i7-7700 @ 3.60GHz,219.99,8638,39.26542115550707,2472,11.236874403381972,65.0,132.9,4,2016,LGA1151,Desktop,Other,0
Intel Xeon E5-4650 @ 2.70GHz,78.19,8630,110.37217035426525,1476,18.877094257577696,130.0,66.39,8,2012,LGA2011,Server,Other,0
Intel Xeon E5-2648L v2 @ 1.90GHz,945.0,8611,9.112169312169312,1350,1.4285714285714286,70.0,123.01,10,2017,FCLGA2011,Server,Other,0
Intel Core i7-3960X @ 3.30GHz,159.99,8596,53.7283580223764,1816,11.350709419338708,130.0,66.12,6,2011,LGA2011,Desktop,Other,0
Intel Core i7-8569U @ 2.80GHz,431.0,8523,19.77494199535963,2773,6.433874709976799,28.0,304.4,4,2020,FCBGA1528,Laptop,Other,0
Intel Xeon W-2123 @ 3.60GHz,427.11,8489,19.87544192362623,2229,5.218796094682868,120.0,70.74,4,2017,FCLGA2066,Server,Other,0
AMD Ryzen Embedded V1807B,381.0199890136719,8488,22.277046466702384,2190,5.747729943694418,45.0,188.62,4,2018,FP5,"Laptop, Mobile/Embedded",Other,1
Intel Xeon E5-4650L @ 2.60GHz,59.99,8472,141.22353725620937,1393,23.22053675612602,115.0,73.67,8,2017,LGA 2011,Server,Other,0
Intel Xeon E5-2628 v3 @ 2.50GHz,223.4499969482422,8447,37.802640928013,1754,7.849630897091844,85.0,99.37,8,2021,LGA2011-v3,Server,LGA2011-v3,1
Intel Xeon E-2314 @ 2.80GHz,195.0,8422,43.18974358974359,3089,15.841025641025642,65.0,129.57,4,2022,FCLGA1200,Server,FCLGA1200,0
Intel Xeon E3-1275 v5 @ 3.60GHz,444.04,8421,18.964507702008827,2327,5.240518872173678,80.0,105.27,4,2015,FCLGA1151,Server,FCLGA1151,0
Intel Xeon E5-1660 @ 3.30GHz,267.19,8417,31.501927467345336,1790,6.699352520678169,130.0,64.75,6,2012,LGA2011,Server,Other,0
Intel Core i5-10200H @ 2.40GHz,250.0,8414,33.656,2481,9.924,45.0,186.97,4,2020,FCBGA1440,Laptop,FCBGA1440,0
Intel Xeon E5-2665 @ 2.40GHz,88.0,8411,95.57954545454545,1399,15.897727272727273,115.0,73.14,8,2012,LGA2011,Server,Other,0
Intel Xeon E3-1585 v5 @ 3.50GHz,556.0,8408,15.122302158273381,2402,4.320143884892087,65.0,129.35,4,2017,FCBGA1440,Server,FCBGA1440,0
Intel Xeon E3-1230 v6 @ 3.50GHz,595.44,8408,14.120650275426573,2352,3.950020153164046,72.0,116.77,4,2017,FCLGA1151,Server,FCLGA1151,0
Intel Core i5-9600T @ 2.30GHz,213.0,8393,39.4037558685446,2175,10.211267605633802,35.0,239.79,6,2019,FCLGA1151-2,Desktop,FCLGA1151-2,0
Intel Core i7-8706G @ 3.10GHz,280.6000061035156,8388,29.893085593539148,2543,9.062722539862905,65.0,129.04,4,2018,BGA2270,Laptop,Other,1
Intel Core i5-1035G7 @ 1.20GHz,320.0,8388,26.2125,2299,7.184375,15.0,559.21,4,2019,FCBGA1526,Laptop,Other,0
AMD Ryzen 5 PRO 2400G,176.24000549316406,8378,47.53744745159443,2132,12.097139886225749,65.0,128.89,4,2018,AM4,Desktop,AM4,1
Intel Core i7-3970X @ 3.50GHz,187.0,8373,44.775401069518715,1832,9.796791443850267,150.0,55.82,6,2012,LGA2011,Desktop,Other,0
Intel Core i7-10810U @ 1.10GHz,443.0,8353,18.85553047404063,2322,5.241534988713318,15.0,556.88,6,2020,FCBGA1528,Laptop,Other,0
Intel Xeon E3-1280 v5 @ 3.70GHz,395.0,8320,21.063291139240505,2343,5.931645569620253,80.0,104.0,4,2016,FCLGA1151,Server,FCLGA1151,0
AMD Opteron 6386 SE,135.09,8320,61.588570582574576,1340,9.919313050558886,140.0,59.43,16,2014,Socket G34,Server,Other,0
Intel Xeon E3-1270 v5 @ 3.60GHz,912.0,8317,9.119517543859649,2279,2.49890350877193,80.0,103.96,4,2015,FCLGA1151,Server,FCLGA1151,0
AMD Ryzen 7 3750H,326.1199951171875,8277,25.380228516886106,2104,6.451612999822202,35.0,236.48,4,2019,FP5,Laptop,Other,1
AMD Ryzen 5 PRO 3400GE,179.49000549316406,8269,46.0694174992096,2266,12.624658368993707,35.0,236.27,4,2019,AM4,Desktop,AM4,1
Intel Core i5-9400H @ 2.50GHz,250.0,8261,33.044,2501,10.004,45.0,183.57,4,2019,FCBGA1440,Laptop,FCBGA1440,0
Intel Core i5-9500T @ 2.20GHz,192.0,8256,43.0,2200,11.458333333333334,35.0,235.88,6,2019,FCLGA1151-2,Desktop,FCLGA1151-2,0
Intel Xeon E3-1240 v5 @ 3.50GHz,325.0,8254,25.396923076923077,2323,7.147692307692307,80.0,103.18,4,2015,FCLGA1151,Server,FCLGA1151,0
Intel Core i5-1035G4 @ 1.10GHz,309.0,8251,26.702265372168284,2277,7.368932038834951,15.0,550.09,4,2019,FCBGA1526,Laptop,Other,0
Intel Core i7-3930K @ 3.20GHz,250.0,8244,32.976,1762,7.048,130.0,63.42,6,2011,LGA2011,Desktop,Other,0
Intel Xeon E5-2470 @ 2.30GHz,140.0,8240,58.857142857142854,1443,10.307142857142857,95.0,86.73,8,2013,LGA 1356,Server,Other,0
Intel Core i3-10100E @ 3.20GHz,125.0,8229,65.832,2297,18.376,65.0,126.59,4,2021,FCLGA1200,"Desktop, Mobile/Embedded",FCLGA1200,0
Intel Core i5-8600T @ 2.30GHz,199.99,8227,41.13705685284264,2180,10.900545027251361,35.0,235.06,6,2018,FCLGA1151-2,Desktop,FCLGA1151-2,0
Intel Core i7-8557U @ 1.70GHz,431.0,8225,19.083526682134572,2571,5.965197215777263,15.0,548.35,4,2019,FCBGA1528,Laptop,Other,0
AMD Ryzen Embedded V1756B,308.8500061035156,8215,26.5986719690937,2143,6.938643217257189,45.0,182.55,4,2019,FP5,"Desktop, Mobile/Embedded",Other,1
Intel Xeon E3-1535M v6 @ 3.10GHz,623.0,8184,13.136436597110755,2386,3.8298555377207064,35.0,233.81,4,2017,FCBGA1440,"Laptop, Server",FCBGA1440,0
Intel Xeon E-2276ME @ 2.80GHz,450.0,8167,18.148888888888887,1604,3.5644444444444443,45.0,181.5,6,2021,FCBGA1440,"Server, Mobile/Embedded",FCBGA1440,0
Intel Core i3-10305T @ 3.00GHz,143.0,8136,56.89510489510489,2456,17.174825174825173,35.0,232.46,4,2021,FCLGA1200,Desktop,FCLGA1200,0
AMD Ryzen 5 2400GE,221.22000122070312,8134,36.768827208734194,2180,9.854443485989739,35.0,232.39,4,2018,AM4,Desktop,AM4,1
Intel Core i5-8259U @ 2.30GHz,519.99,8131,15.636839169984038,2246,4.319313832958326,28.0,290.39,4,2018,FCBGA1528,Laptop,Other,0
Intel Xeon E5-1650 @ 3.20GHz,112.0,8113,72.4375,1745,15.580357142857142,130.0,62.41,6,2012,LGA2011,Server,Other,0
Intel Xeon E5-2660 @ 2.20GHz,64.73,8104,125.19697203769503,1395,21.551058241928008,95.0,85.3,8,2012,LGA2011,Server,Other,0
Intel Core i7-6700 @ 3.40GHz,255.0,8078,31.67843137254902,2300,9.019607843137255,65.0,124.27,4,2015,LGA 1151,Desktop,Other,0
Intel Xeon E3-1245 v5 @ 3.50GHz,139.99,8073,57.668404886063286,2284,16.31545110365026,80.0,100.91,4,2015,FCLGA1151,Server,FCLGA1151,0
Intel Core i7-4790K @ 4.00GHz,206.87,8061,38.966500700923284,2467,11.925363755015226,88.0,91.6,4,2014,LGA1150,Desktop,LGA1150,0
Intel Core i5-8269U @ 2.60GHz,320.0,8055,25.171875,2561,8.003125,28.0,287.69,4,2021,FCBGA1528,"Laptop, Mobile/Embedded",Other,0
Intel Core i5-8400H @ 2.50GHz,250.0,8037,32.148,2466,9.864,45.0,178.61,4,2018,FCBGA1440,Laptop,FCBGA1440,0
AMD Opteron 6348,1708.67,8030,4.699561647363153,1302,0.7619961724616222,115.0,69.83,6,2013,unknown,Server,unknown,0
Intel Core i5-8279U @ 2.40GHz,320.0,8028,25.0875,2466,7.70625,28.0,286.73,4,2019,FCBGA1528,Laptop,Other,0
Intel Xeon E3-1285L v4 @ 3.40GHz,1230.0,8022,6.521951219512195,2340,1.9024390243902438,65.0,123.42,4,2016,LGA1150,Server,LGA1150,0
Intel Xeon E3-1585L v5 @ 3.00GHz,445.0,8021,18.024719101123594,2179,4.896629213483146,45.0,178.24,4,2018,FCBGA1440,Server,FCBGA1440,0
Intel Core i3-10300T @ 3.00GHz,174.28,7997,45.88593068625201,2350,13.484048657333027,35.0,228.49,4,2020,FCLGA1200,Desktop,FCLGA1200,0
AMD Ryzen 5 3550H,309.739990234375,7994,25.808743630265745,2078,6.708852797559697,35.0,228.4,4,2019,FP5,Laptop,Other,1
Intel Core i7-8709G @ 3.10GHz,305.1099853515625,7990,26.18727797713187,2291,7.5087676903140315,100.0,79.9,4,2018,BGA2270,Laptop,Other,1
Intel Core i7-8705G @ 3.10GHz,1535.11,7947,5.176827719186248,2288,1.4904469386558619,65.0,122.26,4,2018,BGA2270,Laptop,Other,0
Intel Xeon E3-1515M v5 @ 2.80GHz,411.07000732421875,7938,19.310579362554048,2148,5.225387310502153,45.0,176.4,4,2017,FCBGA1440,Server,FCBGA1440,1
Intel Xeon E3-1545M v5 @ 2.90GHz,476.07000732421875,7930,16.657214018944526,2131,4.476232417953441,45.0,176.21,4,2016,FCBGA1440,"Laptop, Server",FCBGA1440,1
Intel Xeon E5-2620 v3 @ 2.40GHz,55.24,7906,143.12092686459087,1693,30.6480811006517,85.0,93.01,6,2014,LGA2011-v3,Server,LGA2011-v3,0
Intel Xeon E3-1230 v5 @ 3.40GHz,916.0,7880,8.602620087336245,2122,2.316593886462882,80.0,98.5,4,2016,FCLGA1151,Server,FCLGA1151,0
Intel Core i5-8260U @ 1.60GHz,439.99,7854,17.850405691038432,2313,5.256937657674038,15.0,523.57,4,2020,FCBGA1528,Laptop,Other,0
Intel Core i3-10105T @ 3.00GHz,122.0,7850,64.34426229508196,2350,19.262295081967213,35.0,224.28,4,2021,FCLGA1200,Desktop,FCLGA1200,0
AMD Ryzen 5 3580U,407.05999755859375,7846,19.274799899419293,2125,5.220360666105786,15.0,523.09,4,2019,FP5,Laptop,Other,1
AMD Ryzen 5 2600H,340.05999755859375,7836,23.042992578537042,2136,6.281244531362318,45.0,174.14,4,2019,FP5,Laptop,Other,1
Intel Core i5-9400T @ 1.80GHz,182.0,7819,42.96153846153846,2057,11.302197802197803,35.0,223.39,6,2019,FCLGA1151-2,Desktop,FCLGA1151-2,0
Intel Core i7-5775C @ 3.30GHz,174.95,7801,44.589882823663906,2318,13.24949985710203,65.0,120.02,4,2015,FCLGA1150,Desktop,Other,0
Intel Core i5-9300H @ 2.40GHz,250.0,7793,31.172,2349,9.396,45.0,173.17,4,2019,FCBGA1440,Laptop,FCBGA1440,0
AMD Ryzen 5 1400,109.65,7783,70.98039215686273,1904,17.364341085271317,65.0,119.74,4,2017,AM4,Desktop,AM4,0
Intel Xeon E3-1260L v5 @ 2.90GHz,258.7,7757,29.984538074990336,2287,8.840355624275222,45.0,172.37,4,2016,FCLGA1151,Server,FCLGA1151,0
Intel Xeon E5-2640 v2 @ 2.00GHz,66.01,7741,117.27011058930464,1275,19.315255264353883,95.0,81.48,8,2014,LGA 2011,Server,Other,0
Intel Core i5-1035G1 @ 1.00GHz,297.0,7737,26.050505050505052,2307,7.767676767676767,15.0,515.8,4,2019,FCBGA1526,Laptop,Other,0
Intel Xeon D-2123IT @ 2.20GHz,213.0,7731,36.29577464788732,1750,8.215962441314554,60.0,128.86,4,2018,FCBGA2518,Server,Other,0
AMD Ryzen 3 PRO 1300,165.33999633789062,7717,46.673522262752776,2229,13.48131153604716,65.0,118.73,4,2017,AM4,Desktop,AM4,1
Intel Core i7-5775R @ 3.30GHz,191.72999572753906,7714,40.23366281696528,2318,12.089918383423063,65.0,118.68,4,2016,LGA1150,Desktop,LGA1150,1
AMD Athlon Gold PRO 3150G,148.83999633789062,7702,51.7468435199046,2321,15.593926747558891,65.0,118.49,4,2020,AM4,Desktop,AM4,1
Intel Core i5-8500T @ 2.10GHz,247.53,7699,31.103300610027066,2045,8.261624853553105,35.0,219.98,6,2018,FCLGA1151-2,Desktop,FCLGA1151-2,0
Intel Core i7-5950HQ @ 2.90GHz,411.1499938964844,7696,18.718229634554316,2288,5.564879080543175,47.0,163.73,4,2015,FCBGA1364,Laptop,Other,1
Intel Core i3-9350K @ 4.00GHz,293.22,7694,26.239683514084984,2823,9.62758338448946,91.0,84.55,4,2020,FCLGA1151,Desktop,FCLGA1151,0
Intel Core i7-7820HK @ 2.90GHz,378.0,7682,20.322751322751323,2179,5.764550264550264,45.0,170.72,4,2017,FCBGA1440,Laptop,FCBGA1440,0
AMD Ryzen 5 3550U,373.6300048828125,7681,20.557770788267163,2053,5.494740714530984,15.0,512.06,4,2020,unknown,Unknown,unknown,1
Intel Core i5-8257U @ 1.40GHz,320.0,7680,24.0,2314,7.23125,15.0,512.02,4,2019,FCBGA1528,Laptop,Other,0
Intel Core i5-9300HF @ 2.40GHz,250.0,7678,30.712,2360,9.44,45.0,170.62,4,2020,FCBGA1440,Laptop,FCBGA1440,0
Intel Xeon E3-1270L v4 @ 3.00GHz,323.7799987792969,7662,23.66421653248188,2378,7.344493202067595,45.0,170.26,4,2019,LGA1150,Server,LGA1150,1
AMD Ryzen 7 2800H,342.6600036621094,7656,22.34284689831918,2164,6.315297895501922,45.0,170.13,4,2019,FP5,Laptop,Other,1
AMD Ryzen 7 3780U,415.260009765625,7651,18.424601021221054,2227,5.362905041727786,15.0,510.04,4,2019,FP5,Laptop,Other,1
Intel Xeon E3-1575M v5 @ 3.00GHz,1207.0,7629,6.32062966031483,2125,1.7605633802816902,45.0,169.54,4,2016,FCBGA1440,Server,FCBGA1440,0
Intel Xeon E3-1285 v4 @ 3.50GHz,320.5,7614,23.756630265210607,2260,7.051482059282371,95.0,80.15,4,2018,FCLGA1150,Server,Other,1
Intel Xeon E5-1630 v4 @ 3.70GHz,302.8699951171875,7585,25.04374854651807,2366,7.8119326382414975,140.0,54.18,4,2016,FCLGA2011-3,Server,FCLGA2011-3,1
Intel Xeon E5-2623 v4 @ 2.60GHz,84.0,7582,90.26190476190476,1696,20.19047619047619,85.0,89.2,4,2016,FCLGA2011-3,Server,FCLGA2011-3,0
AMD Ryzen 3 4300U,371.6000061035156,7568,20.365984595521784,2325,6.256727561388497,15.0,504.52,4,2020,FP6,Laptop,Other,1
AMD Ryzen 3 2300X,178.09,7566,42.484137233982814,2364,13.274187208714695,65.0,116.4,4,2019,AM4,Desktop,AM4,0
Intel Core i7-7700T @ 2.90GHz,390.0,7561,19.387179487179488,2156,5.528205128205128,35.0,216.04,4,2017,FCLGA1151,Desktop,FCLGA1151,0
Intel Xeon E-2224G @ 3.50GHz,267.56,7545,28.19928240394678,2726,10.188368963970698,71.0,106.26,4,2019,FCLGA1151-2,Server,FCLGA1151-2,0
Intel Core i5-8300H @ 2.30GHz,250.0,7542,30.168,2309,9.236,45.0,167.59,4,2018,FCLGA1151-2,Laptop,FCLGA1151-2,0
AMD Ryzen 5 PRO 2400GE,205.9199981689453,7530,36.567599392760656,2108,10.236985328013208,35.0,215.15,4,2018,AM4,Desktop,AM4,1
Intel Xeon E3-1535M v5 @ 2.90GHz,623.0,7523,12.075441412520064,2124,3.409309791332263,45.0,167.17,4,2015,FCBGA1440,"Laptop, Server",FCBGA1440,0
Intel Xeon E-2124G @ 3.40GHz,229.99,7518,32.68837775555459,2749,11.952693595373711,71.0,105.89,4,2018,FCLGA1151-2,Server,FCLGA1151-2,0
Intel Xeon E5-2667 @ 2.90GHz,96.19,7501,77.98107911425305,1596,16.592161347333402,130.0,57.7,6,2012,LGA2011,Server,Other,0
Intel Xeon E5-2637 v3 @ 3.50GHz,112.0,7485,66.83035714285714,2040,18.214285714285715,135.0,55.44,4,2014,LGA2011-v3,Server,LGA2011-v3,0
Intel Xeon E5-2650L v2 @ 1.70GHz,79.0,7475,94.62025316455696,1102,13.949367088607595,70.0,106.79,10,2017,FCLGA2011,Server,Other,0
Intel Xeon E5-2630 v2 @ 2.60GHz,69.0,7470,108.26086956521739,1574,22.81159420289855,80.0,93.37,6,2013,FCLGA2011,Server,Other,0
Intel Xeon E5-1630 v3 @ 3.70GHz,1346.0,7456,5.539375928677563,2127,1.5802377414561664,140.0,53.26,4,2014,LGA2011-v3,Server,LGA2011-v3,0
Intel Core i7-7820EQ @ 3.00GHz,378.0,7453,19.71693121693122,2207,5.838624338624339,45.0,165.63,4,2019,FCBGA1440,Laptop,FCBGA1440,0
Intel Core i7-7920HQ @ 3.10GHz,568.0,7449,13.11443661971831,2226,3.9190140845070425,45.0,165.53,4,2017,FCBGA1440,Laptop,FCBGA1440,0
Intel Xeon D-1531 @ 2.20GHz,348.0,7447,21.399425287356323,1424,4.091954022988506,45.0,165.48,6,2017,FCBGA1667,Server,Other,0
Intel Core i5-8400T @ 1.70GHz,239.84,7447,31.04986657771848,1924,8.022014676450967,35.0,212.77,6,2018,FCLGA1151-2,Desktop,FCLGA1151-2,0
Intel Xeon E5-1620 v4 @ 3.50GHz,219.3,7437,33.912448700410394,2251,10.264477884176927,140.0,53.12,4,2016,FCLGA2011-3,Server,FCLGA2011-3,0
Intel Xeon E3-1271 v3 @ 3.60GHz,149.99,7432,49.54996999799987,2271,15.141009400626707,80.0,92.91,4,2014,FCLGA1150,Server,Other,0
Intel Xeon E3-1286 v3 @ 3.70GHz,839.0,7418,8.841477949940405,2391,2.8498212157330154,84.0,88.31,4,2014,LGA1150,Server,LGA1150,0
Intel Xeon E5-2450 @ 2.10GHz,64.0,7410,115.78125,1154,18.03125,95.0,78.0,8,2015,LGA 1356,Server,Other,0
Intel Xeon E3-1281 v3 @ 3.70GHz,546.25,7406,13.557894736842105,2340,4.2837528604119,82.0,90.31,4,2015,LGA1150,Server,LGA1150,0
Intel Core i3-10100T @ 3.00GHz,122.0,7405,60.69672131147541,2319,19.008196721311474,35.0,211.57,4,2020,FCLGA1200,Laptop,FCLGA1200,0
Intel Core i7-6920HQ @ 2.90GHz,568.0,7378,12.98943661971831,2119,3.7306338028169015,45.0,163.96,4,2016,FCBGA1440,Laptop,FCBGA1440,0
AMD Ryzen 7 PRO 2700U,423.2900085449219,7372,17.41595561242179,2051,4.845377775512357,15.0,491.46,4,2018,FP5,Laptop,Other,1
Intel Core i3-9320 @ 3.70GHz,217.97,7358,33.75693902830665,2711,12.437491397898793,62.0,118.68,4,2019,FCLGA1151-2,Desktop,FCLGA1151-2,0
Intel Xeon D-1559 @ 1.50GHz,421.0400085449219,7353,17.46389856254121,957,2.272943142166726,45.0,163.4,12,2017,FCBGA1667,Server,Other,1
Intel Xeon E3-1276 v3 @ 3.60GHz,978.0,7345,7.510224948875256,2258,2.3087934560327197,84.0,87.45,4,2014,FCLGA1150,Server,Other,0
Intel Xeon E5-2650 @ 2.00GHz,49.0,7335,149.69387755102042,1266,25.836734693877553,95.0,77.21,8,2012,LGA2011,Server,Other,0
Intel Core i3-9350KF @ 4.00GHz,207.36,7318,35.29128086419753,2666,12.856867283950617,91.0,80.42,4,2019,FCLGA1151-2,Desktop,FCLGA1151-2,0
AMD Ryzen 3 3200GE,174.19000244140625,7317,42.00585508609359,2199,12.624145870482412,35.0,209.06,4,2020,AM4,Desktop,AM4,1
AMD Ryzen 7 3700U,386.489990234375,7317,18.9319262720435,2013,5.208414320845096,15.0,487.81,4,2019,FP5,Laptop,Other,1
AMD Ryzen 7 PRO 3700U,376.19000244140625,7310,19.431670040563013,2009,5.340386472160204,15.0,487.33,4,2019,FP5,Laptop,Other,1
Intel Core i3-9300 @ 3.70GHz,194.99,7279,37.33011949330735,2666,13.672496025437201,62.0,117.4,4,2019,FCLGA1151-2,Desktop,FCLGA1151-2,0
Intel Core i7-6700T @ 2.80GHz,299.0,7271,24.317725752508363,2091,6.993311036789297,35.0,207.74,4,2015,LGA 1151,Desktop,Other,0
Intel Xeon E3-1280 v3 @ 3.60GHz,249.0,7256,29.140562248995984,2294,9.21285140562249,82.0,88.49,4,2013,LGA1150,Server,LGA1150,0
Intel Xeon E3-1270 v3 @ 3.50GHz,128.99,7245,56.16714473990231,2184,16.931545081014033,80.0,90.56,4,2013,LGA1150,Server,LGA1150,0
Intel Core i7-4790 @ 3.60GHz,200.0,7235,36.175,2234,11.17,84.0,86.13,4,2014,FCLGA1150,Desktop,Other,0
Intel Xeon E5-4610 v3 @ 1.70GHz,1219.0,7229,5.930270713699754,1027,0.8424938474159147,105.0,68.85,10,2019,FCLGA2011-3,Server,FCLGA2011-3,0
Intel Xeon E-2224 @ 3.40GHz,250.17,7223,28.872366790582404,2434,9.72938401886717,71.0,101.73,4,2019,FCLGA1151-2,Server,FCLGA1151-2,0
Intel Xeon E3-1246 v3 @ 3.50GHz,826.0,7218,8.738498789346247,2189,2.6501210653753025,84.0,85.93,4,2014,FCLGA1150,Server,Other,0
Intel Core i7-7820HQ @ 2.90GHz,378.0,7209,19.071428571428573,2140,5.661375661375661,45.0,160.19,4,2017,FCBGA1440,Laptop,FCBGA1440,0
Intel Xeon W3690 @ 3.47GHz,450.19,7208,16.011017570359183,1606,3.5673826606543906,130.0,55.45,6,2011,LGA1366,Server,LGA1366,0
AMD Ryzen 3 3200G,144.99,7188,49.57583281605628,2218,15.297606731498723,65.0,110.58,4,2019,AM4,Desktop,AM4,0
Intel Xeon E5-2628L v2 @ 1.90GHz,127.11000061035156,7181,56.49437467955763,1106,8.701124968053298,70.0,102.58,8,2015,LGA 2011,Server,Other,1
Intel Xeon D-1537 @ 1.70GHz,571.0,7176,12.567425569176883,1104,1.9334500875656742,35.0,205.03,8,2018,FCBGA1667,Server,Other,0
Intel Xeon D-1539 @ 1.60GHz,486.0,7175,14.763374485596708,1179,2.425925925925926,35.0,204.99,8,2019,FCBGA1667,Server,Other,0
Intel Core i7-6770HQ @ 2.60GHz,619.0,7145,11.54281098546042,1966,3.1760904684975766,45.0,158.78,4,2016,FCBGA1440,Laptop,FCBGA1440,0
AMD Ryzen 7 3700C,310.510009765625,7145,23.010530338114037,2301,7.4103891263821415,15.0,476.32,4,2022,FP5,"Laptop, Mobile/Embedded",Other,1
Intel Xeon E3-1275 v3 @ 3.50GHz,199.99,7143,35.716785839291965,2213,11.065553277663883,95.0,75.19,4,2013,LGA1150,Server,LGA1150,0
Intel Core i7-990X @ 3.47GHz,1500.19,7137,4.757397396329798,1600,1.066531572667462,130.0,54.9,6,2011,LGA1366,Desktop,LGA1366,0
Intel Core i7-4770K @ 3.50GHz,329.99,7129,21.603684960150307,2165,6.560804872874935,84.0,84.87,4,2013,LGA1150,Desktop,LGA1150,0
Intel Xeon D-1557 @ 1.50GHz,694.0,7118,10.256484149855908,718,1.0345821325648414,45.0,158.18,12,2019,FCBGA1667,Server,Other,0
AMD Ryzen 5 3500U,400.42999267578125,7102,17.735934195494497,1982,4.949679185506913,15.0,473.44,4,2019,FP5,Laptop,Other,1
Intel Xeon X5679 @ 3.20GHz,113.5199966430664,7095,62.5000018482061,1547,13.627555018911181,115.0,61.7,6,2011,LGA1366,Server,LGA1366,1
AMD Athlon Gold PRO 3150GE,174.60000610351562,7093,40.62428265778382,2164,12.39404309480392,35.0,202.64,4,2020,AM4,Desktop,AM4,1
Intel Xeon E3-1505M v5 @ 2.80GHz,345.0299987792969,7092,20.554734443646144,2033,5.892241275230204,45.0,157.6,4,2015,FCBGA1440,Server,FCBGA1440,1
Intel Xeon E3-1505M v6 @ 3.00GHz,532.6699829101562,7080,13.291531768543754,2183,4.098222295300991,45.0,157.34,4,2017,unknown,Server,unknown,1
Intel Core i7-4771 @ 3.50GHz,196.86,7074,35.93416641267906,2190,11.124657116732703,84.0,84.21,4,2013,LGA1150,Desktop,LGA1150,0
Intel Core i5-8305G @ 2.80GHz,298.2699890136719,7073,23.713414894301664,2118,7.100949066327007,65.0,108.82,4,2018,BGA2270,Laptop,Other,1
AMD Ryzen 3 PRO 3200GE,295.79998779296875,7071,23.904666300895904,2189,7.400270758402084,35.0,202.04,4,2019,AM4,Laptop,AM4,1
Intel Xeon E3-1241 v3 @ 3.50GHz,79.99,7070,88.38604825603201,2150,26.878359794974372,80.0,88.38,4,2014,LGA1150,Server,LGA1150,0
Intel Xeon E3-1240 v3 @ 3.40GHz,64.87,7065,108.91012794820409,2161,33.31277940496377,80.0,88.32,4,2013,LGA1150,Server,LGA1150,0
Intel Core i7-10610U @ 1.80GHz,409.0,7062,17.26650366748166,2362,5.775061124694377,15.0,470.77,4,2020,FCBGA1528,Laptop,Other,0
Intel Core i7-4940MX @ 3.10GHz,699.95,7060,10.086434745338952,2286,3.2659475676834058,57.0,123.86,4,2014,"FPGA946,FPGA947",Laptop,Other,0
Intel Core i7-1060NG7 @ 1.20GHz,371.2099914550781,7045,18.978476232239423,1930,5.199213502941389,10.0,704.48,4,2020,FCBGA1526,Laptop,Other,1
AMD Ryzen 3 PRO 3200G,151.99000549316406,7037,46.2990969515854,2216,14.579906045859492,65.0,108.26,4,2019,AM4,Desktop,AM4,1
Intel Core i7-5850EQ @ 2.70GHz,435.0,7036,16.17471264367816,2119,4.871264367816092,47.0,149.7,4,2018,FCBGA1364,Laptop,Other,0
Intel Core i7-4770 @ 3.40GHz,178.69,7030,39.3418769936762,2166,12.121551289943477,84.0,83.69,4,2013,LGA1150,Desktop,LGA1150,0
Intel Core i7-980 @ 3.33GHz,160.19,7018,43.81047506086522,1558,9.725950433859792,130.0,53.99,6,2011,LGA1366,Desktop,LGA1366,0
Intel Xeon E5-4640 @ 2.40GHz,59.99,7012,116.88614769128188,1233,20.553425570928486,95.0,73.81,8,2012,LGA2011,Server,Other,0
Intel Xeon E3-1245 v3 @ 3.40GHz,299.0,7008,23.438127090301002,2142,7.1638795986622075,84.0,83.43,4,2013,LGA1150,Server,LGA1150,0
AMD Athlon Gold 3150G,143.19000244140625,7002,48.90006201979945,2308,16.11844375059942,65.0,107.72,4,2022,AM4,Desktop,AM4,1
Intel Xeon E3-1231 v3 @ 3.40GHz,498.95,6998,14.025453452249725,2152,4.313057420583225,80.0,87.48,4,2014,FCLGA1150,Server,Other,0
Intel Xeon E5-1620 v3 @ 3.50GHz,79.46,6991,87.98137427636547,2024,25.471935565064186,140.0,49.93,4,2014,LGA2011-v3,Server,LGA2011-v3,0
Intel Xeon E3-1285 v3 @ 3.60GHz,299.45001220703125,6987,23.33277580623168,2220,7.413591282357855,84.0,83.18,4,2016,LGA1150,Server,LGA1150,1
Intel Xeon E5-4607 v2 @ 2.60GHz,72.8,6986,95.96153846153847,1363,18.722527472527474,95.0,73.54,6,2016,FCLGA2011,Server,Other,0
Intel Xeon E-2124 @ 3.30GHz,204.99,6977,34.0358066247134,2537,12.376213473827992,71.0,98.27,4,2019,FCLGA1151-2,Server,FCLGA1151-2,0
AMD Ryzen 5 PRO 3500U,390.95001220703125,6968,17.82325049860858,1964,5.023660157759364,15.0,464.55,4,2019,FP5,Laptop,Other,1
Intel Core i7-7700HQ @ 2.80GHz,378.0,6957,18.404761904761905,2070,5.476190476190476,45.0,154.59,4,2016,FCBGA1440,Laptop,FCBGA1440,0
Intel Xeon E3-1265L v4 @ 2.30GHz,324.4700012207031,6954,21.431873436182222,2073,6.388880303883483,35.0,198.69,4,2018,FCLGA1150,Server,Other,1
Intel Core i7-4790S @ 3.20GHz,163.0,6954,42.66257668711656,2198,13.484662576687116,65.0,106.98,4,2014,LGA1150,Desktop,LGA1150,0
Intel Core i7-6820HQ @ 2.70GHz,429.8900146484375,6939,16.141337931923562,1990,4.6290910051200305,45.0,154.2,4,2015,FCBGA1440,Laptop,FCBGA1440,1
Intel Xeon E5-2440 v2 @ 1.90GHz,499.95,6927,13.855385538553856,962,1.9241924192419242,95.0,72.92,8,2014,LGA 1356,Server,Other,0
AMD Ryzen 3 1300X,115.0,6925,60.21739130434783,2096,18.22608695652174,65.0,106.54,4,2017,AM4,Desktop,AM4,0
Intel Core i7-6820EQ @ 2.80GHz,430.75,6924,16.0742890307603,1969,4.5710969239698205,45.0,153.87,4,2016,FCBGA1440,Laptop,FCBGA1440,1
AMD Ryzen 5 PRO 2500U,430.20001220703125,6921,16.087865652289448,1829,4.251510804513424,15.0,461.43,4,2018,FP5,Laptop,Other,1
Intel Xeon W3680 @ 3.33GHz,47.85,6917,144.55590386624868,1547,32.330198537095086,130.0,53.21,6,2010,LGA1366,Server,LGA1366,0
Intel Core i7-6820HK @ 2.70GHz,378.0,6906,18.26984126984127,1941,5.134920634920635,45.0,153.46,4,2015,FCBGA1440,Laptop,FCBGA1440,0
Intel Xeon E5-2637 v4 @ 3.50GHz,143.0,6897,48.23076923076923,2073,14.496503496503497,135.0,51.09,4,2016,FCLGA2011-3,Server,FCLGA2011-3,0
Intel Pentium Gold G7400,66.99,6896,102.94073742349605,3084,46.036721898790866,46.0,149.92,2,2022,"LGA1700,BGA1700",Desktop,Other,0
AMD Ryzen 7 2700U,437.7200012207031,6895,15.752078910653815,1806,4.125925237511355,15.0,459.65,4,2017,FP5,Laptop,Other,1
Intel Core i5-7600K @ 3.80GHz,165.99,6869,41.382010964515935,2566,15.458762576058797,91.0,75.49,4,2017,FCLGA1151,Desktop,FCLGA1151,0
Intel Xeon E5-2623 v3 @ 3.00GHz,249.95,6869,27.481496299259852,1861,7.445489097819564,105.0,65.42,4,2015,LGA2011-v3,Server,LGA2011-v3,0
Intel Xeon X5690 @ 3.47GHz,189.06,6867,36.32180260234846,1608,8.505236432878451,130.0,52.82,6,2011,LGA1366,Server,LGA1366,0
Intel Core i7-5850HQ @ 2.70GHz,434.0,6866,15.820276497695852,2219,5.112903225806452,47.0,146.08,4,2015,FCBGA1364,Laptop,Other,0
Intel Xeon E5-2430 v2 @ 2.50GHz,201.5,6864,34.064516129032256,1413,7.012406947890819,80.0,85.8,6,2014,LGA 1356,Server,Other,0
Intel Core i3-8350K @ 4.00GHz,206.16,6862,33.2848273185875,2489,12.07314707023671,91.0,75.41,4,2017,FCLGA1151-2,Desktop,FCLGA1151-2,0
Intel Xeon E3-1285L v3 @ 3.10GHz,899.99,6848,7.608973433038145,2132,2.3689152101690016,65.0,105.35,4,2014,LGA1150,Server,LGA1150,0
Intel Core i7-10510U @ 1.80GHz,409.0,6837,16.716381418092908,2363,5.777506112469438,15.0,455.82,4,2019,FCBGA1528,Laptop,Other,0
Intel Xeon E5-4620 @ 2.20GHz,71.96,6830,94.91384102279045,1239,17.217898832684828,95.0,71.89,8,2015,LGA 2011,Server,Other,0
AMD Ryzen 5 3450U,370.55999755859375,6824,18.41537145120737,1936,5.224525077599277,15.0,454.9,4,2020,FP5,Laptop,Other,1
AMD Ryzen Embedded V1605B,377.55999755859375,6822,18.068651457021186,1961,5.193876503550065,15.0,454.81,4,2018,FP5,"Laptop, Mobile/Embedded",Other,1
Intel Core i7-4770S @ 3.10GHz,1270.0,6819,5.369291338582677,2148,1.6913385826771654,65.0,104.91,4,2013,LGA1150,Desktop,LGA1150,0
Intel Core i7-980X @ 3.33GHz,144.62,6813,47.109666712764486,1532,10.593278937906236,130.0,52.41,6,2010,LGA1366,Desktop,LGA1366,0
Intel Xeon X5680 @ 3.33GHz,145.0,6811,46.97241379310345,1510,10.413793103448276,130.0,52.39,6,2010,LGA1366,Server,LGA1366,0
AMD Ryzen 3 2200G,124.0,6781,54.685483870967744,2060,16.612903225806452,65.0,104.33,4,2018,AM4,Desktop,AM4,0
Intel Core i7-4960HQ @ 2.60GHz,623.0,6779,10.881219903691814,2188,3.5120385232744784,47.0,144.23,4,2013,FCBGA1364,Laptop,Other,0
Intel Xeon E5-2448L v2 @ 1.80GHz,1424.0,6774,4.757022471910112,1235,0.8672752808988764,70.0,96.77,10,2018,LGA 1356,Server,Other,0
Intel Pentium Gold 8505,262.9100036621094,6771,25.75405996609416,3112,11.83675005383031,15.0,451.41,1,2022,BGA1700,"Laptop, Mobile/Embedded",Other,1
AMD FX-9590 Eight-Core,344.04,6768,19.672131147540984,1829,5.316242297407278,220.0,30.76,4,2013,AM3+,Desktop,Other,0
Intel Core i3-9100F @ 3.60GHz,124.0,6768,54.58064516129032,2519,20.31451612903226,65.0,104.12,4,2019,FCLGA1151-2,Desktop,FCLGA1151-2,0
Intel Core i7-4980HQ @ 2.80GHz,478.04998779296875,6767,14.155423434359786,2250,4.706620766559705,47.0,143.99,4,2014,FCBGA1364,Laptop,Other,1
Intel Xeon E3-1230 v3 @ 3.30GHz,299.99,6760,22.534084469482316,2081,6.936897896596553,80.0,84.5,4,2013,LGA1150,Server,LGA1150,0
Intel Core i7-4930MX @ 3.00GHz,1096.0,6753,6.161496350364963,2180,1.989051094890511,57.0,118.48,4,2013,FCPGA946,Laptop,Other,0
Intel Core i7-6700TE @ 2.40GHz,227.66000366210938,6734,29.579196572422678,2012,8.83774034804194,35.0,192.4,4,2016,LGA 1151,Desktop,Other,1
AMD Ryzen 3 PRO 2200G,144.61000061035156,6703,46.35225760119513,2058,14.231380895607872,65.0,103.13,4,2018,AM4,Desktop,AM4,1
Intel Core i5-7640X @ 4.00GHz,65.0,6675,102.6923076923077,2511,38.63076923076923,112.0,59.6,4,2017,FCLGA2066,Desktop,Other,0
Intel Core i5-10310U @ 1.70GHz,297.0,6658,22.41750841750842,2281,7.68013468013468,15.0,443.89,4,2020,FCBGA1528,Laptop,Other,0
AMD Opteron 6380,855.79,6645,7.7647553722291685,1096,1.2806880192570609,115.0,57.78,8,2015,G34,Server,Other,0
Intel Core i3-9100 @ 3.60GHz,169.96,6625,38.97975994351612,2519,14.821134384561072,65.0,101.93,4,2019,FCLGA1151-2,Desktop,FCLGA1151-2,0
Intel Xeon E3-1275 V2 @ 3.50GHz,384.24,6613,17.210597543202166,2151,5.598063710181137,77.0,85.89,4,2012,LGA1155,Server,LGA1155,0
Intel Xeon E5-2630L v2 @ 2.40GHz,88.65,6610,74.5628877608573,1388,15.657078398195148,60.0,110.17,6,2014,LGA 2011,Server,Other,0
Intel Core i7-1180G7 @ 1.30GHz,426.0,6607,15.509389671361502,2323,5.453051643192488,15.0,440.45,4,2021,FCBGA1598,Laptop,Other,0
Intel Core i5-7600 @ 3.50GHz,169.99,6598,38.814047885169714,2476,14.565562680157656,65.0,101.5,4,2017,FCLGA1151,Desktop,FCLGA1151,0
Intel Xeon E5-1428L v2 @ 2.20GHz,20.37,6566,322.33676975945014,1321,64.85027000490918,60.0,109.43,6,2019,FCLGA1356,Server,Other,0
AMD Ryzen 5 2500U,432.3800048828125,6555,15.160275512223548,1834,4.241639250864681,15.0,436.97,4,2017,FP5,Laptop,Other,1
Intel Core i7-6700HQ @ 2.60GHz,378.0,6544,17.312169312169313,1919,5.076719576719577,45.0,145.41,4,2015,FCBGA1440,Laptop,FCBGA1440,0
AMD Ryzen 3 2200GE,187.30999755859375,6537,34.89936514443184,2049,10.939085081985748,35.0,186.76,4,2018,AM4,Desktop,AM4,1
Intel Xeon E5-1620 v2 @ 3.70GHz,309.19,6535,21.135871147191047,2015,6.517028364436107,130.0,50.27,4,2013,FCLGA2011,Server,Other,0
Intel Xeon W3670 @ 3.20GHz,295.19,6534,22.134896168569398,1501,5.084860598258748,130.0,50.26,6,2011,LGA1366,Server,LGA1366,0
Intel Xeon E3-1280 V2 @ 3.60GHz,388.19,6511,16.772714392436693,2174,5.6003503439037585,69.0,94.36,4,2012,LGA1155,Server,LGA1155,0
Intel Core i7-4820K @ 3.70GHz,149.73,6501,43.41815267481467,1945,12.990048754424631,130.0,50.01,4,2013,FCLGA2011,Desktop,Other,0
Intel Core i7-970 @ 3.20GHz,520.0,6499,12.498076923076923,1455,2.798076923076923,130.0,49.99,6,2010,LGA1366,Desktop,LGA1366,0
Intel Core i7-3770K @ 3.50GHz,136.48,6462,47.347596717467766,2082,15.254982415005863,77.0,83.93,4,2012,LGA1155,Desktop,LGA1155,0
Intel Xeon E3-1290 V2 @ 3.70GHz,885.0,6461,7.300564971751412,2112,2.386440677966102,87.0,74.27,4,2012,LGA1155,Server,LGA1155,0
Intel Xeon E5-4610 @ 2.40GHz,215.19,6460,30.019982341186857,1401,6.510525582043775,95.0,68.0,6,2018,FCLGA2011,Server,Other,0
Intel Xeon E3-1286L v3 @ 3.20GHz,774.0,6450,8.333333333333334,2207,2.851421188630491,65.0,99.23,4,2018,LGA1150,Server,LGA1150,0
Intel Xeon E3-1270 V2 @ 3.50GHz,84.99,6431,75.66772561477822,2064,24.28521002470879,69.0,93.2,4,2012,LGA1155,Server,LGA1155,0
Intel Core i7-4770R @ 3.20GHz,194.4600067138672,6429,33.06078256728529,2161,11.112824876015477,65.0,98.91,4,2014,FCBGA1364,Desktop,Other,1
Intel Xeon Silver 4112 @ 2.60GHz,550.0,6420,11.672727272727272,1690,3.0727272727272728,85.0,75.53,4,2018,FCLGA3647,Server,FCLGA3647,0
Intel Xeon E5-2608L v3 @ 2.00GHz,441.0,6415,14.546485260770975,1210,2.743764172335601,52.0,123.37,6,2018,LGA2011-v3,Server,LGA2011-v3,0
Intel Core i5-10210U @ 1.60GHz,702.62,6401,9.11018758361561,2233,3.1781048077196776,15.0,426.76,4,2019,FCBGA1528,Laptop,Other,0
Intel Core i7-3770 @ 3.40GHz,139.98,6397,45.69938562651808,2076,14.830690098585514,77.0,83.08,4,2012,LGA1155,Desktop,LGA1155,0
Intel Core i7-4870HQ @ 2.50GHz,372.67999267578125,6387,17.138027598805042,2089,5.605345178315912,47.0,135.89,4,2014,FCBGA1364,Laptop,Other,1
AMD Opteron 6282 SE,223.39,6385,28.582300013429432,953,4.266081740453915,140.0,45.61,16,2013,unknown,Server,unknown,0
Intel Core i7-8665U @ 1.90GHz,704.49,6383,9.060455080980567,2236,3.1739272381439054,15.0,425.51,4,2019,FCBGA1528,Laptop,Other,0
Intel Xeon X5675 @ 3.07GHz,30.98,6378,205.87475790832795,1473,47.54680438992899,95.0,67.14,6,2011,LGA1366,Server,LGA1366,0
Intel Xeon E5-2420 v2 @ 2.20GHz,85.19,6362,74.68012677544313,1382,16.222561333489846,80.0,79.52,6,2014,FCLGA1356,Server,Other,0
Intel Core i7-8565U @ 1.80GHz,615.0,6358,10.33821138211382,2246,3.652032520325203,15.0,423.86,4,2018,FCBGA1356,Laptop,Other,0
Intel Core i7-8650U @ 1.90GHz,1049.0,6358,6.061010486177311,2154,2.0533841754051476,15.0,423.89,4,2017,FC-BGA1356,Laptop,Other,0
AMD Ryzen 3 PRO 1200,142.24000549316406,6347,44.621764305999214,1936,13.610798124533556,65.0,97.65,4,2017,AM4,Desktop,AM4,1
Intel Xeon E-2254ML @ 1.70GHz,280.20001220703125,6333,22.601712077445377,2029,7.241255930070531,25.0,253.31,4,2019,FCBGA1440,Server,FCBGA1440,1
Intel Xeon E5-2640 @ 2.50GHz,75.0,6321,84.28,1348,17.973333333333333,95.0,66.54,6,2012,LGA2011,Server,Other,0
Intel Xeon E3-1245 V2 @ 3.40GHz,367.5,6316,17.186394557823128,2042,5.556462585034014,77.0,82.02,4,2012,LGA1155,Server,LGA1155,0
Intel Xeon E3-1225 v6 @ 3.30GHz,208.13,6312,30.327199346562246,2303,11.065199634843607,73.0,86.47,4,2017,FCLGA1151,Server,FCLGA1151,0
Intel Core i5-6600K @ 3.50GHz,135.0,6307,46.71851851851852,2332,17.274074074074075,91.0,69.31,4,2015,FCLGA1151,Desktop,FCLGA1151,0
AMD Ryzen 3 1200,103.55,6304,60.87880251086432,1927,18.609367455335587,65.0,96.98,4,2017,AM4,Desktop,AM4,0
Intel Xeon E3-1240 V2 @ 3.40GHz,99.99,6301,63.01630163016302,2044,20.442044204420444,69.0,91.32,4,2012,LGA1155,Server,LGA1155,0
Intel Core i7-4760HQ @ 2.10GHz,368.9599914550781,6300,17.075022078015856,1944,5.268863955502035,47.0,134.05,4,2014,FCBGA1364,Laptop,Other,1
Intel Core i7-4850HQ @ 2.30GHz,434.0,6299,14.513824884792626,1972,4.543778801843318,47.0,134.03,4,2013,FCBGA1364,Laptop,Other,0
Intel Xeon E5-4617 @ 2.90GHz,35.88,6298,175.52954292084726,1552,43.255295429208466,130.0,48.44,6,2014,LGA 2011,Server,Other,0
Intel Core i7-4790T @ 2.70GHz,893.0,6291,7.044792833146697,2100,2.3516237402015676,45.0,139.81,4,2014,LGA1150,Desktop,LGA1150,0
Intel Core i5-8350U @ 1.70GHz,297.0,6284,21.15824915824916,2031,6.838383838383838,15.0,418.94,4,2017,FC-BGA1356,Laptop,Other,0
Intel Core i7-4910MQ @ 2.90GHz,459.95,6265,13.621045765844114,2019,4.389607566039787,47.0,133.3,4,2014,FCPGA946,Laptop,Other,0
Intel Xeon E5-2620 v2 @ 2.10GHz,49.0,6246,127.46938775510205,1303,26.591836734693878,80.0,78.08,6,2013,FCLGA2011,Server,Other,0
AMD Opteron 6276,968.46,6245,6.448381967246969,1005,1.037730004336782,115.0,54.3,8,2013,Socket G34,Server,Other,0
Intel Xeon E5-2637 v2 @ 3.50GHz,127.52,6244,48.96486825595985,1849,14.499686323713927,130.0,48.03,4,2014,LGA 2011,Server,Other,0
Intel Core i5-8365U @ 1.60GHz,539.07,6239,11.573636076947334,2166,4.018031053480994,15.0,415.95,4,2019,FCBGA1528,Laptop,Other,0
Intel Xeon D-1622 @ 2.60GHz,170.0,6205,36.5,1875,11.029411764705882,40.0,155.12,4,2021,FCBGA1667,Server,Other,0
Intel Xeon W-2104 @ 3.20GHz,255.0,6202,24.32156862745098,1836,7.2,120.0,51.69,4,2018,FCLGA2066,Server,Other,0
Intel Xeon E3-1230 V2 @ 3.30GHz,61.97,6192,99.91931579796676,1994,32.176859770856865,69.0,89.75,4,2012,LGA1155,Server,LGA1155,0
Intel Core i7-8565UC @ 1.80GHz,368.8699951171875,6187,16.772847024422337,2527,6.850652081899991,15.0,412.45,4,2020,FCBGA1528,Laptop,Other,1
Intel Core i5-1030NG7 @ 1.10GHz,373.0899963378906,6180,16.56436800948974,1832,4.910343396987897,10.0,617.95,4,2020,BGA1526,Laptop,Other,1
Intel Core i7-3770S @ 3.10GHz,114.0,6178,54.19298245614035,2034,17.842105263157894,65.0,95.05,4,2012,LGA1155,Desktop,LGA1155,0
Intel Xeon E3-1240L v5 @ 2.10GHz,278.0,6173,22.205035971223023,1906,6.856115107913669,25.0,246.93,4,2017,FCLGA1151,Server,FCLGA1151,0
Intel Core i3-8100 @ 3.60GHz,169.99,6163,36.25507382787222,2240,13.17724572033649,65.0,94.82,4,2017,FCLGA1151-2,Desktop,FCLGA1151-2,0
Intel Core i3-9300T @ 3.20GHz,143.0,6162,43.09090909090909,2318,16.20979020979021,35.0,176.07,4,2019,FCLGA1151-2,Desktop,FCLGA1151-2,0
AMD Ryzen 3 PRO 3300U,370.19000244140625,6144,16.596882572409484,2060,5.564709977077399,15.0,409.61,4,2019,FP5,Laptop,Other,1
Intel Core i7-4860HQ @ 2.40GHz,329.1400146484375,6138,18.648598550243573,1901,5.775657517760351,47.0,130.6,4,2014,FCBGA1364,Laptop,Other,1
Intel Core i3-8300 @ 3.70GHz,265.7,6136,23.09371471584494,2262,8.513360933383515,62.0,98.97,4,2018,FCLGA1151-2,Desktop,FCLGA1151-2,0
Intel Xeon E5-2630 @ 2.30GHz,49.0,6131,125.12244897959184,1270,25.918367346938776,95.0,64.54,6,2012,LGA2011,Server,Other,0
AMD FX-8370 Eight-Core,218.99,6128,27.98301292296452,1626,7.424996575186081,125.0,49.02,4,2014,AM3+,Desktop,Other,0
Intel Core i7-4770HQ @ 2.20GHz,359.6000061035156,6125,17.032813948943144,1934,5.378197906490781,47.0,130.31,4,2014,FCBGA1364,Laptop,Other,1
Intel Core i5-6600 @ 3.30GHz,119.0,6107,51.319327731092436,2284,19.19327731092437,65.0,93.96,4,2015,LGA 1151,Desktop,Other,0
Intel Xeon X5660 @ 2.80GHz,72.33,6107,84.43246232545279,1387,19.175998893958248,95.0,64.28,6,2010,LGA1366,Server,LGA1366,0
Intel Core i5-8265U @ 1.60GHz,499.88,6103,12.208930143234376,2122,4.245018804513083,15.0,406.87,4,2018,FCBGA1528,Laptop,Other,0
Intel Xeon X5670 @ 2.93GHz,63.94,6090,95.24554269627777,1392,21.770409759149203,95.0,64.11,6,2010,LGA1366,Server,LGA1366,0
Intel Core i7-5675C @ 3.10GHz,167.2100067138672,6089,36.41528470493759,2249,13.450151962786114,65.0,93.67,4,2015,LGA1150,Desktop,LGA1150,1
Intel Xeon E3-1505L v6 @ 2.20GHz,424.4800109863281,6088,14.342253680812512,1848,4.353561892598805,25.0,243.52,4,2017,FCBGA1440,"Laptop, Server",FCBGA1440,1
Intel Core i3-8100B @ 3.60GHz,133.0,6081,45.721804511278194,2363,17.76691729323308,65.0,93.55,4,2019,FCBGA1440,Laptop,FCBGA1440,0
Intel Xeon E3-1268L v5 @ 2.40GHz,456.54,6079,13.31537214701888,1654,3.622902702939501,35.0,173.69,4,2018,FCLGA1151,"Laptop, Server",FCLGA1151,0
Intel Core i5-7600T @ 2.80GHz,298.0,6073,20.379194630872483,2231,7.4865771812080535,35.0,173.5,4,2017,FCLGA1151,Desktop,FCLGA1151,0
Intel Xeon E5-2658 @ 2.10GHz,1350.7,6073,4.496187162212186,1156,0.855852520915081,95.0,63.92,8,2012,LGA2011,Server,Other,0
AMD Opteron 6344,379.0,6069,16.013192612137203,1231,3.2480211081794197,115.0,52.77,6,2013,unknown,Server,unknown,0
Intel Core i5-7500 @ 3.40GHz,165.99,6064,36.532321224170126,2284,13.759865052111572,65.0,93.3,4,2016,LGA1151,Desktop,Other,0
Intel Xeon E-2104G @ 3.20GHz,510.0,6057,11.876470588235295,1963,3.8490196078431373,65.0,93.19,4,2018,FCLGA1151-2,Server,FCLGA1151-2,0
Intel Core i7-4900MQ @ 2.80GHz,556.0,6051,10.883093525179856,1951,3.508992805755396,47.0,128.75,4,2013,FCPGA946,Laptop,Other,0
Intel Xeon E3-1275L v3 @ 2.70GHz,438.69000244140625,6035,13.75686695938795,2106,4.800656473317485,45.0,134.1,4,2015,LGA1150,Server,LGA1150,1
Intel Core i7-4810MQ @ 2.80GHz,179.95,6034,33.5315365379272,2004,11.136426785218116,47.0,128.37,4,2014,FCPGA946,Laptop,Other,0
Intel Core i7-5700HQ @ 2.70GHz,383.6300048828125,6023,15.700023260276126,2025,5.27852351022068,47.0,128.15,4,2015,FCBGA1364,Laptop,Other,1
Intel Xeon E3-1265L v3 @ 2.50GHz,699.95,5987,8.553468104864633,2104,3.005928994928209,45.0,133.05,4,2012,FCLGA1150,Server,Other,0
AMD FX-9370 Eight-Core,253.0,5985,23.656126482213438,1671,6.604743083003952,220.0,27.21,4,2013,AM3+,Desktop,Other,0
AMD Ryzen 3 PRO 2300U,439.3599853515625,5982,13.615259011840566,1853,4.217498319782776,15.0,398.8,4,2018,FP5,Laptop,Other,1
AMD FX-8350 Eight-Core,122.99,5969,48.532401008212055,1576,12.814049922757949,125.0,47.75,4,2012,AM3+,Desktop,Other,0
Intel Core i7-3840QM @ 2.80GHz,548.87,5966,10.869604824457522,1954,3.5600415398910488,45.0,132.57,4,2012,rPGA988B,Laptop,Other,0
Intel Core i7-8550U @ 1.80GHz,442.0,5964,13.493212669683258,2076,4.6968325791855206,15.0,397.63,4,2017,FC-BGA1356,Laptop,Other,1
Intel Xeon E3-1225 v5 @ 3.30GHz,399.0,5961,14.93984962406015,2064,5.172932330827067,80.0,74.51,4,2016,FCLGA1151,Server,FCLGA1151,0
Intel Core i5-8250U @ 1.60GHz,452.2200012207031,5941,13.137410959186063,1932,4.272256854594761,15.0,396.03,4,2017,FC-BGA1356,Laptop,Other,1
Intel Xeon E5-2650L @ 1.80GHz,49.0,5929,121.0,1091,22.26530612244898,70.0,84.69,8,2012,LGA 2011,Server,Other,0
AMD Ryzen Embedded V1404I,343.5799865722656,5917,17.221608449988892,1938,5.64060793917162,15.0,394.44,4,2020,unknown,"Desktop, Mobile/Embedded",unknown,1
Intel Xeon D-1528 @ 1.90GHz,268.70001220703125,5910,21.994788729099096,1281,4.7673983692006665,35.0,168.85,6,2016,FCBGA1667,"Laptop, Server",Other,1
Intel Core i7-5700EQ @ 2.60GHz,449.6000061035156,5905,13.133896618854664,2124,4.724199224123168,47.0,125.64,4,2015,FCBGA1364,Laptop,Other,1
AMD Ryzen 3 3350U,369.6000061035156,5904,15.974025710233454,1976,5.346320258032064,15.0,393.57,4,2021,unknown,Laptop,unknown,1
Intel Xeon E5-2430L v2 @ 2.40GHz,80.62000274658203,5903,73.22004215945358,1211,15.02108606727059,60.0,98.39,6,2015,LGA 1356,Server,Other,1
Intel Xeon E5-2440 @ 2.40GHz,170.0,5900,34.705882352941174,1282,7.541176470588235,95.0,62.11,6,2014,LGA 1356,Server,Other,0
AMD Ryzen 3 PRO 2200GE,186.02000427246094,5897,31.70089164906558,2000,10.751531846384799,35.0,168.47,4,2018,AM4,Desktop,AM4,1
AMD Opteron 6378,1709.92,5889,3.444020772901656,1127,0.6590951623467765,115.0,51.21,8,2015,G34,Server,Other,0
Intel Xeon D-1521 @ 2.40GHz,303.1700134277344,5876,19.38186410180914,1724,5.686578235452512,45.0,130.58,4,2016,FCBGA1667,Server,Other,1
Intel Xeon E5-1620 @ 3.60GHz,179.91,5871,32.63298315824579,1774,9.860485798454784,130.0,45.16,4,2012,LGA2011,Server,Other,0
Intel Xeon E5-2430 @ 2.20GHz,69.0,5863,84.97101449275362,1190,17.246376811594203,95.0,61.72,6,2012,LGA 1356,Server,Other,0
Intel Xeon E5-1410 v2 @ 2.80GHz,19.2,5842,304.27083333333337,1689,87.96875,80.0,73.02,4,2015,LGA 1356,Server,Other,0
Intel Core i7-4800MQ @ 2.70GHz,239.99,5829,24.28851202133422,1944,8.100337514063085,47.0,124.02,4,2013,rPGA946B,Laptop,Other,0
Intel Core i3-8300T @ 3.20GHz,158.95,5827,36.659326832337214,2005,12.61402956904687,25.0,233.07,4,2018,FCLGA1151-2,Desktop,FCLGA1151-2,0
AMD Ryzen 3 3300U,347.3599853515625,5803,16.706011759318773,1899,5.466950944502215,15.0,386.88,4,2019,FP5,Laptop,Other,1
Intel Core i7-4710MQ @ 2.50GHz,271.57,5800,21.357292779025666,1895,6.977943071767869,47.0,123.4,4,2014,FCPGA946,Laptop,Other,0
Intel Core i3-1115G4E @ 3.00GHz,285.0,5776,20.266666666666666,2552,8.95438596491228,15.0,385.06,2,2022,BGA 1449,Mobile/Embedded,Other,0
AMD Opteron 4274 HE,76.99,5776,75.02273022470452,1060,13.768021821015717,65.0,88.86,4,2012,C32,Server,Other,0
Intel Xeon E5-2450L @ 1.80GHz,65.0,5769,88.75384615384615,1013,15.584615384615384,70.0,82.42,8,2015,LGA 1356,Server,Other,0
Intel Core i7-4720HQ @ 2.60GHz,301.7699890136719,5762,19.0940126910332,1870,6.196772601914628,47.0,122.59,4,2014,BGA1364,Laptop,Other,1
Intel Xeon X5650 @ 2.67GHz,58.0,5761,99.32758620689656,1302,22.448275862068964,95.0,60.64,6,2010,LGA1366,Server,LGA1366,0
Intel Core i7-3820QM @ 2.70GHz,549.0,5755,10.482695810564662,1915,3.4881602914389798,45.0,127.89,4,2012,BGA1224,Laptop,Other,0
Intel Xeon Bronze 3106 @ 1.70GHz,334.31,5754,17.21157009960815,1013,3.030121743292154,85.0,67.7,8,2018,FCLGA3647,Server,FCLGA3647,0
Intel Core i7-3820 @ 3.60GHz,117.97,5754,48.77511231669069,1736,14.715605662456557,130.0,44.26,4,2012,LGA2011,Desktop,Other,0
Intel Core i7-4770T @ 2.50GHz,770.0,5748,7.464935064935065,1930,2.5064935064935066,45.0,127.73,4,2013,LGA1150,Desktop,LGA1150,0
Snapdragon 8cx Gen 2 @ 3.1,383.989990234375,5734,14.932680918323294,1965,5.11732089370514,7.0,819.21,8,2021,unknown,Unknown,unknown,1
Intel Xeon E3-1220 v6 @ 3.00GHz,416.68,5729,13.74916002687914,1938,4.651051166362676,72.0,79.57,4,2017,FCLGA1151,Server,FCLGA1151,0
Intel Core i5-7440EQ @ 2.90GHz,250.0,5711,22.844,2131,8.524,45.0,126.91,4,2021,FCBGA1440,Laptop,FCBGA1440,0
Intel Core i7-3740QM @ 2.70GHz,218.02,5708,26.181084304192275,1885,8.64599578020365,45.0,126.85,4,2012,rPGA988B,Laptop,Other,0
Intel Xeon E3-1220 v5 @ 3.00GHz,194.82,5707,29.293707011600453,2019,10.36341238065907,80.0,71.34,4,2016,FCLGA1151,Server,FCLGA1151,0
Intel Core i7-3920XM @ 2.90GHz,1096.0,5700,5.200729927007299,1910,1.7427007299270072,55.0,103.63,4,2012,FCPGA988,Laptop,Other,0
Intel Xeon E3-1205 v6 @ 3.00GHz,193.0,5682,29.440414507772022,1875,9.715025906735752,65.0,87.41,4,2020,FCLGA1151,Server,FCLGA1151,0
Intel Core i7-3940XM @ 3.00GHz,164.99,5671,34.37178010788532,1930,11.697678647190738,55.0,103.1,4,2012,rPGA988B,Laptop,Other,0
Intel Core i5-6600T @ 2.70GHz,121.98,5655,46.36005902606985,2096,17.18314477783243,35.0,161.56,4,2015,LGA 1151,Desktop,Other,0
Intel Core i5-6500 @ 3.20GHz,129.0,5655,43.83720930232558,2123,16.45736434108527,65.0,87.0,4,2015,LGA 1151,Desktop,Other,0
Intel Core i7-3720QM @ 2.60GHz,195.97,5651,28.836046333622495,1859,9.486145838648772,45.0,125.57,4,2012,BGA1224,Laptop,Other,0
AMD Opteron 6238,103.71,5625,54.237778420595895,1157,11.156108379134125,115.0,48.91,6,2014,Socket G34,Server,Other,0
Intel Core i5-4690K @ 3.50GHz,69.99,5623,80.34004857836834,2197,31.390198599799973,88.0,63.9,4,2014,LGA1150,Desktop,LGA1150,0
Intel Core i7-4722HQ @ 2.40GHz,333.3999938964844,5620,16.856628982857522,1844,5.530893922489194,37.0,151.88,4,2015,FCBGA1364,Laptop,Other,1
Intel Core i7-2700K @ 3.50GHz,180.0,5604,31.133333333333333,1786,9.922222222222222,95.0,58.99,4,2011,LGA1155,Desktop,LGA1155,0
Intel Core i7-4750HQ @ 2.00GHz,267.8299865722656,5599,20.90505275998766,1733,6.470522670665944,47.0,119.12,4,2013,FCBGA1364,Laptop,Other,1
Intel Core i5-5675R @ 3.10GHz,160.8699951171875,5589,34.7423395887383,2285,14.20401609595044,65.0,85.99,4,2016,FCBGA1364,Desktop,Other,1
Intel Core i7-3770T @ 2.50GHz,156.59,5573,35.58975668944377,1933,12.34433871894757,45.0,123.84,4,2012,LGA1155,Desktop,LGA1155,0
Intel Core i5-4690 @ 3.50GHz,118.88,5572,46.87079407806191,2205,18.548115746971735,84.0,66.33,4,2014,LGA1150,Desktop,LGA1150,0
AMD Opteron 6376,2055.0,5572,2.711435523114355,1165,0.5669099756690997,115.0,48.45,8,2013,Socket G34,Server,Other,0
Intel Core i7-4700HQ @ 2.40GHz,383.0,5560,14.516971279373369,1784,4.657963446475196,47.0,118.3,4,2013,FCBGA1364,Laptop,Other,0
Intel Core i5-8365UE @ 1.60GHz,297.0,5555,18.703703703703702,2248,7.569023569023569,15.0,370.36,4,2019,FCBGA1528,Laptop,Other,0
Intel Core i5-5675C @ 3.10GHz,258.34,5548,21.475574823875515,2251,8.713323527134785,65.0,85.36,4,2015,FCLGA1150,Desktop,Other,0
Intel Core i5-4670K @ 3.40GHz,154.88,5547,35.81482438016529,2154,13.90754132231405,84.0,66.04,4,2013,LGA1150,Desktop,LGA1150,0
Intel Core i5-7440HQ @ 2.80GHz,332.25,5526,16.632054176072234,2029,6.106847253574116,45.0,122.8,4,2017,BGA1440,Laptop,Other,1
Intel Xeon E5-2643 @ 3.30GHz,162.5,5523,33.987692307692306,1646,10.12923076923077,130.0,42.48,4,2012,LGA2011,Server,Other,0
Intel Xeon E3-1226 v3 @ 3.30GHz,279.7,5520,19.735430818734358,2115,7.561673221308546,84.0,65.71,4,2014,FCLGA1150,Server,Other,0
Intel Core i7-4710HQ @ 2.50GHz,378.0,5518,14.597883597883598,1784,4.71957671957672,47.0,117.4,4,2014,FCBGA1364,Laptop,Other,0
Intel Xeon E3-1280 @ 3.50GHz,358.0,5510,15.391061452513966,1780,4.972067039106145,95.0,58.0,4,2011,LGA1155,Server,LGA1155,0
AMD Ryzen 3 2300U,329.95001220703125,5507,16.690407020032367,1745,5.288679907382692,15.0,367.11,4,2018,FP5,Laptop,Other,1
Intel Core i7-4860EQ @ 1.80GHz,288.3699951171875,5500,19.072719399134836,1754,6.082463604742273,47.0,117.02,4,2015,FCBGA1364,Laptop,Other,1
Intel Core i7-2600K @ 3.40GHz,79.99,5500,68.75859482435305,1745,21.815226903362923,95.0,57.89,4,2010,LGA1155,Desktop,LGA1155,0
Intel Core i5-7400 @ 3.00GHz,175.0,5499,31.422857142857143,2103,12.017142857142858,65.0,84.6,4,2017,FCLGA1151,Desktop,FCLGA1151,0
Intel Core i7-3615QE @ 2.30GHz,295.44000244140625,5459,18.477524894695556,1775,6.007988035919511,45.0,121.32,4,2012,BGA1224,Laptop,Other,1
Intel Core i5-4670 @ 3.40GHz,100.0,5440,54.4,2142,21.42,84.0,64.77,4,2013,LGA1150,Desktop,LGA1150,0
Intel Core i7-4785T @ 2.20GHz,217.3699951171875,5427,24.96664729220894,1744,8.023186452480633,35.0,155.06,4,2014,FCLGA1150,Desktop,Other,1
Intel Xeon E3-1268L v3 @ 2.30GHz,328.94000244140625,5427,16.49844944281809,1734,5.271478041983889,45.0,120.59,4,2014,LGA1150,Server,LGA1150,1
Intel Core i3-9100T @ 3.10GHz,122.0,5419,44.41803278688525,2106,17.262295081967213,35.0,154.82,4,2019,FCLGA1151-2,Desktop,FCLGA1151-2,0
Intel Core i5-6402P @ 2.80GHz,139.88,5414,38.70460394623964,2027,14.49099227909637,65.0,83.29,4,2016,LGA 1151,Desktop,Other,0
AMD FX-8320 Eight-Core,82.38,5409,65.65914056809906,1472,17.868414663753338,125.0,43.27,4,2012,AM3+,Desktop,Other,0
Intel Xeon E3-1240 @ 3.30GHz,141.0,5398,38.283687943262414,1744,12.368794326241135,80.0,67.47,4,2011,LGA1155,Server,LGA1155,0
Intel Xeon E3-1270 @ 3.40GHz,79.97,5386,67.3502563461298,1761,22.020757784169064,80.0,67.32,4,2011,LGA1155,Server,LGA1155,0
Intel Core i5-4690S @ 3.20GHz,138.47,5380,38.85318119448256,2186,15.786813028092729,65.0,82.77,4,2014,LGA1150,Desktop,LGA1150,0
Intel Xeon E3-1275 @ 3.40GHz,749.0,5372,7.172229639519359,1730,2.3097463284379174,95.0,56.54,4,2011,LGA1155,Server,LGA1155,0
Intel Core i5-6440EQ @ 2.70GHz,354.7099914550781,5368,15.133489693875243,1943,5.477714321013337,45.0,119.28,4,2016,FCBGA1440,Laptop,FCBGA1440,1
Intel Xeon E3-1245 @ 3.30GHz,245.0,5366,21.90204081632653,1741,7.106122448979592,95.0,56.49,4,2011,LGA1155,Server,LGA1155,0
Intel Core i7-4702HQ @ 2.20GHz,307.989990234375,5361,17.406409850918767,1662,5.396279271073865,37.0,144.89,4,2013,FCBGA1364,Laptop,Other,1
Intel Pentium Gold 7505 @ 2.00GHz,274.9800109863281,5360,19.49232593588956,2309,8.396973989919589,15.0,357.36,2,2021,FCBGA1449,Laptop,Other,1
Intel Xeon E5-2609 v4 @ 1.70GHz,314.95,5351,16.989998412446422,1043,3.3116367677409113,85.0,62.96,8,2016,FCLGA2011-3,Server,FCLGA2011-3,0
Intel Core i5-4590 @ 3.30GHz,58.0,5344,92.13793103448276,2093,36.08620689655172,84.0,63.62,4,2014,LGA1150,Desktop,LGA1150,0
Intel Core i7-2600 @ 3.40GHz,89.0,5344,60.04494382022472,1741,19.56179775280899,95.0,56.25,4,2010,LGA1155,Desktop,LGA1155,0
Intel Core i5-7500T @ 2.70GHz,188.98,5319,28.145835538152188,1964,10.392634141178961,35.0,151.97,4,2017,FCLGA1151,Desktop,FCLGA1151,0
Intel Core i7-4700MQ @ 2.40GHz,188.02,5319,28.289543665567493,1765,9.387299223486863,47.0,113.17,4,2013,rPGA946B,Laptop,Other,0
Intel Xeon E5-2630L @ 2.00GHz,84.8499984741211,5305,62.522098944032436,1119,13.187979023255851,60.0,88.42,6,2014,LGA 2011,Server,Other,1
Intel Xeon E3-1240L v3 @ 2.00GHz,895.5,5304,5.922948073701843,1769,1.9754327191513121,25.0,212.17,4,2015,FCLGA1150,Server,Other,0
Intel Xeon E3-1505L v5 @ 2.00GHz,314.19000244140625,5301,16.87195632836405,1590,5.060632062271051,25.0,212.04,4,2017,FCBGA1440,"Laptop, Server",FCBGA1440,1
Intel Core i3-8100T @ 3.10GHz,262.83,5291,20.13088308031808,1922,7.312711638701823,35.0,151.18,4,2018,FCLGA1151-2,Desktop,FCLGA1151-2,0
AMD Opteron 6274,885.95,5286,5.966476663468593,849,0.9582933574129465,115.0,45.97,8,2012,G34,Server,Other,0
Intel Xeon X5687 @ 3.60GHz,189.95,5282,27.80731771518821,1619,8.523295604106345,130.0,40.63,4,2011,LGA1366,Server,LGA1366,0
Intel Xeon E5-2620 @ 2.00GHz,75.65,5280,69.79510905485789,1112,14.69927296761401,95.0,55.58,6,2012,LGA2011,Server,Other,0
Intel Xeon E5-2430L @ 2.00GHz,32.28,5273,163.35192069392812,1005,31.133828996282528,60.0,87.89,6,2017,FCLGA1356,Server,Other,0
Intel Core i7-4712MQ @ 2.30GHz,307.8599853515625,5273,17.127916101140805,1793,5.824076155764359,37.0,142.5,4,2014,FCPGA946,Laptop,Other,1
Intel Xeon E3-1225 v3 @ 3.20GHz,89.95,5264,58.521400778210115,1992,22.145636464702612,84.0,62.67,4,2013,LGA1150,Server,LGA1150,0
AMD Opteron 6328,343.46,5246,15.273976591160544,1433,4.172247132126012,115.0,45.62,4,2013,G34,Server,Other,0
Intel Xeon E5-1607 v4 @ 3.10GHz,178.02,5245,29.462981687450846,1905,10.701044826423997,140.0,37.46,4,2016,FCLGA2011-3,Server,FCLGA2011-3,0
Intel Core i7-6822EQ @ 2.00GHz,360.5199890136719,5241,14.537335403616822,1572,4.360368489693884,25.0,209.63,4,2016,LGA 1151,Laptop,Other,1
AMD Opteron 6272,583.7,5240,8.977214322425903,753,1.290046256638684,115.0,45.56,8,2011,G34,Server,Other,0
AMD FX-8370E Eight-Core,25.14,5235,208.23389021479713,1490,59.26809864757359,95.0,55.1,4,2014,AM3+,Desktop,Other,0
Intel Core i5-4670R @ 3.00GHz,276.0,5233,18.96014492753623,2164,7.840579710144928,65.0,80.5,4,2018,FCBGA1364,Desktop,Other,0
Intel Core i7-3615QM @ 2.30GHz,294.3599853515625,5228,17.760566178028753,1738,5.904335121923101,45.0,116.18,4,2012,BGA1224,Laptop,Other,1
AMD FX-8300 Eight-Core,68.69,5223,76.03726888921241,1484,21.604309215315183,95.0,54.97,4,2013,AM3+,Desktop,Other,0
AMD Ryzen 5 3500C,312.5,5214,16.6848,2171,6.9472,15.0,347.57,4,2021,FP5,Laptop,Other,1
Intel Core i5-4570 @ 3.20GHz,99.99,5199,51.995199519951996,2036,20.362036203620363,84.0,61.9,4,2013,LGA1150,Desktop,LGA1150,0
Intel Core i5-6400 @ 2.70GHz,129.99,5163,39.71843987999077,1964,15.108854527271328,65.0,79.43,4,2015,LGA 1151,Desktop,Other,0
Intel Core i7-4712HQ @ 2.30GHz,298.1499938964844,5161,17.310079173745894,1672,5.607915593587122,37.0,139.48,4,2014,FCBGA1364,Laptop,Other,1
Intel Xeon E5649 @ 2.53GHz,72.65,5160,71.02546455609084,1211,16.668960770818995,80.0,64.5,6,2011,LGA1366,Server,LGA1366,0
AMD FX-8150 Eight-Core,62.73,5158,82.22541048939901,1424,22.700462298740636,125.0,41.26,4,2011,AM3+,Desktop,Other,0
Intel Xeon E3-1220 v3 @ 3.10GHz,325.0,5154,15.858461538461539,1984,6.104615384615385,80.0,64.42,4,2011,LGA1150,Server,LGA1150,0
Intel Xeon E5-2420 @ 1.90GHz,170.0,5149,30.288235294117648,1108,6.517647058823529,95.0,54.2,6,2012,LGA1356,Server,Other,0
AMD FX-8310 Eight-Core,831.15,5145,6.190218372134994,1413,1.7000541418516513,95.0,54.15,4,2014,AM3+,Desktop,Other,0
Intel Core i7-3630QM @ 2.40GHz,429.95,5131,11.933945807652053,1695,3.9423188742877078,45.0,114.03,4,2012,rPGA988B,Laptop,Other,0
Intel Core i3-1005G1 @ 1.20GHz,281.0,5128,18.249110320284696,2250,8.00711743772242,15.0,341.84,2,2019,FCBGA1526,Laptop,Other,0
Intel Core i5-6440HQ @ 2.60GHz,332.9800109863281,5128,15.400323835686795,2007,6.027388833506903,45.0,113.96,4,2016,LGA 1151,Laptop,Other,1
Intel Xeon X5672 @ 3.20GHz,44.99,5117,113.73638586352523,1570,34.89664369859969,95.0,53.86,4,2011,LGA1366,Server,LGA1366,0
Intel Xeon X5677 @ 3.47GHz,110.0,5112,46.472727272727276,1614,14.672727272727272,130.0,39.32,4,2010,LGA1366,Server,LGA1366,0
Intel Core i5-7300HQ @ 2.50GHz,468.92999267578125,5104,10.884353911499348,1967,4.194655984310192,45.0,113.42,4,2017,unknown,Laptop,unknown,1
Intel Core i7-3610QM @ 2.30GHz,399.99,5100,12.750318757968948,1665,4.162604065101627,45.0,113.32,4,2012,PGA988B,Laptop,Other,0
Intel Core i7-4702MQ @ 2.20GHz,352.05,5095,14.472376082942763,1682,4.777730436017611,37.0,137.71,4,2013,FCPGA946,Laptop,Other,0
Intel Core i5-4590S @ 3.00GHz,260.0,5095,19.596153846153847,2052,7.892307692307693,65.0,78.39,4,2014,LGA1150,Desktop,LGA1150,0
Intel Xeon W-2102 @ 2.90GHz,286.99,5077,17.690511864524897,1753,6.108226767483187,120.0,42.31,4,2018,FCLGA2066,Server,Other,0
Intel Core i5-5575R @ 2.80GHz,187.9199981689453,5070,26.979566035552686,2112,11.238825141437331,65.0,78.0,4,2015,LGA1150,Desktop,LGA1150,1
Intel Core i7-4765T @ 2.00GHz,498.95,5036,10.093195710993086,1619,3.2448141096302234,35.0,143.88,4,2013,FCLGA1150,Desktop,Other,0
Intel Core i5-4670K CPT @ 3.40GHz,131.94000244140625,5034,38.15370552411176,2042,15.476731561429519,84.0,59.93,4,2014,LGA1150,Desktop,LGA1150,1
Intel Core i7-8665UE @ 1.70GHz,409.0,5017,12.266503667481663,1538,3.76039119804401,15.0,334.48,4,2019,FCBGA1528,Laptop,Other,0
Intel Core i7-10510Y @ 1.20GHz,403.0,5016,12.446650124069478,1957,4.856079404466501,7.0,716.63,4,2020,UTFCBGA1377,Laptop,Other,0
Intel Xeon E3-1235L v5 @ 2.00GHz,294.1499938964844,5013,17.042325697834784,1761,5.9867415826624875,25.0,200.53,4,2017,FCLGA1151,Server,FCLGA1151,1
Intel Xeon E3-1230 @ 3.20GHz,270.19,5006,18.527702727710132,1650,6.1068137236759314,80.0,62.58,4,2011,LGA1155,Server,LGA1155,0
Intel Xeon E3-1290 @ 3.60GHz,885.0,4988,5.636158192090395,1833,2.071186440677966,95.0,52.5,4,2011,LGA1155,Server,LGA1155,0
AMD FX-8320E Eight-Core,132.0,4972,37.666666666666664,1410,10.681818181818182,95.0,52.34,4,2014,AM3+,Desktop,Other,0
Intel Xeon E5645 @ 2.40GHz,52.0,4955,95.28846153846153,1147,22.057692307692307,80.0,61.94,6,2011,LGA1366,Server,LGA1366,0
Intel Xeon E5-1607 v3 @ 3.10GHz,116.44000244140625,4950,42.51116365693043,1814,15.578838560337738,140.0,35.36,4,2015,LGA2011-v3,Server,LGA2011-v3,1
Intel Core i7-4700EQ @ 2.40GHz,215.00999450683594,4941,22.98032708355289,1842,8.567043612204902,47.0,105.12,4,2013,FCBGA1364,Desktop,Other,1
Intel Core i5-3570K @ 3.40GHz,65.64,4936,75.19804996953077,2049,31.215722120658135,77.0,64.11,4,2012,LGA1155,Desktop,LGA1155,0
Intel Core i7-3612QE @ 2.10GHz,320.0,4929,15.403125,1678,5.24375,35.0,140.82,4,2012,BGA1224,Laptop,Other,1
Intel Core i5-4670S @ 3.10GHz,213.0,4919,23.093896713615024,2063,9.685446009389672,65.0,75.67,4,2013,FCLGA1150,Desktop,Other,0
Intel Core i5-4570S @ 2.90GHz,169.59,4914,28.975765080488237,1981,11.681113273188277,65.0,75.59,4,2013,LGA1150,Desktop,LGA1150,0
Intel Core i5-3570 @ 3.40GHz,166.0,4910,29.57831325301205,2049,12.343373493975903,77.0,63.77,4,2012,LGA1155,Desktop,LGA1155,0
AMD FX-8140 Eight-Core,148.86,4860,32.64812575574365,1273,8.551659277173181,95.0,51.15,4,2012,AM3+,Desktop,Other,0
AMD Opteron 6366 HE,343.99,4858,14.122503561150033,793,2.305299572661996,85.0,57.16,8,2014,unknown,Server,unknown,0
Intel Core i3-7320 @ 4.10GHz,177.19,4856,27.40560979739263,2499,14.103504712455557,51.0,95.21,2,2017,FCLGA1151,Desktop,FCLGA1151,0
Intel Core i5-6500T @ 2.50GHz,221.52,4845,21.871614301191766,1831,8.265619357168653,35.0,138.42,4,2015,LGA 1151,Desktop,Other,0
Intel Core i5-10210Y @ 1.00GHz,317.4200134277344,4836,15.235334243034398,2032,6.401612734045885,7.0,690.81,4,2020,UTFCBGA1377,Laptop,Other,1
Intel Core i5-7442EQ @ 2.10GHz,250.0,4834,19.336,1819,7.276,25.0,193.35,4,2019,FCBGA1440,Laptop,FCBGA1440,0
Intel Core i5-4460 @ 3.20GHz,79.46,4834,60.835640573873654,1902,23.936571860055377,84.0,57.55,4,2014,LGA1150,Desktop,LGA1150,0
Intel Core i3-7350K @ 4.20GHz,250.8,4819,19.21451355661882,2493,9.940191387559809,60.0,80.32,2,2017,FCLGA1151,Desktop,FCLGA1151,0
Intel Xeon E5-1603 v4 @ 2.80GHz,161.75999450683594,4812,29.747775490908822,1754,10.84322489839029,140.0,34.37,4,2017,FCLGA2011-3,Server,FCLGA2011-3,1
Intel Xeon Bronze 3204 @ 1.90GHz,250.99,4796,19.108331009203553,1103,4.394597394318499,85.0,56.43,6,2020,FCLGA3647,Server,FCLGA3647,0
Intel Xeon D-1518 @ 2.20GHz,188.72999572753906,4784,25.348381859269704,1256,6.655009953018969,35.0,136.68,4,2016,FCBGA1667,Server,Other,1
Intel Core i5-3550 @ 3.30GHz,335.31,4783,14.264412036622826,1997,5.955682800990129,77.0,62.11,4,2012,LGA1155,Desktop,LGA1155,0
Intel Core i5-6500TE @ 2.30GHz,230.61,4776,20.710290100169114,1828,7.926802827284159,35.0,136.47,4,2015,LGA 1151,Desktop,Other,0
Intel Core i7-3610QE @ 2.30GHz,282.8299865722656,4767,16.854648468407674,1526,5.395467497963103,45.0,105.94,4,2012,rPGA988B,Laptop,Other,1
Intel Xeon E3-1225 V2 @ 3.20GHz,225.19,4766,21.16435010435632,1929,8.566099737999023,77.0,61.89,4,2012,LGA1155,Server,LGA1155,0
Intel Xeon E3-1230L v3 @ 1.80GHz,448.5,4764,10.622073578595318,1502,3.3489409141583053,25.0,190.58,4,2013,LGA1150,Server,LGA1150,0
AMD Opteron 6220,14.82,4753,320.7152496626181,1203,81.17408906882591,115.0,41.33,4,2013,Socket G34,Server,Other,0
Intel Pentium Silver N6005 @ 2.00GHz,181.4499969482422,4752,26.189033231868763,1762,9.710664258112955,10.0,475.21,4,2021,FCBGA1338,"Laptop, Mobile/Embedded",Other,1
Intel Pentium 6805 @ 1.10GHz,161.0,4745,29.472049689440993,1964,12.198757763975156,15.0,316.33,2,2021,FCBGA1526,Laptop,Other,0
Intel Core i5-4470S @ 3.00GHz,141.27999877929688,4742,33.56455295138983,1756,12.429218680438746,65.0,72.95,4,2020,LGA1150,Desktop,LGA1150,1
Intel Xeon E3-1235 @ 3.20GHz,234.0,4725,20.192307692307693,1562,6.6752136752136755,95.0,49.73,4,2011,LGA1155,Server,LGA1155,0
Intel Core i5-4440 @ 3.10GHz,79.0,4718,59.721518987341774,1860,23.544303797468356,84.0,56.16,4,2013,FCLGA1150,Desktop,Other,0
Intel Xeon E3-1265L V2 @ 2.50GHz,149.99,4711,31.408760584038934,1552,10.347356490432695,45.0,104.68,4,2012,LGA1155,Server,LGA1155,0
Intel Core i5-7400T @ 2.40GHz,174.85,4710,26.937374892765227,1763,10.082928224192164,35.0,134.57,4,2016,LGA1151,Desktop,Other,0
Intel Core i3-7300 @ 4.00GHz,299.99,4703,15.67718923964132,2423,8.076935897863262,51.0,92.23,2,2017,FCLGA1151,Desktop,FCLGA1151,0
Intel Core i5-6300HQ @ 2.30GHz,289.04998779296875,4701,16.263622897528293,1797,6.21691775087393,45.0,104.46,4,2015,LGA 1151,Laptop,Other,1
Intel Xeon E5-2603 v4 @ 1.70GHz,258.19,4695,18.184282892443548,1046,4.051280065068361,85.0,55.24,6,2016,FCLGA2011-3,Server,FCLGA2011-3,0
Intel Xeon E3-1220 V2 @ 3.10GHz,93.0,4691,50.44086021505376,1898,20.408602150537636,69.0,67.98,4,2012,LGA1155,Server,LGA1155,0
Intel Atom C3758 @ 2.20GHz,193.0,4683,24.264248704663213,859,4.450777202072539,25.0,187.33,8,2020,FCBGA1310,Server,Other,0
Intel Xeon E5-1410 @ 2.80GHz,44.99,4677,103.95643476328073,1491,33.14069793287397,80.0,58.46,4,2012,LGA1356,Server,Other,0
AMD Opteron 4284,14.82,4665,314.7773279352227,1181,79.68960863697706,95.0,49.11,4,2013,Socket C32,Server,Other,0
Intel Core i5-4690T @ 2.50GHz,258.6700134277344,4660,18.01523082729449,1922,7.430316233918457,45.0,103.55,4,2014,LGA1150,Desktop,LGA1150,1
Intel Core i5-3470 @ 3.20GHz,105.57,4657,44.112910864829026,1943,18.404849862650376,77.0,60.48,4,2012,LGA1155,Desktop,LGA1155,0
Intel Core i5-4430 @ 3.00GHz,148.77,4646,31.22941453249983,1806,12.13954426295624,84.0,55.31,4,2013,LGA1150,Desktop,LGA1150,0
AMD Athlon Silver PRO 3125GE,98.80000305175781,4633,46.89271110217412,2074,20.991902185605248,35.0,132.37,2,2020,AM4,Desktop,AM4,1
Intel Core i7-3632QM @ 2.20GHz,89.9,4628,51.47942157953281,1581,17.586206896551722,35.0,132.22,4,2012,rPGA988B,Laptop,Other,0
Intel Celeron N5095A @ 2.00GHz,149.5399932861328,4627,30.941555488414433,1553,10.385181688676813,15.0,308.49,4,2022,FCBGA1338,Desktop,Other,1
Intel Core i5-3570S @ 3.10GHz,66.9,4620,69.05829596412555,1996,29.835575485799698,65.0,71.08,4,2012,LGA1155,Desktop,LGA1155,0
Intel Core i7-2860QM @ 2.50GHz,182.01,4607,25.311796055161807,1597,8.774243173452009,45.0,102.37,4,2011,BGA1224,Laptop,Other,0
Intel Core i7-3612QM @ 2.10GHz,149.1199951171875,4603,30.867758521469135,1541,10.33395956584487,35.0,131.51,4,2012,"PGA988B, FCBGA12",Laptop,Other,1
Intel Core i5-6442EQ @ 1.90GHz,250.0,4598,18.392,1716,6.864,25.0,183.92,4,2019,FCBGA1440,Laptop,FCBGA1440,0
Intel Xeon L5640 @ 2.27GHz,72.65,4591,63.19339298004129,1139,15.677907777013075,60.0,76.52,6,2010,LGA1366,Server,LGA1366,0
AMD Ryzen Embedded V1500B,134.52999877929688,4588,34.103917651310184,1217,9.046309455458696,16.0,286.74,4,2021,BGA1140,Mobile/Embedded,Other,1
Intel Xeon Bronze 3104 @ 1.70GHz,320.24,4585,14.317386959780164,1001,3.1257806645016237,85.0,53.94,6,2018,FCLGA3647,Server,FCLGA3647,0
AMD FX-8120 Eight-Core,49.99,4578,91.57831566313263,1327,26.54530906181236,125.0,36.62,4,2011,AM3+,Desktop,Other,0
Intel Core i7-3635QM @ 2.40GHz,314.6700134277344,4575,14.53904027957425,1652,5.249944162154462,45.0,101.67,4,2012,unknown,Laptop,unknown,1
AMD Athlon 240GE,138.0,4551,32.97826086956522,1986,14.391304347826088,35.0,130.03,2,2019,AM4,Desktop,AM4,0
Intel Xeon X5667 @ 3.07GHz,18.04,4551,252.27272727272728,1453,80.54323725055433,95.0,47.9,4,2010,LGA1366,Server,LGA1366,0
AMD Athlon Silver 3050GE,137.50999450683594,4545,33.05214298277103,2016,14.660752530971703,35.0,129.87,2,2021,AM4,Laptop,AM4,1
Microsoft ARM SQ1 @ 3.0 GHz,386.17999267578125,4545,11.769123430005786,1866,4.831943744860461,15.0,303.02,8,2019,unknown,Laptop,unknown,1
Intel Core i5-3550S @ 3.00GHz,319.95,4537,14.180340678230975,1982,6.1947179246757305,65.0,69.79,4,2012,LGA1155,Desktop,LGA1155,0
Intel Core i5-4570R @ 2.70GHz,148.0500030517578,4527,30.57750696848939,1809,12.218844732935125,65.0,69.65,4,2013,FCBGA1364,Desktop,Other,1
Intel Core i7-2600S @ 2.80GHz,284.0,4524,15.929577464788732,1712,6.028169014084507,65.0,69.61,4,2011,LGA1155,Desktop,LGA1155,0
AMD Opteron 4280,94.99,4504,47.41551742288662,1141,12.011790714812086,95.0,47.41,4,2014,Socket C32,Server,Other,0
Intel Core i5-4460S @ 2.90GHz,659.99,4503,6.8228306489492265,1847,2.798527250412885,65.0,69.28,4,2014,LGA1150,Desktop,LGA1150,0
Intel Core i3-9100TE @ 2.20GHz,122.0,4501,36.89344262295082,1585,12.991803278688524,35.0,128.59,4,2020,FCLGA1151-2,Laptop,FCLGA1151-2,0
Intel Core i5-3450 @ 3.10GHz,239.95,4497,18.74140445926235,1887,7.8641383621587835,77.0,58.41,4,2012,LGA1155,Desktop,LGA1155,0
Intel Pentium Gold G6605 @ 4.30GHz,124.25,4493,36.160965794768615,2658,21.39235412474849,58.0,77.47,2,2021,FCLGA1200,Desktop,FCLGA1200,0
AMD Athlon 3000G,54.99,4480,81.46935806510274,1999,36.352064011638475,35.0,128.01,2,2019,AM4,Desktop,AM4,0
AMD Athlon PRO 300GE,97.16999816894531,4475,46.05330950217277,1917,19.728311578919598,35.0,127.86,2,2019,AM4,Desktop,AM4,1
AMD FX-6350 Six-Core,61.63,4463,72.41603115365893,1542,25.020282330034075,125.0,35.71,3,2013,AM3+,Desktop,Other,0
AMD FX-6330 Six-Core,89.55000305175781,4455,49.74874202321483,1540,17.19709600802488,95.0,46.9,3,2016,AM3+,Desktop,Other,1
Intel Xeon X5647 @ 2.93GHz,19.93,4455,223.53236327145007,1385,69.49322629202207,130.0,34.27,4,2011,LGA1366,Server,LGA1366,0
AMD Athlon 220GE,129.0,4450,34.49612403100775,1984,15.37984496124031,35.0,127.15,2,2019,AM4,Laptop,AM4,0
Intel Xeon E5-1603 v3 @ 2.80GHz,12.88,4448,345.34161490683226,1631,126.63043478260869,140.0,31.77,4,2015,LGA2011-v3,Server,LGA2011-v3,0
Intel Xeon E5-2609 v3 @ 1.90GHz,79.88,4423,55.37055583375063,1097,13.733099649474212,80.0,55.28,6,2014,LGA2011-v3,Server,LGA2011-v3,0
Intel Core i7-2960XM @ 2.70GHz,399.95,4423,11.058882360295037,1491,3.727965995749469,55.0,80.41,4,2011,PGA988B,Laptop,Other,0
Intel Xeon L5639 @ 2.13GHz,81.37000274658203,4419,54.30748249772698,1102,13.543074386172242,60.0,73.65,6,2013,LGA1366,Server,LGA1366,1
Intel Pentium Gold G6600 @ 4.20GHz,107.35,4396,40.950163018164886,2577,24.005589194224502,58.0,75.8,2,2021,FCLGA1200,Desktop,FCLGA1200,0
Intel Core i3-6300 @ 3.80GHz,163.49,4386,26.82732888861704,2295,14.037555813811242,51.0,86.0,2,2015,LGA 1151,Desktop,Other,0
AMD Opteron 4386,239.7,4378,18.264497288277013,1012,4.221944096787651,95.0,46.08,4,2014,C32,Server,Other,0
Intel Pentium Gold G6505 @ 4.20GHz,75.0,4378,58.373333333333335,2652,35.36,58.0,75.48,2,2021,FCLGA1200,Desktop,FCLGA1200,0
Intel Core i3-8121U @ 2.20GHz,290.0,4376,15.089655172413794,1927,6.644827586206897,15.0,291.73,2,2018,unknown,Laptop,unknown,0
Intel Core i3-6320 @ 3.90GHz,145.0,4372,30.151724137931033,2343,16.158620689655173,51.0,85.73,2,2015,LGA 1151,Desktop,Other,0
AMD Athlon 300GE,95.19000244140625,4366,45.86616123565571,1888,19.83401566947274,35.0,124.74,2,2019,AM4,Desktop,AM4,1
Intel Core i5-4670T @ 2.30GHz,259.02,4361,16.836537719095052,1735,6.698324453710138,45.0,96.91,4,2013,FCLGA1150,Desktop,Other,0
AMD FX-6130 Six-Core,95.97000122070312,4353,45.35792377442368,1390,14.48369263644588,125.0,34.83,3,2013,AM3+,Desktop,Other,1
Intel Core i7-2760QM @ 2.40GHz,138.02,4353,31.53890740472395,1534,11.11433125633966,45.0,96.72,4,2011,BGA1224,Laptop,Other,0
Intel Core i5-3470S @ 2.90GHz,69.0,4353,63.08695652173913,1900,27.536231884057973,65.0,66.97,4,2012,LGA1155,Desktop,LGA1155,0
Intel Core i7-2820QM @ 2.30GHz,249.99,4347,17.38869554782191,1515,6.060242409696388,45.0,96.61,4,2011,BGA1224,Laptop,Other,0
Intel Core i7-2920XM @ 2.50GHz,120.0,4344,36.2,1499,12.491666666666667,55.0,78.97,4,2011,FCPGA988,Laptop,Other,0
Intel Core i3-7100 @ 3.90GHz,127.99,4342,33.924525353543245,2338,18.267052113446365,51.0,85.13,2,2017,FCLGA1151,Desktop,FCLGA1151,0
Intel Core i5-6400T @ 2.20GHz,159.99,4302,26.88918057378586,1652,10.325645352834552,35.0,122.91,4,2015,LGA 1151,Desktop,Other,0
Intel Core i3-8109U @ 3.00GHz,499.99,4301,8.602172043440868,2133,4.266085321706434,28.0,153.6,2,2018,FCBGA1528,Laptop,Other,0
Intel Pentium Gold G6405 @ 4.10GHz,60.1,4285,71.29783693843594,2534,42.1630615640599,58.0,73.87,2,2021,FCLGA1200,Desktop,FCLGA1200,0
Intel Atom C3958 @ 2.00GHz,449.0,4281,9.534521158129175,514,1.1447661469933186,31.0,138.1,16,2019,FCBGA1310,Server,Other,0
Intel Core i5-4440S @ 2.80GHz,188.0,4277,22.75,1790,9.52127659574468,65.0,65.79,4,2013,LGA1150,Desktop,LGA1150,0
Intel Core i5-3450S @ 2.80GHz,95.0,4264,44.88421052631579,1851,19.48421052631579,65.0,65.59,4,2012,LGA1155,Desktop,LGA1155,0
Intel Xeon E5-1607 v2 @ 3.00GHz,229.95,4259,18.521417699499892,1642,7.140682757121113,130.0,32.76,4,2014,LGA 2011,Server,Other,0
Intel Core i7-4770TE @ 2.30GHz,228.05999755859375,4257,18.666140689167907,1458,6.393054527791122,45.0,94.6,4,2015,LGA1150,Desktop,LGA1150,1
Intel Core i7-7567U @ 3.50GHz,733.99,4256,5.798444120492105,2261,3.0804234390114305,28.0,152.01,2,2017,BGA1356,Laptop,Other,0
Intel Core i5-6350HQ @ 2.30GHz,306.0,4255,13.905228758169935,1420,4.640522875816994,45.0,94.55,4,2021,LGA 1151,Laptop,Other,0
AMD Ryzen Embedded R1606G,209.42999267578125,4253,20.307502023285046,1923,9.18206592776326,15.0,283.56,2,2020,FP5,"Desktop, Mobile/Embedded",Other,1
AMD Athlon 320GE,88.18000030517578,4237,48.04944415214871,1810,20.52619634538333,35.0,121.05,2,2021,AM4,Desktop,AM4,1
Intel Core i5-3350P @ 3.10GHz,165.0,4237,25.67878787878788,1783,10.806060606060607,69.0,61.4,4,2012,LGA1155,Desktop,LGA1155,0
Intel Xeon E5-2648L @ 1.80GHz,129.02000427246094,4235,32.82436722802026,931,7.215935274920155,70.0,60.5,8,2015,LGA 2011,Server,Other,1
Intel Core i3-8140U @ 2.10GHz,259.95001220703125,4227,16.260818624749678,2135,8.213117521608838,15.0,281.83,2,2022,FCBGA1528,Laptop,Other,1
AMD Ryzen 3 PRO 2100GE,95.19000244140625,4187,43.985711656823284,1855,19.487340607453355,35.0,119.63,2,2019,AM4,Desktop,AM4,1
Intel Core i3-6100 @ 3.70GHz,131.51,4177,31.761843205839863,2220,16.880845563075052,51.0,81.9,2,2015,LGA 1151,Desktop,Other,0
Intel Core i5-3475S @ 2.90GHz,143.5,4177,29.10801393728223,1815,12.64808362369338,65.0,64.26,4,2012,LGA1155,Desktop,LGA1155,0
Intel Pentium J6426 @ 2.00GHz,80.0,4173,52.1625,1596,19.95,10.0,417.34,4,2022,FCBGA1493,Mobile/Embedded,Other,0
Intel Core i3-6098P @ 3.60GHz,325.0,4170,12.830769230769231,2160,6.6461538461538465,54.0,77.23,2,2016,LGA 1151,Desktop,Other,0
Intel Core i5-4430S @ 2.70GHz,91.99,4168,45.309272747037724,1719,18.68681378410697,65.0,64.13,4,2013,LGA1150,Desktop,LGA1150,0
Intel Core i5-3570T @ 2.30GHz,182.41000366210938,4168,22.849624013607684,1779,9.752754587381975,45.0,92.62,4,2012,LGA1155,Desktop,LGA1155,1
Intel Core i5-3340 @ 3.10GHz,195.0,4165,21.358974358974358,1771,9.082051282051282,77.0,54.09,4,2013,LGA1155,Desktop,LGA1155,0
Intel Pentium Gold G5600F @ 3.90GHz,92.99,4160,44.73599311753952,2442,26.260888267555654,54.0,77.04,2,2019,FCLGA1151-2,Desktop,FCLGA1151-2,0
Intel Core i3-7300T @ 3.50GHz,181.59,4159,22.903243570681205,2128,11.718706977256456,35.0,118.82,2,2017,FCLGA1151,Desktop,FCLGA1151,0
Intel Celeron N5105 @ 2.00GHz,72.62000274658203,4158,57.25695184162882,1535,21.137426906421414,10.0,415.82,4,2021,FCBGA1338,Mobile/Embedded,Other,1
AMD FX-6300 Six-Core,47.38,4155,87.69523005487547,1486,31.36344449134656,95.0,43.74,3,2012,AM3+,Desktop,Other,0
Intel Atom x6425E @ 2.00GHz,56.0,4153,74.16071428571429,1602,28.607142857142858,12.0,346.04,4,2022,FCBGA1493,Mobile/Embedded,Other,0
Intel Core i5-7287U @ 3.30GHz,448.1300048828125,4149,9.258474002616667,2154,4.806640877714221,28.0,148.16,2,2018,unknown,Laptop,unknown,1
Intel Pentium Gold G6500 @ 4.10GHz,96.99,4147,42.75698525621198,2491,25.68306010928962,58.0,71.5,2,2020,FCLGA1200,Desktop,FCLGA1200,0
AMD Athlon PRO 200GE,136.80999755859375,4139,30.253636969968703,1821,13.310430761612228,35.0,118.27,2,2018,AM4,Desktop,AM4,1
AMD Athlon 200GE,123.89,4135,33.376382274598434,1817,14.666236177254016,35.0,118.15,2,2018,AM4,Desktop,AM4,0
AMD Opteron 3380,809.0,4134,5.1100123609394315,1107,1.3683559950556243,65.0,63.6,8,2013,unknown,Server,unknown,0
Intel Core i3-8145UE @ 2.20GHz,281.0,4133,14.708185053380783,2324,8.270462633451958,15.0,275.56,2,2020,FCBGA1528,Laptop,Other,0
Intel Pentium Gold G6400 @ 4.00GHz,74.63,4130,55.33967573361919,2484,33.284202063513334,58.0,71.21,2,2020,FCLGA1200,Desktop,FCLGA1200,0
Intel Core i5-2550K @ 3.40GHz,148.56,4123,27.753096392030155,1754,11.806677436725902,95.0,43.4,4,2012,LGA1155,Desktop,LGA1155,0
Intel Core i7-2720QM @ 2.20GHz,179.95,4114,22.86190608502362,1396,7.757710475131981,45.0,91.43,4,2011,BGA1224,Laptop,Other,0
Intel Core i7-7660U @ 2.50GHz,475.3500061035156,4105,8.635741973896316,2139,4.499842163742806,15.0,273.68,2,2017,BGA1356,Laptop,Other,1
Intel Pentium Gold G5620 @ 4.00GHz,159.99,4102,25.639102443902743,2424,15.150946934183386,54.0,75.97,2,2019,FCLGA1151-2,Desktop,FCLGA1151-2,0
Intel Core i5-3340S @ 2.80GHz,100.0,4102,41.02,1792,17.92,65.0,63.11,4,2013,LGA1155,Desktop,LGA1155,0
Intel Core i5-2500 @ 3.30GHz,58.87,4101,69.66196704603364,1708,29.01307966706302,95.0,43.17,4,2010,LGA1155,Desktop,LGA1155,0
Intel Core i5-2500K @ 3.30GHz,59.0,4097,69.44067796610169,1699,28.796610169491526,95.0,43.13,4,2010,LGA1155,Desktop,LGA1155,0
Intel Core i5-3330 @ 3.00GHz,74.35,4090,55.01008742434432,1726,23.214525891055818,77.0,53.11,4,2012,LGA1155,Desktop,LGA1155,0
Intel Celeron J6413 @ 1.80GHz,69.83000183105469,4075,58.35600591646802,1601,22.927108091353446,10.0,407.51,4,2021,FCBGA1296,Mobile/Embedded,Other,1
AMD Opteron 6234,450.99,4072,9.029025033814497,547,1.2128872037073992,115.0,35.41,6,2012,G34,Server,Other,0
Intel Atom x6413E @ 1.50GHz,43.0,4070,94.65116279069767,1608,37.395348837209305,9.0,452.18,4,2021,FCBGA1493,Mobile/Embedded,Other,0
Intel Core i5-7360U @ 2.30GHz,486.1499938964844,4050,8.33076221505078,2189,4.5027255527768295,15.0,269.98,2,2017,FCBGA1356,Laptop,Other,1
Intel Core i7-2710QE @ 2.10GHz,172.4499969482422,4044,23.45027585714446,1393,8.077703825173648,45.0,89.87,4,2011,PGA988B,Laptop,Other,1
Intel Xeon E3-1260L @ 2.40GHz,125.0,4041,32.328,1481,11.848,45.0,89.81,4,2011,LGA1155,Server,LGA1155,0
Intel Core i3-6300T @ 3.30GHz,140.59,4040,28.736040970197028,2055,14.616971335087843,35.0,115.43,2,2015,LGA 1151,Desktop,Other,0
AMD Athlon Gold 3150U,285.3599853515625,4025,14.104990911887013,1782,6.244743802480163,15.0,268.34,2,2020,FP5,Laptop,Other,1
Intel Xeon E5640 @ 2.67GHz,68.0,4018,59.088235294117645,1204,17.705882352941178,80.0,50.22,4,2010,LGA1366,Server,LGA1366,0
Intel Celeron N5095 @ 2.00GHz,137.9499969482422,4010,29.06850372388571,1510,10.945995167847236,15.0,267.31,4,2021,FCBGA1338,Desktop,Other,1
AMD Opteron 6212,63.79,4007,62.81548832105346,1085,17.00893556983853,115.0,34.84,4,2013,Socket G34,Server,Other,0
Intel Core i3-10110U @ 2.10GHz,434.17,4005,9.224497316719257,2266,5.21915378768685,15.0,267.01,2,2019,FCBGA1528,Laptop,Other,0
Intel Pentium Gold G6500T @ 3.50GHz,75.0,4005,53.4,2277,30.36,35.0,114.42,2,2021,FCLGA1200,Desktop,FCLGA1200,0
AMD FX-6200 Six-Core,299.95,4001,13.338889814969162,1382,4.607434572428739,125.0,32.01,3,2012,AM3+,Desktop,Other,0
AMD Ryzen 3 3250U,315.54998779296875,3988,12.638251162337275,1847,5.853272291082484,15.0,265.87,2,2020,FP5,Laptop,Other,1
Intel Core i5-4590T @ 2.00GHz,209.95,3982,18.9664205763277,1648,7.849487973326983,35.0,113.78,4,2014,LGA1150,Desktop,LGA1150,0
AMD Athlon 300U,324.760009765625,3978,12.249045080614666,1830,5.634930240705088,15.0,265.19,2,2019,FP5,Laptop,Other,1
Intel Core i5-2450P @ 3.20GHz,178.97,3974,22.20483879979885,1654,9.241772364083365,95.0,41.83,4,2012,LGA1155,Desktop,LGA1155,0
AMD Opteron 3365,123.87999725341797,3973,32.07136009110931,1107,8.936067359893785,65.0,61.12,4,2014,AM3+,Server,Other,1
AMD Ryzen Embedded R1505G,228.63999938964844,3966,17.346046232449204,1817,7.946990923943572,15.0,264.42,2,2019,FP5,"Laptop, Mobile/Embedded",Other,1
AMD Opteron 4334,129.95,3949,30.3886110042324,1269,9.765294343978454,95.0,41.57,3,2016,Socket C32,Server,Other,0
Intel Core i5-7267U @ 3.10GHz,419.1000061035156,3925,9.365306473010513,2059,4.9129085421474255,28.0,140.19,2,2017,BGA1356,Laptop,Other,1
Intel Core i5-6287U @ 3.10GHz,304.0,3925,12.911184210526315,2080,6.842105263157895,28.0,140.19,2,2017,FCBGA1356,Laptop,Other,0
Intel Core i3-7101TE @ 3.40GHz,117.0,3911,33.427350427350426,1997,17.068376068376068,35.0,111.75,2,2017,FCLGA1151,Desktop,FCLGA1151,0
AMD Opteron 4332 HE,36.99,3906,105.59610705596107,1413,38.19951338199513,65.0,60.09,6,2015,Socket C32,Server,Other,0
Intel Celeron J6412 @ 2.00GHz,54.0,3904,72.29629629629629,1364,25.25925925925926,10.0,390.38,4,2021,FCBGA1493,Mobile/Embedded,Other,0
Intel Core i5-7260U @ 2.20GHz,469.99,3895,8.287410370433413,1989,4.232004936275239,15.0,259.67,2,2017,BGA1356,Laptop,Other,0
AMD Ryzen 3 3200U,321.8999938964844,3885,12.068965746079904,1826,5.672569228402034,15.0,259.03,2,2019,FP5,Laptop,Other,1
AMD PRO A12-9800,169.0,3878,22.94674556213018,1775,10.502958579881657,65.0,59.66,4,2017,AM4,Desktop,AM4,0
AMD A8-7500,103.55000305175781,3878,37.45050589773178,1509,14.572669778152981,65.0,59.66,2,2016,FM2+,Desktop,Other,1
AMD FX-6120 Six-Core,108.02,3863,35.761895945195334,1415,13.099426032216257,95.0,40.66,3,2012,AM3+,Desktop,Other,0
Intel Core i3-1000NG4 @ 1.10GHz,276.489990234375,3862,13.967955934774565,1884,6.813989896715506,9.0,429.15,2,2020,BGA1526,Laptop,Other,1
Intel Xeon E3-1220 @ 3.10GHz,40.26,3855,95.75260804769002,1582,39.294585196224546,80.0,48.18,4,2011,LGA1155,Server,LGA1155,0
Intel Core i7-6660U @ 2.40GHz,415.0,3851,9.279518072289157,1983,4.7783132530120485,15.0,256.72,2,2018,FCBGA1356,Laptop,Other,0
AMD PRO A12-8870,106.08000183105469,3848,36.274509177784594,1718,16.1953240040109,65.0,59.2,4,2017,AM4,Desktop,AM4,1
AMD FX-8100 Eight-Core,138.02,3847,27.872772062019994,1094,7.926387480075351,95.0,40.5,4,2012,AM3+,Desktop,Other,0
Intel Core i5-2400 @ 3.10GHz,88.57,3840,43.35553799254827,1580,17.838997403183924,95.0,40.42,4,2010,LGA1155,Desktop,LGA1155,0
Intel Core i3-8145U @ 2.10GHz,281.0,3837,13.654804270462634,2142,7.622775800711744,15.0,255.79,2,2018,FCBGA1528,Laptop,Other,0
Intel Xeon E3-1225 @ 3.10GHz,69.0,3817,55.31884057971015,1572,22.782608695652176,95.0,40.18,4,2011,LGA1155,Server,LGA1155,0
Intel Core i3-1115GRE @ 3.00GHz,338.0,3816,11.289940828402367,1880,5.562130177514793,15.0,254.38,2,2022,FCBGA1449,Mobile/Embedded,Other,0
Intel Core i7-6567U @ 3.30GHz,492.05999755859375,3812,7.7470227592440555,2099,4.265739971577458,28.0,136.14,2,2016,FCBGA1356,Laptop,Other,1
Intel Core i5-3330S @ 2.70GHz,199.95,3810,19.05476369092273,1691,8.457114278569643,65.0,58.61,4,2012,LGA1155,Desktop,LGA1155,0
Intel Core i3-4370 @ 3.80GHz,299.0,3807,12.732441471571907,2126,7.110367892976589,54.0,70.49,2,2014,LGA1150,Desktop,LGA1150,0
Intel Core i7-7560U @ 2.40GHz,412.3900146484375,3801,9.217002994702364,2013,4.8813015070602095,15.0,253.38,2,2017,BGA1356,Laptop,Other,1
Intel Core i5-2380P @ 3.10GHz,77.74,3797,48.842294828916906,1607,20.671468999228196,95.0,39.97,4,2012,LGA1155,Desktop,LGA1155,0
Intel Core i3-7100T @ 3.40GHz,149.88,3787,25.26688017080331,2007,13.390712570056046,35.0,108.2,2,2017,FCLGA1151,Desktop,FCLGA1151,0
AMD Athlon X4 845,73.58,3784,51.42701821147051,1680,22.832291383528133,65.0,58.22,2,2016,FM2+,Desktop,Other,0
Intel Pentium G4620 @ 3.70GHz,146.0,3777,25.86986301369863,2268,15.534246575342467,51.0,74.06,2,2017,FCLGA1151,Desktop,FCLGA1151,0
Intel Pentium Gold G5500 @ 3.80GHz,169.87,3770,22.193442043915937,2258,13.292517807735326,54.0,69.82,2,2018,FCLGA1151-2,Desktop,FCLGA1151-2,0
Intel Pentium Gold G5600 @ 3.90GHz,158.0,3769,23.854430379746834,2291,14.5,54.0,69.79,2,2018,FCLGA1151-2,Desktop,FCLGA1151-2,0
Intel Core i7-2675QM @ 2.20GHz,152.8000030517578,3766,24.64659636639108,1262,8.259162138710979,45.0,83.68,4,2011,BGA1224,Laptop,Other,1
Intel Pentium N6415 @ 1.20GHz,80.0,3760,47.0,1616,20.2,6.5,578.47,4,2021,FCBGA1493,Mobile/Embedded,Other,0
Intel Core i5-3335S @ 2.70GHz,108.98999786376953,3754,34.44352760417757,1738,15.94641741504012,65.0,57.75,4,2012,LGA1155,Desktop,LGA1155,1
AMD PRO A10-8850B,100.18000030517578,3752,37.452585232285664,1611,16.081054053627987,95.0,39.49,2,2016,FM2+,Desktop,Other,1
Intel Xeon E5-2603 v3 @ 1.60GHz,50.89,3752,73.72764786795048,931,18.29436038514443,85.0,44.14,6,2015,LGA2011-v3,Server,LGA2011-v3,0
Intel Core i5-7300U @ 2.60GHz,627.0,3750,5.980861244019139,1968,3.138755980861244,15.0,249.99,2,2017,FCBGA1356,Laptop,Other,0
Intel Pentium Gold G6405T @ 3.50GHz,64.0,3746,58.53125,2206,34.46875,35.0,107.04,2,2021,FCLGA1200,Desktop,FCLGA1200,0
Intel Xeon E5-1607 @ 3.00GHz,11.53,3730,323.50390286209887,1439,124.80485689505637,130.0,28.69,4,2012,LGA2011,Server,Other,0
AMD Phenom II X6 1100T,130.0,3729,28.684615384615384,1502,11.553846153846154,125.0,29.83,6,2010,AM3,Desktop,AM3,0
Intel Xeon E5630 @ 2.53GHz,166.0,3726,22.44578313253012,1176,7.0843373493975905,80.0,46.58,4,2010,LGA1366,Server,LGA1366,0
Intel Core i7-2670QM @ 2.20GHz,129.0,3726,28.88372093023256,1324,10.263565891472869,45.0,82.8,4,2011,PGA988B,Laptop,Other,0
Intel Pentium Gold G5400 @ 3.70GHz,112.88,3723,32.98192771084337,2224,19.702338766832035,54.0,68.94,2,2018,FCLGA1151-2,Desktop,FCLGA1151-2,0
AMD Opteron 3280,72.02,3720,51.65231880033324,1043,14.48208830880311,65.0,57.22,8,2012,AM3+,Server,Other,0
AMD Opteron 6174,3780.0,3697,0.978042328042328,488,0.1291005291005291,115.0,32.15,12,2013,Socket G34,Server,Other,0
Intel Core i3-4360 @ 3.70GHz,199.88,3688,18.45107064238543,2067,10.3412047228337,54.0,68.29,2,2014,FCLGA1150,Desktop,Other,0
AMD Ryzen 3 2200U,358.739990234375,3686,10.274851146625252,1681,4.6858450291581795,15.0,245.72,2,2017,FP5,Laptop,Other,1
AMD FX-6100 Six-Core,84.04,3679,43.77677296525464,1320,15.706806282722512,95.0,38.73,3,2011,AM3+,Desktop,Other,0
AMD Athlon X4 880K,94.65,3676,38.837823560486,1628,17.200211304807183,95.0,38.69,2,2016,FM2+,Desktop,Other,0
Intel Core i7-7600U @ 2.80GHz,405.19000244140625,3667,9.05007521879881,1992,4.916212117765811,15.0,244.5,2,2017,FCBGA1356,Laptop,Other,1
Intel Core i7-7500U @ 2.70GHz,539.0,3658,6.786641929499073,1948,3.614100185528757,15.0,243.85,2,2016,FCBGA1356,Laptop,Other,0
AMD Phenom II X6 1090T,87.57,3655,41.73803814091584,1456,16.62669864108713,125.0,29.24,6,2010,AM3,Desktop,AM3,0
Intel Core i3-8130U @ 2.20GHz,281.0,3648,12.982206405693951,1942,6.911032028469751,15.0,243.19,2,2018,FCBGA1356,Laptop,Other,0
AMD PRO A10-9700,169.0,3644,21.562130177514792,1655,9.792899408284024,65.0,56.06,2,2016,AM4,Desktop,AM4,0
Intel Pentium Gold G5420 @ 3.80GHz,129.55,3641,28.10497877267464,2286,17.64569664222308,54.0,67.43,2,2019,FCLGA1151-2,Desktop,FCLGA1151-2,0
Intel Core i5-2320 @ 3.00GHz,303.5,3632,11.967051070840197,1512,4.981878088962109,95.0,38.23,4,2011,LGA1155,Desktop,LGA1155,0
Intel Xeon E5620 @ 2.40GHz,44.16,3630,82.20108695652175,1127,25.520833333333336,80.0,45.37,4,2010,LGA1366,Server,LGA1366,0
Intel Core i3-6100T @ 3.20GHz,999.0,3617,3.6206206206206204,1891,1.892892892892893,35.0,103.35,2,2015,LGA 1151,Desktop,Other,0
AMD Athlon X4 950,35.99,3611,100.33342595165323,1663,46.20727979994442,65.0,55.55,4,2017,AM4,Desktop,AM4,0
Intel Pentium Gold G6400T @ 3.40GHz,64.0,3610,56.40625,2140,33.4375,35.0,103.14,2,2021,FCLGA1200,Desktop,FCLGA1200,0
Intel Pentium G4600 @ 3.60GHz,104.94,3605,34.35296359824662,2186,20.830951019630266,51.0,70.69,2,2017,FCLGA1151,Desktop,FCLGA1151,0
Intel Core i5-2310 @ 2.90GHz,77.74,3603,46.34679701569334,1495,19.230769230769234,95.0,37.93,4,2011,LGA1155,Desktop,LGA1155,0
Intel Pentium Gold G5600T @ 3.30GHz,67.47000122070312,3601,53.37186801317317,2025,30.013338718876888,35.0,102.87,2,2022,FCLGA1151,Desktop,FCLGA1151,1
Intel Core i5-4460T @ 1.90GHz,152.52000427246094,3595,23.570678594906873,1481,9.710201668722414,35.0,102.7,4,2014,LGA1150,Desktop,LGA1150,1
Intel Xeon E3-1265L @ 2.40GHz,918.35,3589,3.908096041814123,1451,1.5800076223662003,45.0,79.75,4,2015,LGA1155,Server,LGA1155,0
Intel Core i7-6650U @ 2.20GHz,424.3599853515625,3585,8.44801612722744,1810,4.265246636061831,15.0,239.02,2,2015,FCBGA1356,Laptop,Other,1
AMD A8-7680,69.5,3571,51.381294964028775,1638,23.568345323741006,45.0,79.36,4,2019,FM2+,Laptop,Other,0
Intel Core i3-4170 @ 3.70GHz,95.8,3569,37.25469728601253,2069,21.597077244258873,54.0,66.1,2,2015,LGA1150,Desktop,LGA1150,0
AMD Opteron 6176 SE,249.89,3564,14.262275401176518,507,2.0288927127936294,140.0,25.46,12,2010,G34,Server,Other,0
Intel Core i7-2630QM @ 2.00GHz,93.24,3555,38.12741312741313,1221,13.095238095238097,45.0,79.01,4,2011,PGA988B,Laptop,Other,0
AMD A10-9700,91.75,3546,38.64850136239782,1616,17.61307901907357,65.0,54.55,4,2016,AM4,Desktop,AM4,0
Intel Core i3-4330 @ 3.50GHz,123.37,3539,28.68606630461214,1982,16.065494042311744,54.0,65.55,2,2013,LGA1150,Desktop,LGA1150,0
Intel Xeon E5-2418L @ 2.00GHz,135.8800048828125,3518,25.890490679876276,977,7.190167536736533,50.0,70.36,4,2016,LGA 1356,Server,Other,1
Intel Xeon E5-2609 v2 @ 2.50GHz,24.72,3516,142.23300970873788,1371,55.46116504854369,80.0,43.95,4,2014,LGA 2011,Server,Other,0
Intel Pentium G4560 @ 3.50GHz,168.0,3513,20.910714285714285,2103,12.517857142857142,54.0,65.06,2,2017,FCLGA1151,Desktop,FCLGA1151,0
Intel Core i7-6600U @ 2.60GHz,418.7799987792969,3508,8.376713334508525,1851,4.419981864930239,15.0,233.89,2,2015,FCBGA1356,Laptop,Other,1
Intel Pentium Gold G5420T @ 3.20GHz,64.0,3508,54.8125,1978,30.90625,35.0,100.24,2,2019,FCLGA1151-2,Desktop,FCLGA1151-2,0
Intel Core i3-4340 @ 3.60GHz,149.99,3506,23.37489165944396,2027,13.514234282285486,54.0,64.93,2,2013,LGA1150,Desktop,LGA1150,0
Intel Xeon E5-2407 v2 @ 2.40GHz,120.19,3504,29.153839753723272,1068,8.88593060986771,80.0,43.8,4,2014,FCLGA1356,Server,Other,0
Intel Core i3-4160 @ 3.60GHz,59.99,3495,58.25970995165861,2014,33.572262043673945,54.0,64.72,2,2014,FCLGA1150,Desktop,Other,0
Intel Xeon W3580 @ 3.33GHz,214.5,3495,16.293706293706293,1553,7.24009324009324,130.0,26.88,4,2009,LGA1366,Server,LGA1366,0
Intel Core i5-4340M @ 2.90GHz,219.25,3491,15.922462941847206,2032,9.267958950969213,37.0,94.34,2,2014,unknown,Laptop,unknown,1
AMD A10-7870K,382.46,3485,9.112064006693512,1510,3.948125294148408,95.0,36.69,2,2015,FM2+,Desktop,Other,0
AMD Opteron 4365 EE,136.0399932861328,3485,25.617466715615034,958,7.04204680446462,40.0,87.14,4,2017,Socket C32,Server,Other,1
Intel Core i5-6267U @ 2.90GHz,450.9100036621094,3478,7.713290837978943,1860,4.124991649982989,28.0,124.23,2,2016,FCBGA1356,Laptop,Other,1
AMD Opteron 6164 HE,164.44000244140625,3478,21.150571323053168,399,2.4264168941627986,85.0,40.92,12,2013,Socket G34,Server,Other,1
AMD A10-7890K,161.99,3477,21.464287919007344,1566,9.667263411321686,95.0,36.6,2,2016,FM2+,Desktop,Other,0
Intel Core i7-2635QM @ 2.00GHz,153.47999572753906,3466,22.582747566353316,1235,8.046651253446724,45.0,77.01,4,2011,BGA1224,Laptop,Other,1
Intel Core i3-4350 @ 3.60GHz,99.99,3459,34.5934593459346,1902,19.021902190219024,54.0,64.06,2,2014,LGA1150,Desktop,LGA1150,0
Intel Core i5-2500S @ 2.70GHz,55.34,3459,62.50451752800867,1677,30.303577882182868,65.0,53.21,4,2011,LGA1155,Desktop,LGA1155,0
AMD A10 PRO-7850B APU,148.02,3458,23.361707877313876,1587,10.721524118362384,95.0,36.4,2,2014,FM2+,Desktop,Other,0
Intel Xeon E5-1603 @ 2.80GHz,34.0,3448,101.41176470588235,1337,39.3235294117647,130.0,26.52,4,2012,LGA2011,Server,Other,0
AMD A12-9800E,371.05,3447,9.28985311952567,1604,4.322867538067646,35.0,98.49,4,2017,AM4,Desktop,AM4,0
AMD A12-9800,124.85,3447,27.60913095714858,1607,12.871445734881858,65.0,53.03,2,2016,AM4,Desktop,AM4,0
Intel Xeon X5698 @ 4.40GHz,112.0,3447,30.776785714285715,1922,17.160714285714285,130.0,26.51,2,2013,LGA1366,Server,LGA1366,1
Intel Celeron G6900,49.99,3446,68.93378675735147,2587,51.750350070014,46.0,74.91,2,2022,"LGA1700,BGA1700",Desktop,Other,0
AMD Athlon X4 860K,29.97,3436,114.64798131464799,1531,51.084417751084416,95.0,36.16,2,2014,FM2+,Desktop,Other,0
AMD PRO A10-8770,98.76000213623047,3434,34.77116166181435,1522,15.411097277018474,65.0,52.84,4,2017,AM4,Desktop,AM4,1
Intel Core i3-7100H @ 3.00GHz,225.0,3430,15.244444444444444,1668,7.413333333333333,35.0,98.01,2,2017,FCBGA1440,Laptop,FCBGA1440,0
AMD Embedded R-Series RX-418GD Radeon R6,170.86000061035156,3426,20.05150408382028,1467,8.585976792458947,35.0,97.87,4,2018,FP4,"Laptop, Mobile/Embedded",Other,1
Intel Core i5-L16G7 @ 1.40GHz,281.0,3421,12.174377224199288,1606,5.715302491103203,7.0,488.74,5,2020,FC-CSP1016,Laptop,Other,0
Intel Core i5-7200U @ 2.50GHz,499.0,3409,6.831663326653307,1778,3.56312625250501,15.0,227.29,2,2016,FCBGA1356,Laptop,Other,0
Intel Pentium Silver N5020 @ 1.10GHz,118.83000183105469,3404,28.64596438229128,1307,10.99890583068587,6.0,567.3,4,2021,FCBGA1090,Laptop,Other,1
AMD Opteron 4226,94.99,3400,35.79324139383093,1157,12.180229497841879,95.0,35.79,3,2013,Socket C32,Server,Other,0
Intel Core i7-6560U @ 2.20GHz,450.6199951171875,3398,7.540721754072013,1714,3.803648347992769,15.0,226.53,2,2016,unknown,Laptop,unknown,1
Intel Xeon E5-4603 @ 2.00GHz,132.19,3391,25.65246992964672,953,7.209319918299418,95.0,35.69,4,2014,LGA 2011,Server,Other,0
Intel Xeon W5580 @ 3.20GHz,864.0,3386,3.9189814814814814,1503,1.7395833333333333,130.0,26.04,4,2009,LGA1366,Server,LGA1366,0
AMD Athlon X4 870K,40.28,3383,83.987090367428,1543,38.30685203574975,95.0,35.61,2,2016,FM2+,Desktop,Other,0
AMD Opteron 6136,349.0,3381,9.687679083094556,549,1.5730659025787965,115.0,29.4,8,2013,Socket G34,Server,Other,0
Intel Core i5-2300 @ 2.80GHz,40.26,3380,83.95429706905117,1429,35.494287133631396,95.0,35.58,4,2011,LGA1155,Desktop,LGA1155,0
AMD Opteron X3421 APU,226.17999267578125,3375,14.921744227120518,1497,6.618622550518346,35.0,96.42,4,2017,unknown,Server,unknown,1
Intel Core i7-975 @ 3.33GHz,770.0,3370,4.376623376623376,1508,1.9584415584415584,130.0,25.92,4,2009,LGA1366,Desktop,LGA1366,0
AMD FX-B4150 Quad-Core,89.68,3369,37.56690454950937,1425,15.889830508474574,95.0,35.46,2,2013,AM3+,Desktop,Other,0
Intel Core i3-4370T @ 3.30GHz,138.0,3368,24.405797101449274,1914,13.869565217391305,35.0,96.23,2,2017,FCLGA1150,Desktop,Other,0
AMD A10-7850K APU,70.69,3363,47.57391427358891,1512,21.38916395529778,95.0,35.4,2,2014,FM2+,Desktop,Other,0
Intel Core i3-4150 @ 3.50GHz,999.0,3360,3.3633633633633635,1933,1.934934934934935,54.0,62.22,2,2014,FCLGA1150,Desktop,Other,0
Intel Xeon W3570 @ 3.20GHz,469.95,3354,7.136929460580913,1520,3.2343866368762635,130.0,25.8,4,2009,LGA1366,Server,LGA1366,0
AMD PRO A8-9600,119.0,3347,28.126050420168067,1468,12.336134453781513,65.0,51.5,2,2016,AM4,Desktop,AM4,0
AMD Phenom II X6 1405T,120.52999877929688,3335,27.669460165736304,1247,10.345972061970965,95.0,35.11,6,2018,"AM2+,AM3",Desktop,Other,1
AMD A10-7860K,66.0,3333,50.5,1538,23.303030303030305,65.0,51.27,2,2016,FM2+,Desktop,Other,0
Intel Xeon W3565 @ 3.20GHz,59.95,3331,55.56296914095079,1496,24.954128440366972,130.0,25.62,4,2009,LGA1366,Server,LGA1366,0
AMD FX-4150 Quad-Core,76.26000213623047,3327,43.627064080809554,1465,19.210594793623684,125.0,26.61,4,2013,AM3+,Desktop,Other,1
Intel Xeon D-1520 @ 2.20GHz,89.16999816894531,3324,37.27711190149636,419,4.698889857619427,45.0,73.87,4,2015,BGA 1667,Server,Other,1
AMD Phenom II X6 1065T,99.98,3320,33.206641328265654,1359,13.592718543708742,95.0,34.94,6,2011,AM3,Desktop,AM3,0
AMD A10-8750,129.2899932861328,3320,25.678708116663593,1554,12.019491690751574,65.0,51.08,2,2015,FM2+,Desktop,Other,1
Intel Core i3-6100E @ 2.70GHz,196.47999572753906,3315,16.87194662095243,1688,8.591205398542291,35.0,94.7,2,2016,LGA 1151,Laptop,Other,1
Intel Core i7-6498DU @ 2.50GHz,425.6199951171875,3303,7.760443677206878,1721,4.0435130391986185,15.0,220.19,2,2016,BGA1356,Laptop,Other,1
AMD Embedded R-Series RX-421BD,164.41000366210938,3302,20.083936052858277,1477,8.983638264709775,35.0,94.34,4,2015,BGA (FP4),"Laptop, Mobile/Embedded",Other,1
Intel Xeon L5609 @ 1.87GHz,152.5,3298,21.626229508196722,1160,7.60655737704918,40.0,82.45,4,2010,LGA1366,Server,LGA1366,1
AMD A8-9600,98.99,3291,33.245782402262854,1486,15.011617335084352,65.0,50.62,4,2017,AM4,Desktop,AM4,0
Intel Core i3-4130 @ 3.40GHz,72.29,3291,45.524968875363115,1890,26.144694978558583,54.0,60.94,2,2013,LGA1150,Desktop,LGA1150,0
Intel Core i7-965 @ 3.20GHz,90.97,3288,36.143783664944486,1452,15.96130592503023,130.0,25.29,4,2008,LGA1366,Desktop,LGA1366,0
AMD Athlon X4 840,124.95,3287,26.30652260904362,1482,11.860744297719087,65.0,50.56,2,2015,FM2+,Desktop,Other,0
AMD Phenom II X6 1075T,79.99,3284,41.05513189148644,1411,17.63970496312039,125.0,26.27,6,2010,AM3,Desktop,AM3,0
Intel Core i3-7167U @ 2.80GHz,325.5400085449219,3280,10.075566486161675,1635,5.022424147827542,28.0,117.14,2,2018,unknown,Laptop,unknown,1
Intel Core i7-6500U @ 2.50GHz,393.0,3278,8.340966921119593,1708,4.346055979643766,15.0,218.55,2,2015,FCBGA1356,Laptop,Other,0
Intel Core i3-10110Y @ 1.00GHz,287.0,3278,11.421602787456447,2093,7.2926829268292686,7.0,468.22,2,2020,UTFCBGA1377,Laptop,Other,0
Intel Xeon X5570 @ 2.93GHz,100.0,3270,32.7,1410,14.1,95.0,34.42,4,2009,LGA1366,Server,LGA1366,0
AMD FX-9830P,217.24000549316406,3268,15.043269735614304,1569,7.222426626431714,35.0,93.36,4,2016,FP4,Laptop,Other,1
AMD Ryzen Embedded R1305G,151.22000122070312,3268,21.610897854910128,1668,11.030286910033688,8.0,408.54,2,2020,FP5,"Laptop, Mobile/Embedded",Other,1
AMD FX-4350 Quad-Core,99.99,3262,32.62326232623263,1603,16.03160316031603,125.0,26.1,2,2013,AM3+,Desktop,Other,0
Intel Core i5-6360U @ 2.00GHz,426.1700134277344,3260,7.649529289448231,1803,4.23070592296784,15.0,217.35,2,2017,FCBGA1356,Laptop,Other,1
Intel Core i5-6300U @ 2.40GHz,380.8500061035156,3259,8.557174603573982,1691,4.440068197190428,15.0,217.28,2,2015,FCBGA1356,Laptop,Other,1
AMD Ryzen Embedded V1202B,219.61000061035156,3253,14.812622334862223,1424,6.4842220119409175,15.0,216.87,2,2018,FP5,"Laptop, Mobile/Embedded",Other,1
Intel Core i5-4400E @ 2.70GHz,266.0,3251,12.221804511278195,1804,6.7819548872180455,37.0,87.85,2,2014,BGA1364,Desktop,Other,0
AMD FX-4330,733.5,3248,4.428084526244035,1563,2.130879345603272,95.0,34.19,2,2015,AM3+,Desktop,Other,0
Intel Core i7-960 @ 3.20GHz,298.61,3245,10.867017179598808,1452,4.862529721040822,130.0,24.96,4,2009,LGA1366,Desktop,LGA1366,0
Intel Core i3-4570T @ 2.90GHz,157.57000732421875,3244,20.58767436194307,1693,10.744430547092977,35.0,92.67,2,2014,FCLGA1150,Desktop,Other,1
Intel Pentium D1508 @ 2.20GHz,129.0,3240,25.11627906976744,1760,13.643410852713178,25.0,129.6,2,2017,FCBGA1667,Server,Other,0
Intel Xeon X3480 @ 3.07GHz,69.79000091552734,3240,46.424988644456995,1402,20.088837678866884,95.0,34.1,4,2012,LGA1156,Server,Other,1
Intel Xeon W5590 @ 3.33GHz,1406.34,3239,2.303141487833668,1571,1.1170840621755764,130.0,24.92,4,2009,LGA1366,Server,LGA1366,0
Intel Pentium Gold G5500T @ 3.20GHz,75.0,3234,43.12,1964,26.186666666666667,35.0,92.41,2,2018,FCLGA1151-2,Desktop,FCLGA1151-2,0
Intel Xeon L5638 @ 2.00GHz,69.9,3225,46.13733905579399,727,10.400572246065808,60.0,53.75,6,2011,LGA1366,Server,LGA1366,0
AMD A8-7670K,83.56,3224,38.5830540928674,1512,18.094782192436572,95.0,33.94,4,2015,FM2+,Desktop,Other,0
Intel Core i7-2715QE @ 2.10GHz,127.0,3221,25.362204724409448,1287,10.133858267716535,45.0,71.59,4,2011,BGA1023,Laptop,BGA1023,1
Intel Core i5-5287U @ 2.90GHz,452.489990234375,3216,7.107339542106152,2029,4.484077092951923,28.0,114.87,2,2015,FCBGA1168,Laptop,FCBGA1168,1
AMD A8-7600 APU,149.95,3215,21.44048016005335,1452,9.683227742580861,65.0,49.47,2,2014,FM2+,Desktop,Other,0
Intel Core i5-4330M @ 2.80GHz,274.99,3208,11.665878759227608,1855,6.745699843630677,37.0,86.69,2,2013,unknown,Laptop,unknown,0
Intel Core i5-6260U @ 1.80GHz,499.0,3207,6.426853707414829,1665,3.3366733466933867,15.0,213.83,2,2015,FCBGA1356,Laptop,Other,0
AMD PRO A8-8650B,88.08999633789062,3203,36.360541868047235,1485,16.85775981081803,65.0,49.28,4,2015,FM2+,Desktop,Other,1
AMD Phenom II X6 1055T,46.36,3195,68.91716997411562,1314,28.34339948231234,125.0,25.56,6,2010,AM3,Desktop,AM3,0
Intel Xeon X3470 @ 2.93GHz,97.19,3194,32.86346331927153,1411,14.517954522070172,95.0,33.62,4,2010,LGA1156,Server,Other,0
Intel Xeon W3550 @ 3.07GHz,49.95,3193,63.92392392392392,1415,28.328328328328325,130.0,24.56,4,2009,LGA1366,Server,LGA1366,0
AMD A10 PRO-7800B APU,88.16999816894531,3184,36.112057004912685,1502,17.035273122292352,65.0,48.98,2,2014,FM2+,Desktop,Other,1
AMD PRO A12-9800E,169.0,3182,18.828402366863905,1551,9.177514792899409,35.0,90.92,4,2017,AM4,Desktop,AM4,0
Intel Core i7-5557U @ 3.10GHz,605.99,3181,5.24926153896929,1947,3.2129243056816117,28.0,113.62,2,2015,FCBGA1168,Laptop,FCBGA1168,0
Intel Core i7-4600M @ 2.90GHz,176.8000030517578,3180,17.98642502890151,1857,10.503393483858524,37.0,85.94,2,2013,PGA946,Laptop,Other,1
AMD A12-9730P,175.9499969482422,3172,18.02784913337101,1487,8.45126471037916,35.0,90.62,4,2017,FP4,Laptop,Other,1
Intel Core i5-6198DU @ 2.30GHz,426.3699951171875,3170,7.434857134186301,1659,3.890986746250812,15.0,211.32,2,2016,BGA1356,Laptop,Other,1
Intel Celeron N5100 @ 1.10GHz,146.2899932861328,3165,21.63510933936189,1380,9.433317816214663,6.0,527.54,4,2021,FCBGA1338,Laptop,Other,1
Intel Core i3-4360T @ 3.20GHz,204.22000122070312,3164,15.49309558851988,1852,9.068651400107084,35.0,90.4,2,2014,LGA1150,Desktop,LGA1150,1
Intel Core i3-4170T @ 3.20GHz,199.95,3162,15.813953488372094,1813,9.067266816704176,35.0,90.36,2,2015,LGA1150,Desktop,LGA1150,0
Intel Core i5-2400S @ 2.50GHz,144.19,3160,21.915528122615992,1480,10.264234690339135,65.0,48.62,4,2011,LGA1155,Desktop,LGA1155,0
AMD A10-6800K APU,67.44,3158,46.82680901542112,1605,23.798932384341636,100.0,31.58,2,2013,FM2,Desktop,Other,0
Intel Atom C3858 @ 2.00GHz,332.0,3154,9.5,501,1.5090361445783131,25.0,126.17,12,2018,FCBGA1310,Server,Other,0
Intel Core i7-950 @ 3.07GHz,264.88,3154,11.907278767743884,1394,5.262760495318635,130.0,24.26,4,2009,LGA1366,Desktop,LGA1366,0
AMD A10-7700K APU,39.3,3153,80.2290076335878,1423,36.208651399491096,95.0,33.19,2,2014,FM2+,Desktop,Other,0
AMD A10-7800 APU,56.45,3142,55.65987599645704,1450,25.686448184233836,65.0,48.34,2,2014,FM2+,Desktop,Other,0
AMD Opteron X3418 APU,180.72000122070312,3137,17.358344282927263,1450,8.023461654524874,25.0,125.46,4,2019,unknown,Server,unknown,1
Intel Core i5-4570T @ 2.90GHz,464.64,3136,6.749311294765841,1874,4.03323002754821,35.0,89.59,2,2013,LGA1150,Desktop,LGA1150,0
AMD FX-4200 Quad-Core,59.95,3134,52.27689741451209,1285,21.434528773978315,125.0,25.07,4,2013,AM3+,Desktop,Other,0
Intel Core i3-4160T @ 3.10GHz,59.99,3133,52.22537089514919,1771,29.52158693115519,35.0,89.53,2,2014,LGA1150,Desktop,LGA1150,0
Intel Pentium G4600T @ 3.00GHz,117.99,3130,26.527671836596323,1843,15.619967793880837,35.0,89.43,2,2017,FCLGA1151,Desktop,FCLGA1151,0
AMD A10-6790K APU,49.2,3124,63.49593495934959,1569,31.89024390243902,100.0,31.24,2,2013,FM2,Desktop,Other,0
Intel Core i3-10100Y @ 1.30GHz,116.58000183105469,3120,26.762737613621237,1790,15.354262925763466,5.0,624.03,2,2021,BGA 1528,Mobile/Embedded,Other,1
Intel Pentium Gold G5400T @ 3.10GHz,109.95,3119,28.36743974533879,1807,16.434743065029558,35.0,89.12,2,2018,FCLGA1151-2,Server,FCLGA1151-2,0
Intel Core i7-875K @ 2.93GHz,368.88,3119,8.455324224680114,1374,3.7247885491216657,95.0,32.83,4,2010,LGA1156,Desktop,Other,0
Intel Core i5-4310M @ 2.70GHz,241.10000610351562,3119,12.936540526925022,1812,7.515553521894241,37.0,84.29,2,2014,unknown,Laptop,unknown,1
Intel Core i5-4200H @ 2.80GHz,129.13999938964844,3113,24.105621919722036,1807,13.992566273349734,47.0,66.24,2,2014,BGA1364,Desktop,Other,1
AMD FX-4170 Quad-Core,43.79,3109,70.99794473624115,1457,33.272436629367434,125.0,24.87,2,2012,AM3+,Desktop,Other,0
AMD PRO A10-8770E,162.49000549316406,3106,19.115021816715178,1445,8.89285464428636,35.0,88.75,4,2017,AM4,Desktop,AM4,1
Intel Core i5-4570TE @ 2.70GHz,342.0,3106,9.08187134502924,1631,4.769005847953216,35.0,88.73,2,2014,LGA1150,Desktop,LGA1150,0
Snapdragon 7c Gen 2 @ 2.55,162.74000549316406,3103,19.067223148953023,1507,9.26016928310416,7.0,443.27,8,2021,unknown,Unknown,unknown,1
Intel Xeon X5560 @ 2.80GHz,71.0,3100,43.66197183098591,1380,19.43661971830986,95.0,32.63,4,2009,LGA1366,Server,LGA1366,0
Intel Core i3-4330T @ 3.00GHz,174.00999450683594,3098,17.803575069237162,1717,9.867249320167918,35.0,88.52,2,2014,LGA1150,Desktop,LGA1150,1
AMD FX-4320,113.41000366210938,3092,27.26390882776284,1552,13.684859799705023,95.0,32.55,2,2016,AM3+,Desktop,Other,1
AMD A10-6700 APU,54.77,3090,56.417746941756434,1607,29.340880043819606,65.0,47.54,4,2013,FM2,Desktop,Other,0
Intel Core i3-6100TE @ 2.70GHz,149.0800018310547,3085,20.693587081492556,1615,10.833109606680868,35.0,88.16,2,2015,LGA 1151,Desktop,Other,1
AMD PRO A12-8870E,146.0399932861328,3083,21.110655585689795,1520,10.40810784633425,35.0,88.08,4,2016,AM4,Desktop,AM4,1
Intel Core i7-870 @ 2.93GHz,199.88,3074,15.379227536521913,1392,6.964178507104263,95.0,32.36,4,2009,LGA1156,Desktop,Other,0
AMD Athlon Silver 3050U,256.42999267578125,3067,11.960379392428479,1714,6.684085516342489,15.0,204.48,2,2020,FP5,Laptop,Other,1
Intel Core i7-940 @ 2.93GHz,49.0,3066,62.57142857142857,1345,27.448979591836736,130.0,23.58,4,2008,LGA1366,Desktop,LGA1366,0
Intel Core i5-4308U @ 2.80GHz,308.5400085449219,3064,9.930640808788002,1884,6.106177311931003,28.0,109.43,2,2014,FCBGA1364,Laptop,Other,1
AMD Opteron 2435,10.95,3061,279.5433789954338,593,54.15525114155251,75.0,40.81,6,2013,F (1207),Server,Other,0
Intel Core i5-24050S @ 2.50GHz,74.80999755859375,3061,40.91699104257449,1397,18.673974677058663,65.0,47.09,4,2013,"LGA1155, FCLGA11",Desktop,Other,1
Intel Xeon W3530 @ 2.80GHz,346.19,3045,8.79574799965337,1336,3.859152488517866,130.0,23.43,4,2010,LGA1366,Server,LGA1366,0
Intel Core i5-5257U @ 2.70GHz,414.6300048828125,3044,7.3414850931020545,1881,4.536574724088359,23.0,132.36,2,2015,FCBGA1168,Laptop,FCBGA1168,1
Intel Core i3-6100H @ 2.70GHz,145.60000610351562,3041,20.885988135453605,1543,10.597527028281787,35.0,86.88,2,2015,LGA 1151,Laptop,Other,1
Intel Pentium Silver J5005 @ 1.50GHz,521.99,3040,5.823866357593057,1206,2.3103890879135616,10.0,304.0,4,2017,FCBGA1090,Desktop,Other,0
AMD Phenom II X6 1045T,45.0,3034,67.42222222222222,1287,28.6,95.0,31.94,6,2010,AM3,Desktop,AM3,0
Intel Core i5-6200U @ 2.30GHz,429.1099853515625,3030,7.061126758720314,1589,3.7030133398041514,15.0,202.01,2,2015,FCBGA1356,Laptop,Other,1
Intel Core i7-4578U @ 3.00GHz,316.9599914550781,3026,9.546946244251355,1916,6.0449269676092525,28.0,108.08,2,2014,FCBGA1168,Laptop,FCBGA1168,1
Intel Core i5-4300M @ 2.60GHz,143.0800018310547,3025,21.14201818065284,1761,12.307799674753605,37.0,81.75,2,2013,PGA946,Laptop,Other,1
Intel Pentium GOLD 6500Y @ 1.10GHz,156.75999450683594,3024,19.29063604214486,1832,11.686655168389349,5.0,604.72,2,2021,unknown,Mobile/Embedded,unknown,1
AMD A8-7650K,39.62,3013,76.04745078243312,1372,34.62897526501767,65.0,46.36,2,2015,FM2+,Desktop,Other,0
Intel Core i7-5650U @ 2.20GHz,436.9599914550781,3007,6.881636897663515,1925,4.4054376548062075,15.0,200.49,2,2015,FCBGA1168,Laptop,FCBGA1168,1
Intel Core i5-3380M @ 2.90GHz,151.24000549316406,3006,19.87569353887566,1862,12.3115573417786,35.0,85.89,2,2013,"FCPGA988, FCBGA1",Laptop,Other,1
Intel Core i7-4610M @ 3.00GHz,155.3000030517578,3002,19.330328016796656,1740,11.204120835851493,37.0,81.13,2,2014,"FPGA946,FPGA947",Laptop,Other,1
Intel Celeron J4125 @ 2.00GHz,140.07000732421875,2994,21.37502565463437,1170,8.352965937181768,10.0,299.45,4,2020,FCBGA1090,Desktop,Other,1
Intel Core m3-8100Y @ 1.10GHz,281.0,2991,10.644128113879004,1783,6.345195729537367,5.0,598.18,2,2018,FCBGA1515,Laptop,Other,0
AMD PRO A8-8670E,156.50999450683594,2989,19.097821895773233,1382,8.830107012364875,35.0,85.41,4,2017,AM4,Desktop,AM4,1
Intel Xeon X5550 @ 2.67GHz,49.0,2988,60.97959183673469,1317,26.877551020408163,95.0,31.45,4,2009,LGA1366,Server,LGA1366,0
Intel Core i3-7130U @ 2.70GHz,459.99,2983,6.484923585295332,1578,3.4305093588991062,15.0,198.87,2,2017,FCBGA1356,Laptop,Other,0
Intel Core i7-5600U @ 2.60GHz,386.30999755859375,2982,7.719189300938824,1758,4.55074942691162,15.0,198.77,2,2015,FCBGA1168,Laptop,FCBGA1168,1
Intel Core i5-2405S @ 2.50GHz,131.39,2980,22.68056929751123,1485,11.30223000228328,65.0,45.85,4,2011,LGA1155,Desktop,LGA1155,0
Intel Pentium Silver N6000 @ 1.10GHz,68.73999786376953,2979,43.337214032270545,1280,18.620890889998755,6.0,496.55,4,2021,FCBGA1338,Mobile/Embedded,Other,1
Intel Xeon E5-2637 @ 3.00GHz,79.0,2978,37.69620253164557,1526,19.31645569620253,80.0,37.22,2,2018,FCLGA2011,Server,Other,0
AMD A8-6600K APU,38.99,2977,76.35291100282123,1527,39.1638881764555,100.0,29.77,2,2013,FM2,Desktop,Other,0
Intel Core i5-3470T @ 2.90GHz,269.95,2958,10.957584737914429,1791,6.634561955917762,35.0,84.53,2,2012,LGA1155,Desktop,LGA1155,0
Intel Core i7-4558U @ 2.80GHz,269.9599914550781,2956,10.949770682934268,1824,6.75655674075511,28.0,105.58,2,2013,BGA1168,Laptop,Other,1
AMD Phenom II X6 1035T,108.0,2947,27.287037037037038,1231,11.398148148148149,95.0,31.02,6,2010,AM3,Desktop,AM3,0
AMD A10-9700E,92.99,2947,31.691579739756964,1413,15.195182277664266,35.0,84.21,4,2017,AM4,Desktop,AM4,0
Intel Xeon L5630 @ 2.13GHz,118.0,2943,24.940677966101696,1043,8.838983050847459,40.0,73.57,4,2010,LGA1366,Server,LGA1366,0
Intel Core i5-2500T @ 2.30GHz,89.99,2942,32.6925213912657,1489,16.546282920324483,45.0,65.37,4,2011,LGA1155,Desktop,LGA1155,0
AMD Athlon X4 760K Quad Core,13.55,2941,217.0479704797048,1521,112.25092250922509,100.0,29.41,2,2013,FM2,Desktop,Other,0
Intel Celeron G5925 @ 3.60GHz,53.93,2939,54.49656962729464,2282,42.31411088447988,58.0,50.67,2,2021,FCLGA1200,Desktop,FCLGA1200,0
AMD FX-4300 Quad-Core,25.76,2937,114.0139751552795,1489,57.8027950310559,95.0,30.92,2,2012,AM3+,Desktop,Other,0
AMD Opteron 2431,24.99,2936,117.48699479791918,570,22.809123649459785,75.0,39.14,6,2009,F (1207),Server,Other,0
AMD A10-5800K APU,46.07,2936,63.729107879314085,1495,32.4506186238333,100.0,29.36,2,2012,FM2,Desktop,Other,0
Intel Core m3-7Y32 @ 1.10GHz,328.7300109863281,2935,8.928299522132972,1697,5.162291069526288,4.5,652.27,2,2017,FCBGA1515,Laptop,Other,1
AMD Opteron 6128 HE,217.25999450683594,2932,13.495351533334162,823,3.7880881009324745,85.0,34.5,8,2015,Socket G34,Server,Other,1
Intel Pentium G4520 @ 3.60GHz,137.99,2926,21.204435103993042,2200,15.943184288716573,51.0,57.37,2,2015,FCLGA1151,Desktop,FCLGA1151,0
Intel Core i7-880 @ 3.07GHz,338.97,2920,8.614331651768593,1386,4.088857421010709,95.0,30.74,4,2010,LGA1156,Desktop,Other,0
Intel Core i5-4210H @ 2.90GHz,140.60000610351562,2918,20.753910905605835,1716,12.204835885544762,47.0,62.09,2,2014,FCBGA1364,Laptop,Other,1
AMD Athlon Silver 3050e,251.4199981689453,2918,11.606077564439435,1453,5.779174332121487,6.0,486.3,2,2020,unknown,Laptop,unknown,1
AMD Ryzen 3 3250C,145.67999267578125,2917,20.02333983151648,1858,12.753981970160309,15.0,194.47,2,2021,FP5,"Laptop, Mobile/Embedded",Other,1
Intel Celeron J4105 @ 1.50GHz,107.0,2911,27.205607476635514,1097,10.25233644859813,10.0,291.14,4,2018,FCBGA1090,Desktop,Other,0
Intel Core i7-3540M @ 3.00GHz,128.02,2911,22.73863458834557,1768,13.810342134041555,35.0,83.17,2,2013,rPGA988B,Laptop,Other,0
Intel Pentium G4560T @ 2.90GHz,231.9,2909,12.54420008624407,1708,7.365243639499784,35.0,83.11,2,2017,FCLGA1151,Desktop,FCLGA1151,0
Intel Core i7-5550U @ 2.00GHz,425.04998779296875,2908,6.841548249652966,1781,4.190095403243443,15.0,193.85,2,2016,FCBGA1168,Laptop,FCBGA1168,1
Intel Atom x6425RE @ 1.90GHz,59.0,2903,49.20338983050848,1021,17.305084745762713,12.0,241.9,4,2022,FCBGA1493,Mobile/Embedded,Other,0
AMD Athlon X4 830,202.32,2901,14.338671411625148,1292,6.385923289837881,65.0,44.63,2,2018,FM2+,Desktop,Other,0
AMD A10-9630P,179.33999633789062,2899,16.16482691645681,1355,7.555481363159357,35.0,82.82,4,2016,FP4,Laptop,Other,1
AMD A8-6500B APU,49.95,2898,58.01801801801801,1531,30.65065065065065,65.0,44.58,2,2014,FM2,Desktop,Other,0
AMD FX-670K Quad-Core,111.72000122070312,2897,25.93089839192688,1566,14.017185668539005,65.0,44.57,2,2014,FM2,Desktop,Other,1
AMD A10-5800B APU,44.99,2897,64.39208713047344,1526,33.91864858857524,100.0,28.97,2,2013,FM2,Desktop,Other,0
AMD PRO A10-8750B,92.36000061035156,2897,31.366392170371086,1294,14.010394017418083,65.0,44.56,2,2015,FM2+,Desktop,Other,1
AMD PRO A10-9700E,139.0,2896,20.834532374100718,1333,9.589928057553957,35.0,82.74,2,2016,AM4,Desktop,AM4,0
Intel Core i5-4210M @ 2.60GHz,88.04,2893,32.86006360745115,1690,19.195820081781008,37.0,78.19,2,2014,FCPGA946,Laptop,Other,0
Intel Core i7-860 @ 2.80GHz,43.99,2890,65.69674926119572,1319,29.984087292566493,95.0,30.42,4,2009,LGA1156,Desktop,Other,0
Intel Xeon W3540 @ 2.93GHz,507.0,2890,5.700197238658777,1289,2.5424063116370808,130.0,22.23,4,2009,LGA1366,Server,LGA1366,0
Intel Core i3-4350T @ 3.10GHz,188.11000061035156,2888,15.352719103872436,1656,8.803359707760649,35.0,82.52,2,2015,LGA1150,Laptop,LGA1150,1
Intel Core i7-3520M @ 2.90GHz,122.02,2879,23.59449270611375,1746,14.309129650876907,35.0,82.24,2,2012,BGA1023,Laptop,BGA1023,0
Intel Core i7-930 @ 2.80GHz,29.99,2877,95.93197732577526,1276,42.547515838612874,130.0,22.13,4,2010,LGA1366,Desktop,LGA1366,0
Intel Core i3-4130T @ 2.90GHz,248.56,2874,11.562600579336982,1633,6.569842291599613,35.0,82.12,2,2013,LGA1150,Desktop,LGA1150,0
Intel Xeon E5-2403 v2 @ 1.80GHz,541.0,2873,5.310536044362292,991,1.8317929759704252,80.0,35.91,4,2015,FCLGA1356,Server,Other,0
AMD Opteron 4184,498.95,2872,5.756087784347129,630,1.2626515682934163,95.0,30.23,6,2011,C32,Server,Other,0
Intel Core i3-4150T @ 3.00GHz,417.42,2867,6.868381965406544,1597,3.8258828038905657,35.0,81.9,2,2014,FCLGA1150,Desktop,Other,0
AMD FX-7600P APU,151.86000061035156,2856,18.806795657324134,1436,9.456077928542527,35.0,81.59,4,2014,FP3,Laptop,Other,1
Intel Core i5-3360M @ 2.80GHz,78.02,2846,36.47782619841067,1755,22.494232248141504,35.0,81.31,2,2012,BGA1023,Laptop,BGA1023,0
AMD Phenom II X4 980,130.0,2829,21.76153846153846,1521,11.7,125.0,22.63,4,2011,AM3,Unknown,AM3,0
AMD A8-6500 APU,43.69,2826,64.68299382009613,1497,34.264133669031814,65.0,43.47,2,2013,FM2,Desktop,Other,0
AMD Opteron 6128,269.0,2826,10.50557620817844,447,1.661710037174721,115.0,24.57,8,2010,G34,Server,Other,0
Intel Core i5-8210Y @ 1.60GHz,221.92999267578125,2825,12.729239369313449,1720,7.750191757599692,7.0,403.54,2,2019,FCBGA1515,Laptop,Other,1
AMD Opteron 3350 HE,392.0,2825,7.206632653061225,1362,3.4744897959183674,45.0,62.78,4,2013,unknown,Server,unknown,0
AMD A10-6800B APU,128.02,2824,22.059053272926104,1513,11.818465864708639,100.0,28.24,2,2014,FM2,Desktop,Other,0
Intel Xeon X3450 @ 2.67GHz,102.0,2818,27.627450980392158,1236,12.117647058823529,95.0,29.67,4,2009,LGA1156,Server,Other,0
Intel Celeron G5905 @ 3.50GHz,47.19,2815,59.65246874337784,2189,46.38694638694639,58.0,48.53,2,2020,FCLGA1200,Desktop,FCLGA1200,0
Intel Core i5-4278U @ 2.60GHz,269.57000732421875,2814,10.438846769090043,1721,6.384241396447748,28.0,100.51,2,2014,FCBGA1168,Laptop,FCBGA1168,1
Intel Core i5-7Y57 @ 1.20GHz,322.8699951171875,2814,8.715582254642902,1699,5.262179904278,4.5,625.28,2,2017,FCBGA1515,Laptop,Other,1
Intel Xeon X3460 @ 2.80GHz,72.28,2814,38.93193137797454,1220,16.878804648588822,95.0,29.62,4,2010,LGA1156,Server,Other,0
AMD A8-5600K APU,69.95,2803,40.07147962830593,1417,20.257326661901356,100.0,28.03,2,2012,FM2,Desktop,Other,0
AMD FX-8800P,168.61000061035156,2801,16.612300515157205,1371,8.13119029142468,35.0,80.03,2,2015,FP4,Laptop,Other,1
Snapdragon 7c @ 2.40 GHz,137.14999389648438,2800,20.415604262537073,1258,9.172439343668442,9.0,311.06,8,2021,unknown,Unknown,unknown,1
AMD A8 PRO-7600B APU,85.94999694824219,2793,32.4956381520514,1332,15.497382749206038,65.0,42.97,4,2014,FM2+,Desktop,Other,1
Intel Core i3-6157U @ 2.40GHz,333.7799987792969,2790,8.358799239629732,1442,4.320210933170636,28.0,99.65,2,2016,BGA1356,Laptop,Other,1
Intel Celeron G5900 @ 3.40GHz,53.99,2790,51.67623634006297,2150,39.82218929431376,58.0,48.1,2,2020,FCLGA1200,Desktop,FCLGA1200,0
AMD Opteron 6172,199.95,2789,13.948487121780445,432,2.1605401350337585,115.0,24.25,12,2010,G34,Server,Other,0
AMD Athlon X4 750K Quad Core,190.44,2787,14.634530560806553,1446,7.59294265910523,100.0,27.87,2,2012,FM2,Unknown,Other,0
Intel Xeon W3520 @ 2.67GHz,59.0,2787,47.23728813559322,1245,21.10169491525424,130.0,21.44,4,2009,LGA1366,Server,LGA1366,0
Intel Core i7-870S @ 2.67GHz,117.20999908447266,2786,23.769303146160286,1270,10.835253049398263,82.0,33.97,4,2010,LGA1156,Desktop,Other,1
Intel Core2 Extreme X9775 @ 3.20GHz,1805.95,2780,1.5393560176084609,1451,0.8034552451618262,150.0,18.53,4,2009,LGA771,Desktop,Other,0
Intel Core i5-4200M @ 2.50GHz,88.95,2776,31.208544125913434,1624,18.257448004496908,37.0,75.04,2,2013,PGA946,Laptop,Other,0
Intel Atom C2750 @ 2.40GHz,232.0,2775,11.961206896551724,658,2.836206896551724,20.0,138.77,8,2014,FCBGA1283,Server,Other,0
AMD A8-8650,95.95999908447266,2774,28.90787855841969,1408,14.67278046512434,65.0,42.67,4,2015,FM2+,Desktop,Other,1
Intel Xeon E5-2603 v2 @ 1.80GHz,59.0,2751,46.6271186440678,977,16.559322033898304,80.0,34.39,4,2014,LGA 2011,Server,Other,0
Intel Core i5-7Y54 @ 1.20GHz,367.20001220703125,2741,7.46459670174138,1571,4.278322297860528,4.5,609.21,2,2016,FCBGA1515,Laptop,Other,1
Intel Core i7-920 @ 2.67GHz,189.88,2741,14.435432904992627,1220,6.425110596165999,130.0,21.09,4,2008,LGA1366,Desktop,LGA1366,0
Intel Core i5-5300U @ 2.30GHz,289.99,2740,9.448601675919859,1647,5.679506189868616,15.0,182.66,2,2015,FCBGA1168,Laptop,FCBGA1168,0
Intel Xeon E5540 @ 2.53GHz,71.45,2738,38.32050384884535,1200,16.794961511546536,80.0,34.23,4,2009,LGA1366,Server,LGA1366,0
AMD A10-5700 APU,59.95,2735,45.62135112593828,1441,24.03669724770642,65.0,42.08,2,2012,FM2,Desktop,Other,0
Intel Pentium G4500 @ 3.50GHz,166.67,2734,16.40367192656147,2135,12.8097438051239,51.0,53.61,2,2015,FCLGA1151,Desktop,FCLGA1151,0
AMD FX-4130 Quad-Core,22.21,2730,122.91760468257542,1356,61.05357946870779,125.0,21.84,2,2012,AM3+,Desktop,Other,0
AMD RX-427BB,159.0800018310547,2729,17.154890423613637,1297,8.153130406532389,35.0,77.98,4,2015,FP3,Laptop,Other,1
AMD PRO A12-9800B,384.489990234375,2729,7.097714034990802,1387,3.607376096200895,15.0,181.91,4,2016,FP4,Laptop,Other,1
AMD RX-425BB,89.70999908447266,2724,30.364508168537927,1282,14.290491729833196,35.0,77.83,4,2021,FP3,Mobile/Embedded,Other,1
Intel Core i3-7100U @ 2.40GHz,462.0,2721,5.8896103896103895,1391,3.0108225108225106,15.0,181.43,2,2016,FCBGA1356,Laptop,Other,0
AMD 3015e,244.63999938964844,2720,11.118378052592051,1391,5.6859058349836555,6.0,453.31,2,2020,unknown,Laptop,unknown,1
Intel Core i7-5500U @ 2.40GHz,396.8800048828125,2719,6.850937226738959,1631,4.109554474737492,15.0,181.28,2,2015,FCBGA1168,Laptop,FCBGA1168,1
AMD A6-9400,214.07000732421875,2717,12.692109623208356,1664,7.773158046749615,10.0,271.7,2,2019,FT4,Laptop,Other,1
Intel Celeron G4950 @ 3.30GHz,1008.66,2714,2.690698550552218,2041,2.0234766918485914,54.0,50.26,2,2021,FCLGA1151,Desktop,FCLGA1151,0
Intel Xeon X5470 @ 3.33GHz,179.95,2709,15.054181717143653,1454,8.080022228396777,120.0,22.57,4,2009,LGA771,Server,Other,0
AMD A8-5500B APU,49.04,2707,55.19983686786297,1393,28.405383360522023,65.0,41.65,2,2013,FM2,Desktop,Other,0
Intel Xeon X5492 @ 3.40GHz,1391.29,2705,1.9442387999626247,1446,1.039323218020686,150.0,18.04,4,2008,LGA771,Server,Other,0
Intel Xeon E5-2407 @ 2.20GHz,325.03,2699,8.303848875488416,920,2.8305079531120207,80.0,33.74,4,2012,LGA 1356,Server,Other,0
Intel Pentium Silver N5030 @ 1.10GHz,162.9600067138672,2695,16.53780000593647,1301,7.983553917522578,6.0,449.19,4,2020,FCBGA1090,Laptop,Other,1
Intel Xeon E5607 @ 2.27GHz,100.0,2686,26.86,1002,10.02,80.0,33.58,4,2011,LGA1366,Server,LGA1366,0
Intel Core i7-4600U @ 2.10GHz,313.739990234375,2685,8.55804195695362,1673,5.332441040589723,15.0,179.02,2,2013,FCBGA1168,Laptop,FCBGA1168,1
Intel Core i5-4402E @ 1.60GHz,345.5299987792969,2681,7.759094751458777,1510,4.370098125588494,25.0,107.26,2,2016,FCBGA1364,Laptop,Other,1
Intel Xeon X3440 @ 2.53GHz,50.0,2680,53.6,1149,22.98,95.0,28.21,4,2009,LGA1156,Server,Other,0
Intel Core i3-4110M @ 2.60GHz,145.0500030517578,2678,18.462598715316236,1389,9.576008071536316,37.0,72.38,2,2014,FCPGA946,Laptop,Other,1
Intel Core i7-7Y75 @ 1.30GHz,237.50999450683594,2666,11.224790794743873,1604,6.7534000130417,4.5,592.39,2,2016,FCBGA1515,"Desktop, Laptop",Other,1
AMD Athlon X4 740 Quad Core,24.99,2655,106.24249699879952,1356,54.26170468187275,65.0,40.85,2,2012,FM2,Desktop,Other,0
Intel Core i7-3687U @ 2.10GHz,218.1199951171875,2653,12.163029797312461,1603,7.349165761436817,17.0,156.06,2,2013,BGA1023,Laptop,BGA1023,1
Intel Core i3-3250T @ 3.00GHz,125.19000244140625,2650,21.167824493336056,1684,13.451553376142611,35.0,75.71,2,2016,FCLGA1155,Desktop,Other,1
Intel Celeron G5900T @ 3.20GHz,42.0,2648,63.04761904761905,2041,48.595238095238095,35.0,75.64,2,2021,FCLGA1200,Desktop,FCLGA1200,0
Intel Core i5-3320M @ 2.60GHz,44.04,2646,60.08174386920981,1612,36.6030881017257,35.0,75.61,2,2012,BGA1023,Laptop,BGA1023,0
AMD Phenom II X4 970,59.88,2644,44.15497661990648,1412,23.580494321977287,125.0,21.15,4,2010,AM3,Unknown,AM3,0
Intel Core i3-6100U @ 2.30GHz,529.99,2640,4.981226060869073,1347,2.541557387875243,15.0,176.0,2,2015,FCBGA1356,Laptop,Other,0
Intel Core i5-3340M @ 2.70GHz,69.95,2636,37.68406004288777,1630,23.302358827734096,35.0,75.32,2,2013,BGA1023,Laptop,BGA1023,0
Intel Xeon X5482 @ 3.20GHz,99.95,2636,26.373186593296648,1394,13.94697348674337,150.0,17.57,4,2009,LGA771,Server,Other,0
AMD FirePro A320 APU,103.5,2634,25.44927536231884,1482,14.318840579710145,100.0,26.34,4,2016,FM2,Desktop,Other,1
Intel Core2 Extreme X9770 @ 3.20GHz,1608.95,2632,1.635849467043724,1398,0.8688896485285434,136.0,19.35,4,2008,LGA775,Desktop,LGA775,0
Intel Xeon E5-2609 @ 2.40GHz,71.87,2623,36.496451927090575,1081,15.041046333657993,80.0,32.79,4,2012,LGA2011,Server,Other,0
AMD PRO A12-8800B,400.5,2622,6.546816479400749,1357,3.3882646691635454,15.0,174.78,2,2015,FP4,Laptop,Other,1
Intel Core i5-5350U @ 1.80GHz,381.30999755859375,2614,6.855314617336571,1694,4.4425795569120705,15.0,174.29,2,2015,FCBGA1168,Laptop,FCBGA1168,1
Intel Xeon E5530 @ 2.40GHz,29.99,2614,87.1623874624875,1156,38.546182060686895,80.0,32.67,4,2009,LGA1366,Server,LGA1366,0
Intel Core i5-4288U @ 2.60GHz,204.24000549316406,2612,12.788875488389193,1620,7.931844675034645,28.0,93.27,2,2013,FCBGA1168,Laptop,FCBGA1168,1
AMD A12-9720P,281.0799865722656,2608,9.278497668241078,1326,4.717518369665517,15.0,173.85,4,2017,FP4,Laptop,Other,1
Intel Core i5-680 @ 3.60GHz,309.19,2603,8.418771629095378,1550,5.013098741873929,73.0,35.65,2,2010,LGA1156,Desktop,Other,0
AMD PRO A10-9700B,237.1199951171875,2602,10.973347054574882,1311,5.52884626769703,15.0,173.5,4,2018,FP4,Laptop,Other,1
Intel Pentium G4400 @ 3.30GHz,97.41,2599,26.68103890770968,2024,20.77815419361462,54.0,48.13,2,2015,FCLGA1151,Desktop,FCLGA1151,0
Intel Core i5-760 @ 2.80GHz,265.0,2599,9.80754716981132,1309,4.939622641509434,95.0,27.36,4,2010,LGA1156,Desktop,Other,0
Intel Core i7-4510U @ 2.00GHz,333.92999267578125,2595,7.771089919795054,1549,4.638696834590574,15.0,172.97,2,2014,FCBGA1168,Laptop,FCBGA1168,1
Intel Pentium Silver N5000 @ 1.10GHz,161.0,2593,16.1055900621118,1143,7.099378881987578,6.0,432.15,4,2018,FCBGA1090,Laptop,Other,0
Intel Xeon L3426 @ 1.87GHz,227.0,2590,11.409691629955947,1167,5.140969162995595,45.0,57.55,4,2010,LGA1156,Server,Other,0
Intel Core m3-7Y30 @ 1.00GHz,388.760009765625,2589,6.659635597706801,1386,3.5651815134884615,4.5,575.3,2,2016,FCBGA1515,Laptop,Other,1
Intel Core i3-5157U @ 2.50GHz,308.010009765625,2588,8.40232433345038,1325,4.301808246453537,28.0,92.42,2,2015,FCBGA1168,Laptop,FCBGA1168,1
Intel Core i7-8500Y @ 1.50GHz,393.0,2587,6.582697201017812,1477,3.758269720101781,5.0,517.42,2,2018,FCBGA1515,Laptop,Other,0
Intel Xeon X5460 @ 3.16GHz,219.55,2586,11.778638123434297,1378,6.27647460715099,120.0,21.55,4,2009,LGA771,Server,Other,0
AMD FX-770K Quad-Core,81.6500015258789,2578,31.57378997945156,1413,17.305572242422443,65.0,39.66,2,2014,FM2+,Desktop,Other,1
AMD A8-5500 APU,58.95,2577,43.71501272264631,1334,22.629346904156062,65.0,39.65,2,2012,FM2,Desktop,Other,0
Intel Celeron G4930 @ 3.20GHz,107.41,2571,23.936318778512245,1999,18.610930080998045,54.0,47.61,2,2019,FCLGA1151-2,Desktop,FCLGA1151-2,0
AMD Athlon II X4 557,62.25,2567,41.23694779116466,1345,21.606425702811244,160.0,16.04,4,2021,AM3,Desktop,AM3,1
AMD FX-4100 Quad-Core,25.99,2565,98.69180454020778,1279,49.21123509041939,95.0,27.0,2,2011,AM3+,Desktop,Other,0
Intel Core i3-7020U @ 2.30GHz,281.0,2564,9.124555160142348,1324,4.711743772241993,15.0,170.95,2,2018,FCBGA1356,Laptop,Other,0
Intel Core i5-3610ME @ 2.70GHz,86.12000274658203,2553,29.644680893851046,1574,18.27682245472838,35.0,72.95,2,2012,BGA1023,Laptop,BGA1023,1
AMD Phenom II X4 965,74.02,2546,34.396109159686574,1357,18.332883004593356,125.0,20.37,4,2009,AM3,Desktop,AM3,0
AMD Phenom II X4 975,40.72,2544,62.475442043222,1417,34.79862475442043,125.0,20.35,4,2011,AM3,Unknown,AM3,0
AMD Phenom II X4 B99,132.99000549316406,2536,19.06910215241968,1377,10.354161539385608,95.0,26.7,4,2011,unknown,Unknown,unknown,1
Intel Core i7-4500U @ 1.80GHz,260.9599914550781,2529,9.691140721988198,1546,5.924279777063565,15.0,168.63,2,2013,BGA1168,Laptop,Other,1
Intel Xeon L5530 @ 2.40GHz,148.37,2522,16.998045426973107,1169,7.878951270472467,60.0,42.03,4,2011,LGA1366,Server,LGA1366,0
Intel Core i3-7102E @ 2.10GHz,225.0,2521,11.204444444444444,1292,5.742222222222222,25.0,100.85,2,2019,FCBGA1440,Laptop,FCBGA1440,0
Intel Core i5-4258U @ 2.40GHz,195.0500030517578,2518,12.909510179970784,1519,7.787746609759977,28.0,89.91,2,2013,FCBGA1168,Laptop,FCBGA1168,1
Intel Pentium G4500T @ 3.00GHz,132.5,2518,19.00377358490566,1845,13.924528301886792,35.0,71.95,2,2016,FCLGA1151,Desktop,FCLGA1151,1
AMD A10-9620P,329.0299987792969,2518,7.652797645630471,1279,3.8871835539163513,15.0,167.86,4,2017,unknown,Laptop,unknown,1
Intel Core i5-3230M @ 2.60GHz,99.99,2513,25.132513251325133,1556,15.561556155615563,35.0,71.8,2,2013,PGA988,Laptop,Other,0
Intel Core i5-4300U @ 1.90GHz,287.3500061035156,2512,8.741952137265908,1498,5.213154578672106,15.0,167.47,2,2013,FCBGA1168,Laptop,FCBGA1168,1
Intel Core i5-670 @ 3.47GHz,291.0,2511,8.628865979381443,1542,5.298969072164948,73.0,34.4,2,2010,LGA1156,Desktop,Other,0
Intel Core i5-5250U @ 1.60GHz,529.99,2504,4.724617445612181,1569,2.9604332157210513,15.0,166.93,2,2015,FCBGA1168,Laptop,FCBGA1168,0
Intel Core i5-5200U @ 2.20GHz,281.0,2502,8.90391459074733,1512,5.380782918149467,15.0,166.78,2,2014,FCBGA1168,Laptop,FCBGA1168,0
Intel Celeron N4120 @ 1.10GHz,148.94000244140625,2501,16.791996501973376,1103,7.40566659003464,6.0,416.85,4,2020,FCBGA1090,Laptop,Other,1
AMD Phenom II X4 B97,79.95,2498,31.244527829893684,1326,16.585365853658537,95.0,26.3,4,2010,AM2+/AM3,Desktop,Other,0
AMD Phenom II X4 850,64.99,2496,38.40590860132328,1350,20.772426527158025,95.0,26.27,4,2011,AM2+/AM3,Unknown,Other,0
Intel Core i5-750 @ 2.67GHz,200.0,2495,12.475,1242,6.21,95.0,26.27,4,2009,LGA1156,Desktop,Other,0
Intel Xeon L7455 @ 2.13GHz,56.02000045776367,2494,44.51981398822646,601,10.728311229720973,65.0,38.36,6,2014,PGA604,Server,Other,1
AMD 3020e,259.0,2492,9.621621621621621,1429,5.517374517374518,6.0,415.31,2,2020,unknown,Laptop,unknown,1
Intel Core i5-4310U @ 2.00GHz,285.9700012207031,2490,8.707207012522591,1490,5.21033672636894,15.0,166.03,2,2014,FCBGA1168,Laptop,FCBGA1168,1
Intel Xeon E5472 @ 3.00GHz,20.04,2490,124.25149700598803,1302,64.97005988023952,80.0,31.12,4,2009,LGA771,Server,Other,0
Intel Xeon E5450 @ 3.00GHz,36.99,2486,67.20735333874019,1294,34.98242768315761,80.0,31.08,4,2009,LGA771,Server,Other,0
Intel Celeron G5920 @ 3.50GHz,61.99,2482,40.038715921922886,2151,34.69914502339087,58.0,42.79,2,2020,FCLGA1200,Desktop,FCLGA1200,0
AMD FX-7600P,161.32000732421875,2481,15.379369497632863,1208,7.488221827142483,35.0,70.88,4,2015,FP3,Laptop,Other,1
Intel Core i3-3245 @ 3.40GHz,149.0,2480,16.644295302013422,1835,12.315436241610739,55.0,45.09,2,2013,LGA1155,Desktop,LGA1155,0
AMD Opteron 8439 SE,52.0,2479,47.67307692307692,590,11.346153846153847,105.0,23.61,6,2013,F (1207),Server,Other,0
Intel Xeon E5520 @ 2.27GHz,72.61,2479,34.14130285084699,1056,14.543451315245834,80.0,30.98,4,2009,LGA1366,Server,LGA1366,0
Intel Core i5-661 @ 3.33GHz,200.19,2462,12.29831659923073,1455,7.268095309456017,87.0,28.3,2,2010,LGA1156,Desktop,Other,0
Intel Xeon D-1602 @ 2.50GHz,106.0,2459,23.19811320754717,1435,13.537735849056604,27.0,91.07,2,2020,FCBGA1667,Server,Other,0
Intel Core2 Extreme X9650 @ 3.00GHz,859.99,2455,2.8546843567948463,1288,1.4976918336259724,130.0,18.89,4,2008,LGA775,Desktop,LGA775,0
Intel Celeron N4100 @ 1.10GHz,107.0,2451,22.906542056074766,1009,9.429906542056075,6.0,408.48,4,2018,FCBGA1090,Laptop,Other,0
Intel Core i5-3210M @ 2.50GHz,52.02,2449,47.07804690503652,1534,29.48865820838139,35.0,69.98,2,2012,PGA988B,Laptop,Other,0
Intel Celeron G4900 @ 3.10GHz,105.95,2448,23.105238319962247,1914,18.065125058990088,54.0,45.34,2,2018,FCLGA1151-2,Desktop,FCLGA1151-2,0
Intel Core i3-4100M @ 2.50GHz,218.57,2447,11.195498009790914,1366,6.24971405041863,37.0,66.15,2,2014,FCPGA946,Laptop,Other,0
Intel Core i7-4610Y @ 1.70GHz,205.72999572753906,2446,11.889369808957703,1583,7.694551270474261,11.5,212.67,2,2013,BGA1168,Desktop,Other,1
Intel Xeon X3370 @ 3.00GHz,40.0,2446,61.15,1311,32.775,95.0,25.75,4,2009,LGA775,Server,LGA775,0
AMD Athlon II X4 650,166.6,2440,14.645858343337336,1329,7.977190876350541,95.0,25.69,4,2011,unknown,Unknown,unknown,0
Intel Core i7-2640M @ 2.80GHz,125.05,2439,19.504198320671733,1490,11.915233906437425,35.0,69.68,2,2011,BGA1023,Laptop,BGA1023,0
Snapdragon 850 @ 2.96 GHz,139.32000732421875,2437,17.49210358802761,1382,9.919609010526942,5.0,487.35,8,2021,unknown,Unknown,unknown,1
AMD Phenom II X4 955,176.18,2432,13.804064025428538,1304,7.401521171529118,125.0,19.46,4,2009,AM3,Desktop,AM3,0
Intel Pentium G3470 @ 3.60GHz,64.88,2428,37.422934648582,2089,32.19790382244143,53.0,45.82,2,2015,LGA1150,Desktop,LGA1150,0
Intel Core i7-2620M @ 2.70GHz,135.37,2427,17.928640023638916,1470,10.859126837556326,35.0,69.34,2,2011,BGA1023,Laptop,BGA1023,0
Intel Core i7-860S @ 2.53GHz,160.0,2424,15.15,1314,8.2125,82.0,29.56,4,2011,LGA1156,Desktop,Other,0
AMD A12-9700P,296.70001220703125,2422,8.163127402603466,1188,4.004044324646126,15.0,161.46,4,2016,FP4,Laptop,Other,1
Intel Core i7-4650U @ 1.70GHz,245.27000427246094,2421,9.870754506574741,1550,6.31956608227627,15.0,161.41,2,2013,BGA1168,Laptop,Other,1
Intel Core i7-3667U @ 2.00GHz,228.11000061035156,2418,10.600149022533788,1518,6.654684125809053,17.0,142.26,2,2012,BGA1023,Laptop,BGA1023,1
Intel Core2 Quad Q9650 @ 3.00GHz,54.99,2411,43.84433533369703,1292,23.495180941989453,95.0,25.38,4,2008,LGA775,Desktop,LGA775,0
Intel Core i7-3537U @ 2.00GHz,226.89999389648438,2406,10.60379050119172,1496,6.593213046460021,17.0,141.5,2,2013,BGA1023,Laptop,BGA1023,1
Intel Celeron G4920 @ 3.20GHz,212.73,2406,11.310111408828092,1965,9.237061063319702,54.0,44.56,2,2018,FCLGA1151-2,Desktop,FCLGA1151-2,0
Intel Atom C3558 @ 2.20GHz,86.0,2405,27.96511627906977,849,9.872093023255815,16.0,150.3,4,2017,FCBGA1310,Server,Other,0
Intel Celeron G4900T @ 2.90GHz,77.95,2403,30.82745349583066,1789,22.95060936497755,35.0,68.65,2,2018,FCLGA1151-2,Desktop,FCLGA1151-2,0
Intel Core i3-3250 @ 3.50GHz,82.9,2401,28.96260554885404,1830,22.074788902291917,55.0,43.65,2,2013,LGA1155,Desktop,LGA1155,0
Intel Xeon X5450 @ 3.00GHz,49.96,2400,48.03843074459567,1267,25.360288230584466,120.0,20.0,4,2009,LGA771,Server,Other,0
AMD PRO A12-8830B,250.05999755859375,2392,9.565704324377231,1192,4.766856001111061,15.0,159.44,4,2017,BGA (FP4),Laptop,Other,1
AMD PRO A10-8730B,297.0199890136719,2388,8.039862932895334,1226,4.127668323169883,15.0,159.21,4,2016,FP4,Laptop,Other,1
AMD PRO A8-9600B,234.25999450683594,2388,10.193801997764137,1310,5.5920773103312476,15.0,159.18,4,2017,FP4,Laptop,Other,1
AMD Opteron 4170 HE,39.99,2382,59.5648912228057,476,11.902975743935983,65.0,36.65,6,2010,C32,Server,Other,0
Intel Core m7-6Y75 @ 1.20GHz,329.8800048828125,2380,7.214744648877637,1433,4.344003815899854,7.0,339.96,2,2015,FCBGA1515,Laptop,Other,1
AMD Phenom II X4 977,122.36000061035156,2377,19.426283002150523,1368,11.180124167834208,95.0,25.02,4,2012,unknown,Unknown,unknown,1
Intel Core m5-6Y57 @ 1.10GHz,319.0199890136719,2374,7.441539971648172,1367,4.284997953345852,7.0,339.15,2,2015,FCBGA1515,Laptop,Other,1
Intel Celeron G3950 @ 3.00GHz,143.0,2369,16.566433566433567,1811,12.664335664335665,51.0,46.45,2,2017,FCLGA1151,Desktop,FCLGA1151,0
Intel Pentium J4205 @ 1.50GHz,198.4600067138672,2367,11.926836238661723,911,4.590345506303688,10.0,236.69,4,2016,FCBGA1296,Desktop,Other,1
Intel Celeron N4505 @ 2.00GHz,60.81999969482422,2367,38.918119235068524,1537,25.271292464850156,10.0,236.75,2,2022,FCBGA1338,Mobile/Embedded,Other,1
Intel Core i5-2390T @ 2.70GHz,99.9,2364,23.663663663663662,1394,13.953953953953953,35.0,67.53,2,2011,LGA1155,Desktop,LGA1155,0
Intel Pentium 6405U @ 2.40GHz,161.0,2363,14.677018633540373,1417,8.801242236024844,15.0,157.55,2,2020,FCBGA1528,Laptop,Other,0
Intel Xeon E5-2403 @ 1.80GHz,351.0,2363,6.732193732193732,829,2.3618233618233617,80.0,29.53,4,2012,LGA 1356,Server,Other,0
Intel Xeon E5-2603 @ 1.80GHz,71.96,2362,32.823790994997225,868,12.062256809338523,80.0,29.53,4,2012,LGA 2011,Server,Other,0
AMD Phenom II X4 840,24.28,2355,96.99341021416804,1309,53.91268533772652,95.0,24.79,4,2011,AM2+/AM3,Desktop,Other,0
Intel Core i7-4550U @ 1.50GHz,306.20001220703125,2354,7.687785454457749,1289,4.209666716565861,15.0,156.94,2,2014,BGA1168,Laptop,Other,1
Intel Core i5-660 @ 3.33GHz,69.0,2352,34.08695652173913,1435,20.797101449275363,73.0,32.21,2,2009,LGA1156,Desktop,Other,0
Intel Core i3-6102E @ 1.90GHz,225.0,2349,10.44,1068,4.746666666666667,25.0,93.96,2,2019,FCBGA1440,Laptop,FCBGA1440,0
AMD Opteron 4130,229.95,2347,10.206566644922809,1149,4.996738421395956,95.0,24.7,4,2016,F (1207),Server,Other,0
Intel Xeon E5440 @ 2.83GHz,37.99,2340,61.595156620163195,1240,32.64016846538563,80.0,29.26,4,2009,LGA771,Server,Other,0
AMD Athlon II X4 651 Quad-Core,149.95,2338,15.591863954651553,1296,8.642880960320108,100.0,23.38,4,2012,FM1,Unknown,Other,0
AMD A8-3870K APU,68.04,2336,34.33274544385655,1236,18.165784832451497,100.0,23.36,4,2011,FM1,Desktop,Other,0
Intel Core i5-4260U @ 1.40GHz,304.010009765625,2331,7.667510690839005,1477,4.858392659961051,15.0,155.42,2,2014,FCBGA1168,Laptop,FCBGA1168,1
Intel Xeon X5365 @ 3.00GHz,62.99,2331,37.00587394824575,1223,19.415780282584535,150.0,15.54,4,2009,LGA771,Server,Other,0
AMD Phenom II X4 B95,62.02,2329,37.55240245082231,1238,19.961302805546598,95.0,24.52,4,2010,AM3,Desktop,AM3,0
Intel Xeon E5606 @ 2.13GHz,217.0,2326,10.71889400921659,941,4.336405529953917,80.0,29.07,4,2011,LGA1366,Server,LGA1366,0
Intel Xeon X3360 @ 2.83GHz,39.99,2325,58.13953488372093,1241,31.032758189547387,95.0,24.47,4,2009,LGA775,Server,LGA775,0
Intel Pentium G4400T @ 2.90GHz,104.48999786376953,2312,22.12651973650441,1723,16.489616568337844,35.0,66.06,2,2015,FCLGA1151,Desktop,FCLGA1151,1
AMD A10-6700T APU,147.61,2311,15.65612085902039,1310,8.874737483910303,45.0,51.36,2,2014,FM2,Desktop,Other,0
Intel Celeron G3920 @ 2.90GHz,1018.0,2310,2.269155206286837,1740,1.7092337917485265,51.0,45.3,2,2016,FCLGA1151,Desktop,FCLGA1151,0
Intel Celeron G5905T @ 3.30GHz,42.0,2310,55.0,1996,47.523809523809526,35.0,66.01,2,2021,FCLGA1200,Desktop,FCLGA1200,0
Intel Xeon X3380 @ 3.16GHz,509.95,2308,4.525933915089714,1335,2.617903716050593,95.0,24.3,4,2009,LGA775,Server,LGA775,0
Intel Core i3-2140 @ 3.50GHz,82.63999938964844,2307,27.916263516925643,1535,18.574540311435136,65.0,35.49,2,2013,unknown,Unknown,unknown,1
Intel Core i5-4350U @ 1.40GHz,245.89999389648438,2305,9.373729390860934,1499,6.095974124468781,15.0,153.67,2,2013,BGA1168,Laptop,Other,1
AMD Phenom II X4 B70,97.54000091552734,2303,23.610826106045142,1209,12.394914790364123,65.0,35.43,4,2016,AM2+ (938-pin),Desktop,Other,1
AMD FX-9800P,351.17999267578125,2302,6.55504313460496,1150,3.27467402467233,15.0,153.48,4,2016,unknown,Laptop,unknown,1
Intel Core i5-4210U @ 1.70GHz,297.0,2300,7.744107744107744,1379,4.643097643097643,15.0,153.31,2,2014,FCBGA1168,Laptop,FCBGA1168,1
AMD Athlon II X4 645,28.85,2298,79.6533795493934,1264,43.81282495667244,95.0,24.19,4,2010,AM3,Desktop,AM3,0
Intel Core i5-2540M @ 2.60GHz,47.0,2297,48.87234042553192,1380,29.361702127659573,35.0,65.62,2,2010,BGA1023,Laptop,BGA1023,0
Intel Core i5-3437U @ 1.90GHz,216.8300018310547,2293,10.57510483160266,1399,6.4520591624126125,17.0,134.9,2,2013,BGA1023,Laptop,BGA1023,1
Intel Core2 Quad Q9550 @ 2.83GHz,32.95,2291,69.52959028831562,1223,37.116843702579665,95.0,24.11,4,2008,LGA775,Desktop,LGA775,0
Intel Core i3-3240 @ 3.40GHz,42.17,2287,54.23286696703818,1805,42.802940479013515,55.0,41.57,2,2012,LGA1155,Desktop,LGA1155,0
Intel Pentium 5405U @ 2.30GHz,161.0,2286,14.198757763975156,1340,8.322981366459627,15.0,152.37,2,2019,FCBGA1528,Laptop,Other,0
Intel Pentium 1403 v2 @ 2.60GHz,122.16000366210938,2284,18.696790533155763,1391,11.38670561804714,80.0,28.55,2,2018,unknown,Server,unknown,1
AMD Opteron 3260 HE,82.41999816894531,2283,27.699588094145362,900,10.919679931988973,45.0,50.73,2,2012,AM3+,Server,Other,1
Intel Xeon X3363 @ 2.83GHz,87.6,2283,26.06164383561644,1240,14.155251141552512,80.0,28.54,4,2013,LGA771,Server,Other,0
Intel Xeon E3-1220L V2 @ 2.30GHz,154.74000549316406,2278,14.72146774675302,1344,8.685536721525926,17.0,134.02,2,2014,LGA1155,Server,LGA1155,1
Intel Pentium 4417U @ 2.30GHz,161.0,2276,14.136645962732919,1327,8.24223602484472,15.0,151.7,2,2019,FCBGA1356,Laptop,Other,0
Intel Core i3-6006U @ 2.00GHz,387.4599914550781,2275,5.871573969370105,1165,3.0067620546444713,15.0,151.69,2,2016,FCBGA1356,Laptop,Other,1
Intel Xeon L3360 @ 2.83GHz,89.23,2273,25.47349546116777,1226,13.739773618738091,65.0,34.97,4,2012,LGA775,Server,LGA775,0
Intel Celeron G3930 @ 2.90GHz,179.88,2270,12.619524127195909,1794,9.973315543695797,51.0,44.51,2,2017,FCLGA1151,Desktop,FCLGA1151,0
AMD Phenom II X4 840T,58.02,2269,39.10720441227163,1274,21.95794553602206,95.0,23.88,4,2010,AM2+/AM3,Unknown,Other,0
Intel Core i5-3427U @ 1.80GHz,420.05,2269,5.401737888346625,1369,3.259135817164623,17.0,133.46,2,2012,BGA1023,Laptop,BGA1023,0
Intel Core2 Extreme Q6850 @ 3.00GHz,1495.95,2268,1.5160934523212675,1230,0.8222199939837561,130.0,17.44,4,2008,LGA775,Desktop,LGA775,0
Intel Core2 Extreme Q6800 @ 2.93GHz,1125.0,2267,2.015111111111111,1202,1.0684444444444445,75.0,30.23,4,2008,LGA775,Desktop,LGA775,0
AMD PRO A10-8700B,364.5199890136719,2262,6.205421014415647,1140,3.12740051124396,15.0,150.79,2,2015,BGA (FP4),Laptop,Other,1
AMD Phenom II X4 945,27.5,2261,82.21818181818182,1226,44.58181818181818,125.0,18.09,4,2009,AM3,Desktop,AM3,0
Intel Xeon L5430 @ 2.66GHz,227.0,2260,9.955947136563877,1154,5.083700440528634,50.0,45.21,4,2014,LGA771,Server,Other,0
Intel Core i3-4330TE @ 2.40GHz,99.94999694824219,2255,22.561281329180257,1397,13.976988921004354,35.0,64.44,2,2014,LGA1150,Desktop,LGA1150,1
Intel Xeon X3430 @ 2.40GHz,71.91,2253,31.330830204422195,991,13.78111528299263,95.0,23.71,4,2009,LGA1156,Server,Other,0
Intel Core i7-940XM @ 2.13GHz,114.95999908447266,2252,19.589422563801776,1223,10.638483035315085,55.0,40.95,4,2010,PGA988,Laptop,Other,1
Intel Core i5-2520M @ 2.50GHz,42.1,2252,53.4916864608076,1375,32.6603325415677,35.0,64.35,2,2011,PGA988B,Laptop,Other,0
AMD A10-8700P,157.3800048828125,2246,14.271190305734233,1141,7.249968004827586,35.0,64.16,2,2015,FP4,Laptop,Other,1
AMD A8-3850 APU,68.02,2244,32.990296971478976,1207,17.74478094678036,100.0,22.44,4,2011,FM1,Desktop,Other,0
AMD A8-8600P,346.42999267578125,2240,6.465952854423846,1103,3.183904463584599,15.0,149.33,2,2015,FP4,Laptop,Other,1
Intel Celeron J3455 @ 1.50GHz,349.0,2237,6.409742120343839,806,2.30945558739255,10.0,223.66,4,2016,FCBGA1296,Desktop,Other,0
Intel Xeon X3353 @ 2.66GHz,73.5,2229,30.3265306122449,1173,15.959183673469388,80.0,27.87,4,2014,LGA775,Server,LGA775,0
AMD Phenom II X4 940,870.0,2228,2.560919540229885,1210,1.3908045977011494,125.0,17.83,4,2009,AM2+,Desktop,Other,0
Intel Core i3-5020U @ 2.20GHz,459.0,2226,4.849673202614379,1279,2.786492374727669,15.0,148.41,2,2015,FCBGA1168,Laptop,FCBGA1168,0
Intel Core i3-3225 @ 3.30GHz,200.0,2222,11.11,1688,8.44,55.0,40.4,2,2012,LGA1155,Desktop,LGA1155,0
Intel Celeron G3930TE @ 2.70GHz,42.0,2218,52.80952380952381,1706,40.61904761904762,35.0,63.38,2,2019,FCLGA1151,Desktop,FCLGA1151,0
AMD A10-9600P,285.07000732421875,2218,7.780544929363269,1064,3.732416503535851,15.0,147.88,4,2016,FP4,Laptop,Other,1
Intel Xeon X5472 @ 3.00GHz,225.0,2218,9.857777777777779,1259,5.595555555555555,120.0,18.48,4,2009,LGA771,Server,Other,0
Intel Core i5-650 @ 3.20GHz,33.98,2215,65.18540317834021,1386,40.78869923484403,73.0,30.34,2,2010,LGA1156,Desktop,Other,0
Intel Celeron G3900 @ 2.80GHz,77.95,2212,28.377164849262346,1718,22.039769082745348,51.0,43.38,2,2016,FCLGA1151,Desktop,FCLGA1151,0
Intel Core i5-4200U @ 1.60GHz,243.22000122070312,2211,9.090535272194536,1329,5.464188772838779,15.0,147.4,2,2013,BGA1168,Laptop,Other,1
Intel Xeon E5430 @ 2.66GHz,229.95,2210,9.610784953250707,1156,5.02717982170037,80.0,27.63,4,2009,LGA771,Server,Other,0
Intel Celeron G4930T @ 3.00GHz,42.0,2209,52.595238095238095,1742,41.476190476190474,35.0,63.12,2,2020,FCLGA1151,Desktop,FCLGA1151,0
Intel Celeron N6211 @ 1.20GHz,54.0,2207,40.870370370370374,1582,29.296296296296298,6.5,339.59,2,2021,FCBGA1493,Mobile/Embedded,Other,0
Intel Core i3-3220 @ 3.30GHz,39.94,2203,55.15773660490736,1725,43.189784677015524,55.0,40.05,2,2012,LGA1155,Desktop,LGA1155,0
Intel Pentium 4415U @ 2.30GHz,243.55999755859375,2202,9.040893504978214,1270,5.2143209588203145,15.0,146.77,2,2017,BGA1356,Laptop,Other,1
AMD Phenom II X4 960T,28.88,2196,76.0387811634349,1290,44.66759002770083,95.0,23.12,4,2011,AM3,Desktop,AM3,0
Intel Core i5-4250U @ 1.30GHz,349.0,2196,6.292263610315186,1359,3.8939828080229226,15.0,146.37,2,2013,BGA1168,Laptop,Other,0
Intel Core2 Quad Q9500 @ 2.83GHz,49.01,2192,44.725566210977355,1217,24.83166700673332,95.0,23.08,4,2010,LGA775,Desktop,LGA775,0
Intel Core M-5Y51 @ 1.10GHz,264.6199951171875,2191,8.279797598173605,1407,5.3170585215108455,4.5,486.85,2,2015,FCBGA1234,Laptop,Other,1
Intel Pentium G4400TE @ 2.40GHz,64.0,2190,34.21875,1481,23.140625,35.0,62.58,2,2018,FCLGA1151,Laptop,FCLGA1151,0
AMD Athlon II X4 638 Quad-Core,62.85,2183,34.73349244232299,1165,18.536197295147176,65.0,33.58,4,2015,FM1,Desktop,Other,0
Intel Atom C2750 @ 2.41GHz,121.63999938964844,2174,17.872410480996823,291,2.392305174779244,20.0,108.7,8,2015,BGA 1283,Server,Other,1
AMD Phenom II X4 925,21.0,2173,103.47619047619048,1156,55.04761904761905,95.0,22.87,4,2009,AM3,Desktop,AM3,0
AMD Athlon II X4 640,19.99,2171,108.60430215107554,1203,60.18009004502252,95.0,22.85,4,2010,AM3,Desktop,AM3,0
Intel Core i5-8200Y @ 1.30GHz,291.0,2169,7.453608247422681,1582,5.436426116838488,5.0,433.81,2,2018,FCBGA1515,Laptop,Other,0
Intel Core i3-5010U @ 2.10GHz,299.86,2166,7.223370906422997,1241,4.138598012405789,15.0,144.37,2,2015,FCBGA1168,Laptop,FCBGA1168,0
AMD A8-3820 APU,44.95,2165,48.16462736373748,1144,25.450500556173523,65.0,33.3,4,2012,FM1,Desktop,Other,0
Intel Pentium G3460 @ 3.50GHz,65.41,2165,33.098914539061305,1954,29.873108087448404,53.0,40.84,2,2014,LGA1150,Desktop,LGA1150,0
Intel Xeon L5520 @ 2.27GHz,49.0,2163,44.142857142857146,969,19.775510204081634,60.0,36.04,4,2010,LGA1366,Server,LGA1366,0
Intel Core m5-6Y54 @ 1.10GHz,291.3999938964844,2162,7.419354994111699,1213,4.162663093366092,7.0,308.87,2,2015,FCBGA1515,Laptop,Other,1
AMD PRO A8-8600B,265.3800048828125,2160,8.139271837581814,1096,4.129926821291513,15.0,144.03,4,2015,BGA (FP4),Laptop,Other,1
Intel Xeon X3350 @ 2.66GHz,59.99,2158,35.97266211035173,1156,19.269878313052175,95.0,22.71,4,2008,LGA775,Server,LGA775,0
AMD Athlon II X4 641 Quad-Core,12.33,2143,173.8037307380373,1192,96.67477696674777,100.0,21.43,4,2012,FM1,Desktop,Other,0
Intel Core i7-3517UE @ 1.70GHz,235.0800018310547,2141,9.107537788512849,1205,5.1259145423437555,17.0,125.92,2,2012,BGA1023,Laptop,BGA1023,1
Intel Pentium N4200 @ 1.10GHz,228.71,2140,9.356827423374579,857,3.7471033186130907,6.0,356.7,4,2016,FCBGA1296,Laptop,Other,0
AMD A10-7400P,122.5999984741211,2140,17.455138879563037,1070,8.727569439781519,35.0,61.15,4,2014,FP3,Laptop,Other,1
Intel Celeron J3455E @ 1.50GHz,108.55999755859375,2139,19.703390273618094,837,7.710022280980993,10.0,213.89,4,2020,FCBGA1296,Desktop,Other,1
AMD A8-7200P,129.25,2135,16.5183752417795,1092,8.448742746615087,35.0,60.99,4,2015,FP3,Laptop,Other,1
Intel Pentium G3440 @ 3.30GHz,59.0,2129,36.08474576271186,1895,32.11864406779661,53.0,40.18,2,2014,LGA1150,Desktop,LGA1150,0
Intel Pentium G3430 @ 3.30GHz,57.99,2125,36.644249008449734,1915,33.02293498879117,54.0,39.34,2,2013,FCLGA1150,Desktop,Other,0
AMD Athlon X4 640,65.93000030517578,2115,32.079478086002126,1224,18.56514476466506,95.0,22.26,4,2010,unknown,Unknown,unknown,1
Intel Core i3-3210 @ 3.20GHz,70.0,2112,30.17142857142857,1695,24.214285714285715,55.0,38.4,2,2013,LGA1155,Desktop,LGA1155,0
Intel Celeron G3930T @ 2.70GHz,97.17,2109,21.704229700524852,1650,16.980549552330967,35.0,60.26,2,2018,FCLGA1151,Desktop,FCLGA1151,0
Intel Core2 Quad Q9450 @ 2.66GHz,35.7,2109,59.07563025210084,1126,31.540616246498598,95.0,22.2,4,2008,LGA775,Desktop,LGA775,0
AMD Athlon II X4 635,19.97,2108,105.55833750625939,1141,57.135703555333,95.0,22.19,4,2010,AM3,Desktop,AM3,0
Intel Pentium G3440T @ 2.80GHz,96.73999786376953,2107,21.780029424510673,1615,16.694232330605,35.0,60.19,2,2014,LGA1150,Desktop,LGA1150,1
AMD 3015Ce,61.06999969482422,2105,34.46864271359088,1343,21.991157797792184,6.0,350.9,2,2021,FT5,Mobile/Embedded,Other,1
AMD Phenom II X4 B93,26.690000534057617,2104,78.83102127762055,1141,42.75009281262598,95.0,22.15,4,2010,AM3,Desktop,AM3,1
AMD Phenom II X4 820,69.95,2103,30.06433166547534,1138,16.268763402430306,95.0,22.14,4,2009,AM3,Desktop,AM3,0
Intel Atom E3950 @ 1.60GHz,289.8500061035156,2101,7.248576697457992,740,2.5530446245211396,12.0,175.05,4,2016,BGA1296,Laptop,Other,1
Intel Core M-5Y31 @ 0.90GHz,256.25,2095,8.175609756097561,1345,5.248780487804878,4.5,465.51,2,2015,FCBGA1234,Laptop,Other,1
Intel Core i5-2415M @ 2.30GHz,53.11000061035156,2094,39.427602634820204,1266,23.837318498415655,35.0,59.83,2,2011,BGA1023,Desktop,BGA1023,1
AMD Athlon II X4 630,48.04,2093,43.56786011656953,1138,23.688592839300583,95.0,22.04,4,2009,AM3,Desktop,AM3,0
Intel Core i3-2125 @ 3.30GHz,152.0,2093,13.769736842105264,1550,10.197368421052632,65.0,32.19,2,2011,LGA1155,Desktop,LGA1155,0
Intel Pentium G2140 @ 3.30GHz,45.0,2092,46.48888888888889,1842,40.93333333333333,55.0,38.03,2,2014,LGA1155,Desktop,LGA1155,0
Intel Pentium G3258 @ 3.20GHz,32.66,2091,64.0232700551133,1863,57.04225352112677,53.0,39.45,2,2014,FCLGA1150,Desktop,Other,0
Intel Pentium G3450 @ 3.40GHz,57.97,2091,36.070381231671554,1836,31.671554252199414,53.0,39.44,2,2014,FCLGA1150,Desktop,Other,0
Intel Core i7-3517U @ 1.90GHz,226.4499969482422,2089,9.224994604338482,1299,5.736365720936184,17.0,122.89,2,2012,BGA1023,Laptop,BGA1023,1
Intel Core i5-2435M @ 2.40GHz,74.68000030517578,2085,27.919121471341192,1300,17.40760571354607,35.0,59.57,2,2011,BGA1023,Laptop,BGA1023,1
Intel Pentium 4405U @ 2.10GHz,313.3299865722656,2085,6.654326395022906,1211,3.8649348989797314,15.0,139.01,2,2015,FCBGA1356,Laptop,Other,1
AMD Athlon II X4 631 Quad-Core,9.96,2085,209.33734939759034,1118,112.24899598393573,100.0,20.85,4,2011,FM1,Desktop,Other,0
Intel Celeron G3900T @ 2.60GHz,112.46,2085,18.539925306775743,1549,13.773786235105817,35.0,59.58,2,2016,unknown,Desktop,unknown,0
AMD Opteron 1389,88.76000213623047,2079,23.422712370028034,1102,12.415502179783978,75.0,27.72,4,2014,AM2,Server,AM2,1
AMD Athlon II X4 655,49.77000045776367,2078,41.75205908956046,1473,29.59614198215715,95.0,21.87,4,2014,AM2+ (940-pin),Unknown,Other,1
AMD Opteron 2384,1299.0,2074,1.596612779060816,1074,0.8267898383371824,75.0,27.66,4,2009,F (1207),Server,Other,0
Intel Core M-5Y71 @ 1.20GHz,281.0,2069,7.362989323843417,1334,4.747330960854092,4.5,459.8,2,2015,FCBGA1234,Laptop,Other,0
Intel Core2 Quad Q9400 @ 2.66GHz,38.01,2068,54.4067350697185,1141,30.018416206261513,95.0,21.77,4,2008,LGA775,Desktop,LGA775,0
Intel Core i5-3337U @ 1.80GHz,225.0,2067,9.186666666666667,1281,5.693333333333333,17.0,121.57,2,2013,BGA1023,Laptop,BGA1023,0
Intel Xeon E5462 @ 2.80GHz,226.0,2067,9.146017699115044,1130,5.0,80.0,25.84,4,2009,LGA771,Server,Other,0
Intel Core2 Quad Q6700 @ 2.66GHz,99.95,2062,20.63031515757879,1077,10.775387693846923,105.0,19.64,4,2008,LGA775,Desktop,LGA775,0
AMD Opteron 3250 HE,99.0,2061,20.818181818181817,1003,10.131313131313131,45.0,45.8,2,2019,AM3+,Server,Other,0
Intel Core i5-2450M @ 2.50GHz,74.02,2060,27.83031613077547,1275,17.2250743042421,35.0,58.85,2,2011,BGA1023,Laptop,BGA1023,0
AMD Opteron 4162 EE,19.99,2058,102.95147573786895,382,19.109554777388695,35.0,58.81,6,2015,F (1207),Server,Other,0
Intel Atom C2758 @ 2.40GHz,214.86,2056,9.569021688541374,333,1.5498464116168666,20.0,102.78,8,2015,BGA 1283,"Laptop, Mobile/Embedded",Other,0
AMD A6-3670 APU,176.59,2055,11.637125545047851,1129,6.393340506257433,100.0,20.55,4,2012,FM1,Desktop,Other,0
Intel Xeon X3230 @ 2.66GHz,349.95,2052,5.863694813544792,1091,3.1175882268895556,95.0,21.6,4,2009,LGA775,Server,LGA775,0
Intel Xeon L5420 @ 2.50GHz,27.5,2051,74.58181818181818,1103,40.10909090909091,50.0,41.02,4,2009,LGA771,Server,Other,0
Intel Xeon E3-1220L @ 2.20GHz,151.30999755859375,2050,13.548344677000948,1421,9.391315993179681,20.0,102.51,2,2011,LGA1155,Server,LGA1155,1
Intel Pentium G3260 @ 3.30GHz,59.97,2049,34.167083541770886,1867,31.132232783058196,53.0,38.65,2,2015,LGA1150,Desktop,LGA1150,0
AMD Phenom II X4 910e,69.9,2044,29.241773962804004,1076,15.393419170243204,65.0,31.44,4,2010,AM3,Desktop,AM3,0
Intel Core i7-640M @ 2.80GHz,229.95,2042,8.880191345944771,1385,6.023048488801914,35.0,58.34,2,2010,BGA1288,Laptop,Other,0
Intel Core m3-6Y30 @ 0.90GHz,281.0,2041,7.263345195729538,1229,4.3736654804270465,4.5,453.53,2,2015,FCBGA1515,Laptop,Other,0
AMD A6-3650 APU,128.0,2037,15.9140625,1096,8.5625,100.0,20.37,4,2011,FM1,Desktop,Other,0
Intel Core2 Quad Q8400 @ 2.66GHz,128.88,2036,15.79764121663563,1154,8.954065797641217,95.0,21.44,4,2009,LGA775,Desktop,LGA775,0
Intel Celeron G3900E @ 2.40GHz,107.0,2034,19.009345794392523,1499,14.009345794392523,35.0,58.12,2,2017,FCBGA1440,Laptop,FCBGA1440,0
Intel Core i3-2102 @ 3.10GHz,58.0,2029,34.98275862068966,1400,24.137931034482758,65.0,31.21,2,2016,FCLGA1155,Desktop,Other,0
Intel Xeon E7- 2830 @ 2.13GHz,1779.0,2027,1.1394041596402473,559,0.31422147273749296,105.0,19.31,4,2018,LGA1567,Server,Other,0
AMD Phenom II X4 830,19.01,2022,106.36507101525513,1083,56.9700157811678,95.0,21.29,4,2010,AM2+/AM3,Unknown,Other,0
Intel Core i7-920XM @ 2.00GHz,398.95,2021,5.065797719012408,1016,2.5466850482516605,55.0,36.75,4,2009,PGA988B,Laptop,Other,0
Intel Core2 Quad Q9505 @ 2.83GHz,190.0,2020,10.631578947368421,1190,6.2631578947368425,95.0,21.26,4,2009,LGA775,Desktop,LGA775,0
Intel Core i3-5005U @ 2.00GHz,308.0,2018,6.5519480519480515,1150,3.7337662337662336,15.0,134.54,2,2015,FCBGA1168,Laptop,FCBGA1168,0
Intel Core i5-655K @ 3.20GHz,77.99,2017,25.862290037184255,1446,18.540838569047313,73.0,27.63,2,2010,LGA1156,Desktop,Other,0
Intel Pentium G3450T @ 2.90GHz,98.44999694824219,2016,20.477400330036225,1135,11.528695126285276,35.0,57.59,2,2015,LGA1150,Desktop,LGA1150,1
Intel Core i3-3240T @ 2.90GHz,72.44000244140625,2013,27.788513696258267,1540,21.25897222664567,35.0,57.5,2,2012,LGA1155,Desktop,LGA1155,1
Intel Core i5-2430M @ 2.40GHz,73.02,2007,27.485620377978638,1244,17.036428375787455,35.0,57.33,2,2011,PGA988B,Laptop,Other,0
Intel Core i7-2655LE @ 2.20GHz,107.93000030517578,1999,18.521263729711468,1231,11.405540595935378,25.0,79.95,2,2011,BGA1023,Desktop,BGA1023,1
Intel Core i7-620M @ 2.67GHz,112.87,1999,17.71064055993621,1285,11.384778949233631,35.0,57.13,2,2010,BGA1288,Laptop,Other,0
AMD Opteron 2427,55.0,1995,36.27272727272727,386,7.0181818181818185,75.0,26.6,6,2011,F (1207),Server,Other,0
Intel Core i7-2677M @ 1.80GHz,250.38999938964844,1993,7.95958306984362,1240,4.952274463926788,17.0,117.26,2,2011,BGA1023,Laptop,BGA1023,1
Intel Pentium G3420 @ 3.20GHz,49.95,1990,39.83983983983984,1805,36.13613613613614,54.0,36.86,2,2013,FCLGA1150,Desktop,Other,0
AMD Athlon X4 750 Quad Core,94.75,1986,20.96042216358839,1338,14.121372031662268,65.0,30.55,4,2015,FM2,Desktop,Other,0
Intel Core i3-2130 @ 3.40GHz,67.15,1986,29.575577066269542,1557,23.18689501116902,65.0,30.55,2,2011,LGA1155,Desktop,LGA1155,0
Intel Xeon X3320 @ 2.50GHz,229.5,1986,8.65359477124183,1097,4.77995642701525,95.0,20.9,4,2009,LGA775,Server,LGA775,0
AMD A10-5757M APU,117.16000366210938,1985,16.942642010534243,1107,9.448616980182068,35.0,56.73,4,2013,FP2,Laptop,Other,1
Intel Xeon X5355 @ 2.66GHz,299.95,1979,6.597766294382398,1060,3.5339223203867314,120.0,16.49,4,2009,LGA771,Server,Other,0
Intel Core i3-4025U @ 1.90GHz,286.05999755859375,1974,6.900650272136232,1100,3.8453471627912137,15.0,131.6,2,2014,FCBGA1168,Laptop,FCBGA1168,1
Intel Core i5-3317U @ 1.70GHz,225.0,1972,8.764444444444445,1235,5.488888888888889,17.0,116.03,2,2012,BGA1023,Laptop,BGA1023,0
AMD Athlon II X4 615e,59.0,1967,33.33898305084746,1037,17.576271186440678,45.0,43.71,4,2010,AM3,Desktop,AM3,0
Intel Core i7-3689Y @ 1.50GHz,249.38999938964844,1967,7.887244896804171,1209,4.847828713897429,13.0,151.29,2,2013,FCBGA1023,Laptop,Other,1
Intel Core2 Quad Q9300 @ 2.50GHz,68.02,1962,28.844457512496327,1087,15.980593942957954,95.0,20.65,4,2008,LGA775,Desktop,LGA775,0
Intel Atom E3940 @ 1.60GHz,136.63999938964844,1960,14.34426235915576,676,4.947306813668007,9.5,206.32,4,2018,unknown,Laptop,unknown,1
AMD Athlon II X4 605e,19.97,1957,97.99699549323987,1005,50.325488232348526,45.0,43.49,4,2009,AM3,Desktop,AM3,0
Intel Core i5-2410M @ 2.30GHz,42.12,1954,46.39126305792973,1224,29.059829059829063,35.0,55.82,2,2010,"FCBGA1023, PPG",Laptop,Other,0
Intel Core i3-3220T @ 2.80GHz,39.99,1949,48.73718429607402,1506,37.65941485371343,35.0,55.7,2,2012,LGA1155,Desktop,LGA1155,0
Intel Core i3-4120U @ 2.00GHz,317.7699890136719,1948,6.1302201823602305,1177,3.703936937699174,15.0,129.84,2,2016,FCBGA1168,Laptop,FCBGA1168,1
Intel Xeon E5506 @ 2.13GHz,90.0,1946,21.622222222222224,941,10.455555555555556,80.0,24.33,4,2009,LGA1366,Server,LGA1366,0
AMD Phenom 9850B Quad-Core,77.5,1946,25.10967741935484,992,12.8,95.0,20.48,4,2010,unknown,Unknown,unknown,1
Intel Core i3-5015U @ 2.10GHz,292.1400146484375,1939,6.637228393150457,1071,3.666050339898989,15.0,129.29,2,2015,FCBGA1168,Laptop,FCBGA1168,1
AMD A8-3800 APU,109.95,1939,17.635288767621645,1064,9.67712596634834,65.0,29.83,4,2011,FM1,Desktop,Other,0
Intel Celeron N3450 @ 1.10GHz,185.08,1938,10.471147611843527,763,4.122541603630862,6.0,322.98,4,2016,FCBGA1296,Laptop,Other,0
AMD Athlon X4 730,79.80000305175781,1936,24.260650701282827,562,7.042606246963301,65.0,29.78,2,2022,FM2,Desktop,Other,1
Intel Xeon X6550 @ 2.00GHz,79.0,1936,24.50632911392405,390,4.936708860759493,130.0,14.89,4,2013,LGA1567,Server,Other,0
Intel Xeon E5603 @ 1.60GHz,95.19,1935,20.327765521588404,712,7.479777287530203,80.0,24.18,4,2011,LGA1366,Server,LGA1366,0
AMD Athlon II X4 620,54.95,1934,35.19563239308462,1054,19.181073703366696,95.0,20.36,4,2009,AM3,Desktop,AM3,0
AMD A6-7480,37.42,1931,51.60342063067878,1638,43.77338321753073,65.0,29.71,2,2019,FM2+,Desktop,Other,0
Intel Xeon E5420 @ 2.50GHz,249.95,1931,7.725545109021804,1048,4.192838567713543,80.0,24.14,4,2009,LGA771,Server,Other,0
Intel Pentium G3250 @ 3.20GHz,75.0,1928,25.706666666666667,1811,24.14666666666667,53.0,36.37,2,2014,LGA1150,Desktop,LGA1150,0
Intel Xeon E5507 @ 2.27GHz,100.0,1928,19.28,997,9.97,80.0,24.1,4,2010,LGA1366,Server,LGA1366,0
Intel Xeon X3330 @ 2.66GHz,210.0,1928,9.18095238095238,1160,5.523809523809524,95.0,20.29,4,2010,LGA775,Server,LGA775,0
Intel Core i7-840QM @ 1.87GHz,338.9,1928,5.6889938034818535,1114,3.2871053408084983,45.0,42.85,4,2010,PGA988A,Laptop,Other,0
Intel Celeron G1850 @ 2.90GHz,39.99,1926,48.16204051012753,1695,42.385596399099775,54.0,35.67,2,2014,FCLGA1150,Desktop,Other,0
Intel Core i3-2120 @ 3.30GHz,27.44,1926,70.18950437317784,1517,55.28425655976676,65.0,29.62,2,2011,LGA1155,Desktop,LGA1155,0
AMD Athlon II X3 460,16.78,1924,114.66030989272943,1390,82.83671036948748,95.0,20.26,3,2011,AM3,Desktop,AM3,0
AMD Athlon 5370 APU,598.68,1923,3.212066546402085,755,1.2611077704282756,25.0,76.92,4,2016,"AM1,FS1B",Desktop,Other,0
Intel Xeon E5410 @ 2.33GHz,10.69,1923,179.88774555659495,1024,95.79045837231058,80.0,24.04,4,2009,LGA771,Server,Other,0
Intel Xeon L5410 @ 2.33GHz,100.08,1921,19.19464428457234,1029,10.281774580335732,50.0,38.42,4,2009,LGA771,Server,Other,0
Intel Pentium G3240 @ 3.10GHz,116.99,1919,16.403111377040773,1749,14.949995726130439,53.0,36.21,2,2014,FCLGA1150,Desktop,Other,0
AMD Opteron 3320 EE,548.0,1918,3.5,838,1.5291970802919708,25.0,76.72,2,2016,AM3+,Server,Other,0
Intel Core i5-580M @ 2.67GHz,99.95,1914,19.149574787393696,1266,12.666333166583291,35.0,54.67,2,2010,BGA1288,Laptop,Other,0
Intel Pentium G3420T @ 2.70GHz,159.99,1912,11.950746921682605,1570,9.813113319582474,35.0,54.61,2,2014,LGA1150,Desktop,LGA1150,0
AMD Opteron X2170 APU,158.36000061035156,1911,12.067441226538383,832,5.253851962574534,25.0,76.43,4,2018,FT3,Server,Other,1
AMD A10 PRO-7350B APU,281.1499938964844,1910,6.793526734712419,911,3.240263275038227,19.0,100.55,4,2014,FP3,Laptop,Other,1
AMD A10-4600M APU,98.99,1908,19.274674209516114,1063,10.73845843014446,35.0,54.53,2,2012,FS1r2,Laptop,Other,0
Intel Core i5-3439Y @ 1.50GHz,166.6999969482422,1907,11.439712267013984,1197,7.180564018676319,13.0,146.72,2,2013,BGA1023,Desktop,BGA1023,1
Intel Core i5-4422E @ 1.80GHz,266.0,1907,7.169172932330827,1048,3.9398496240601504,25.0,76.27,2,2017,FCBGA1364,Laptop,Other,0
Intel Core M-5Y10a @ 0.80GHz,293.4700012207031,1905,6.491293802010622,993,3.3836507849850648,4.5,423.33,2,2015,FCBGA1234,Laptop,Other,1
Intel Celeron N4500 @ 1.10GHz,66.66999816894531,1904,28.558572855741843,1282,19.229039076187522,6.0,317.25,2,2021,FCBGA1338,Mobile/Embedded,Other,1
AMD Opteron 2419 EE,31.809999465942383,1902,59.79251907993242,396,12.448915644402334,60.0,31.7,6,2014,F (1207),Server,Other,1
AMD A10-5750M APU,98.04,1902,19.400244798041616,1097,11.189310485516115,35.0,54.35,4,2013,FS1r2,Laptop,Other,0
AMD Phenom II X4 920,27.89,1899,68.08892076012907,1068,38.2932950878451,125.0,15.2,4,2009,AM2+,Desktop,Other,0
AMD Opteron 1385,45.0,1898,42.17777777777778,1035,23.0,115.0,16.51,4,2014,"AM2+,AM3",Server,Other,0
AMD Phenom II X4 905e,53.99,1895,35.09909242452306,1029,19.059085015743655,65.0,29.16,4,2009,AM3,Desktop,AM3,0
Intel Pentium G2130 @ 3.20GHz,43.64,1895,43.42346471127406,1745,39.98625114573785,55.0,34.46,2,2013,FCLGA1155,Desktop,Other,0
AMD Phenom 9950 Quad-Core,97.04,1892,19.497114591920855,1041,10.727535037098104,125.0,15.13,4,2008,AM2+,Desktop,Other,0
AMD PRO A6-8570,64.31999969482422,1889,29.368781233871903,1638,25.46641803127696,65.0,29.06,2,2017,AM4,Desktop,AM4,1
Intel Core i5-2510E @ 2.50GHz,85.62999725341797,1889,22.060026399505688,1183,13.815252107260577,35.0,53.97,2,2011,PGA988B,Laptop,Other,1
AMD PRO A6-8550B,48.02000045776367,1885,39.25447692692059,1623,33.79841700392154,65.0,28.99,1,2016,FM2+,Desktop,Other,1
Intel Core M-5Y10 @ 0.80GHz,282.1000061035156,1885,6.6820275051972375,1117,3.959588712628814,4.5,418.86,2,2014,unknown,Laptop,unknown,1
Intel Core i5-2515E @ 2.50GHz,58.2599983215332,1882,32.3034681465894,1189,20.40851414787184,35.0,53.76,2,2011,BGA1023,Desktop,BGA1023,1
Intel Core i7-3555LE @ 2.50GHz,129.75999450683594,1880,14.488286679920899,980,7.5524047586821705,25.0,75.2,2,2012,BGA1023,Laptop,BGA1023,1
Intel Celeron 4305UE @ 2.00GHz,124.62999725341797,1876,15.052555896197381,1213,9.732809329470907,15.0,125.04,2,2019,FCBGA1528,"Laptop, Mobile/Embedded",Other,1
AMD PRO A6-9500,74.0,1875,25.33783783783784,1618,21.864864864864863,65.0,28.85,2,2017,AM4,Desktop,AM4,0
Intel Core i3-4030U @ 1.90GHz,259.44000244140625,1875,7.227104464830797,1025,3.9508171074408356,15.0,124.97,2,2014,FCBGA1168,Laptop,FCBGA1168,1
AMD Athlon II X4 610e,17.9,1871,104.52513966480448,999,55.81005586592179,45.0,41.59,4,2010,AM3,Desktop,AM3,0
Intel Core i3-2105 @ 3.10GHz,113.0,1871,16.557522123893804,1387,12.274336283185841,65.0,28.78,2,2011,LGA1155,Desktop,LGA1155,0
Intel Pentium G2120 @ 3.10GHz,74.99,1870,24.93665822109615,1708,22.77637018269103,55.0,34.0,2,2012,FCLGA1155,Desktop,Other,0
AMD A6-9500,75.42,1864,24.714929726862902,1618,21.45319543887563,65.0,28.68,2,2016,AM4,Desktop,AM4,0
AMD Opteron 2378,14.49,1864,128.64044168391993,936,64.59627329192547,75.0,24.86,4,2009,F (1207),Server,Other,0
Intel Core i5-4230U @ 1.90GHz,196.66000366210938,1853,9.422353124653272,1620,8.237567221769185,15.0,123.55,2,2018,FCBGA1364,Laptop,Other,1
Intel Pentium 1403 @ 2.60GHz,45.560001373291016,1851,40.62774241014676,990,21.729586702347536,80.0,23.14,2,2013,LGA1356,Server,Other,1
Intel Celeron G3900TE @ 2.30GHz,67.66,1850,27.342595329589123,1402,20.721253325450785,35.0,52.86,2,2018,FCLGA1151,Laptop,FCLGA1151,0
AMD Phenom II X4 810,213.0,1849,8.68075117370892,1018,4.779342723004695,95.0,19.46,4,2009,AM3,Desktop,AM3,0
Intel Pentium G3220 @ 3.00GHz,64.8,1849,28.533950617283953,1695,26.15740740740741,54.0,34.24,2,2013,FCLGA1150,Desktop,Other,0
Intel Core i3-4100E @ 2.40GHz,225.0,1848,8.213333333333333,1390,6.177777777777778,37.0,49.96,2,2021,FCBGA1364,Mobile/Embedded,Other,0
Intel Core i3-2310E @ 2.10GHz,225.0,1845,8.2,733,3.2577777777777777,35.0,52.73,2,2012,FCBGA1023,Laptop,Other,0
Intel Core2 Extreme Q9300 @ 2.53GHz,167.4600067138672,1845,11.017555989666741,1046,6.246267515008895,45.0,41.0,4,2008,PGA478,Desktop,PGA478,1
AMD Phenom II X3 B77,22.29,1844,82.72768057424855,1310,58.77074921489457,95.0,19.41,3,2012,AM2+/AM3,Unknown,Other,0
AMD Phenom II X4 805,173.99,1844,10.598310247715386,999,5.741709293637565,95.0,19.42,4,2009,AM3,Desktop,AM3,0
AMD A8-5550M APU,129.7899932861328,1844,14.207566803202994,1030,7.935896858622063,35.0,52.69,4,2013,FS1r2,Laptop,Other,1
AMD A6-9500E,74.45,1841,24.728005372733378,1478,19.852249832102082,35.0,52.59,2,2018,AM4,Desktop,AM4,0
Intel Xeon X3323 @ 2.50GHz,19.36,1837,94.88636363636364,1059,54.7004132231405,80.0,22.96,4,2014,LGA775,Server,LGA775,0
AMD FX-7500 APU,233.25,1835,7.867095391211147,907,3.8885316184351555,19.0,96.56,4,2014,FP3,Laptop,Other,1
AMD Athlon II X3 455,39.99,1832,45.8114528632158,1343,33.58339584896224,95.0,19.29,3,2010,AM3,Desktop,AM3,0
Intel Core i5-560M @ 2.67GHz,88.92,1832,20.602789023841655,1238,13.922627080521817,35.0,52.35,2,2010,BGA1288,Laptop,Other,0
AMD A6-3620 APU,22.49,1830,81.36949755446865,987,43.886171631836376,65.0,28.16,4,2012,FM1,Desktop,Other,0
Intel Core i3-3130M @ 2.60GHz,73.01000213623047,1824,24.98287832667873,1067,14.614435950968314,35.0,52.13,2,2013,BGA1023,Laptop,BGA1023,1
Intel Core i3-2330E @ 2.20GHz,68.12000274658203,1823,26.761596102423386,1063,15.604814403113581,35.0,52.1,2,2014,rPGA988,Desktop,Other,1
Intel Core M-5Y10c @ 0.80GHz,281.0,1822,6.483985765124555,1080,3.8434163701067616,4.5,404.97,2,2015,FCBGA1234,Laptop,Other,0
Intel Core i3-2100 @ 3.10GHz,116.19,1819,15.655392030295207,1426,12.273001118857044,65.0,27.98,2,2011,LGA1155,Desktop,LGA1155,0
Intel Xeon X3220 @ 2.40GHz,66.14,1819,27.50226791654067,942,14.242515875415785,105.0,17.32,4,2009,LGA775,Server,LGA775,0
Intel Core i7-610E @ 2.53GHz,63.400001525878906,1818,28.675078174216136,1400,22.082018395986022,35.0,51.93,2,2011,BGA1288,Laptop,Other,1
Intel Core i5-4302Y @ 1.60GHz,166.1999969482422,1817,10.932611512416862,1084,6.522262454298227,11.5,158.0,2,2014,FCBGA1168,Desktop,FCBGA1168,1
AMD A8-6500T APU,59.95,1816,30.291909924937446,1048,17.481234361968305,45.0,40.35,2,2014,FM2,Desktop,Other,0
Intel Xeon E5345 @ 2.33GHz,39.99,1814,45.36134033508377,947,23.680920230057513,80.0,22.68,4,2008,LGA771,Server,Other,0
Intel Core2 Quad Q8300 @ 2.50GHz,34.3,1814,52.886297376093296,1059,30.87463556851312,95.0,19.1,4,2009,LGA775,Desktop,LGA775,0
Intel Core i7-2637M @ 1.70GHz,182.30999755859375,1811,9.933629665141932,1130,6.198233860635219,17.0,106.52,2,2011,BGA1023,Laptop,BGA1023,1
AMD Athlon X4 620,64.95,1810,27.867590454195533,1033,15.904541955350268,95.0,19.06,4,2009,unknown,Unknown,unknown,0
AMD Athlon II X3 445,15.21,1808,118.86916502301116,1282,84.28665351742275,95.0,19.03,3,2010,AM3,Desktop,AM3,0
Intel Core M-5Y70 @ 1.10GHz,218.9600067138672,1807,8.252648632594141,1049,4.790829228329415,4.5,401.46,2,2014,BGA1234,Laptop,Other,1
AMD Phenom 9750 Quad-Core,48.02,1804,37.5676801332778,942,19.61682632236568,125.0,14.43,4,2008,AM2+,Desktop,Other,0
AMD A8-7410 APU,175.27000427246094,1801,10.275574576927077,799,4.558680781213068,25.0,72.06,4,2015,unknown,Laptop,unknown,1
AMD A6-7470K,35.22,1799,51.07893242475866,1576,44.747302668938104,65.0,27.68,1,2016,FM2+,Desktop,Other,0
AMD Opteron 1381,63.95000076293945,1797,28.100077850841938,1011,15.809225769171508,75.0,23.96,4,2012,AM3,Server,AM3,1
Intel Core2 Quad Q8200 @ 2.33GHz,63.99,1797,28.082512892639475,1014,15.84622597280825,95.0,18.92,4,2008,LGA775,Desktop,LGA775,0
AMD Phenom II X940 Quad-Core,111.20999908447266,1797,16.1586189622665,785,7.058717799320647,45.0,39.94,4,2014,S1,Laptop,S1,1
AMD GX-420MC SOC,222.5399932861328,1796,8.0704594867619,695,3.1230341555119825,17.5,102.64,4,2014,FTB3b,Laptop,Other,1
AMD Athlon X4 530,108.58000183105469,1786,16.44870114092401,690,6.3547613590355905,25.0,71.42,4,2021,AM1,Desktop,Other,1
Snapdragon 835,88.4800033569336,1784,20.162747878786103,1016,11.482820540833341,9.0,198.26,8,2021,unknown,Unknown,unknown,1
AMD Athlon X3 455,37.439998626708984,1783,47.62286499465952,1227,32.772437099521724,95.0,18.77,3,2012,AM2+/AM3,Unknown,Other,1
Intel Core i7-740QM @ 1.73GHz,99.95,1782,17.828914457228613,1009,10.095047523761881,45.0,39.59,4,2010,PGA988A,Laptop,Other,0
AMD Athlon X3 435,95.49,1781,18.65116766153524,1192,12.482982511257724,95.0,18.75,3,2009,unknown,Unknown,unknown,0
Intel Core2 Quad Q6600 @ 2.40GHz,95.6,1778,18.598326359832637,958,10.02092050209205,105.0,16.93,4,2008,LGA775,Desktop,LGA775,0
AMD A8-6410 APU,209.07000732421875,1777,8.499545308975323,787,3.7642893405535056,15.0,118.45,4,2014,BGA769 (FT3b),Laptop,Other,1
AMD Phenom II X4 910,100.0,1776,17.76,988,9.88,95.0,18.7,4,2009,AM3,Desktop,AM3,0
AMD A8-5557M APU,73.87999725341797,1774,24.011912100036362,1084,14.672442342975994,35.0,50.68,4,2013,FP2,Laptop,Other,1
AMD R-464L APU,63.2599983215332,1773,28.02719012081423,1123,17.752134520966937,35.0,50.65,4,2012,FS1r2,Unknown,Other,1
Intel Core i7-820QM @ 1.73GHz,129.0,1768,13.705426356589147,1029,7.976744186046512,45.0,39.29,4,2009,PGA988A,Laptop,Other,0
AMD Phenom II N830 3+1,122.73999786376953,1768,14.404432383666183,935,7.617728664438847,35.0,50.52,4,2014,S1,Laptop,S1,1
AMD GX-420CA SOC,114.44999694824219,1767,15.43905676816306,669,5.845347469100784,25.0,70.69,4,2013,FT3 (769-BGA),Laptop,Other,1
Intel Core2 Quad Q9100 @ 2.26GHz,385.89,1764,4.571250874601571,930,2.4100132162015084,45.0,39.2,4,2009,PGA478,Laptop,PGA478,0
AMD Athlon II X3 450,28.02,1763,62.91934332619557,1292,46.10992148465382,95.0,18.56,3,2010,AM3,Desktop,AM3,0
Intel Xeon L5408 @ 2.13GHz,59.599998474121094,1761,29.546980622233466,935,15.687919864729295,40.0,44.04,4,2014,LGA771,Server,Other,1
AMD A10-4657M APU,71.38999938964844,1759,24.639305435476096,940,13.167110352102064,35.0,50.27,4,2013,FP2,Laptop,Other,1
Intel Celeron G1840 @ 2.80GHz,69.0,1758,25.47826086956522,1612,23.36231884057971,53.0,33.17,2,2014,FCLGA1150,Desktop,Other,0
Intel Atom C3538 @ 2.10GHz,75.0,1756,23.413333333333334,669,8.92,15.0,117.06,4,2018,FCBGA1310,Server,Other,0
Intel Pentium G3240T @ 2.70GHz,82.76000213623047,1755,21.205896021016418,1558,18.82551908874278,35.0,50.14,2,2014,LGA1150,Desktop,LGA1150,1
Intel Pentium G3260T @ 2.90GHz,49.99,1755,35.10702140428086,1568,31.366273254650928,35.0,50.13,2,2015,LGA1150,Desktop,LGA1150,0
Intel Core i5-540M @ 2.53GHz,48.99,1752,35.762400489895896,1133,23.127168809961216,35.0,50.06,2,2010,BGA1288,Laptop,Other,0
Intel Core i3-4000M @ 2.40GHz,58.11,1744,30.01204611942867,1269,21.837893649974188,37.0,47.13,2,2013,FCPGA946,Laptop,Other,0
AMD A10-5745M APU,106.52999877929688,1738,16.314653336293517,975,9.152351555170414,25.0,69.53,4,2013,FP2,Laptop,Other,1
AMD Athlon 5350 APU,129.0,1737,13.465116279069768,698,5.410852713178294,25.0,69.48,4,2014,"AM1,FS1B",Desktop,Other,0
AMD Phenom 9600B Quad-Core,39.95,1736,43.45431789737171,937,23.454317897371713,95.0,18.27,4,2009,AM2+,Desktop,Other,0
AMD A6-7310 APU,155.85000610351562,1736,11.138915187766809,787,5.049727104131612,25.0,69.45,4,2015,unknown,Laptop,unknown,1
AMD GX-424CC SOC,142.1999969482422,1735,12.201125437657383,799,5.618846815382276,25.0,69.38,4,2014,FT3b,Laptop,Other,1
AMD Opteron 2356,89.95,1733,19.266259032795997,849,9.43857698721512,75.0,23.1,4,2009,F (1207),Server,Other,0
Intel Core i5-2557M @ 1.70GHz,169.89999389648438,1732,10.194232267337586,1048,6.1683345358947985,17.0,101.86,2,2011,BGA1023,Laptop,BGA1023,1
Intel Pentium G3250T @ 2.80GHz,49.99,1726,34.52690538107621,1568,31.366273254650928,35.0,49.3,2,2015,LGA1150,Desktop,LGA1150,0
AMD Athlon II X3 440,14.76,1718,116.39566395663957,1220,82.65582655826559,95.0,18.09,3,2010,AM3,Desktop,AM3,0
Intel Core i3-4158U @ 2.00GHz,148.2899932861328,1718,11.58540749735577,1005,6.777261079652241,28.0,61.36,2,2014,FCBGA1168,Laptop,FCBGA1168,1
AMD A10-7300 APU,183.94000244140625,1715,9.32369238467478,847,4.60476236141081,19.0,90.29,4,2014,FP3,Laptop,Other,1
AMD Athlon II X4 600e,19.99,1711,85.59279639819911,913,45.67283641820911,45.0,38.02,4,2009,AM3,Desktop,AM3,0
Intel Pentium G2030 @ 3.00GHz,29.0,1711,59.0,1599,55.13793103448276,55.0,31.11,2,2013,FCLGA1155,Desktop,Other,0
Intel Celeron G1630 @ 2.80GHz,69.99,1707,24.38919845692242,1553,22.18888412630376,55.0,31.04,2,2013,FCLGA1155,Desktop,Other,0
AMD PRO A6-8500B,201.57000732421875,1704,8.453638627195026,1365,6.771840801714326,15.0,113.6,2,2016,FP4,Laptop,Other,1
AMD Opteron 1356,89.99,1703,18.924324924991666,918,10.201133459273253,75.0,22.7,4,2009,AM2,Server,AM2,0
AMD PRO A4-3350B APU,236.32000732421875,1702,7.20209862580507,779,3.2963776906593125,15.0,113.44,4,2016,FT3b,Laptop,Other,1
AMD Phenom 9650 Quad-Core,39.99,1699,42.48562140535134,924,23.105776444111026,95.0,17.89,4,2008,AM2+,Desktop,Other,0
AMD Phenom FX-5200 Quad-Core,52.25,1699,32.516746411483254,919,17.588516746411482,65.0,26.14,4,2010,AM3,Unknown,AM3,1
Intel Pentium 4425Y @ 1.70GHz,161.0,1697,10.540372670807454,967,6.0062111801242235,6.0,282.8,2,2020,FCBGA1515,Laptop,Other,0
Intel Core i3-560 @ 3.33GHz,36.97,1696,45.87503381119827,1379,37.30051393021369,73.0,23.23,2,2010,LGA1156,Desktop,Other,0
Intel Atom x6211E @ 1.20GHz,35.0,1695,48.42857142857143,1304,37.25714285714286,6.0,282.52,2,2021,FCBGA1493,Mobile/Embedded,Other,0
Intel Celeron 4305U @ 2.20GHz,107.0,1694,15.83177570093458,1378,12.878504672897197,15.0,112.91,2,2021,FCBGA1528,Mobile/Embedded,Other,0
Intel Celeron 3965U @ 2.20GHz,107.0,1692,15.813084112149532,1356,12.672897196261681,15.0,112.82,2,2017,FCBGA1356,Laptop,Other,0
Intel Pentium G2100T @ 2.60GHz,77.66999816894531,1691,21.771598298763834,1460,18.797476946301124,35.0,48.33,2,2016,LGA1155,Desktop,LGA1155,1
Intel Celeron J4025 @ 2.00GHz,89.5999984741211,1688,18.839286035116842,1234,13.772321663112669,10.0,168.79,2,2020,FCBGA1090,Desktop,Other,1
Intel Core i7-2617M @ 1.50GHz,150.72000122070312,1687,11.192940461363738,1092,7.245222871256195,17.0,99.22,2,2011,BGA1023,Laptop,BGA1023,1
AMD A4-6250J APU,113.22000122070312,1685,14.882529427953099,700,6.182653174817311,25.0,67.4,4,2014,unknown,Unknown,unknown,1
Intel Pentium G2020 @ 2.90GHz,50.0,1684,33.68,1566,31.32,55.0,30.61,2,2013,FCLGA1155,Desktop,Other,0
Intel Core i5-520M @ 2.40GHz,28.02,1683,60.06423982869379,1083,38.650963597430405,35.0,48.09,2,2010,BGA1288,Laptop,Other,0
AMD Phenom 9850 Quad-Core,129.99,1680,12.924071082390952,925,7.115931994768828,125.0,13.44,4,2008,AM2+,Desktop,Other,0
AMD PRO A6-7350B,123.98999786376953,1679,13.541414863517888,1535,12.3800308609291,15.0,111.93,2,2018,FMA4,Laptop,Other,1
Intel Xeon L5335 @ 2.00GHz,18.79,1678,89.30282064928154,827,44.012772751463544,50.0,33.56,4,2007,LGA771,Server,Other,0
Intel Celeron 6305E @ 1.80GHz,107.0,1675,15.654205607476635,1083,10.121495327102803,15.0,111.68,2,2021,FCBGA1449,Mobile/Embedded,Other,0
AMD Athlon II X3 435,159.95,1670,10.440762738355737,1188,7.427321037824321,95.0,17.58,3,2009,AM3,Desktop,AM3,0
Intel Celeron G1820 @ 2.70GHz,62.3,1670,26.80577849117175,1520,24.398073836276083,53.0,31.51,2,2014,FCLGA1150,Desktop,Other,0
AMD Phenom II X920 Quad-Core,85.63999938964844,1669,19.488556888076495,944,11.022886580194255,45.0,37.09,4,2010,S1,Laptop,S1,1
AMD A6-6310 APU,198.64999389648438,1666,8.38660987257893,750,3.7754846365151242,15.0,111.06,4,2014,FT3,Laptop,Other,1
Intel Xeon E5405 @ 2.00GHz,59.0,1664,28.203389830508474,877,14.864406779661017,80.0,20.8,4,2009,LGA771,Server,Other,0
AMD A4-7210 APU,165.6300048828125,1663,10.040451313013094,725,4.377226218842149,25.0,66.53,4,2015,BGA,Laptop,Other,1
AMD PRO A6-9500E,74.0,1662,22.45945945945946,1493,20.175675675675677,35.0,47.5,2,2017,AM4,Desktop,AM4,0
Intel Core i7-720QM @ 1.60GHz,99.95,1661,16.61830915457729,965,9.654827413706853,45.0,36.92,4,2009,PGA988A,Laptop,Other,0
Intel Core i3-4030Y @ 1.60GHz,213.6699981689453,1654,7.740908944512696,901,4.216782925638415,11.5,143.85,2,2014,FCBGA1168,Laptop,FCBGA1168,1
AMD A6-5200 APU,110.62000274658203,1653,14.943047902347615,659,5.9573312568947845,25.0,66.1,4,2013,FT3,Laptop,Other,1
AMD A4 PRO-3340B,175.42999267578125,1652,9.416861819364737,657,3.7450836654495356,25.0,66.1,4,2015,BGA769 (FT3),Laptop,Other,1
AMD Phenom X4 Quad-Core GP-9600,54.060001373291016,1649,30.503143879213958,764,14.132445071994823,95.0,17.36,4,2009,AM2+,Desktop,Other,1
AMD A6-3600 APU,24.95,1649,66.09218436873748,896,35.91182364729459,65.0,25.37,4,2011,FM1,Desktop,Other,0
Intel Core i3-4010U @ 1.70GHz,124.95,1647,13.181272509003602,905,7.242897158863546,15.0,109.77,2,2013,BGA1168,Laptop,Other,0
AMD Phenom II N970 Quad-Core,149.99,1647,10.980732048803253,902,6.0137342489499295,35.0,47.05,4,2011,S1,Laptop,S1,0
AMD A8-7100 APU,199.41000366210938,1644,8.244320594796632,847,4.247530136126975,19.0,86.54,4,2014,FP3,Laptop,Other,1
AMD A6 PRO-7400B,35.470001220703125,1641,46.264447237802216,1494,42.120100044653576,65.0,25.24,1,2014,FM2+,Desktop,Other,1
Intel Core i3-3120M @ 2.50GHz,129.0,1641,12.720930232558139,1270,9.844961240310077,35.0,46.89,2,2012,PGA988,Laptop,Other,0
AMD A10-4655M APU,117.9000015258789,1637,13.884647827088285,902,7.650551215658909,25.0,65.48,2,2012,FP2,Laptop,Other,1
AMD Phenom 9550 Quad-Core,29.99,1636,54.5515171723908,873,29.109703234411473,95.0,17.23,4,2008,AM2+,Desktop,Other,0
AMD Opteron 2373 EE,62.040000915527344,1635,26.35396479484566,814,13.120567182265667,60.0,27.25,4,2018,F (1207),Server,Other,1
Intel Core i3-4005U @ 1.70GHz,214.6699981689453,1634,7.611683113324675,902,4.201798144564784,15.0,108.96,2,2014,FCBGA1168,Laptop,FCBGA1168,1
Intel Core i3-2100T @ 2.50GHz,49.13,1634,33.258701404437204,1183,24.078974150213718,35.0,46.69,2,2011,LGA1155,Desktop,LGA1155,0
AMD Embedded R-Series RX-216GD,113.13999938964844,1628,14.389252331469883,1313,11.605091100257958,15.0,108.54,2,2017,BGA (FP4),"Laptop, Mobile/Embedded",Other,1
AMD A8-4500M APU,69.95,1624,23.216583273766975,887,12.68048606147248,35.0,46.4,2,2012,FS1r2,Laptop,Other,0
Intel Pentium G3320TE @ 2.30GHz,67.0,1623,24.223880597014926,1314,19.611940298507463,35.0,46.38,2,2014,FCLGA1150,Desktop,Other,1
AMD Opteron 1354,238.01,1620,6.806436704340154,864,3.630099575648082,75.0,21.6,4,2009,AM2,Server,AM2,0
AMD Phenom 9600 Quad-Core,39.95,1619,40.52565707133917,904,22.62828535669587,95.0,17.04,4,2008,AM2+,Desktop,Other,0
Intel Core i5 E 520 @ 2.40GHz,63.81999969482422,1619,25.368223248852512,1032,16.170479550843602,35.0,46.26,2,2010,BGA1288,Desktop,Other,1
AMD A6-6400B APU,42.75,1616,37.801169590643276,1608,37.6140350877193,65.0,24.85,1,2014,FM2,Desktop,Other,1
Intel Celeron G1820T @ 2.40GHz,42.0,1614,38.42857142857143,1396,33.23809523809524,35.0,46.11,2,2014,LGA1150,Desktop,LGA1150,0
Intel Pentium G2120T @ 2.70GHz,59.7599983215332,1613,26.991299285542162,1493,24.98326710062892,35.0,46.09,2,2020,FCLGA1155,Desktop,Other,1
Intel Celeron N4000C @ 1.10GHz,137.55999755859375,1611,11.711253479150388,1150,8.359988517084387,6.0,268.43,2,2019,FCBGA1090,Laptop,Other,1
AMD A8-5545M APU,171.7899932861328,1611,9.377728988653745,880,5.122533525769892,19.0,84.78,4,2013,FP2,Laptop,Other,1
Intel Core i3-3110M @ 2.40GHz,69.95,1609,23.002144388849178,1255,17.941386704789135,35.0,45.96,2,2012,BGA1023,Laptop,BGA1023,0
Intel Celeron 2000E @ 2.20GHz,102.75,1607,15.639902676399027,1282,12.476885644768856,37.0,43.43,2,2017,FCBGA1364,Laptop,Other,1
AMD A6-8550,56.5,1604,28.38938053097345,1474,26.088495575221238,65.0,24.68,2,2015,FM2+,Desktop,Other,1
Intel Pentium 4415Y @ 1.60GHz,161.0,1600,9.937888198757763,899,5.583850931677019,6.0,266.6,2,2018,FCBGA1515,Laptop,Other,0
AMD Phenom FX-5000 Quad-Core,52.40999984741211,1599,30.509444851275937,826,15.760351123923655,65.0,24.61,4,2009,AM2+,Unknown,Other,1
Intel Xeon X3210 @ 2.13GHz,185.71,1599,8.610198696893004,875,4.711647191858273,105.0,15.23,4,2008,LGA775,Server,LGA775,0
Intel Core i5-4220Y @ 1.60GHz,226.66000366210938,1591,7.019323984357486,952,4.200123465184366,11.5,138.33,2,2015,FCBGA1364,Laptop,Other,1
Intel Core i3-550 @ 3.20GHz,18.46,1588,86.02383531960996,1342,72.69772481040086,73.0,21.75,2,2010,LGA1156,Desktop,Other,0
AMD A6-7400K APU,69.99,1587,22.6746678096871,1422,20.317188169738536,65.0,24.42,2,2014,FM2+,Desktop,Other,0
Intel Celeron J4005 @ 2.00GHz,168.75,1581,9.36888888888889,1119,6.631111111111111,10.0,158.14,2,2018,FCBGA1090,Desktop,Other,0
AMD A8-3550MX APU,90.54000091552734,1579,17.439805434430983,938,10.360061746356088,45.0,35.09,4,2012,FS1,Laptop,Other,1
AMD Athlon II X3 425,58.34,1576,27.01405553651011,1105,18.940692492286594,95.0,16.59,3,2009,AM3,Desktop,AM3,0
Intel Celeron G1840T @ 2.50GHz,72.20999908447266,1576,21.825232239047182,1431,19.81720008507393,35.0,45.02,2,2015,LGA1150,Desktop,LGA1150,1
Intel Celeron N4020 @ 1.10GHz,144.10000610351562,1570,10.89521119709166,1170,8.119361210571492,6.0,261.73,2,2020,FCBGA1090,Laptop,Other,1
AMD A8-3530MX APU,88.19000244140625,1570,17.802471442759213,933,10.579430481588755,45.0,34.89,4,2011,FS1,Laptop,Other,1
Intel Core i5-3339Y @ 1.50GHz,133.0399932861328,1569,11.793446175433187,898,6.749850009903762,13.0,120.67,2,2013,BGA1023,Desktop,BGA1023,1
ZHAOXIN KaiXian KX-6640MA@2.2+GHz,82.18000030517578,1566,19.055731250725874,722,8.785592568980894,70.0,22.36,4,2020,unknown,Unknown,unknown,1
Intel Pentium G3220T @ 2.60GHz,69.95,1564,22.358827734095783,1447,20.686204431736954,35.0,44.68,2,2014,LGA1150,Desktop,LGA1150,0
AMD A4-6320 APU,69.99,1563,22.331761680240035,1550,22.146020860122878,65.0,24.05,1,2014,FM2,Desktop,Other,0
AMD Embedded G-Series GX-420GI Radeon R7E,126.58999633789062,1561,12.331148156710745,854,6.7461886776623805,16.1,96.94,4,2017,FP4,"Laptop, Mobile/Embedded",Other,1
AMD Phenom II X3 B75,49.95,1560,31.23123123123123,1161,23.243243243243242,95.0,16.42,3,2009,AM3,Desktop,AM3,0
Intel Celeron G1830 @ 2.80GHz,89.0,1560,17.528089887640448,1513,17.0,53.0,29.44,2,2014,LGA1150,Desktop,LGA1150,0
Intel Core i5-4200Y @ 1.40GHz,151.25,1558,10.300826446280992,944,6.241322314049587,11.5,135.47,2,2013,BGA1168,Desktop,Other,1
AMD Phenom II N930 Quad-Core,129.95,1558,11.98922662562524,825,6.348595613697577,35.0,44.5,4,2010,S1,Laptop,S1,0
AMD Athlon II X3 420e,116.15,1557,13.405079638398622,1058,9.108910891089108,45.0,34.6,3,2011,AM3,Desktop,AM3,0
AMD A8 PRO-7150B APU,215.36000061035156,1557,7.229754808633487,789,3.6636329762439446,19.0,81.94,4,2014,FP3,Laptop,Other,1
AMD Phenom II X3 710,169.0,1554,9.195266272189349,1069,6.325443786982248,95.0,16.36,3,2009,AM3,Desktop,AM3,0
Intel Pentium 3560M @ 2.40GHz,128.3300018310547,1552,12.093820446158757,1421,11.073014725510049,37.0,41.95,2,2015,FCPGA946,Laptop,Other,1
AMD PRO A4-8350B,28.99,1552,53.53570196619524,1365,47.08520179372198,65.0,23.87,1,2016,FM2+,Desktop,Other,0
AMD A6-6420B APU,43.95000076293945,1550,35.267348648308264,1629,37.06484577296398,65.0,23.84,1,2014,FM2,Desktop,Other,1
Intel Xeon E5335 @ 2.00GHz,17.77,1549,87.1693866066404,817,45.97636465953855,80.0,19.36,4,2009,LGA771,Server,Other,0
AMD A4 PRO-7350B,37.060001373291016,1544,41.66216791110953,1438,38.80194135762662,65.0,23.75,1,2014,FM2+,Desktop,Other,1
Intel Pentium G2010 @ 2.80GHz,22.97,1541,67.08750544188072,1473,64.12712233347845,55.0,28.01,2,2013,FCLGA1155,Desktop,Other,0
AMD Phenom II X3 B73,75.0,1538,20.506666666666668,1056,14.08,95.0,16.19,3,2010,AM3,Desktop,AM3,0
AMD A6-6420K APU,149.99,1538,10.254016934462296,1557,10.380692046136408,65.0,23.67,2,2014,FM2,Desktop,Other,0
Intel Core i5-4210Y @ 1.50GHz,155.9499969482422,1537,9.855723181002118,1008,6.463610257937628,11.0,139.76,2,2013,BGA1168,Desktop,Other,1
Intel Pentium G2030T @ 2.60GHz,130.5,1535,11.762452107279694,1441,11.042145593869732,35.0,43.85,2,2014,LGA1155,Desktop,LGA1155,0
AMD E2-7110 APU,240.4199981689453,1529,6.359703900028973,615,2.5580234784289195,15.0,101.91,4,2015,FP4 BGA,Laptop,Other,1
Intel Xeon E5504 @ 2.00GHz,64.0,1529,23.890625,838,13.09375,80.0,19.11,4,2009,LGA1366,Server,LGA1366,0
AMD Opteron X3216 APU,91.7699966430664,1525,16.617631641977617,1294,14.100469078504286,15.0,101.66,2,2017,unknown,Server,unknown,1
AMD A9-9425,157.9600067138672,1524,9.648011744900801,1342,8.495821365916585,15.0,101.58,2,2018,BGA (FT4),Laptop,Other,1
Intel Xeon X5270 @ 3.50GHz,47.790000915527344,1524,31.889516024362337,1485,31.07344573240031,80.0,19.05,2,2014,LGA771,Server,Other,1
AMD Phenom 9750B Quad-Core,54.040000915527344,1520,28.12731262488298,913,16.89489238586721,95.0,16.0,4,2009,AM2+,Desktop,Other,1
Intel Pentium 4405Y @ 1.50GHz,228.1999969482422,1518,6.65205968580401,868,3.803681032462372,6.0,253.04,2,2016,FCBGA1515,Laptop,Other,1
Intel Core i3-540 @ 3.07GHz,179.95,1516,8.424562378438456,1264,7.02417338149486,73.0,20.77,2,2010,LGA1156,Desktop,Other,0
AMD Athlon X3 425,76.04000091552734,1516,19.936875088732847,845,11.112572196556238,95.0,15.96,3,2010,unknown,Unknown,unknown,1
AMD A9-9420,171.5,1515,8.833819241982507,1318,7.685131195335277,15.0,100.99,2,2017,unknown,Laptop,unknown,1
AMD Phenom 9500 Quad-Core,29.99,1512,50.41680560186729,849,28.309436478826278,95.0,15.92,4,2008,AM2+,Desktop,Other,0
AMD Opteron 2354,285.19,1509,5.291209369192468,857,3.0050142010589433,115.0,13.12,4,2013,F (1207),Server,Other,0
Intel Celeron G1620T @ 2.40GHz,42.0,1507,35.88095238095238,1321,31.452380952380953,35.0,43.05,2,2014,LGA1155,Desktop,LGA1155,0
AMD Phenom II X4 900e,60.63999938964844,1505,24.818601832916762,917,15.122031814474864,65.0,23.15,4,2010,AM3,Desktop,AM3,1
AMD A9-9410,180.1199951171875,1504,8.349989122648408,1317,7.311792336787203,25.0,60.15,2,2016,FP4,Laptop,Other,1
AMD Athlon X2 370K Dual Core,49.279998779296875,1504,30.51948127547131,1514,30.72240335841992,65.0,23.14,1,2013,unknown,Unknown,unknown,1
AMD Phenom 9350e Quad-Core,3382.07,1501,0.4438110388016806,792,0.23417611107990077,65.0,23.1,4,2009,AM2+,Desktop,Other,0
Intel Celeron 2970M @ 2.20GHz,121.20999908447266,1501,12.383466804202644,1245,10.271429827603125,37.0,40.55,2,2014,FCPGA946,Laptop,Other,1
AMD PRO A6-8530B,180.25999450683594,1498,8.310218826414044,1271,7.050926654454105,15.0,99.88,2,2017,FP4,Laptop,Other,1
Intel Pentium G870 @ 3.10GHz,77.0,1495,19.415584415584416,1464,19.01298701298701,65.0,22.99,2,2012,FCLGA1155,Desktop,Other,0
AMD A4-7300 APU,19.69,1492,75.77450482478415,1484,75.36820721178263,65.0,22.95,1,2014,FM2,Desktop,Other,0
Intel Celeron 3955U @ 2.00GHz,256.04998779296875,1490,5.819176219624549,1202,4.694395849656852,15.0,99.34,2,2016,FCBGA1356,Laptop,Other,1
AMD PRO A6-8570E,102.0,1489,14.598039215686274,1216,11.92156862745098,35.0,42.55,2,2017,unknown,Desktop,unknown,1
Intel Celeron 3867U @ 1.80GHz,107.0,1488,13.906542056074766,1097,10.25233644859813,15.0,99.18,2,2019,FCBGA1356,Laptop,Other,0
Intel Core i3-2120T @ 2.60GHz,133.89,1486,11.098663081634179,1144,8.544327432967362,35.0,42.47,2,2011,LGA1155,Desktop,LGA1155,0
AMD A4 PRO-7300B APU,40.380001068115234,1481,36.67657159051994,1522,37.69192569937296,65.0,22.78,1,2014,unknown,Desktop,unknown,1
Intel Core2 Quad Q9000 @ 2.00GHz,389.0,1480,3.8046272493573263,879,2.2596401028277633,45.0,32.89,4,2009,PGA478,Laptop,PGA478,0
Intel Core i5-4300Y @ 1.60GHz,145.91000366210938,1479,10.136385188674174,965,6.613665792475036,11.5,128.57,2,2013,BGA1168,Desktop,Other,1
Intel Celeron G1610 @ 2.60GHz,37.0,1478,39.945945945945944,1359,36.729729729729726,55.0,26.88,2,2012,FCLGA1155,Desktop,Other,0
AMD A4-6210 APU,208.7100067138672,1471,7.048056886015439,607,2.9083416246168396,15.0,98.07,4,2014,FT3b,Laptop,Other,1
Intel Xeon E7320 @ 2.13GHz,96.55999755859375,1469,15.213339241320853,776,8.036454221419321,80.0,18.36,4,2016,604,Server,Other,1
Intel Core i7-640LM @ 2.13GHz,116.41999816894531,1469,12.618107052950043,1013,8.701254216908369,25.0,58.76,2,2010,BGA1288,Laptop,Other,1
AMD Phenom II X3 720,64.45,1466,22.746314972847166,1081,16.77269200930954,95.0,15.43,3,2009,AM3,Desktop,AM3,0
AMD A6-8500P,238.82000732421875,1466,6.138514174023027,1272,5.326186923163227,15.0,97.72,2,2016,BGA (FP4),Laptop,Other,1
Intel Celeron G1620 @ 2.70GHz,70.27,1466,20.862387932261278,1407,20.022769318343535,55.0,26.65,2,2013,FCLGA1155,Desktop,Other,0
Intel Pentium J3710 @ 1.60GHz,188.5399932861328,1465,7.770234709707881,715,3.792298851495655,6.5,225.39,4,2016,unknown,Desktop,unknown,1
AMD Opteron 1352,135.99,1464,10.765497463048753,849,6.243106110743437,75.0,19.52,4,2009,AM2,Server,AM2,0
AMD Phenom II N950 Quad-Core,112.6,1460,12.966252220248668,847,7.522202486678508,35.0,41.73,4,2010,S1,Laptop,S1,0
AMD A8-3510MX APU,77.11,1457,18.895084943587083,826,10.71196991311114,45.0,32.38,4,2011,FS1,Laptop,Other,0
AMD Phenom 9450e Quad-Core,105.0,1455,13.857142857142858,841,8.00952380952381,65.0,22.39,4,2010,AM2+,Desktop,Other,0
AMD A6-6400K APU,19.81,1453,73.34679454820798,1429,72.13528520949016,65.0,22.35,1,2013,FM2,Desktop,Other,0
AMD PRO A6-9500B,156.63999938964844,1453,9.276047022865486,1300,8.299285017016608,15.0,96.87,2,2017,FP4,Laptop,Other,1
Intel Xeon E5320 @ 1.86GHz,38.75,1451,37.44516129032258,768,19.81935483870968,80.0,18.13,4,2009,LGA771,Server,Other,0
Intel Xeon X5272 @ 3.40GHz,140.0,1451,10.364285714285714,1411,10.07857142857143,80.0,18.14,2,2009,LGA771,Server,Other,0
Intel Core i3-530 @ 2.93GHz,115.19,1449,12.579216945915444,1176,10.209219550308188,73.0,19.85,2,2010,LGA1156,Desktop,Other,0
AMD A6-3430MX APU,84.98999786376953,1448,17.03729893394043,822,9.671726328521432,45.0,32.18,4,2012,FS1,Laptop,Other,1
Intel Xeon E5240 @ 3.00GHz,88.78,1448,16.309979725163323,1312,14.77810317639108,65.0,22.28,2,2009,LGA771,Server,Other,0
Intel Core i3-4020Y @ 1.50GHz,208.08999633789062,1447,6.953722069610701,796,3.825267980241961,11.5,125.86,2,2014,BGA1168,Desktop,Other,1
Intel Core i5-2467M @ 1.60GHz,194.14999389648438,1445,7.442699178092355,848,4.367757026313022,17.0,85.0,2,2011,BGA1023,Laptop,BGA1023,1
Intel Pentium 4410Y @ 1.50GHz,161.0,1444,8.968944099378882,777,4.826086956521739,6.0,240.71,2,2017,FCBGA1515,Laptop,Other,0
AMD Athlon II X3 415e,75.0,1441,19.213333333333335,1028,13.706666666666667,45.0,32.02,3,2010,AM3,Desktop,AM3,0
AMD Athlon X3 440,87.99,1438,16.34276622343448,1129,12.83100352312763,95.0,15.14,3,2010,unknown,Unknown,unknown,0
Intel Pentium G860 @ 3.00GHz,22.93,1437,62.66899258613171,1389,60.575665067597036,65.0,22.11,2,2011,FCLGA1155,Desktop,Other,0
AMD A4-6300 APU,28.99,1431,49.36184891341842,1419,48.947913073473615,65.0,22.01,1,2013,FM2,Desktop,Other,0
AMD Phenom II X3 700e,61.59000015258789,1430,23.218054821516578,969,15.733073511922772,65.0,21.99,3,2010,AM3,Desktop,AM3,1
Intel Xeon E3113 @ 3.00GHz,9.79,1429,145.96527068437183,1282,130.94994892747704,65.0,21.98,2,2014,LGA775,Server,LGA775,0
AMD A6-5400B APU,28.94,1428,49.34346924671734,1380,47.68486523842432,65.0,21.98,1,2013,FM2,Desktop,Other,0
AMD Phenom II X2 560,23.98,1426,59.466221851542954,1450,60.46705587989992,80.0,17.83,2,2010,AM2+/AM3,Unknown,Other,0
AMD Phenom II X3 740,88.99,1424,16.001797954826387,982,11.034947746937858,95.0,14.99,3,2010,unknown,Unknown,unknown,0
Intel Atom C2550 @ 2.40GHz,113.23999786376953,1422,12.557400448829931,554,4.892264309881703,14.0,101.57,4,2014,FCBGA1283,Server,Other,1
Intel Core i7-620LM @ 2.00GHz,111.80999755859375,1422,12.718004034074005,1074,9.605581105903996,25.0,56.89,2,2010,rPGA988A,Laptop,Other,1
AMD Phenom 9150e Quad-Core,247.5,1414,5.7131313131313135,721,2.9131313131313132,65.0,21.75,4,2009,AM2+,Desktop,Other,0
Intel Celeron 5205U @ 1.90GHz,107.0,1414,13.214953271028037,1094,10.22429906542056,15.0,94.25,2,2020,FCBGA1528,Laptop,Other,0
AMD Phenom II P960 Quad-Core,39.12,1412,36.09406952965235,740,18.916155419222907,35.0,40.35,4,2011,S1,Laptop,S1,0
Intel Atom C2558 @ 2.40GHz,136.0,1410,10.367647058823529,358,2.6323529411764706,15.0,94.0,4,2015,BGA 1283,"Laptop, Mobile/Embedded",Other,0
Intel Core i7-2610UE @ 1.50GHz,167.72000122070312,1409,8.400906211215046,972,5.795373198936143,17.0,82.9,2,2012,BGA1023,Laptop,BGA1023,1
Intel Core2 Duo E8290 @ 2.83GHz,49.099998474121094,1408,28.676171970598084,1302,26.517312433038853,65.0,21.66,2,2012,LGA775,Unknown,LGA775,1
Intel Xeon E3-1220L v3 @ 1.10GHz,118.87999725341797,1407,11.8354646072264,777,6.536002842796669,13.0,108.2,2,2014,LGA1150,Server,LGA1150,1
Intel Celeron 1020E @ 2.20GHz,110.30000305175781,1406,12.747053137797652,1224,11.097007852535082,35.0,40.18,2,2014,"FCBGA1023, FCP",Laptop,Other,1
AMD Phenom II X2 565,168.87,1405,8.320009474743886,1413,8.367383194173032,80.0,17.57,2,2011,AM2+/AM3,Desktop,Other,0
Intel Pentium G6951 @ 2.80GHz,75.0,1401,18.68,1137,15.16,73.0,19.19,2,2011,LGA1156,Desktop,Other,0
Intel Celeron N4000 @ 1.10GHz,107.0,1399,13.074766355140186,1022,9.551401869158878,6.0,233.23,2,2018,FCBGA1090,Laptop,Other,0
AMD A8-3520M APU,55.0,1398,25.418181818181818,831,15.10909090909091,35.0,39.94,4,2012,FS1,Laptop,Other,0
AMD Phenom II X2 B59,48.02,1392,28.98792169929196,1384,28.821324448146605,80.0,17.4,2,2012,AM2+/AM3,Unknown,Other,0
AMD Phenom 8600B Triple-Core,14.95,1390,92.97658862876254,957,64.01337792642141,95.0,14.63,3,2009,AM2+,Desktop,Other,0
AMD A9-9400,235.1999969482422,1390,5.909864022259667,1246,5.297619116356508,10.0,138.96,2,2016,FP4,Laptop,Other,1
AMD Athlon 5150 APU,98.86,1389,14.050171960347967,550,5.563423022455998,25.0,55.57,4,2014,"AM1,FS1b",Desktop,Other,0
AMD GX-415GA SOC,136.36000061035156,1386,10.164271001732336,520,3.8134350078649457,15.0,92.4,4,2013,FT3 (769-BGA),Laptop,Other,1
Intel Xeon L5310 @ 1.60GHz,112.5,1385,12.311111111111112,662,5.884444444444444,50.0,27.7,4,2016,LGA771,Server,Other,0
AMD E1-6050J APU,168.6199951171875,1385,8.21373526335031,787,4.66729938791097,10.0,138.5,2,2016,unknown,Unknown,unknown,1
AMD A6-3500 APU,74.93,1382,18.44388095555852,958,12.785266248498598,65.0,21.25,3,2011,FM1,Desktop,Other,0
Intel Pentium G850 @ 2.90GHz,101.97,1373,13.464744532705698,1339,13.131313131313131,65.0,21.13,2,2011,FCLGA1155,Desktop,Other,0
Intel Pentium 2020M @ 2.40GHz,134.0,1367,10.201492537313433,1268,9.462686567164178,35.0,39.06,2,2013,FCPGA988,Laptop,Other,0
Intel Pentium N3710 @ 1.60GHz,215.47000122070312,1364,6.3303475763332475,686,3.1837378573054314,6.0,227.37,4,2016,FCBGA1170,Laptop,Other,1
Intel Core i3-3217UE @ 1.60GHz,191.14999389648438,1362,7.125294499028754,711,3.719592062268314,17.0,80.11,2,2014,BGA1023,Laptop,BGA1023,1
Intel Core2 Duo E8600 @ 3.33GHz,149.95,1362,9.083027675891964,1413,9.423141047015672,65.0,20.96,2,2008,LGA775,Desktop,LGA775,0
AMD Phenom II X2 570,53.36000061035156,1360,25.487256080281362,1408,26.386806294879527,80.0,16.99,2,2015,AM3,Desktop,AM3,1
AMD Athlon II X2 280,76.89,1355,17.622577708414617,1462,19.01417609572116,65.0,20.84,2,2013,AM3,Unknown,AM3,0
Intel Pentium 2030M @ 2.50GHz,134.0,1353,10.097014925373134,1157,8.634328358208956,35.0,38.66,2,2013,FCPGA988,Laptop,Other,0
Intel Pentium G645 @ 2.90GHz,93.35,1353,14.493840385645422,1303,13.958221746116767,65.0,20.82,2,2012,LGA1155,Desktop,LGA1155,0
Intel Core i3-2332M @ 2.20GHz,88.83000183105469,1353,15.23134044929171,936,10.536980532547702,35.0,38.65,2,2014,rPGA988B,Laptop,Other,1
Intel Core i3-4010Y @ 1.30GHz,154.55999755859375,1350,8.734472187657834,744,4.813664672309207,11.5,117.42,2,2013,BGA1168,Desktop,Other,1
AMD A4-5300 APU,26.95,1349,50.0556586270872,1348,50.01855287569573,65.0,20.76,2,2012,FM2,Desktop,Other,0
Intel Atom x7-Z8750 @ 1.60GHz,72.22000122070312,1349,18.679035962315737,701,9.706452342167035,4.0,337.22,4,2017,UTFCBGA1380,Laptop,Other,1
AMD A4-5100 APU,233.0,1346,5.776824034334764,540,2.3175965665236054,15.0,89.72,4,2015,FT3,Laptop,Other,1
AMD A10 Micro-6700T APU,213.35000610351562,1345,6.304194804416444,700,3.2809935785067,5.0,268.95,4,2015,FT3b,Laptop,Other,1
AMD Phenom 8750 Triple-Core,53.290000915527344,1343,25.20172596973411,974,18.277350033150427,95.0,14.14,3,2009,AM2+,Desktop,Other,1
Intel Celeron 4205U @ 1.80GHz,107.0,1341,12.532710280373832,1057,9.878504672897197,15.0,89.41,2,2019,FCBGA1528,Laptop,Other,0
Intel Pentium 3825U @ 1.90GHz,224.92999267578125,1340,5.957409165666509,1108,4.9259771310138,15.0,89.32,2,2015,FCBGA1168,Laptop,FCBGA1168,1
Intel Xeon L3110 @ 3.00GHz,64.80000305175781,1338,20.64814717572308,1279,19.737653391442315,45.0,29.74,2,2009,LGA775,Server,LGA775,1
Intel Pentium G2020T @ 2.50GHz,47.6,1337,28.088235294117645,1252,26.30252100840336,35.0,38.19,2,2013,FCLGA1155,Desktop,Other,0
Intel Xeon L5240 @ 3.00GHz,31.4,1337,42.57961783439491,1299,41.36942675159236,40.0,33.42,2,2009,LGA771,Server,Other,0
AMD A6-9225,162.67999267578125,1336,8.212441972889854,1178,7.241210062922342,15.0,89.08,2,2018,BGA (FT4),Laptop,Other,1
Intel Core i3-2370M @ 2.40GHz,36.99,1336,36.11786969451203,1059,28.629359286293592,35.0,38.17,2,2012,PGA988B,Laptop,Other,0
Intel Celeron G1610T @ 2.30GHz,14.98,1334,89.0520694259012,1211,80.8411214953271,35.0,38.11,2,2013,LGA1155,Desktop,LGA1155,0
AMD Athlon II X3 405e,112.9,1331,11.78919397697077,973,8.618246235606732,45.0,29.58,3,2010,AM3,Desktop,AM3,0
Intel Xeon E3120 @ 3.16GHz,47.11000061035156,1330,28.231797553994443,1364,28.953512679434905,65.0,20.47,2,2010,LGA775,Server,LGA775,1
AMD A4-5050 APU,146.57000732421875,1328,9.060516706275456,538,3.6706008945603883,13.5,98.37,4,2017,FT3,Laptop,Other,1
AMD A4-6300B APU,27.95,1328,47.513416815742396,1373,49.12343470483005,65.0,20.43,1,2013,unknown,Desktop,unknown,0
AMD Athlon X2 280,33.49,1327,39.6237682890415,1258,37.56345177664974,65.0,20.42,2,2014,AM3,Unknown,AM3,0
Intel Core i5 750S @ 2.40GHz,210.19,1326,6.308577953280365,1039,4.943146676816214,82.0,16.17,4,2012,LGA1156,Desktop,Other,0
Intel Xeon @ 2.20GHz,35.650001525878906,1324,37.138848340269696,1383,38.7938272315657,61.0,21.7,1,2018,PPGA603,Server,Other,1
AMD Athlon II X3 400e,25.49,1320,51.78501373087486,908,35.62181247548058,45.0,29.34,3,2009,AM3,Desktop,AM3,0
AMD Phenom II P940 Quad-Core,46.099998474121094,1319,28.611714612972058,679,14.728850812894636,35.0,37.68,4,2010,S1,Laptop,S1,1
Intel Atom x7-Z8700 @ 1.60GHz,73.63,1318,17.900312372674183,646,8.773597718321337,4.0,329.52,4,2015,BGA1380,Laptop,Other,0
AMD Opteron 2393 SE,43.900001525878906,1317,29.999998957258185,1237,28.17767555818404,105.0,12.54,2,2013,F (1207),Server,Other,1
AMD Athlon X2 340 Dual Core,94.99,1315,13.843562480261081,1301,13.696178545110012,65.0,20.24,2,2013,unknown,Unknown,unknown,0
Intel Core i5-480M @ 2.67GHz,80.6,1312,16.277915632754343,1167,14.478908188585608,35.0,37.48,2,2010,BGA1288,Laptop,Other,0
Intel Core i5-4202Y @ 1.60GHz,165.7100067138672,1309,7.899341904320003,851,5.135477433595357,11.5,113.85,2,2014,FCBGA1168,Desktop,FCBGA1168,1
Intel Pentium 3550M @ 2.30GHz,215.92,1309,6.062430529825861,1183,5.4788810670618755,37.0,35.38,2,2014,FCPGA946,Laptop,Other,0
AMD Phenom II X2 555,36.96,1308,35.38961038961039,1315,35.57900432900433,80.0,16.35,2,2010,AM2+/AM3,Desktop,Other,0
AMD A8-3500M APU,59.95,1308,21.818181818181817,781,13.027522935779816,35.0,37.36,4,2011,FS1,Laptop,Other,0
AMD A8-4555M APU,152.86000061035156,1307,8.550307436748048,788,5.155043810372962,19.0,68.78,2,2012,FP2,Laptop,Other,1
Intel Xeon E5310 @ 1.60GHz,49.0,1306,26.653061224489797,640,13.061224489795919,80.0,16.33,4,2009,LGA771,Server,Other,0
AMD Phenom X4 Quad-Core GP-9500,65.19000244140625,1297,19.895688777826983,711,10.906580355462594,95.0,13.65,4,2009,AM2+,Desktop,Other,1
Intel Pentium G6960 @ 2.93GHz,51.91999816894531,1293,24.90369887519327,1264,24.345147237621262,73.0,17.71,2,2011,LGA1156,Desktop,Other,1
AMD A4-5000 APU,131.69000244140625,1289,9.78813862938095,510,3.872731342889282,15.0,85.94,4,2013,FT3,Laptop,Other,1
Intel Pentium N3700 @ 1.60GHz,444.78,1288,2.895813660686182,636,1.429920410090382,6.0,214.74,4,2015,FCBGA1170,Laptop,Other,0
AMD A6-9220,168.57000732421875,1287,7.634810132769654,1140,6.762768882173586,15.0,85.83,2,2017,unknown,Laptop,unknown,1
AMD Phenom 8850B Triple-Core,47.709999084472656,1281,26.849717555683306,972,20.373087794007944,95.0,13.48,3,2010,unknown,Desktop,unknown,1
AMD Phenom 9100e Quad-Core,34.95,1279,36.595135908440625,734,21.00143061516452,65.0,19.67,4,2009,AM2+,Desktop,Other,0
AMD Phenom II X2 521,37.970001220703125,1279,33.68448667056207,1366,35.975769188418916,65.0,19.67,2,2011,AM2+/AM3,Unknown,Other,1
Intel Core i5-460M @ 2.53GHz,64.95,1279,19.692070823710544,1137,17.505773672055426,35.0,36.54,2,2010,BGA1288,Laptop,Other,0
AMD A6-5400K APU,52.02,1279,24.586697424067665,1271,24.432910419069586,65.0,19.68,1,2012,FM2,Desktop,Other,0
AMD A6-9230,127.95999908447266,1279,9.995311106212728,1158,9.049703096946317,15.0,85.3,2,2017,unknown,Desktop,unknown,1
AMD Sempron 240,36.1,1278,35.40166204986149,1300,36.01108033240997,65.0,19.66,2,2018,FM2,Desktop,Other,0
Intel Pentium G630 @ 2.70GHz,14.99,1277,85.19012675116744,1225,81.72114743162108,65.0,19.65,2,2011,LGA1155,Desktop,LGA1155,0
Intel Celeron 1020M @ 2.10GHz,91.12999725341797,1275,13.991002287144031,1176,12.904642109554024,35.0,36.42,2,2019,FCPGA988,Laptop,Other,1
Intel Core i7-660UM @ 1.33GHz,159.07000732421875,1272,7.9964791691207475,927,5.827622790703564,18.0,70.64,2,2010,BGA1288,Laptop,Other,1
AMD Embedded G-Series GX-224IJ Radeon R4E,125.93000030517578,1271,10.092908734375357,1119,8.88588896441072,15.0,84.73,2,2017,FP4,"Laptop, Mobile/Embedded",Other,1
Intel Pentium G640 @ 2.80GHz,30.0,1270,42.333333333333336,1290,43.0,65.0,19.54,2,2012,LGA1155,Desktop,LGA1155,0
Intel Celeron G555 @ 2.70GHz,39.99,1268,31.707926981745434,1275,31.88297074268567,65.0,19.51,2,2012,LGA1155,Desktop,LGA1155,0
Intel Celeron 3865U @ 1.80GHz,145.22999572753906,1266,8.717207445045295,1047,7.209254498390541,15.0,84.4,2,2017,BGA1356,Laptop,Other,1
Intel Pentium A1020 @ 2.41GHz,102.66000366210938,1265,12.322228276589248,705,6.867328802367921,10.0,126.47,4,2020,FCBGA1170,Laptop,Other,1
Intel Core i3-2350M @ 2.30GHz,36.03,1263,35.054121565362195,1004,27.865667499306134,35.0,36.07,2,2011,PGA988B,Laptop,Other,0
AMD A6-3420M APU,49.45000076293945,1262,25.520727614342366,788,15.935287924010924,35.0,36.06,4,2012,FS1,Laptop,Other,1
AMD Phenom II X620 Dual-Core,59.70000076293945,1262,21.13902820556451,1339,22.428810433637782,45.0,28.04,2,2013,S1,Laptop,S1,1
Intel Core i3-330E @ 2.13GHz,51.95000076293945,1260,24.25409011541093,934,17.978825529995085,35.0,36.0,2,2012,BGA1288,Laptop,Other,1
AMD A6-5357M APU,64.86000061035156,1260,19.426456801465182,1268,19.549799384331628,35.0,36.01,2,2013,FP2,Laptop,Other,1
AMD A6-9210,208.22999572753906,1260,6.051001420797518,1101,5.287422670077832,15.0,84.01,2,2016,FP4,Laptop,Other,1
Intel Core i3-2348M @ 2.30GHz,64.47000122070312,1259,19.528462481177986,1038,16.100511561130062,35.0,35.99,2,2013,rPGA988B,Laptop,Other,1
AMD Phenom II N850 Triple-Core,25.0,1253,50.12,882,35.28,35.0,35.81,3,2010,S1,Laptop,S1,0
Intel Celeron 3765U @ 1.90GHz,251.94000244140625,1252,4.969437119423613,1171,4.647932002272405,15.0,83.49,2,2016,FCBGA1168,Laptop,FCBGA1168,1
Intel Core i3-3227U @ 1.90GHz,144.1699981689453,1248,8.656447359717198,939,6.513144287479527,17.0,73.44,2,2013,BGA1023,Laptop,BGA1023,1
Intel Pentium J2900 @ 2.41GHz,171.5,1246,7.26530612244898,731,4.262390670553936,10.0,124.63,4,2014,FCBGA1170,Desktop,Other,1
Intel Atom C3338 @ 1.50GHz,80.94999694824219,1245,15.379864693460435,874,10.796788547858972,8.5,146.52,2,2021,FCBGA1310,"Server, Mobile/Embedded",Other,1
Intel Xeon E3110 @ 3.00GHz,199.95,1242,6.211552888222056,1331,6.6566641660415105,65.0,19.11,2,2008,LGA775,Server,LGA775,0
Intel Xeon X5260 @ 3.33GHz,13.0,1238,95.23076923076923,1406,108.15384615384616,80.0,15.47,2,2009,LGA771,Server,Other,0
Intel Core2 Duo E8500 @ 3.16GHz,129.95,1238,9.526741054251636,1324,10.188534051558293,65.0,19.05,2,2008,LGA775,Desktop,LGA775,0
Intel Atom x5-Z8500 @ 1.44GHz,62.57,1238,19.78583985935752,628,10.036758830110276,4.0,309.45,4,2015,UTFCBGA1380,Laptop,Other,0
Intel Celeron 3855U @ 1.60GHz,208.85000610351562,1237,5.922911007179412,944,4.5199902916551045,15.0,82.44,2,2016,FCBGA1356,Laptop,Other,1
Intel Celeron 2950M @ 2.00GHz,103.6500015258789,1237,11.934394421510461,1150,11.095031192188383,37.0,33.43,2,2014,FCPGA946,Laptop,Other,1
Intel Core i3-2330M @ 2.20GHz,39.95,1235,30.913642052565706,984,24.630788485607006,35.0,35.27,2,2011,BGA1023,Laptop,BGA1023,0
AMD Athlon II X2 270,19.99,1234,61.730865432716364,1353,67.68384192096049,65.0,18.99,2,2011,AM3,Desktop,AM3,0
AMD Athlon II X2 265,15.5,1233,79.54838709677419,1344,86.70967741935483,65.0,18.97,2,2010,AM3,Desktop,AM3,0
Intel Core2 Duo T9900 @ 3.06GHz,398.95,1232,3.0881062789823286,1210,3.0329615240005015,35.0,35.21,2,2009,"BGA479,PGA478",Laptop,Other,0
AMD A4-9120,133.8000030517578,1230,9.192824902434415,1061,7.929745708522695,15.0,81.99,2,2017,BGA,Laptop,Other,1
Intel Core i3-4012Y @ 1.50GHz,193.16000366210938,1229,6.3626008319499885,698,3.613584524573712,11.5,106.86,2,2014,FCBGA1168,Laptop,FCBGA1168,1
Intel Celeron J3160 @ 1.60GHz,181.86000061035156,1227,6.746948179269711,596,3.2772462223673577,6.0,204.44,4,2016,BGA1170,Desktop,Other,1
AMD A6-3400M APU,28.99,1226,42.290444981027946,717,24.732666436702313,35.0,35.04,4,2011,FS1,Laptop,Other,0
AMD A4-4020 APU,91.0,1225,13.461538461538462,1238,13.604395604395604,65.0,18.85,2,2014,FM2,Desktop,Other,0
AMD Athlon II X2 B26,24.95,1224,49.05811623246493,1291,51.743486973947896,65.0,18.83,2,2011,unknown,Unknown,unknown,0
AMD Phenom II X3 705e,152.34,1222,8.021530786398845,962,6.314822108441644,65.0,18.81,3,2009,AM3,Desktop,AM3,0
Intel Core i3-2328M @ 2.20GHz,150.11,1221,8.134035040969955,986,6.5685164212910525,35.0,34.88,2,2012,PGA988,Laptop,Other,0
AMD A4-5300B APU,25.95,1220,47.01348747591522,1254,48.32369942196532,65.0,18.77,2,2012,FM2,Desktop,Other,0
Intel Pentium N3540 @ 2.16GHz,250.87,1216,4.847131980707139,714,2.846095587356001,7.5,162.12,4,2014,FCBGA1170,Laptop,Other,0
AMD R-272F APU,62.61000061035156,1215,19.405845522370416,1087,17.361443689561025,35.0,34.71,2,2019,FS1,"Desktop, Laptop",Other,1
AMD Phenom 8450 Triple-Core,16.99,1214,71.45379635079459,829,48.793407886992355,95.0,12.78,3,2008,AM2+,Desktop,Other,0
AMD Phenom II P860 Triple-Core,40.20000076293945,1214,30.199004401989754,831,20.6716413987261,35.0,34.69,3,2011,S1,Laptop,S1,1
AMD A4-9125,141.52000427246094,1212,8.564160284129168,1041,7.355850541071339,15.0,80.82,2,2018,BGA (FT4),Laptop,Other,1
Intel Core i5-430M @ 2.27GHz,129.95,1211,9.318968834166988,997,7.67218160831089,35.0,34.6,2,2010,BGA1288,Laptop,Other,0
AMD Phenom 8600 Triple-Core,52.99,1210,22.834497074919796,898,16.946593696923948,95.0,12.74,3,2009,AM2+,Desktop,Other,0
Intel Core i5-450M @ 2.40GHz,31.95,1208,37.80907668231612,1035,32.394366197183096,35.0,34.51,2,2010,PGA988A,Laptop,Other,0
Intel Pentium G620 @ 2.60GHz,11.99,1207,100.6672226855713,1203,100.33361134278566,65.0,18.57,2,2011,LGA1155,Desktop,LGA1155,0
AMD Phenom 8650 Triple-Core,19.0,1205,63.421052631578945,854,44.94736842105263,95.0,12.68,3,2008,AM2+,Desktop,Other,0
Intel Celeron G550 @ 2.60GHz,49.0,1200,24.489795918367346,1192,24.3265306122449,65.0,18.46,2,2012,LGA1155,Desktop,LGA1155,0
Intel Atom x5-Z8550 @ 1.44GHz,81.80999755859375,1200,14.6681339177469,703,8.593081786813391,4.0,300.05,4,2016,UTFCBGA1380,"Laptop, Mobile/Embedded",Other,1
AMD A6-3410MX APU,3.99,1199,300.50125313283206,722,180.95238095238093,45.0,26.65,4,2011,FS1,Laptop,Other,0
AMD Opteron 2222,19.0,1198,63.05263157894737,618,32.526315789473685,95.0,12.62,2,2013,F (1207),Server,Other,0
Intel Celeron N3150 @ 1.60GHz,167.67999267578125,1197,7.1385976400563615,573,3.417223431706178,6.0,199.58,4,2015,FCBGA1170,Laptop,Other,1
Intel Pentium N3530 @ 2.16GHz,152.0800018310547,1197,7.870857348685099,705,4.635717987320797,7.5,159.65,4,2014,FCBGA1170,Laptop,Other,1
Intel Celeron J3355 @ 2.00GHz,106.5999984741211,1195,11.210131492545058,806,7.560975717984365,10.0,119.53,2,2017,FCBGA1296,"Desktop, Laptop",Other,1
Intel Core i3-2310M @ 2.10GHz,39.95,1193,29.862327909887355,943,23.60450563204005,35.0,34.07,2,2011,BGA1023,Laptop,BGA1023,0
AMD A4-4000 APU,19.97,1190,59.58938407611417,1195,59.839759639459196,65.0,18.31,1,2013,FM2,Desktop,Other,0
AMD Phenom 8750B Triple-Core,37.65999984741211,1188,31.54540639440911,901,23.924588519665495,95.0,12.5,3,2009,AM2+,Desktop,Other,1
Intel Core i3-3217U @ 1.80GHz,199.0,1188,5.969849246231155,907,4.557788944723618,17.0,69.9,2,2012,BGA1023,Laptop,BGA1023,0
AMD R-460L APU,126.54000091552734,1183,9.348822439077741,776,6.1324481933426265,25.0,47.33,4,2015,BGA827 (FP2),Laptop,Other,1
Intel Celeron 3755U @ 1.70GHz,205.4600067138672,1182,5.752944424099558,1022,4.974204062123307,15.0,78.81,2,2015,FCBGA1168,Laptop,FCBGA1168,1
Intel Celeron 3965Y @ 1.50GHz,107.0,1179,11.018691588785046,889,8.30841121495327,6.0,196.53,2,2018,FCBGA1515,Laptop,Other,0
Intel Core i3-390M @ 2.67GHz,38.95,1178,30.24390243902439,1096,28.138639281129652,35.0,33.66,2,2011,BGA1288,Laptop,Other,0
AMD Athlon II X2 B28,39.02,1177,30.164018452075855,1347,34.52075858534085,65.0,18.11,2,2012,AM3,Desktop,AM3,0
Intel Pentium G840 @ 2.80GHz,84.53,1175,13.90039039394298,1252,14.811309594226902,65.0,18.08,2,2011,FCLGA1155,Desktop,Other,0
Intel Celeron G540T @ 2.10GHz,45.79999923706055,1174,25.633188199925122,972,21.222707777110067,35.0,33.55,2,2012,LGA1155,Desktop,LGA1155,1
Intel Xeon Gold 6133 @ 2.50GHz,38.43000030517578,1172,30.497007304008637,1429,37.184490987566846,150.0,7.82,1,2021,FCLGA3647,Server,FCLGA3647,1
AMD Phenom II X2 550,41.91,1169,27.89310427105703,1240,29.587210689572895,80.0,14.61,2,2009,AM2+/AM3,Desktop,Other,0
Intel Core2 Duo E8400 @ 3.00GHz,140.0,1169,8.35,1242,8.871428571428572,65.0,17.98,2,2008,LGA775,Desktop,LGA775,0
Intel Pentium E6800 @ 3.33GHz,24.95,1166,46.73346693386774,1358,54.428857715430865,65.0,17.94,2,2010,LGA775,Desktop,LGA775,0
Intel Atom Z3795 @ 1.60GHz,92.12000274658203,1166,12.65740300950287,654,7.099435307216876,4.0,291.52,4,2014,UTFCBGA1380,Laptop,Other,1
Intel Pentium E5800 @ 3.20GHz,139.95,1165,8.324401571989997,1314,9.389067524115756,65.0,17.93,2,2012,LGA775,Desktop,LGA775,0
Intel Core i3-380M @ 2.53GHz,49.95,1165,23.323323323323322,1018,20.38038038038038,35.0,33.28,2,2010,PGA988A,Laptop,Other,0
AMD Phenom II X640 Dual-Core,45.75,1165,25.46448087431694,1142,24.961748633879782,45.0,25.88,2,2012,S1,Unknown,S1,1
Intel Pentium G645T @ 2.50GHz,51.220001220703125,1164,22.725497310794893,1100,21.475985431163558,35.0,33.25,2,2012,LGA1155,Desktop,LGA1155,1
AMD Phenom II X2 511,48.66999816894531,1163,23.89562448642275,1253,25.744812967745233,65.0,17.89,2,2011,AM2+/AM3,Unknown,Other,1
AMD Athlon II X2 255,12.55,1163,92.66932270916334,1249,99.5219123505976,65.0,17.89,2,2010,AM3,Desktop,AM3,0
Intel Core2 Duo T9800 @ 2.93GHz,423.89,1163,2.7436363207435894,1220,2.878105168793791,35.0,33.22,2,2009,BGA479,Laptop,Other,0
Intel Core2 Duo E7600 @ 3.06GHz,119.95,1161,9.679032930387661,1275,10.6294289287203,65.0,17.85,2,2009,LGA775,Desktop,LGA775,0
AMD A6-5350M APU,33.12,1160,35.02415458937198,1213,36.624396135265705,35.0,33.13,2,2013,FS1r2,Laptop,Other,0
AMD Phenom II P920 Quad-Core,65.0,1160,17.846153846153847,598,9.2,25.0,46.4,4,2010,S1,Laptop,S1,0
AMD A6-9220C,118.18000030517578,1159,9.807073929659152,1018,8.613978654351179,6.0,193.12,2,2019,FT4,Laptop,Other,1
AMD Athlon II X2 250e,76.73,1155,15.052782484034926,1201,15.652287240974847,45.0,25.67,2,2011,AM3,Desktop,AM3,0
AMD QC-4000,100.04000091552734,1155,11.545381741602233,449,4.488204677038444,15.0,77.02,4,2015,FT3,Laptop,Other,1
Intel Celeron N3160 @ 1.60GHz,349.0,1154,3.306590257879656,567,1.6246418338108883,6.0,192.42,4,2016,FCBGA1170,Laptop,Other,0
AMD Sempron 3850 APU,47.58,1153,24.23287095418243,448,9.415720891130727,25.0,46.1,4,2014,"AM1,FS1b",Desktop,Other,0
Intel Pentium E6700 @ 3.20GHz,140.19,1152,8.21741921677723,1314,9.37299379413653,65.0,17.72,2,2010,LGA775,Desktop,LGA775,0
AMD Phenom II X2 B55,37.95,1151,30.32938076416337,1244,32.77997364953887,80.0,14.39,2,2009,AM3,Desktop,AM3,0
Intel Core i5-2537M @ 1.40GHz,154.36000061035156,1150,7.450116581062514,906,5.869396193428381,17.0,67.65,2,2011,BGA1023,Laptop,BGA1023,1
Intel Pentium 3805U @ 1.90GHz,211.16000366210938,1148,5.436635632176765,1079,5.109869204807255,15.0,76.51,2,2015,FCBGA1168,Laptop,FCBGA1168,1
Intel Celeron 3215U @ 1.70GHz,191.17999267578125,1144,5.983889757439678,1060,5.544513236788513,15.0,76.27,2,2016,FCBGA1168,Laptop,FCBGA1168,1
AMD Phenom 8850 Triple-Core,38.95000076293945,1142,29.319639990523488,982,25.211809518996557,95.0,12.02,3,2010,AM2+,Desktop,Other,1
Intel Xeon W3505 @ 2.53GHz,14.86,1142,76.85060565275909,1104,74.29340511440108,130.0,8.79,2,2009,LGA1366,Server,LGA1366,0
Intel Core2 Duo E6850 @ 3.00GHz,51.2,1140,22.265625,1196,23.359375,65.0,17.53,2,2008,LGA775,Desktop,LGA775,0
Intel Pentium G640T @ 2.40GHz,84.88,1139,13.418944392082942,1102,12.983034872761547,35.0,32.54,2,2012,LGA1155,Desktop,LGA1155,0
Intel Core2 Extreme X9100 @ 3.06GHz,851.0,1139,1.3384253819036427,1175,1.3807285546415982,44.0,25.89,2,2008,PGA478,Laptop,PGA478,0
AMD Phenom II N870 Triple-Core,61.709999084472656,1139,18.457300549313942,858,13.903743521783461,35.0,32.53,3,2011,S1,Laptop,S1,1
Intel Core2 Extreme X7800 @ 2.60GHz,261.07000732421875,1138,4.358984058198366,1077,4.1253302554302635,44.0,25.87,2,2009,PGA478,Laptop,PGA478,1
Intel Core i3-2312M @ 2.10GHz,54.4900016784668,1138,20.884565332096724,927,17.01229531006473,35.0,32.52,2,2012,PGA988B,Laptop,Other,1
Intel Celeron J1900 @ 1.99GHz,222.1300048828125,1137,5.118624116538595,650,2.926214314643876,10.0,113.68,4,2014,FCBGA1170,Desktop,Other,1
AMD Phenom II N830 Triple-Core,52.08000183105469,1137,21.831796467449823,798,15.322580106442356,35.0,32.47,3,2010,S1,Laptop,S1,1
Intel Core2 Extreme X9000 @ 2.80GHz,409.95,1135,2.768630320770826,1103,2.690572020978168,44.0,25.79,2,2009,PGA478,Laptop,PGA478,0
AMD Phenom 8450e Triple-Core,48.20000076293945,1134,23.526970581957386,781,16.203319245598514,65.0,17.45,3,2009,AM2+,Desktop,Other,1
Intel Pentium N3520 @ 2.16GHz,244.41000366210938,1134,4.639744621777946,664,2.7167464099299434,7.5,151.2,4,2014,FCBGA1170,Laptop,Other,1
AMD A8-7050,222.1999969482422,1129,5.081008170594088,890,4.005400595065313,15.0,75.27,2,2016,unknown,Laptop,unknown,1
AMD Phenom II X2 B53,46.5,1126,24.21505376344086,1164,25.032258064516128,80.0,14.07,2,2009,AM3,Desktop,AM3,1
Intel Celeron N3350 @ 1.10GHz,275.49,1126,4.0872626955606375,809,2.936585719989836,6.0,187.73,2,2016,FCBGA1296,Laptop,Other,0
Intel Core i3-370M @ 2.40GHz,29.96,1126,37.583444592790386,977,32.61014686248331,35.0,32.16,2,2010,PGA988A,Laptop,Other,0
AMD E2-3800 APU,100.79000091552734,1124,11.151899888779946,447,4.434963745804836,15.0,74.94,4,2014,FT3,Laptop,Other,1
AMD A6-5345M APU,181.6999969482422,1122,6.175013862656284,1094,6.020913694960762,17.0,65.97,2,2014,FP2,Laptop,Other,1
AMD E2-6110 APU,100.79000091552734,1121,11.12213503142555,466,4.623474509049337,15.0,74.76,4,2014,"AM1,FT3b",Laptop,Other,1
Intel Xeon L5320 @ 1.86GHz,69.99,1118,15.973710530075726,281,4.014859265609373,50.0,22.35,4,2011,LGA771,Server,Other,0
Intel Pentium A1018 @ 2.10GHz,83.47000122070312,1117,13.382053236665698,1020,12.219959088092223,35.0,31.9,2,2014,FCPGA988,Laptop,Other,1
AMD A6-1450 APU,108.4000015258789,1117,10.304427899231465,468,4.3173431126591995,8.0,139.59,4,2013,FT3,Laptop,Other,1
AMD Phenom II P840 Triple-Core,51.83000183105469,1116,21.53193055322897,790,15.242137219579648,35.0,31.88,3,2010,S1,Laptop,S1,1
Intel Celeron G1820TE @ 2.20GHz,66.2300033569336,1115,16.835270171902703,728,10.991997027036025,35.0,31.85,2,2014,LGA1150,Desktop,LGA1150,1
AMD Phenom 8250 Triple-Core,49.45000076293945,1114,22.5278055169393,752,15.207279846264232,65.0,17.14,3,2009,unknown,Desktop,unknown,1
AMD Athlon II X2 260,39.99,1113,27.831957989497372,1249,31.23280820205051,65.0,17.12,2,2010,AM3,Desktop,AM3,0
Intel Celeron G540 @ 2.50GHz,11.03,1110,100.63463281958296,1131,102.53853127833183,65.0,17.07,2,2011,LGA1155,Desktop,LGA1155,0
Intel Core2 Duo P9700 @ 2.80GHz,313.04998779296875,1109,3.5425652235879395,1151,3.6767291004055167,28.0,39.61,2,2009,PGA478,Laptop,PGA478,1
AMD Phenom II X2 545,43.98,1107,25.170532060027288,1083,24.624829467939975,80.0,13.84,2,2009,AM2+/AM3,Desktop,Other,0
AMD Opteron 2220,1038.26,1106,1.065243773235991,553,0.5326218866179955,95.0,11.64,2,2009,F (1207),Server,Other,0
AMD Athlon II X2 210e,28.49,1105,38.78553878553879,1105,38.78553878553879,45.0,24.56,2,2010,AM3,Desktop,AM3,0
Intel Celeron G550T @ 2.20GHz,52.11000061035156,1102,21.147572195212938,1026,19.68911894037067,35.0,31.49,2,2014,LGA1155,Desktop,LGA1155,1
AMD Phenom II X2 B57,49.41999816894531,1099,22.23796116387946,1231,24.908944670369078,80.0,13.73,2,2010,unknown,Unknown,unknown,1
Intel Celeron G530 @ 2.40GHz,48.99,1096,22.37191263523168,1078,22.004490712390282,65.0,16.86,2,2011,LGA1155,Desktop,LGA1155,0
AMD A4-3420 APU,136.0,1094,8.044117647058824,1150,8.455882352941176,65.0,16.83,2,2012,FM1,Desktop,Other,0
AMD PRO A4-4350B,131.25999450683594,1093,8.326984959176402,988,7.527045873436674,15.0,72.89,2,2019,FT4,Laptop,Other,1
Intel Core2 Extreme X7900 @ 2.80GHz,159.95,1093,6.8333854329477965,1087,6.795873710534543,44.0,24.83,2,2009,PGA478,Laptop,PGA478,0
Intel Celeron 2002E @ 1.50GHz,86.0,1091,12.686046511627907,871,10.127906976744185,25.0,43.63,2,2018,FCBGA1364,Laptop,Other,0
Intel Pentium B970 @ 2.30GHz,50.99,1091,21.396352225926652,1055,20.69033143753677,35.0,31.17,2,2012,PGA988,Laptop,Other,0
Intel Core i7-640UM @ 1.20GHz,147.8699951171875,1090,7.371339933677357,817,5.525123601664588,18.0,60.53,2,2010,BGA1288,Laptop,Other,1
Intel Core2 Duo E7500 @ 2.93GHz,99.63,1090,10.940479775168123,1198,12.024490615276523,65.0,16.76,2,2009,LGA775,Desktop,LGA775,0
AMD Opteron 1222,70.41000366210938,1089,15.466552242008152,1128,16.02045080714894,103.0,10.58,2,2010,AM2,Server,AM2,1
Intel Celeron G1101 @ 2.27GHz,19.77,1086,54.931714719271625,929,46.9903894790086,73.0,14.87,2,2011,FCLGA1156,Desktop,Other,0
AMD Phenom 8250e Triple-Core,46.99,1084,23.06873802936795,729,15.51393913598638,65.0,16.68,3,2009,940,Desktop,Other,0
AMD Athlon II X2 250,38.95,1083,27.804878048780484,1155,29.653401797175864,65.0,16.66,2,2009,AM3,Desktop,AM3,0
AMD Phenom 8400 Triple-Core,39.619998931884766,1079,27.23372107745463,786,19.838465956329323,95.0,11.36,3,2009,AM2+,Desktop,Other,1
AMD Athlon II X2 245e,19.99,1075,53.77688844422212,1145,57.27863931965983,45.0,23.89,2,2011,AM3,Desktop,AM3,0
Intel Celeron 1005M @ 1.90GHz,45.27000045776367,1074,23.7243205023165,1017,22.465208520349982,35.0,30.67,2,2013,FCPGA988,Laptop,Other,1
AMD Athlon II X2 B24,24.1,1073,44.522821576763484,1206,50.04149377593361,65.0,16.51,2,2010,AM3,Desktop,AM3,0
Intel Pentium E6500 @ 2.93GHz,95.71,1073,11.21094974401839,1210,12.642357120468082,65.0,16.51,2,2009,LGA775,Desktop,LGA775,0
Intel Pentium E6600 @ 3.06GHz,16.99,1072,63.09593878752208,1156,68.04002354326074,65.0,16.49,2,2010,LGA775,Desktop,LGA775,0
Intel Xeon 3085 @ 3.00GHz,28.469999313354492,1070,37.583422051509935,1124,39.48015550083848,65.0,16.46,2,2015,LGA775,Server,LGA775,1
Intel Core2 Duo P9600 @ 2.66GHz,200.66000366210938,1069,5.327419418371411,1111,5.536728693929502,25.0,42.75,2,2009,PGA478,Laptop,PGA478,1
AMD Phenom II P820 Triple-Core,50.0,1068,21.36,717,14.34,25.0,42.7,3,2010,S1,Laptop,S1,1
AMD A4-3400 APU,20.0,1066,53.3,1075,53.75,65.0,16.4,2,2011,FM1,Desktop,Other,0
AMD GX-412HC,97.23999786376953,1065,10.952283251713299,412,4.2369396241369754,7.0,152.12,4,2015,FT3b,Laptop,Other,1
Intel Pentium B980 @ 2.40GHz,35.81,1064,29.712370846132362,1050,29.32141859815694,35.0,30.4,2,2012,FCPGA988,Laptop,Other,0
Intel Core2 Duo E8200 @ 2.66GHz,75.99,1064,14.001842347677327,1126,14.817739176207397,65.0,16.36,2,2008,LGA775,Desktop,LGA775,0
AMD A6-9200,128.52999877929688,1062,8.262662491918292,925,7.196763469891167,10.0,106.22,2,2018,BGA,Laptop,Other,1
Intel Core i3-350M @ 2.27GHz,29.0,1062,36.62068965517241,879,30.310344827586206,35.0,30.35,2,2010,BGA1288,Laptop,Other,0
Intel Pentium G6950 @ 2.80GHz,79.0,1061,13.430379746835444,1035,13.10126582278481,73.0,14.53,2,2010,LGA1156,Desktop,Other,0
AMD Athlon II X2 4400e,71.9000015258789,1059,14.728789673513916,1121,15.591098417383474,37.0,28.61,2,2009,unknown,Unknown,unknown,1
AMD Embedded G-Series GX-215JJ Radeon R2E,109.86000061035156,1057,9.621336192677976,869,7.910067314510086,10.0,105.74,2,2017,FP4,"Laptop, Mobile/Embedded",Other,1
Intel Celeron 2980U @ 1.60GHz,188.74000549316406,1056,5.59499824767276,929,4.922114935689388,15.0,70.38,2,2014,FCBGA1168,Laptop,FCBGA1168,1
Intel Celeron G530T @ 2.00GHz,16.99,1056,62.15420835785757,962,56.62154208357858,35.0,30.17,2,2011,LGA1155,Desktop,LGA1155,0
Intel Xeon W3503 @ 2.40GHz,9.99,1052,105.3053053053053,1015,101.6016016016016,130.0,8.1,2,2009,LGA1366,Server,LGA1366,0
Intel Core2 Duo T9600 @ 2.80GHz,54.95,1051,19.126478616924476,1121,20.400363967242946,35.0,30.03,2,2009,BGA479,Laptop,Other,0
AMD Athlon II X2 235e,97.5,1049,10.75897435897436,1107,11.353846153846154,45.0,23.3,2,2009,AM3,Desktop,AM3,0
Intel Core i7-680UM @ 1.47GHz,151.41000366210938,1046,6.908394258640147,773,5.105342984635596,18.0,58.11,2,2011,BGA1288,Laptop,Other,1
AMD GX-222GC SOC,151.6699981689453,1038,6.843805713268164,819,5.399881386480373,15.0,69.2,2,2016,BGA769 (FT3b),"Laptop, Mobile/Embedded",Other,1
Intel Atom E3845 @ 1.91GHz,193.86000061035156,1038,5.354379432229166,536,2.764881864811978,10.0,103.76,4,2014,FCBGA1170,Desktop,Other,1
AMD Athlon 7850 Dual-Core,99.99,1037,10.371037103710371,1110,11.101110111011101,95.0,10.91,2,2009,AM2+,Desktop,Other,0
AMD Opteron 1220,84.33000183105469,1036,12.285070289403112,1077,12.771255503559027,103.0,10.05,2,2009,AM2,Server,AM2,1
AMD Athlon II X2 B22,25.95,1036,39.92292870905588,1124,43.3140655105973,65.0,15.94,2,2010,AM3,Desktop,AM3,0
AMD Opteron 2218,96.41,1036,10.745773260035266,491,5.092832693703973,95.0,10.91,2,2009,F (1207),Server,Other,0
Intel Celeron N2940 @ 1.83GHz,230.72000122070312,1035,4.485956980426397,612,2.652565866686913,7.5,138.0,4,2014,FCBGA1170,Laptop,Other,1
Intel Core2 Duo E8300 @ 2.83GHz,19.99,1034,51.725862931465734,1169,58.47923961980991,65.0,15.9,2,2008,LGA775,Desktop,LGA775,0
Intel Pentium G630T @ 2.30GHz,84.07,1029,12.239800166527894,1040,12.370643511359582,35.0,29.4,2,2011,LGA1155,Desktop,LGA1155,0
AMD A6 PRO-7050B APU,168.64999389648438,1027,6.089534759368933,905,5.366143093699011,17.0,60.44,2,2014,FP3,Laptop,Other,1
Intel Celeron 1000M @ 1.80GHz,41.7599983215332,1026,24.568966504746037,969,23.204023921149034,35.0,29.32,2,2013,FCPGA988,Laptop,Other,1
AMD A6-4400M APU,27.0,1026,38.0,1043,38.629629629629626,35.0,29.31,1,2012,FS1r2,Laptop,Other,0
Intel Xeon 3070 @ 2.66GHz,28.65,1025,35.776614310645726,1024,35.74171029668412,65.0,15.77,2,2010,LGA775,Server,LGA775,0
AMD Athlon II X2 220,59.95,1024,17.08090075062552,1105,18.43202668890742,65.0,15.75,2,2010,AM3,Desktop,AM3,0
AMD Phenom II N660 Dual-Core,89.0,1024,11.50561797752809,1070,12.02247191011236,35.0,29.26,2,2011,S1,Laptop,S1,0
AMD Athlon II X2 245,12.55,1022,81.43426294820716,1113,88.68525896414342,65.0,15.73,2,2009,AM2+/AM3,Desktop,Other,0
Intel Pentium 2127U @ 1.90GHz,134.0,1018,7.597014925373134,941,7.022388059701493,17.0,59.87,2,2013,FCBGA1023,Laptop,Other,0
Intel Pentium 3556U @ 1.70GHz,136.8300018310547,1017,7.432580474972877,937,6.847913377629878,15.0,67.82,2,2013,BGA1168,Laptop,Other,1
Intel Pentium E5700 @ 3.00GHz,49.99,1017,20.344068813762753,1169,23.384676935387077,65.0,15.65,2,2010,LGA775,Desktop,LGA775,0
Intel Core2 Duo T9500 @ 2.60GHz,108.02,1016,9.405665617478245,1090,10.09072394001111,35.0,29.02,2,2009,BGA479,Laptop,Other,0
Intel Pentium J2850 @ 2.41GHz,212.6300048828125,1016,4.778253194133874,646,3.0381413025693726,10.0,101.56,4,2014,FCBGA1170,Desktop,Other,1
AMD Turion II Ultra Dual-Core Mobile M640,44.04999923706055,1016,23.064699604925522,1063,24.13166897641322,35.0,29.02,2,2009,S1,Laptop,S1,1
Intel Core i5-560UM @ 1.33GHz,144.69000244140625,1015,7.01499746266875,898,6.206372139385751,18.0,56.37,2,2011,BGA1288,Laptop,Other,1
AMD Athlon X2 240e,36.310001373291016,1015,27.953730697091512,1092,30.074358543077764,45.0,22.56,2,2011,unknown,Unknown,unknown,1
Intel Core2 Duo E6700 @ 2.66GHz,29.99,1012,33.744581527175725,1055,35.1783927975992,65.0,15.57,2,2010,LGA775,Desktop,LGA775,0
Intel Core2 Duo P9600 @ 2.53GHz,99.0,1012,10.222222222222221,1075,10.858585858585858,25.0,40.46,2,2009,PGA478,Laptop,PGA478,0
AMD Turion II Ultra Dual-Core Mobile M660,22.770000457763672,1011,44.40052611660308,1103,48.44093007577962,35.0,28.9,2,2010,S1,Laptop,S1,1
AMD A6-7000,196.99000549316406,1010,5.127163672448595,857,4.350474522067769,17.0,59.4,2,2015,FP3,Laptop,Other,1
Intel Core2 Duo E6750 @ 2.66GHz,10.3,1010,98.05825242718446,1050,101.94174757281553,65.0,15.54,2,2008,LGA775,Desktop,LGA775,0
Intel Pentium E5500 @ 2.80GHz,15.99,1010,63.16447779862414,1140,71.29455909943715,65.0,15.53,2,2010,LGA775,Desktop,LGA775,0
Intel Core i3-3229Y @ 1.40GHz,162.72000122070312,1004,6.170108114971299,678,4.166666635408905,13.0,77.22,2,2013,BGA1023,Desktop,BGA1023,1
Intel Pentium 3558U @ 1.70GHz,175.55999755859375,1004,5.718842640476294,929,5.291638259962626,15.0,66.91,2,2014,FCBGA1168,Laptop,FCBGA1168,1
AMD A4 Micro-6400T APU,257.1499938964844,1004,3.9043360833372596,530,2.061053908534609,4.5,223.12,4,2014,FT3b,Laptop,Other,1
Intel Celeron N2930 @ 1.83GHz,224.24000549316406,1003,4.472886083792824,582,2.5954334005657267,7.5,133.73,4,2014,FCBGA1170,Laptop,Other,1
Intel Core i5-540UM @ 1.20GHz,141.3800048828125,1002,7.087282256288935,818,5.785825235174,18.0,55.64,2,2011,BGA1288,Laptop,Other,1
Intel Pentium E6300 @ 2.80GHz,41.85,1000,23.894862604540023,1129,26.977299880525685,65.0,15.38,2,2009,LGA775,Desktop,LGA775,0
Intel Pentium 2117U @ 1.80GHz,134.0,998,7.447761194029851,925,6.902985074626866,17.0,58.7,2,2013,FCBGA1023,Laptop,Other,0
Intel Core i3-330M @ 2.13GHz,149.95,997,6.648882960986996,809,5.39513171057019,35.0,28.48,2,2010,BGA1288,Laptop,Other,0
AMD Athlon X2 215,30.34000015258789,996,32.82794973602019,1107,36.486486302986286,65.0,15.33,2,2010,unknown,Unknown,unknown,1
AMD Athlon X2 250,40.0099983215332,993,24.818796342352552,1132,28.292927955229697,65.0,15.28,2,2009,unknown,Unknown,unknown,1
Intel Celeron 2981U @ 1.60GHz,185.38999938964844,991,5.345487907991946,871,4.698203802079703,15.0,66.1,2,2016,BGA1168,Laptop,Other,1
AMD E2-9010,133.24000549316406,991,7.437706087837438,871,6.537075683659342,15.0,66.1,2,2017,FP4,Laptop,Other,1
AMD Phenom II N620 Dual-Core,3.99,990,248.12030075187968,1069,267.91979949874684,35.0,28.28,2,2010,S1,Laptop,S1,0
AMD Athlon II X2 4300e,93.38999938964844,990,10.600706783061977,1074,11.50016069192784,13.0,76.18,2,2012,unknown,Unknown,unknown,1
Intel Pentium Extreme Edition 965 @ 3.73GHz,31.690000534057617,987,31.145471232771342,818,25.812558731921943,130.0,7.59,2,2009,PLGA775,Desktop,Other,1
Intel Atom x5-E8000 @ 1.04GHz,207.63999938964844,985,4.743787338159208,509,2.451358127028464,5.0,196.92,4,2016,FCBGA1170,Laptop,Other,1
Intel Pentium B950 @ 2.10GHz,38.11000061035156,984,25.81999433851289,934,24.508002756271377,35.0,28.11,2,2011,PGA988,Laptop,Other,1
AMD Athlon II X2 240e,37.89,980,25.86434415413038,1092,28.820269200316705,45.0,21.77,2,2009,AM3,Desktop,AM3,0
Intel Core2 Duo E7400 @ 2.80GHz,14.99,980,65.37691794529687,1104,73.64909939959973,65.0,15.07,2,2008,LGA775,Desktop,LGA775,0
AMD Opteron 1218 HE,48.58000183105469,979,20.152325300535,940,19.34952582482421,65.0,15.06,2,2010,AM2,Server,AM2,1
AMD Phenom X3 8550,29.95,976,32.587646076794655,810,27.045075125208683,95.0,10.27,3,2009,AM2/AM2+,Desktop,Other,0
Intel Core i3-2340UE @ 1.30GHz,239.52999877929688,976,4.074646202872013,620,2.5884023010047628,17.0,57.43,2,2014,BGA-1023,Laptop,Other,1
Intel Core2 Duo T7800 @ 2.60GHz,607.99,976,1.6052895606835638,1034,1.7006858665438576,35.0,27.88,2,2009,BGA479,Laptop,Other,0
AMD Athlon 64 FX-74,499.5,972,1.945945945945946,617,1.2352352352352352,125.0,7.78,2,2009,F (1207),Desktop,Other,0
AMD A4-3300 APU,56.61,971,17.15244656421127,1026,18.124006359300477,65.0,14.93,2,2011,FM1,Desktop,Other,0
AMD A4-4300M APU,29.86,971,32.51841929002009,976,32.685867381111855,35.0,27.73,1,2012,FS1,Laptop,Other,0
Intel Celeron 1037U @ 1.80GHz,162.2899932861328,969,5.970793271841229,914,5.63189375692764,17.0,57.0,2,2013,FCBGA1023,Laptop,Other,1
AMD Athlon 64 X2 Dual Core 6400+,249.95,967,3.86877375475095,1142,4.568913782756551,125.0,7.74,2,2008,AM2,Desktop,AM2,0
AMD Phenom II N640 Dual-Core,54.95,965,17.561419472247497,1039,18.908098271155595,35.0,27.58,2,2010,S1,Laptop,S1,0
Intel Core i7-620UM @ 1.07GHz,178.39999389648438,964,5.4035876288166005,777,4.355381314927903,18.0,53.57,2,2010,BGA1288,Laptop,Other,1
Intel Core2 Duo E7300 @ 2.66GHz,33.07,964,29.150287269428485,1097,33.17205926821893,65.0,14.83,2,2008,LGA775,Desktop,LGA775,0
Intel Xeon 5160 @ 3.00GHz,43.5,963,22.137931034482758,1134,26.06896551724138,80.0,12.04,2,2009,LGA771,Server,Other,0
Intel Atom C2538 @ 2.40GHz,104.0,960,9.23076923076923,491,4.721153846153846,15.0,64.01,4,2018,FCBGA1283,Laptop,Other,0
AMD Athlon II X2 215,28.97,959,33.10321021746635,1041,35.93372454263031,65.0,14.75,2,2009,AM3,Desktop,AM3,0
Intel Core2 Duo P9500 @ 2.53GHz,998.99,959,0.9599695692649576,1056,1.0570676383146977,25.0,38.36,2,2008,BGA479,Laptop,Other,0
AMD E2-9000,163.1999969482422,958,5.8700981489835655,801,4.908088327072898,10.0,95.84,2,2017,unknown,Laptop,unknown,1
AMD Opteron 285,24.95,956,38.31663326653307,509,20.400801603206414,95.0,10.06,2,2009,940,Server,Other,0
Intel Core2 Duo P8700 @ 2.53GHz,84.95,956,11.253678634490877,1045,12.301353737492642,25.0,38.25,2,2009,BGA479,Laptop,Other,0
AMD R-260H APU,150.33999633789062,954,6.345616756939887,902,5.99973408255742,17.0,56.13,2,2017,BGA827 (FP2),Laptop,Other,1
AMD E2-3200 APU,7.99,953,119.2740926157697,964,120.65081351689612,65.0,14.66,2,2011,FM1,Desktop,Other,0
AMD Opteron 290,135.0,952,7.051851851851852,570,4.222222222222222,95.0,10.02,2,2009,940,Server,Other,0
AMD Athlon 7750 Dual-Core,79.99,951,11.88898612326541,1034,12.926615826978374,95.0,10.01,2,2009,AM2+,Desktop,Other,0
Intel Core2 Duo SP9400 @ 2.40GHz,284.0,948,3.3380281690140845,930,3.2746478873239435,25.0,37.93,2,2009,BGA956,Laptop,Other,0
Intel Core2 Duo E7200 @ 2.53GHz,47.0,947,20.148936170212767,1068,22.72340425531915,65.0,14.56,2,2008,LGA775,Desktop,LGA775,0
AMD Athlon 64 FX-62 Dual Core,375.0,943,2.514666666666667,1000,2.6666666666666665,125.0,7.54,2,2009,AM2,Desktop,AM2,0
Intel Celeron J1850 @ 1.99GHz,100.75,942,9.349875930521092,455,4.516129032258065,10.0,94.18,4,2013,FCBGA1170,Desktop,Other,1
Intel Core2 Duo T9400 @ 2.53GHz,44.95,941,20.93437152391546,1016,22.60289210233593,35.0,26.88,2,2009,BGA479,Laptop,Other,0
Intel Core2 Duo P8800 @ 2.66GHz,56.99,940,16.49412177575013,1087,19.0735216704685,25.0,37.59,2,2009,BGA479,Laptop,Other,0
Intel Core2 Duo T9300 @ 2.50GHz,94.95,940,9.899947340705634,1020,10.742496050552923,35.0,26.86,2,2008,BGA479,Laptop,Other,0
Intel Xeon 3060 @ 2.40GHz,22.99,939,40.84384515006525,942,40.97433666811658,65.0,14.44,2,2009,LGA775,Server,LGA775,0
AMD Athlon X2 255,34.81999969482422,938,26.93854130445119,1095,31.447444273319885,65.0,14.43,2,2012,AM2+/AM3,Unknown,Other,1
Intel Core2 Duo T9550 @ 2.66GHz,298.95,937,3.1343033952165915,1035,3.462117410938284,35.0,26.77,2,2009,BGA479,Laptop,Other,0
Intel Pentium E5400 @ 2.70GHz,92.76,936,10.090556274256144,1074,11.578266494178525,65.0,14.4,2,2009,LGA775,Desktop,LGA775,0
AMD Athlon II X2 240,24.95,935,37.4749498997996,1027,41.1623246492986,65.0,14.38,2,2009,AM3,Desktop,AM3,0
Intel Celeron E3500 @ 2.70GHz,21.0,935,44.523809523809526,1154,54.95238095238095,65.0,14.39,2,2011,LGA775,Desktop,LGA775,0
AMD Phenom II P650 Dual-Core,35.0,933,26.65714285714286,985,28.142857142857142,35.0,26.66,2,2011,S1,Laptop,S1,0
AMD Sempron X2 198 Dual-Core,46.619998931884766,930,19.948520405562387,1070,22.95152347736748,65.0,14.31,2,2015,FM1,Desktop,Other,1
Intel Celeron B840 @ 1.90GHz,37.22999954223633,930,24.979855262822195,901,24.2009135395729,35.0,26.56,2,2011,PGA988B,Laptop,Other,1
Intel Xeon L3406 @ 2.27GHz,265.19,928,3.4993778045929336,647,2.439760171952185,30.0,30.94,2,2010,LGA1156,Server,Other,0
AMD Athlon 64 X2 Dual Core 5600+,107.21,923,8.609271523178808,1027,9.579330286353885,89.0,10.37,2,2008,AM2,Desktop,AM2,0
AMD Turion II Ultra Dual-Core Mobile M600,16.76,923,55.071599045346055,982,58.59188544152744,35.0,26.38,2,2009,S1,Laptop,S1,0
AMD Athlon X2 240,42.119998931884766,921,21.866097420596194,1017,24.14529975759645,65.0,14.17,2,2009,unknown,Unknown,unknown,1
AMD Athlon 64 X2 Dual Core 6000+,38.5,919,23.87012987012987,1022,26.545454545454547,89.0,10.33,2,2008,AM2,Desktop,AM2,0
Intel Celeron 3205U @ 1.50GHz,287.04,918,3.1981605351170566,879,3.0622909698996654,15.0,61.19,2,2015,FCBGA1168,Laptop,FCBGA1168,0
Intel Celeron N2920 @ 1.86GHz,244.19000244140625,918,3.7593676678891694,549,2.2482492915807777,7.5,122.4,4,2014,FCBGA1170,Laptop,Other,1
Intel Xeon 5148 @ 2.33GHz,20.0,912,45.6,868,43.4,40.0,22.81,2,2010,LGA771,Server,Other,0
AMD Turion II Dual-Core Mobile M540,31.09000015258789,912,29.334190914247593,967,31.10324848034805,35.0,26.05,2,2011,S1,Laptop,S1,1
AMD Athlon 64 X2 Dual Core 5400+,52.99,910,17.17305151915456,1010,19.06020003774297,65.0,13.99,2,2008,AM2,Desktop,AM2,0
AMD Opteron 1218,77.08000183105469,910,11.80591565104726,962,12.480539402535674,103.0,8.84,2,2010,AM2,Server,AM2,1
Intel Pentium B960 @ 2.20GHz,38.68,910,23.526370217166495,941,24.327817993795243,35.0,26.0,2,2012,PGA988,Laptop,Other,0
AMD Opteron 2220 SE,25.0,909,36.36,519,20.76,119.0,7.64,2,2009,F (1207),Server,Other,0
Intel Atom x5-Z8350 @ 1.44GHz,21.0,909,43.285714285714285,482,22.952380952380953,4.0,227.26,4,2016,UTFCBGA592,Laptop,Other,0
Intel Core2 Duo T8300 @ 2.40GHz,108.95,906,8.315741165672327,996,9.14180816888481,35.0,25.9,2,2008,BGA479,Laptop,Other,0
Intel Pentium E5300 @ 2.60GHz,59.49,906,15.229450327786182,1032,17.34745335350479,65.0,13.93,2,2009,LGA775,Desktop,LGA775,0
Intel Core i5-520UM @ 1.07GHz,177.11000061035156,902,5.092880113441097,759,4.285472290578484,18.0,50.14,2,2010,BGA1288,Laptop,Other,1
Intel Core2 Duo E6600 @ 2.40GHz,35.09,901,25.67683100598461,953,27.15873468224565,65.0,13.86,2,2008,PLGA775,Desktop,Other,0
AMD Athlon II N370 Dual-Core,37.61000061035156,899,23.90321684154837,913,24.275458260660358,35.0,25.67,2,2012,S1g4,Unknown,Other,1
Intel Pentium G620T @ 2.20GHz,19.99,896,44.822411205602805,961,48.07403701850926,35.0,25.61,2,2011,LGA1155,Desktop,LGA1155,0
Intel Core i3-2375M @ 1.50GHz,171.6199951171875,894,5.2091832271032805,684,3.9855495831528454,17.0,52.57,2,2013,BGA1023,Laptop,BGA1023,1
AMD A4-9120C,110.43000030517578,894,8.09562616616328,953,8.629901271089045,6.0,148.93,2,2019,FT4,Laptop,Other,1
Intel Core2 Duo L9600 @ 2.13GHz,195.0,892,4.574358974358974,914,4.687179487179487,17.0,52.46,2,2009,BGA956,Laptop,Other,1
Intel Celeron 1017U @ 1.60GHz,148.32000732421875,888,5.987054720533317,821,5.5353287449975825,17.0,52.24,2,2013,FCBGA1023,Laptop,Other,1
Intel Xeon 5133 @ 2.20GHz,33.59000015258789,887,26.40666853142787,838,24.94790104773005,40.0,22.18,2,2013,LGA771,Server,Other,1
AMD Turion II P540 Dual-Core,49.95,884,17.697697697697695,843,16.876876876876874,35.0,25.26,2,2010,S1,Laptop,S1,0
AMD Sempron X2 190,83.44,879,10.53451581975072,977,11.70901246404602,45.0,19.53,2,2012,AM2+/AM3,Unknown,Other,0
Intel Atom x5-E3930 @ 1.30GHz,192.5,878,4.561038961038961,617,3.205194805194805,6.5,135.01,2,2017,BGA1296,Laptop,Other,1
Intel Pentium N3510 @ 1.99GHz,206.1300048828125,878,4.259447820316863,534,2.590598104839641,7.5,117.1,4,2013,FCBGA1170,Laptop,Other,1
AMD Turion II N550 Dual-Core,37.09000015258789,877,23.645187284767612,891,24.02264751508317,35.0,25.05,2,2011,S1,Laptop,S1,1
Athlon 64 Dual Core 5600+,54.0,875,16.203703703703702,993,18.38888888888889,65.0,13.46,2,2010,AM2,Desktop,AM2,1
Intel Core2 Duo E6550 @ 2.33GHz,13.3,875,65.78947368421052,911,68.49624060150376,65.0,13.46,2,2008,LGA775,Desktop,LGA775,0
AMD Athlon 5200 Dual-Core,89.0,869,9.764044943820224,915,10.280898876404494,75.0,11.59,2,2010,AM2,Desktop,AM2,0
Intel Core2 Duo P7550 @ 2.26GHz,229.99,868,3.7740771337884254,917,3.9871298752119655,25.0,34.74,2,2009,PGA478,Laptop,PGA478,0
AMD Athlon II X2 4450e,35.9900016784668,867,24.09002388345915,1066,29.619337323837893,45.0,19.27,2,2010,AM2,Desktop,AM2,1
Intel Pentium E5200 @ 2.50GHz,49.94,867,17.36083299959952,1006,20.144173007609133,65.0,13.33,2,2009,LGA775,Desktop,LGA775,0
Intel Xeon 3065 @ 2.33GHz,20.9,867,41.483253588516746,836,40.0,65.0,13.34,2,2009,LGA775,Server,LGA775,0
Intel Celeron P4600 @ 2.00GHz,39.900001525878906,862,21.604009198869626,812,20.350876414712456,35.0,24.63,2,2011,PGA988A,Laptop,Other,1
AMD Turion 64 X2 Mobile TL-68,90.0,861,9.566666666666666,887,9.855555555555556,35.0,24.59,2,2009,S1,Laptop,S1,0
Intel Celeron E3200 @ 2.40GHz,19.99,860,43.02151075537769,992,49.624812406203105,65.0,13.23,2,2009,LGA775,Desktop,LGA775,0
AMD Athlon 7550 Dual-Core,14.95,859,57.458193979933114,919,61.47157190635452,95.0,9.04,2,2009,AM2+,Desktop,Other,0
Intel Xeon 5140 @ 2.33GHz,36.99,857,23.168423898350905,870,23.519870235198702,65.0,13.18,2,2009,LGA771,Server,Other,0
AMD Turion II N530 Dual-Core,30.0,855,28.5,968,32.266666666666666,35.0,24.44,2,2010,S1,Laptop,S1,0
Intel Core2 Duo P8600 @ 2.40GHz,49.18,853,17.344448962993088,936,19.032126880845873,25.0,34.13,2,2008,BGA479,Laptop,Other,0
Intel Pentium P6100 @ 2.00GHz,28.44,850,29.887482419127988,831,29.219409282700422,35.0,24.29,2,2010,PGA988,Laptop,Other,0
Athlon 64 Dual Core 5000+,39.02000045776367,850,21.78370041076918,924,23.680163740647906,89.0,9.55,2,2009,unknown,Desktop,unknown,1
Intel Pentium 3560Y @ 1.20GHz,189.11000061035156,849,4.489450569826328,700,3.7015493508579853,11.5,73.83,2,2013,BGA1168,Laptop,Other,1
Intel Pentium P6200 @ 2.13GHz,24.95,847,33.947895791583164,840,33.66733466933868,35.0,24.2,2,2010,PGA988,Laptop,Other,0
Intel Core i3-2377M @ 1.50GHz,175.08999633789062,845,4.826089540657192,640,3.655263084048051,17.0,49.71,2,2012,BGA1023,Laptop,BGA1023,1
Intel Celeron 2957U @ 1.40GHz,225.35000610351562,841,3.7319723861630716,782,3.4701574387390277,15.0,56.08,2,2014,FCBGA1168,Laptop,FCBGA1168,1
Intel Xeon 3050 @ 2.13GHz,157.95,841,5.324469768914214,672,4.254510921177588,65.0,12.93,2,2009,LGA775,Server,LGA775,0
AMD TurionX2 Ultra DualCore Mobile ZM-85,69.7300033569336,841,12.060805385238451,686,9.83794589093172,35.0,24.03,2,2014,S1,Laptop,S1,1
Intel Xeon 5150 @ 2.66GHz,30.99,840,27.105517909002906,999,32.23620522749274,65.0,12.92,2,2009,LGA771,Server,Other,0
AMD Opteron 275,99.95,839,8.394197098549274,445,4.452226113056528,95.0,8.83,2,2008,940,Server,Other,0
Intel Xeon E5205 @ 1.86GHz,14.27,838,58.72459705676244,788,55.22074281709881,65.0,12.9,2,2012,LGA771,Server,Other,0
Intel Xeon E5502 @ 1.87GHz,80.0,837,10.4625,799,9.9875,80.0,10.46,2,2009,LGA1366,Server,LGA1366,0
Intel Celeron E3300 @ 2.50GHz,64.78,837,12.920654523000927,1042,16.085211485026242,65.0,12.87,2,2009,LGA775,Desktop,LGA775,0
Intel Core i5-430UM @ 1.20GHz,169.1199951171875,836,4.943235715095158,630,3.725165670466447,18.0,46.47,2,2010,BGA1288,Laptop,Other,1
AMD Athlon Dual Core 5000B,95.0,835,8.789473684210526,935,9.842105263157896,65.0,12.84,2,2009,AM2,Desktop,AM2,0
AMD Athlon 5000 Dual-Core,109.95,835,7.594361073215097,892,8.112778535698045,65.0,12.84,2,2009,"AM2,AM2+",Desktop,Other,0
Intel Celeron 2955U @ 1.40GHz,175.66000366210938,835,4.75350098253535,765,4.3550038941790925,15.0,55.68,2,2013,FCBGA1168,Laptop,FCBGA1168,1
Intel Pentium P6300 @ 2.27GHz,41.86000061035156,834,19.923554415662384,772,18.442426869174295,35.0,23.83,2,2011,PGA988,Laptop,Other,1
Intel Core i3-2367M @ 1.40GHz,157.88999938964844,832,5.269491438446021,617,3.9077839152898983,17.0,48.93,2,2011,BGA1023,Laptop,BGA1023,1
Intel Pentium B940 @ 2.00GHz,29.94,832,27.788911155644623,861,28.75751503006012,35.0,23.77,2,2011,PGA988,Laptop,Other,0
AMD E2-9000e,147.7100067138672,832,5.632658331751947,725,4.9082659741828865,6.0,138.72,2,2017,unknown,Laptop,unknown,1
AMD Turion II Dual-Core Mobile M520,69.1,830,12.011577424023155,927,13.415340086830682,35.0,23.71,2,2009,S1,Laptop,S1,0
Intel Core2 Duo E4600 @ 2.40GHz,157.95,829,5.248496359607471,925,5.856283634061413,65.0,12.76,2,2008,LGA775,Desktop,LGA775,0
Intel Celeron E3400 @ 2.60GHz,14.99,829,55.30353569046031,1007,67.17811874583056,65.0,12.76,2,2010,LGA775,Desktop,LGA775,0
Intel Core2 Duo P8400 @ 2.26GHz,297.01,827,2.78441803306286,921,3.100905693410996,25.0,33.09,2,2008,BGA479,Laptop,Other,0
AMD Athlon Dual Core 5400B,80.54000091552734,826,10.25577341210031,969,12.031288663831962,65.0,12.71,2,2009,AM2,Desktop,AM2,1
AMD Sempron X2 180,69.4,826,11.902017291066281,865,12.463976945244955,45.0,18.35,2,2011,unknown,Unknown,unknown,0
Intel Core2 Duo T7700 @ 2.40GHz,129.95,825,6.348595613697577,899,6.9180454020777224,35.0,23.56,2,2008,BGA479,Laptop,Other,0
Intel Core i3-2357M @ 1.30GHz,138.25,824,5.960216998191682,591,4.274864376130199,17.0,48.48,2,2011,unknown,Laptop,unknown,1
Intel Core2 Duo T7500 @ 2.20GHz,42.99,823,19.143986973714817,878,20.42335426843452,35.0,23.51,2,2008,BGA479,Laptop,Other,0
Intel Core2 Extreme X6800 @ 2.93GHz,263.64,823,3.121681080260962,973,3.6906387498103475,75.0,10.98,2,2008,PLGA775,Desktop,Other,0
Intel Atom x5-Z8330 @ 1.44GHz,48.900001525878906,822,16.80981542638563,468,9.570551848599116,4.0,205.53,4,2016,unknown,Laptop,unknown,1
Intel Atom x5-Z8300 @ 1.44GHz,132.99,819,6.158357771260997,463,3.481464771787352,4.0,204.66,4,2015,UTFCBGA592,"Laptop, Mobile/Embedded",Other,0
AMD A4-4355M APU,156.5500030517578,818,5.225167576199643,828,5.289044930431912,17.0,48.13,2,2012,FP2,Laptop,Other,1
AMD Turion II P560 Dual-Core,87.7300033569336,818,9.32406210759994,931,10.612104917085016,25.0,32.73,2,2011,S1,Laptop,S1,1
Intel Celeron P4500 @ 1.87GHz,40.15999984741211,816,20.318725176802577,707,17.604581740195368,35.0,23.32,2,2010,PGA988A,Laptop,Other,1
Intel Core i3-2365M @ 1.40GHz,165.8300018310547,815,4.914671597424878,611,3.6844961300939882,17.0,47.92,2,2012,BGA1023,Laptop,BGA1023,1
AMD Turion II Ultra Dual-Core Mobile M620,34.83000183105469,814,23.370656250561307,945,27.131781519386283,35.0,23.25,2,2010,S1,Laptop,S1,1
AMD Athlon 64 X2 Dual Core 5200+,60.0,812,13.533333333333333,915,15.25,65.0,12.5,2,2008,AM2,Desktop,AM2,0
Intel Celeron B830 @ 1.80GHz,49.99,812,16.243248649729946,841,16.823364672934588,35.0,23.21,2,2012,rPGA988B,Laptop,Other,0
Intel Core2 Duo E4700 @ 2.60GHz,26.99,811,30.048165987402744,998,36.97665802148944,65.0,12.47,2,2008,LGA775,Desktop,LGA775,0
Intel Core2 Duo E6540 @ 2.33GHz,39.5099983215332,808,20.450519724766345,969,24.525437640221025,65.0,12.43,2,2009,LGA775,Desktop,LGA775,1
AMD Opteron 1214 HE,71.0999984741211,806,11.336146516140461,811,11.406470005694683,65.0,12.4,2,2015,AM2,Server,AM2,1
Intel Atom Z3735G @ 1.33GHz,140.67999267578125,806,5.729315055180244,487,3.4617573596436464,4.4,183.11,4,2014,unknown,Laptop,unknown,1
Intel Xeon E5503 @ 2.00GHz,130.19,804,6.175589523004839,845,6.490513864352101,80.0,10.05,2,2010,LGA1366,Server,LGA1366,0
AMD Athlon64 X2 Dual Core 4600+,267.3800048828125,803,3.0032163412964983,755,2.8236965599985755,110.0,7.3,2,2009,AM2,Desktop,AM2,1
Intel Celeron 1007U @ 1.50GHz,184.99,798,4.313746689010217,760,4.10833018000973,17.0,46.93,2,2013,FCBGA1023,Laptop,Other,0
AMD Athlon 64 X2 Dual Core 5800+,29.95,797,26.611018363939902,1008,33.65609348914858,89.0,8.95,2,2009,unknown,Desktop,unknown,0
AMD Athlon Dual Core 5200B,71.41999816894531,796,11.145337726235269,953,13.343601574249009,65.0,12.25,2,2009,AM2,Desktop,AM2,1
AMD A6-4455M APU,123.51000213623047,795,6.4367256598629305,788,6.38005008801508,17.0,46.79,1,2012,FP2,Laptop,Other,1
Intel Xeon 5130 @ 2.00GHz,48.99,795,16.227801592161665,796,16.24821392120841,65.0,12.23,2,2009,LGA771,Server,Other,0
Intel Atom Z3775D @ 1.49GHz,308.2799987792969,794,2.57558065117432,646,2.0954976078823813,4.4,180.52,4,2015,UTFCBGA1380,Laptop,Other,1
Intel Pentium E2220 @ 2.40GHz,55.0,793,14.418181818181818,892,16.21818181818182,65.0,12.21,2,2009,LGA775,Desktop,LGA775,0
Intel Pentium T4500 @ 2.30GHz,29.95,793,26.47746243739566,911,30.417362270450752,35.0,22.66,2,2010,PGA478,Laptop,PGA478,0
AMD Turion X2 Ultra Dual-Core Mobile ZM-84,49.95,793,15.875875875875876,778,15.575575575575575,35.0,22.65,2,2009,S1,Laptop,S1,0
Intel Core2 Duo P7370 @ 2.00GHz,94.4800033569336,790,8.361557704602097,793,8.393310455379066,25.0,31.58,2,2008,PGA478,Laptop,PGA478,1
AMD Turion II P520 Dual-Core,75.69000244140625,790,10.437309743932973,892,11.784911761504066,25.0,31.62,2,2010,S1,Laptop,S1,1
AMD Athlon 7450 Dual-Core,52.81999969482422,789,14.937523751582175,853,16.149186007730794,95.0,8.31,2,2009,AM2+,Desktop,Other,1
Intel Pentium 997 @ 1.60GHz,126.93000030517578,789,6.216024565532339,729,5.7433230776591575,17.0,46.42,2,2012,BGA-1023,Unknown,Other,1
Intel Xeon 3040 @ 1.86GHz,25.04,789,31.509584664536742,474,18.9297124600639,65.0,12.14,2,2009,LGA775,Server,LGA775,0
Intel Celeron B820 @ 1.70GHz,29.29,789,26.93752133834073,745,25.435302150904747,35.0,22.54,2,2012,PGA988B,Laptop,Other,0
AMD Opteron 1216,54.85,781,14.238833181403828,810,14.767547857793984,103.0,7.58,2,2009,AM2,Server,AM2,0
Intel Celeron B810 @ 1.60GHz,79.95,775,9.693558474046279,754,9.430894308943088,35.0,22.13,2,2011,PGA988B,Laptop,Other,0
VIA QuadCore L4700 @ 1.2+ GHz,77.06999969482422,773,10.02984303958564,355,4.606202172125358,27.5,28.11,4,2013,unknown,Laptop,unknown,1
Intel Core2 Duo E6400 @ 2.13GHz,29.94,772,25.784903139612556,844,28.189712758851034,65.0,11.88,2,2009,LGA775,Desktop,LGA775,0
AMD Opteron 1212 HE,64.44999694824219,771,11.962762397322786,731,11.342126215879322,65.0,11.87,2,2012,AM2,Server,AM2,1
Intel Pentium T4300 @ 2.10GHz,98.95,771,7.791814047498736,834,8.428499242041434,35.0,22.02,2,2009,PGA478,Laptop,PGA478,0
Intel Core2 Duo T7600 @ 2.33GHz,99.95,770,7.703851925962981,848,8.48424212106053,34.0,22.66,2,2008,"PBGA479, PPGA478",Laptop,Other,0
Intel Core2 Duo P7570 @ 2.26GHz,126.29000091552734,770,6.097078109256143,904,7.158128065931887,25.0,30.81,2,2009,PGA478,Laptop,PGA478,1
Athlon Dual Core 4850e,53.66999816894531,769,14.32830307873871,861,16.04248238074646,45.0,17.08,2,2009,AM2,Desktop,AM2,1
AMD A4-3310MX APU,48.939998626708984,769,15.713118544721793,822,16.79607730007973,45.0,17.08,2,2011,FS1,Laptop,Other,1
AMD Athlon II N350 Dual-Core,45.290000915527344,767,16.93530546467796,945,20.865532808501527,35.0,21.91,2,2010,unknown,Unknown,unknown,1
AMD Opteron 280,280.72,765,2.725135366201197,430,1.5317754345967511,95.0,8.05,2,2009,940,Server,Other,0
Intel Pentium P6000 @ 1.87GHz,40.70000076293945,765,18.796068443728203,713,17.518427190036874,35.0,21.86,2,2010,PGA988,Laptop,Other,1
Intel Xeon 5120 @ 1.86GHz,1474.4,763,0.5174986435160065,748,0.5073250135648399,65.0,11.73,2,2009,LGA771,Server,Other,0
AMD GX-217GA SOC,312.17999267578125,762,2.440899538335839,558,1.787430370592386,15.0,50.83,2,2014,FT3 (769-BGA),Laptop,Other,1
Intel Pentium T4400 @ 2.20GHz,109.95,762,6.930422919508867,862,7.839927239654388,35.0,21.77,2,2011,PGA478,Laptop,PGA478,0
AMD Opteron 270,249.95,761,3.044608921784357,411,1.6443288657731547,95.0,8.01,2,2012,940,Server,Other,0
Intel Core2 Duo T6600 @ 2.20GHz,39.97,761,19.039279459594695,851,21.29096822616963,35.0,21.73,2,2009,PGA478,Laptop,PGA478,0
Intel Atom Z3735D @ 1.33GHz,330.2900085449219,761,2.3040357876780835,591,1.7893365972637942,4.4,173.03,4,2014,unknown,Laptop,unknown,1
AMD Athlon 64 X2 Dual Core 5000+,331.49,760,2.292678512172313,882,2.6607137470210263,65.0,11.69,2,2008,AM2,Desktop,AM2,0
AMD Turion II Dual-Core Mobile M500,65.41000366210938,760,11.619017848186605,866,13.239565074381051,35.0,21.71,2,2009,S1,Laptop,S1,1
Intel Core2 Duo T6670 @ 2.20GHz,67.0999984741211,756,11.26676627707483,855,12.74217614669177,35.0,21.61,2,2009,PGA478,Laptop,PGA478,1
Intel Core i5-470UM @ 1.33GHz,243.02999877929688,755,3.106612367988526,539,2.2178332004580334,18.0,41.95,2,2010,BGA1288,Laptop,Other,1
AMD GX-218GL SOC,256.7900085449219,754,2.936251313952887,627,2.4416837849449076,15.0,50.27,2,2017,BGA769 (FT3b),Laptop,Other,1
Intel Atom Z3775 @ 1.46GHz,500.0,754,1.508,538,1.076,4.0,188.38,4,2014,UTFCBGA1380,Laptop,Other,0
AMD A4-5150M APU,58.52000045776367,753,12.867395661479387,700,11.96172239446955,35.0,21.51,2,2013,FS1r2,Laptop,Other,1
AMD A4-3330MX APU,58.709999084472656,752,12.808721030944206,910,15.499915077339399,45.0,16.71,2,2013,FS1 uPGA,Laptop,Other,1
Intel Pentium E2200 @ 2.20GHz,54.0,752,13.925925925925926,841,15.574074074074074,65.0,11.57,2,2009,LGA775,Desktop,LGA775,0
AMD Athlon Dual Core 5050e,60.0,748,12.466666666666667,875,14.583333333333334,45.0,16.61,2,2009,AM2,Desktop,AM2,0
Dual-Core AMD Opteron 1220 SE,171.3000030517578,748,4.366608211758139,900,5.253940361741077,103.0,7.26,2,2016,AM2,Server,AM2,1
Intel Celeron 1047UE @ 1.40GHz,214.11000061035156,748,3.4935313524250042,526,2.45668113820261,17.0,44.03,2,2014,FCBGA1023,Desktop,Other,1
Intel Core2 Duo P7450 @ 2.13GHz,39.99,747,18.67966991747937,821,20.530132533133283,25.0,29.88,2,2009,PGA478,Laptop,PGA478,0
Celeron Dual-Core T3500 @ 2.10GHz,43.52000045776367,747,17.16452187827908,861,19.784007144843756,35.0,21.33,2,2010,PGA478,Laptop,PGA478,1
AMD Opteron 180,119.95,746,6.219258024176741,874,7.286369320550229,110.0,6.78,2,2009,939,Server,Other,0
Intel Core2 Duo SL9400 @ 1.86GHz,253.0,743,2.9367588932806323,767,3.0316205533596836,17.0,43.7,2,2009,BGA956,Laptop,Other,0
Intel Pentium D 960 @ 3.60GHz,59.06999969482422,743,12.57829700082261,775,13.120027154290073,130.0,5.71,2,2009,PLGA775,Desktop,Other,1
Intel Celeron N2910 @ 1.60GHz,103.5999984741211,742,7.162162267650505,446,4.305019368426045,7.5,98.94,4,2013,FCBGA1170,Laptop,Other,1
AMD Turion II Neo N54L Dual-Core,56.439998626708984,741,13.12898685382565,840,14.883062020531101,25.0,29.64,2,2011,BGA812,Laptop,Other,1
Intel Core2 Duo T8100 @ 2.10GHz,999.99,739,0.7390073900739007,836,0.8360083600836008,35.0,21.13,2,2008,BGA479,Laptop,Other,0
AMD Turion 64 X2 Mobile TL-62,29.0,738,25.448275862068964,758,26.137931034482758,35.0,21.08,2,2009,S1,Laptop,S1,0
Intel Atom Z3770 @ 1.46GHz,149.44,738,4.938436830835117,542,3.6268736616702357,4.0,184.46,4,2013,UTFCBGA1380,Laptop,Other,0
AMD Athlon Dual Core 5600B,37.13999938964844,737,19.843834467197507,1003,27.00592397638955,65.0,11.34,2,2012,AM2+,Desktop,Other,1
Athlon 64 Dual Core 3800+,63.939998626708984,736,11.510791614133042,653,10.212699625039233,35.0,21.03,2,2014,unknown,Unknown,unknown,1
AMD Athlon Dual Core 4850e,39.0,735,18.846153846153847,879,22.53846153846154,45.0,16.33,2,2009,AM2,Desktop,AM2,0
Intel Celeron 2961Y @ 1.10GHz,214.44000244140625,732,3.413542210717015,641,2.9891810888929053,11.5,63.66,2,2015,unknown,Laptop,unknown,1
AMD Turion X2 Ultra Dual-Core Mobile ZM-85,45.0,730,16.22222222222222,828,18.4,35.0,20.86,2,2009,S1,Laptop,S1,0
AMD Opteron 1216 HE,68.54000091552734,727,10.606944708039862,847,12.35774713577684,65.0,11.18,2,2012,AM2,Server,AM2,1
AMD Athlon Dual Core 4850B,30.719999313354492,727,23.665365112295465,887,28.873698562044122,45.0,16.15,2,2010,AM2+,Desktop,Other,1
Intel Celeron 887 @ 1.50GHz,121.36000061035156,727,5.990441631045852,694,5.718523372690263,17.0,42.74,2,2012,BGA1023,Laptop,BGA1023,1
Intel Core2 Duo P7350 @ 2.00GHz,19.99,727,36.36818409204603,787,39.369684842421215,25.0,29.09,2,2008,BGA479,Laptop,Other,0
AMD A4-3305M APU,20.81,727,34.935127342623744,819,39.35607880826526,35.0,20.76,2,2012,FS1,Laptop,Other,0
AMD E2-3000 APU,175.94000244140625,726,4.1264066723074055,547,3.109014393598004,15.0,48.37,2,2014,FT3,Laptop,Other,1
Intel Core2 Duo T7200 @ 2.00GHz,61.83,723,11.693352741387676,756,12.22707423580786,34.0,21.27,2,2008,"PBGA479, PPGA478",Laptop,Other,0
AMD Athlon 64 X2 Dual Core 4800+,149.95,722,4.814938312770924,885,5.9019673224408145,65.0,11.11,2,2008,AM2,Desktop,AM2,0
Intel Core2 Duo E4500 @ 2.20GHz,11.0,718,65.27272727272727,820,74.54545454545455,65.0,11.05,2,2008,LGA775,Desktop,LGA775,0
Intel Core2 Duo T6570 @ 2.10GHz,38.5,718,18.649350649350648,824,21.4025974025974,35.0,20.52,2,2009,PGA478,Laptop,PGA478,0
AMD Athlon 64 X2 Dual Core 4600+,349.95,716,2.046006572367481,839,2.397485355050722,65.0,11.02,2,2008,AM2,Desktop,AM2,0
Intel Pentium T4200 @ 2.00GHz,98.95,715,7.225871652349672,788,7.963617988883274,35.0,20.43,2,2009,PGA478,Laptop,PGA478,0
Intel Core2 Duo E6420 @ 2.13GHz,39.99,714,17.854463615903974,783,19.579894973743436,65.0,10.99,2,2008,PLGA775,Desktop,Other,0
Intel Celeron E1600 @ 2.40GHz,30.700000762939453,712,23.19218183406415,877,28.566774534373963,65.0,10.95,2,2009,LGA775,Desktop,LGA775,1
AMD Athlon II P360 Dual-Core,19.95,711,35.6390977443609,879,44.06015037593985,25.0,28.45,2,2011,S1g4,Unknown,Other,0
AMD Athlon 64 FX-60 Dual Core,135.5800018310547,709,5.229384794399693,912,6.726655758099465,110.0,6.45,2,2009,939,Desktop,Other,1
Intel Core2 Duo T6400 @ 2.00GHz,14.99,708,47.23148765843896,794,52.96864576384256,35.0,20.23,2,2009,PGA478,Laptop,PGA478,0
AMD Turion X2 Dual-Core Mobile RM-75,51.04999923706055,708,13.868756328717362,770,15.083251939424251,35.0,20.23,2,2009,S1,Laptop,S1,1
Intel Celeron B815 @ 1.60GHz,38.709999084472656,706,18.238181779838648,684,17.66985316913546,35.0,20.18,2,2012,PGA988B,Laptop,Other,1
Intel Core2 Duo T5870 @ 2.00GHz,61.529998779296875,705,11.457825678313077,751,12.205428488529249,35.0,20.14,2,2008,"PPGA478, Socket",Laptop,Other,1
Intel Core2 Duo T7400 @ 2.16GHz,149.95,702,4.681560520173392,774,5.161720573524509,34.0,20.65,2,2010,BGA479,Laptop,Other,0
Intel Pentium E2210 @ 2.20GHz,27.829999923706055,702,25.22457786289912,946,33.99209495484696,65.0,10.81,2,2009,LGA775,Desktop,LGA775,1
Intel Core i3-380UM @ 1.33GHz,127.08000183105469,699,5.500472064277107,562,4.4224110159137835,18.0,38.81,2,2010,BGA1288,Laptop,Other,1
AMD Athlon Dual Core 4450e,14.48,698,48.20441988950276,812,56.07734806629834,45.0,15.52,2,2009,AM2,Desktop,AM2,0
AMD Opteron 1214,86.35,696,8.060220034742327,830,9.612044006948466,103.0,6.76,2,2009,AM2,Server,AM2,0
Intel Core2 Duo T6500 @ 2.10GHz,14.99,696,46.430953969312874,836,55.77051367578385,35.0,19.89,2,2009,PGA478,Laptop,PGA478,0
AMD Athlon II Dual-Core M320,30.0,696,23.2,831,27.7,35.0,19.87,2,2009,unknown,Unknown,unknown,0
AMD Opteron 185,136.44000244140625,695,5.093814039606644,884,6.479038289226293,110.0,6.32,2,2009,939,Server,Other,1
AMD Turion X2 Ultra Dual-Core Mobile ZM-86,61.0,695,11.39344262295082,820,13.442622950819672,35.0,19.84,2,2009,S1,Laptop,S1,0
Intel Core2 Duo T7300 @ 2.00GHz,53.99,693,12.835710316725319,772,14.298944248934987,35.0,19.8,2,2008,BGA479,Laptop,Other,0
AMD Athlon 64 X2 Dual Core 4400+,298.95,691,2.3114233149356083,787,2.632547248703797,65.0,10.63,2,2008,AM2,Desktop,AM2,0
Intel Celeron G470 @ 2.00GHz,35.15,691,19.65860597439545,937,26.657183499288763,35.0,19.75,1,2014,LGA1155,Desktop,LGA1155,0
AMD Turion X2 Dual Core Mobile RM-76,28.079999923706055,691,24.60826217512327,729,25.961538532076503,35.0,19.76,2,2009,S1,Laptop,S1,1
Intel Celeron P4505 @ 1.87GHz,34.45000076293945,689,19.999999557074347,820,23.802611954718383,35.0,19.7,2,2010,BGA1288,Laptop,Other,1
AMD Turion X2 Ultra Dual-Core Mobile ZM-87,39.95,689,17.246558197747184,758,18.97371714643304,35.0,19.69,2,2009,S1,Laptop,S1,0
Intel Core2 Duo T7250 @ 2.00GHz,201.48,688,3.414730990669049,771,3.826682549136391,35.0,19.65,2,2009,BGA479,Laptop,Other,0
AMD Athlon X2 Dual Core BE-2400,107.37999725341797,688,6.407152333747154,693,6.453715940823805,18.0,38.21,2,2009,FT1,Desktop,Other,1
AMD Athlon Dual Core 4450B,31.0,684,22.06451612903226,780,25.161290322580644,45.0,15.19,2,2009,AM2+,Desktop,Other,0
AMD Turion II Neo K685 Dual-Core,96.43000030517578,684,7.093228226022177,729,7.559887977734163,15.0,45.6,2,2011,BGA812,Laptop,Other,1
AMD A4-3300M APU,29.99,683,22.774258086028677,766,25.541847282427476,65.0,10.51,2,2011,FM1,Laptop,Other,0
AMD Opteron 175,167.58999633789062,682,4.0694553070158745,773,4.612447144169019,110.0,6.2,2,2008,939,Server,Other,1
Athlon Dual Core 4450e,39.689998626708984,681,17.15797489450473,792,19.954649216516515,45.0,15.12,2,2009,AM2,Desktop,AM2,1
Intel Pentium D 950 @ 3.40GHz,107.80999755859375,679,6.298117200410562,695,6.446526442246451,130.0,5.22,2,2008,PLGA775,Desktop,Other,1
AMD Athlon II Dual-Core M340,46.529998779296875,676,14.528261717917355,774,16.634429836787028,35.0,19.32,2,2010,unknown,Unknown,unknown,1
AMD Athlon II X2 270u,67.67,675,9.974878084823407,791,11.689079355696764,25.0,27.02,2,2010,AM3,Desktop,AM3,0
AMD Turion 64 X2 Mobile TL-64,39.39,675,17.136329017517134,702,17.82178217821782,35.0,19.29,2,2009,S1,Laptop,S1,0
AMD Athlon II P320 Dual-Core,19.95,674,33.78446115288221,811,40.65162907268171,25.0,26.96,2,2010,unknown,Unknown,unknown,0
AMD Athlon II P340 Dual-Core,39.95,673,16.846057571964955,827,20.700876095118897,25.0,26.91,2,2010,S1g4,Unknown,Other,0
AMD Athlon 64 X2 Dual Core 4200+,109.95,672,6.111869031377899,786,7.148703956343793,89.0,7.56,2,2008,AM2,Desktop,AM2,0
Intel Pentium E2180 @ 2.00GHz,19.5,671,34.41025641025641,748,38.35897435897436,65.0,10.33,2,2008,LGA775,Desktop,LGA775,0
Intel Celeron E1400 @ 2.00GHz,14.0,671,47.92857142857143,746,53.285714285714285,65.0,10.32,2,2009,LGA775,Desktop,LGA775,0
Athlon Dual Core 4050e,27.760000228881836,670,24.135446486881655,744,26.801152516776046,45.0,14.89,2,2009,AM2,Desktop,AM2,1
Intel Celeron J3060 @ 1.60GHz,173.16000366210938,668,3.857703776118427,627,3.6209285443506793,6.0,111.3,2,2016,BGA1170,Desktop,Other,1
Intel Core2 Duo T5750 @ 2.00GHz,9.99,667,66.76676676676676,735,73.57357357357357,35.0,19.06,2,2008,Socket P,Laptop,Other,0
Intel Core2 Duo L9300 @ 1.60GHz,102.43000030517578,666,6.502001347415275,659,6.433661993913914,17.0,39.17,2,2009,BGA956,Laptop,Other,1
AMD Turion X2 Dual-Core Mobile RM-72,224.26,666,2.969767234460002,751,3.3487915812003926,35.0,19.03,2,2008,S1,Laptop,S1,0
VIA QuadCore U4650 @ 1.0+ GHz,46.709999084472656,666,14.258189104126782,296,6.336972935167458,27.5,24.21,4,2012,unknown,Desktop,unknown,1
AMD E2-3000M APU,42.98,665,15.472312703583063,735,17.10097719869707,35.0,19.01,2,2011,FS1,Laptop,Other,0
Celeron Dual-Core T3000 @ 1.80GHz,27.600000381469727,665,24.094202565535912,748,27.10144890078325,35.0,19.0,2,2009,PGA478,Laptop,PGA478,1
AMD Athlon II N330 Dual-Core,31.510000228881836,665,21.10441114470275,813,25.80133272277193,35.0,19.01,2,2010,unknown,Unknown,unknown,1
Intel Celeron N3060 @ 1.60GHz,282.0,664,2.354609929078014,629,2.230496453900709,6.0,110.69,2,2016,unknown,Laptop,unknown,0
AMD Athlon II X2 260u,83.44,663,7.945829338446789,703,8.425215723873443,25.0,26.5,2,2010,AM3,Desktop,AM3,0
AMD Athlon 64 X2 Dual Core 4000+,127.20999908447266,661,5.1961324169263525,730,5.738542608708377,65.0,10.17,2,2008,AM2,Desktop,AM2,1
AMD Turion Dual-Core RM-75,21.49,659,30.665425779432297,444,20.660772452303398,35.0,18.82,2,2009,S1,Laptop,S1,0
AMD Turion X2 Ultra Dual-Core Mobile ZM-82,46.91999816894531,654,13.938619469786328,789,16.815857433733047,35.0,18.67,2,2009,S1,Laptop,S1,1
Intel Atom Z3740 @ 1.33GHz,65.66999816894531,651,9.913202651920454,423,6.441297575671816,4.0,162.86,4,2013,UTFCBGA1380,Laptop,Other,1
Intel Celeron E1500 @ 2.20GHz,19.65,649,33.027989821882954,785,39.949109414758276,65.0,9.98,2,2009,LGA775,Desktop,LGA775,0
Intel Celeron B800 @ 1.50GHz,24.99,649,25.970388155262107,645,25.810324129651864,35.0,18.55,2,2011,PGA988B,Laptop,Other,0
AMD Turion Dual-Core RM-72,29.99,649,21.64054684894965,725,24.174724908302768,35.0,18.53,2,2009,S1,Laptop,S1,0
AMD Opteron 170,257.8999938964844,648,2.5126018431008323,715,2.7723924657671217,110.0,5.89,2,2009,939,Server,Other,1
Intel Core2 Duo T5600 @ 1.83GHz,49.33000183105469,645,13.075207298977912,696,14.10906089936221,34.0,18.98,2,2008,PGA478,Laptop,PGA478,1
Intel Pentium T3400 @ 2.16GHz,79.95,645,8.067542213883677,722,9.030644152595372,35.0,18.42,2,2009,PPGA478,Laptop,Other,0
Intel Pentium T3200 @ 2.00GHz,12.0,644,53.666666666666664,717,59.75,35.0,18.41,2,2009,PPGA478,Laptop,Other,0
Intel Core2 Duo T7100 @ 1.80GHz,14.99,643,42.895263509006,714,47.631754503002,35.0,18.37,2,2009,BGA479,Laptop,Other,0
Intel Pentium 987 @ 1.50GHz,113.48999786376953,642,5.6568861757371804,641,5.648074826553789,17.0,37.77,2,2012,FCBGA1023,Laptop,Other,1
AMD Athlon 64 X2 QL-66,46.79999923706055,641,13.69658141986458,751,16.04700880860889,35.0,18.31,2,2009,S1,Laptop,S1,1
AMD A4-3320M APU,39.0,640,16.41025641025641,656,16.82051282051282,35.0,18.29,2,2012,FS1,Laptop,Other,0
Intel Core2 Duo T5800 @ 2.00GHz,35.41999816894531,638,18.012423291409714,738,20.835687130188667,35.0,18.22,2,2008,PGA478,Laptop,PGA478,1
Intel Pentium E2160 @ 1.80GHz,89.0,636,7.146067415730337,683,7.674157303370786,65.0,9.78,2,2008,LGA775,Desktop,LGA775,0
Intel Pentium 2129Y @ 1.10GHz,134.0,635,4.7388059701492535,587,4.380597014925373,10.0,63.52,2,2014,FCBGA1023,Laptop,Other,0
Intel Core2 Duo T5300 @ 1.73GHz,40.540000915527344,635,15.663541826827803,423,10.434138886217577,34.0,18.68,2,2009,PGA478,Laptop,PGA478,1
AMD Turion X2 Dual-Core Mobile RM-77,46.79999923706055,635,13.568376289569436,753,16.089743852040606,35.0,18.13,2,2009,S1,Laptop,S1,1
AMD Athlon 64 X2 Dual-Core TK-57,42.970001220703125,634,14.754479450527365,675,15.708633484394275,31.0,20.45,2,2009,unknown,Unknown,unknown,1
Intel Core2 Duo E4400 @ 2.00GHz,42.5,632,14.870588235294118,753,17.71764705882353,65.0,9.73,2,2008,LGA775,Desktop,LGA775,0
AMD Athlon II Dual-Core M300,29.100000381469727,631,21.68384851299891,747,25.670102756276044,35.0,18.03,2,2009,unknown,Unknown,unknown,1
AMD Turion 64 X2 Mobile TL-66,89.0,627,7.044943820224719,816,9.168539325842696,35.0,17.9,2,2009,S1,Laptop,S1,0
Celeron Dual-Core T3300 @ 2.00GHz,14.97,627,41.88376753507014,692,46.22578490313961,35.0,17.93,2,2010,μFCPGA-478,Laptop,Other,0
Intel Pentium 967 @ 1.30GHz,104.7300033569336,626,5.97727470576421,620,5.919984532865512,17.0,36.84,2,2012,FCBGA1023,Laptop,Other,1
Intel Atom C2358 @ 1.74GHz,117.62999725341797,625,5.3132705482728335,291,2.473858767275831,7.0,89.24,2,2016,FCBGA1283,Laptop,Other,1
Intel Pentium U5600 @ 1.33GHz,97.94999694824219,624,6.370597441975707,588,6.003062974169416,18.0,34.68,2,2011,BGA1288,Laptop,Other,1
AMD Turion X2 Dual-Core Mobile RM-70,30.719999313354492,624,20.312500454019766,663,21.582031732396,31.0,20.14,2,2009,S1,Laptop,S1,1
AMD Turion X2 Dual-Core Mobile RM-74,14.95,623,41.67224080267559,730,48.829431438127095,35.0,17.81,2,2009,S1,Laptop,S1,0
Intel Pentium 957 @ 1.20GHz,134.0,622,4.641791044776119,574,4.2835820895522385,17.0,36.59,2,2011,FCBGA1023,Laptop,Other,0
AMD Athlon 64 X2 QL-64,23.6200008392334,622,26.333614644367106,732,30.990684758322704,35.0,17.78,2,2009,S1,Laptop,S1,1
Intel Atom Z3745 @ 1.33GHz,30.0,621,20.7,435,14.5,4.0,155.37,4,2014,UTFCBGA1380,Laptop,Other,0
AMD GX-212JC SOC,81.33999633789062,619,7.610032307213802,453,5.569215888801054,6.0,103.13,2,2014,FT3b,Laptop,Other,1
AMD Athlon Dual Core 4050e,36.4900016784668,616,16.881336576191753,732,20.060289567812276,45.0,13.69,2,2009,AM2,Desktop,AM2,1
Intel Celeron 877 @ 1.40GHz,102.9800033569336,615,5.972033209868723,597,5.797241993970126,17.0,36.19,2,2012,BGA1023,Laptop,BGA1023,1
Intel Atom Z3740D @ 1.33GHz,89.7300033569336,614,6.842750217645625,459,5.115345846741599,4.4,139.48,4,2013,UTFCBGA1380,Laptop,Other,1
AMD Athlon 64 X2 Dual Core 3800+,126.7300033569336,611,4.8212734460293944,719,5.673478899664705,89.0,6.87,2,2008,AM2,Desktop,AM2,1
AMD Athlon 64 X2 QL-65,22.0,609,27.681818181818183,653,29.681818181818183,35.0,17.41,2,2009,S1,Laptop,S1,0
Intel Core2 Duo L7700 @ 1.80GHz,54.599998474121094,607,11.117216427903408,748,13.699634082490524,17.0,35.69,2,2009,unknown,Laptop,unknown,1
AMD Athlon II X2 250u,24.95,604,24.208416833667336,632,25.33066132264529,25.0,24.17,2,2010,AM3,Desktop,AM3,0
Intel Celeron N3000 @ 1.04GHz,93.04000091552734,604,6.49183140645476,562,6.04041266627082,4.0,150.94,2,2015,FCBGA1170,Laptop,Other,1
AMD Turion X2 Dual Core L510,51.369998931884766,603,11.738368941754539,593,11.543702790149986,20.0,30.13,2,2010,ASB1,Laptop,Other,1
AMD E1 Micro-6200T APU,71.18000030517578,600,8.429334046467707,498,6.996347258568197,3.95,151.92,2,2014,FT3b,Laptop,Other,1
Intel Xeon 5110 @ 1.60GHz,35.0,600,17.142857142857142,606,17.314285714285713,65.0,9.23,2,2009,LGA771,Server,Other,0
AMD TurionX2 Ultra DualCore Mobile ZM-87,70.0,599,8.557142857142857,770,11.0,35.0,17.13,2,2022,S1,Mobile/Embedded,S1,1
AMD E1-2500 APU,70.94999694824219,597,8.414376683278926,467,6.582100353586697,15.0,39.83,2,2013,FT3,Laptop,Other,1
Intel Core2 Duo E6320 @ 1.86GHz,39.99,597,14.92873218304576,642,16.05401350337584,65.0,9.18,2,2008,PLGA775,Desktop,Other,0
AMD Athlon 64 X2 Dual Core 3600+,68.25,596,8.732600732600732,686,10.051282051282051,65.0,9.17,2,2008,AM2,Desktop,AM2,0
Intel Atom S1260 @ 2.00GHz,64.0,596,9.3125,224,3.5,8.5,70.08,2,2013,FCBGA1283,Server,Other,0
Intel Core2 Duo T5550 @ 1.83GHz,41.540000915527344,596,14.34761643871846,664,15.984592810921237,35.0,17.03,2,2008,PGA478,Laptop,PGA478,1
Intel Celeron J1750 @ 2.41GHz,142.47000122070312,595,4.176317785512429,659,4.625535160760825,10.0,59.53,2,2014,FCBGA1170,Desktop,Other,1
AMD Athlon 64 X2 Dual Core BE-2300,39.84000015258789,594,14.909638497112693,624,15.662650542421416,45.0,13.2,2,2011,AM2,Desktop,AM2,1
AMD Opteron 1212,290.0,593,2.0448275862068965,729,2.513793103448276,103.0,5.75,2,2009,AM2,Server,AM2,0
Intel Celeron N3050 @ 1.60GHz,170.0,592,3.4823529411764707,564,3.3176470588235296,6.0,98.69,2,2015,FCBGA1170,Laptop,Other,0
Intel Core2 Duo E6300 @ 1.86GHz,127.61,592,4.639134864038868,693,5.430608886450905,65.0,9.11,2,2008,"LGA775, PLGA775",Desktop,Other,0
AMD Athlon X2 Dual Core BE-2350,38.220001220703125,591,15.463107826377184,705,18.445839285272275,45.0,13.14,2,2009,AM2,Desktop,AM2,1
AMD Turion 64 X2 Mobile TL-60,15.95,591,37.05329153605016,688,43.13479623824452,31.0,19.07,2,2009,S1,Laptop,S1,0
AMD Turion II Neo N40L Dual-Core,99.94000244140625,589,5.8935359777014655,609,6.093656044856014,15.0,39.24,2,2011,BGA812,Laptop,Other,1
AMD Turion Dual-Core RM-74,47.25,588,12.444444444444445,595,12.592592592592593,35.0,16.8,2,2014,S1,Laptop,S1,1
Intel Atom Z3745D @ 1.33GHz,95.02999877929688,585,6.15595083146994,437,4.598547886072417,4.4,133.05,4,2014,unknown,Laptop,unknown,1
Intel Core2 Duo U9600 @ 1.60GHz,97.47000122070312,584,5.991587079984107,657,6.740535464982121,10.0,58.45,2,2009,BGA956,Laptop,Other,1
Intel Celeron 847E @ 1.10GHz,91.9800033569336,584,6.349206117483547,520,5.653402707348364,17.0,34.36,2,2012,FCBGA1023,Laptop,Other,1
Intel Atom C2338 @ 1.74GHz,105.5199966430664,584,5.534496006244651,233,2.2081122764640475,7.0,83.4,2,2014,FCBGA1283,Laptop,Other,1
AMD E1-7010 APU,124.98999786376953,582,4.656372589383831,492,3.9363149724688054,10.0,58.16,2,2016,BGA769 (FT3b),Laptop,Other,1
Intel Xeon MV 3.20GHz,135.0800018310547,582,4.3085578332158345,378,2.798341685490697,90.0,6.46,2,2015,mPGA604,Server,Other,1
AMD Athlon 64 X2 QL-67,22.229999542236328,582,26.180837246272432,515,23.16689206500052,35.0,16.63,2,2009,S1,Laptop,S1,1
Intel Celeron J1800 @ 2.41GHz,144.75999450683594,581,4.013539804138109,664,4.586902633300696,10.0,58.09,2,2014,FCBGA1170,Desktop,Other,1
Intel Celeron N2840 @ 2.16GHz,140.57000732421875,580,4.126057976665354,667,4.744966673165157,7.0,82.81,2,2014,FCBGA1170,Laptop,Other,1
AMD Athlon 64 X2 Dual-Core TK-42,33.209999084472656,577,17.374285332930842,537,16.169828810717267,20.0,28.85,2,2009,unknown,Unknown,unknown,1
Intel Celeron 1019Y @ 1.00GHz,123.5,576,4.663967611336032,521,4.218623481781377,10.0,57.65,2,2014,FCBGA1023,Desktop,Other,1
Intel Core2 Duo L7500 @ 1.60GHz,95.61000061035156,575,6.014015231977162,600,6.275494155106603,17.0,33.83,2,2009,BGA479,Laptop,Other,1
AMD Athlon 64 X2 Dual Core BE-2350,43.56999969482422,573,13.15125095279879,674,15.469359759487583,45.0,12.74,2,2009,AM2,Desktop,AM2,1
AMD Athlon X2 Dual Core BE-2300,60.0,570,9.5,644,10.733333333333333,45.0,12.67,2,2009,AM2,Desktop,AM2,0
Intel Celeron 857 @ 1.20GHz,94.8499984741211,569,5.998945800249498,476,5.018450265235081,17.0,33.49,2,2011,BGA1023,Laptop,BGA1023,1
AMD Athlon 64 X2 3800+,45.40999984741211,566,12.464214972514606,745,16.40607801152541,89.0,6.36,2,2010,939,Desktop,Other,1
AMD Turion II Neo K625 Dual-Core,73.91000366210938,565,7.644432039037394,596,8.06386105356865,15.0,37.66,2,2010,S1,Laptop,S1,1
AMD Athlon X2 Dual Core 6850e,41.470001220703125,564,13.600192510205028,623,15.022907684144915,22.0,25.65,2,2010,unknown,Unknown,unknown,1
AMD Sempron Dual Core 2200,39.95,563,14.09261576971214,649,16.245306633291612,65.0,8.66,2,2009,unknown,Unknown,unknown,0
Intel Celeron 867 @ 1.30GHz,55.7,562,10.089766606822261,584,10.484739676840215,17.0,33.03,2,2012,BGA1023,Laptop,BGA1023,0
AMD Sempron 2650 APU,84.97,561,6.6023302342003065,475,5.5902083088148755,25.0,22.42,2,2014,"AM1,FSB1",Desktop,Other,0
Intel Core2 Duo E4300 @ 1.80GHz,42.5,561,13.2,665,15.647058823529411,65.0,8.64,2,2009,LGA775,Desktop,LGA775,0
AMD Turion Dual-Core RM-70,25.0,561,22.44,548,21.92,31.0,18.11,2,2008,S1,Laptop,S1,0
Intel Celeron U3600 @ 1.20GHz,123.55999755859375,560,4.53221116109557,520,4.208481792445887,18.0,31.11,2,2011,BGA1288,Laptop,Other,1
Intel Atom Z3735E @ 1.33GHz,117.0,557,4.760683760683761,478,4.085470085470085,4.4,126.59,4,2014,UTFCBGA1380,Laptop,Other,0
AMD Sempron Dual Core 2300,41.99,555,13.217432722076685,697,16.59919028340081,65.0,8.54,2,2009,unknown,Unknown,unknown,0
AMD Athlon 64 X2 QL-62,31.100000381469727,553,17.78135026421071,685,22.025723202503325,35.0,15.81,2,2009,S1,Laptop,S1,1
Intel Pentium E2140 @ 1.60GHz,79.95,549,6.866791744840525,605,7.567229518449031,65.0,8.45,2,2008,"LGA775, PLGA775",Desktop,Other,0
Intel Pentium T2390 @ 1.86GHz,47.75,547,11.455497382198953,641,13.424083769633508,35.0,15.63,2,2009,PPGA478,Laptop,Other,1
Intel Atom Z3735F @ 1.33GHz,500.0,544,1.088,390,0.78,4.4,123.73,4,2014,UTFCBGA592,Laptop,Other,0
Intel Core2 Duo T5450 @ 1.66GHz,46.9900016784668,543,11.55564972556343,581,12.36433239512404,35.0,15.52,2,2009,PGA478,Laptop,PGA478,1
Intel Celeron N2830 @ 2.16GHz,149.99,542,3.6135742382825518,630,4.200280018667911,7.5,72.33,2,2014,FCBGA1170,Laptop,Other,0
Intel Pentium U5400 @ 1.20GHz,134.99000549316406,538,3.985480243774377,503,3.726201789253739,18.0,29.89,2,2010,BGA1288,Laptop,Other,1
Intel Pentium T2330 @ 1.60GHz,149.95,536,3.5745248416138717,572,3.8146048682894302,35.0,15.31,2,2009,PPGA478,Laptop,Other,0
AMD TurionX2 Dual Core Mobile RM-70,40.65999984741211,536,13.182488982082837,674,16.576488011051925,31.0,17.28,2,2009,S1,Laptop,S1,1
AMD Athlon 64 X2 Dual-Core TK-53,50.150001525878906,535,10.667995687376479,600,11.964107312945584,31.0,17.26,2,2009,unknown,Unknown,unknown,1
AMD Sempron Dual Core 2100,37.99,533,14.03000789681495,596,15.688339036588575,65.0,8.21,2,2009,unknown,Unknown,unknown,0
Intel Celeron N2808 @ 1.58GHz,217.74000549316406,532,2.443280915673083,596,2.737209446881875,4.5,118.17,2,2015,FCBGA1170,Laptop,Other,1
Intel Atom C2350 @ 1.74GHz,43.0,532,12.372093023255815,496,11.534883720930232,6.0,88.7,2,2021,FCBGA1283,Server,Other,0
AMD Athlon 64 X2 Dual Core 3400+,57.369998931884766,531,9.255708730802919,505,8.802510186545149,89.0,5.97,2,2010,754,Desktop,Other,1
AMD Opteron 165,550.0,531,0.9654545454545455,638,1.16,110.0,4.83,2,2009,939,Server,Other,0
Intel Core2 Duo T5470 @ 1.60GHz,51.689998626708984,531,10.272780307748441,606,11.723737978334379,35.0,15.18,2,2009,PGA478,Laptop,PGA478,1
Intel Core2 Duo T5670 @ 1.80GHz,49.779998779296875,530,10.646846384022473,635,12.75612727142315,35.0,15.15,2,2009,Socket P,Laptop,Other,1
AMD Athlon Neo X2 Dual Core L335,69.12999725341797,529,7.652249689245356,570,8.245335203912767,18.0,29.36,2,2009,unknown,Unknown,unknown,1
AMD Athlon II Neo K345 Dual-Core,83.97000122070312,527,6.276050879347446,552,6.573776253130532,12.0,43.94,2,2011,unknown,Laptop,unknown,1
AMD Athlon 64 X2 Dual-Core TK-55,72.74,525,7.217486939785538,613,8.427275226835304,35.0,14.99,2,2008,unknown,Unknown,unknown,0
AMD E1-6010 APU,138.6999969482422,522,3.7635184678107203,419,3.0209085019400224,10.0,52.24,2,2014,FT3b,Laptop,Other,1
AMD Turion X2 Ultra Dual-Core Mobile ZM-80,49.95,521,10.43043043043043,628,12.572572572572572,32.0,16.29,2,2009,S1,Laptop,S1,0
Celeron Dual-Core T3100 @ 1.90GHz,32.0,519,16.21875,566,17.6875,35.0,14.83,2,2009,BGA479,Laptop,Other,0
Intel Celeron T1600 @ 1.66GHz,19.99,519,25.962981490745374,628,31.415707853926968,35.0,14.84,2,2009,unknown,Laptop,unknown,0
AMD Athlon 64 FX-57,128.0399932861328,517,4.037800899010145,552,4.311152990819342,104.0,4.97,1,2009,939,Desktop,Other,1
Intel Core2 Duo L7400 @ 1.50GHz,147.74000549316406,516,3.4926220442294174,555,3.756599291758385,17.0,30.32,2,2011,BGA479,Laptop,Other,1
Intel T2050 @ 2.00GHz,78.87999725341797,516,6.541582377877695,611,7.745943474579985,31.0,16.64,2,2012,PPGA478,Unknown,Other,1
Intel Pentium T2310 @ 1.46GHz,57.9900016784668,515,8.88084126735304,557,9.605104050321637,35.0,14.71,2,2008,PPGA478,Laptop,Other,1
Intel Core2 Duo T5500 @ 1.66GHz,71.04000091552734,513,7.221283690719557,590,8.305180073147248,34.0,15.08,2,2009,PGA478,Laptop,PGA478,1
Intel Atom D2701 @ 2.13GHz,173.13999938964844,511,2.9513688448733544,384,2.2178583883197027,10.0,51.14,2,2013,BGA559,Laptop,Other,1
Intel Core2 Duo SU9400 @ 1.40GHz,127.22000122070312,509,4.000943209527088,588,4.6219147489232375,10.0,50.94,2,2009,BGA956,Laptop,Other,1
AMD Sempron 145,35.99,505,14.031675465407057,989,27.479855515420947,45.0,11.23,1,2010,AM3,Desktop,AM3,0
Intel Atom Z3736F @ 1.33GHz,168.60000610351562,502,2.9774613394247815,419,2.4851719147788516,4.4,114.01,4,2014,UTFCBGA592,Laptop,Other,1
AMD Sempron 130,30.0,501,16.7,1064,35.46666666666667,45.0,11.13,1,2012,AM2+/AM3,Unknown,Other,0
AMD E2-2000 APU,149.89999389648438,501,3.3422282881877425,555,3.702468462962469,18.0,27.81,2,2013,"BGA413,FT1",Laptop,Other,1
Intel Core2 Duo U7300 @ 1.30GHz,131.5500030517578,501,3.8084377679784893,533,4.051691278108852,10.0,50.11,2,2009,BGA956,Laptop,Other,1
Intel Pentium T2370 @ 1.73GHz,35.0,500,14.285714285714286,546,15.6,35.0,14.27,2,2008,PPGA478,Laptop,Other,0
AMD Sempron 150,14.95,498,33.31103678929766,1079,72.17391304347827,45.0,11.07,1,2011,AM3,Desktop,AM3,0
Intel Core Duo T2700 @ 2.33GHz,77.11000061035156,498,6.458306264533299,652,8.455453181678134,31.0,16.07,2,2009,BGA479,Laptop,Other,1
Intel Pentium D 940 @ 3.20GHz,141.10000610351562,498,3.5294116120353016,574,4.068036677325829,130.0,3.83,2,2008,PLGA775,Desktop,Other,1
AMD Turion X2 Dual Core Mobile RM-70,132.56,497,3.7492456246228123,504,3.8020519010259504,31.0,16.02,2,2009,S1,Laptop,S1,0
Intel Core2 Duo T5270 @ 1.40GHz,70.77999877929688,496,7.00762939466283,586,8.279175050952457,35.0,14.17,2,2008,PGA478,Laptop,PGA478,1
Intel Celeron G460 @ 1.80GHz,55.0,494,8.981818181818182,720,13.090909090909092,35.0,14.13,1,2012,LGA1155,Desktop,LGA1155,0
Intel Pentium D 830 @ 3.00GHz,71.56999969482422,494,6.902333409339458,550,7.684784160195752,95.0,5.2,2,2008,PLGA775,Desktop,Other,1
Intel Atom D2700 @ 2.13GHz,145.27000427246094,492,3.3867968990847563,387,2.6640048779386194,10.0,49.22,2,2011,BGA559,Desktop,Other,1
Intel Celeron E1200 @ 1.60GHz,99.95,492,4.9224612306153075,628,6.283141570785393,65.0,7.58,2,2008,LGA775,Desktop,LGA775,0
Intel Core2 Duo L7300 @ 1.40GHz,87.52999877929688,489,5.586656081568017,529,6.043642264109368,17.0,28.74,2,2009,BGA479,Laptop,Other,1
Intel Atom Z3770D @ 1.49GHz,243.80999755859375,488,2.001558610748606,361,1.480661185410342,4.4,110.84,4,2014,BGA1380,Laptop,Other,1
Intel Celeron N3010 @ 1.04GHz,138.10000610351562,486,3.5191888379476897,560,4.055032405865651,4.0,121.5,2,2016,FCBGA1170,Laptop,Other,1
Intel Celeron N2815 @ 1.86GHz,219.44000244140625,486,2.2147283749222946,564,2.5701786079345146,7.5,64.84,2,2014,FCBGA1170,Laptop,Other,1
Intel Core2 Duo U9300 @ 1.20GHz,139.89999389648438,485,3.466762124084609,542,3.874196023203831,10.0,48.53,2,2009,BGA956,Laptop,Other,1
AMD Athlon 64 3100+,91.56999969482422,484,5.2855738955228695,600,6.552364333292813,89.0,5.44,1,2015,754,Desktop,Other,1
Intel Core i3-330UM @ 1.20GHz,160.1999969482422,484,3.021223528214997,339,2.116104909224967,18.0,26.87,2,2010,BGA1288,Laptop,Other,1
Intel Core2 Duo T5250 @ 1.50GHz,89.95,483,5.36964980544747,542,6.025569760978321,35.0,13.81,2,2008,PGA478,Laptop,PGA478,0
Intel Celeron G465 @ 1.90GHz,40.0,480,12.0,739,18.475,35.0,13.71,1,2012,LGA1155,Desktop,LGA1155,0
Intel Celeron N2806 @ 1.60GHz,185.1699981689453,479,2.5868121441734324,524,2.8298320742106027,4.5,106.48,2,2014,FCBGA1170,Laptop,Other,1
Intel Xeon 3.20GHz,210.38999938964844,478,2.271971107879182,696,3.3081420315562986,103.0,4.64,1,2009,PPGA604,Server,Other,1
AMD Turion 64 X2 Mobile TL-58,54.83000183105469,478,8.717854897631423,552,10.067480969649678,31.0,15.42,2,2009,S1,Laptop,S1,1
AMD Athlon II Neo N36L Dual-Core,75.25,478,6.352159468438538,521,6.923588039867109,12.0,39.81,2,2010,unknown,Laptop,unknown,1
AMD E-350D APU,73.4800033569336,478,6.5051711780426285,521,7.090364401171986,18.0,26.58,2,2013,unknown,Unknown,unknown,1
Intel Pentium SU4100 @ 1.30GHz,89.48999786376953,476,5.319030186195937,515,5.754833079602746,10.0,47.63,2,2009,BGA956,Laptop,Other,1
AMD Athlon Neo X2 Dual Core L325,67.9800033569336,476,7.0020590834738545,527,7.752279699560339,18.0,26.45,2,2010,unknown,Unknown,unknown,1
AMD E1-2200 APU,176.8699951171875,474,2.6799344890915227,368,2.080624244695528,9.0,52.63,2,2014,FT3,Laptop,Other,1
Intel Celeron U3400 @ 1.07GHz,131.97999572753906,473,3.5838764609181104,441,3.3414154741329525,18.0,26.28,2,2010,BGA1288,Laptop,Other,1
AMD Sempron 140,11.95,471,39.41422594142259,1044,87.36401673640168,45.0,10.47,1,2009,AM3,Desktop,AM3,0
AMD TurionX2 Dual Core Mobile RM-72,47.45000076293945,471,9.92623798581415,392,8.261327580550205,35.0,13.46,2,2009,S1,Laptop,S1,1
Intel Celeron 847 @ 1.10GHz,315.0,470,1.492063492063492,483,1.5333333333333334,17.0,27.62,2,2011,BGA1023,Laptop,BGA1023,0
AMD G-T56N,130.42999267578125,470,3.603465662750677,520,3.9868130736815997,18.0,26.1,2,2011,FT1,Laptop,Other,1
Intel Celeron N2820 @ 2.13GHz,225.0,469,2.0844444444444443,583,2.591111111111111,7.5,62.58,2,2014,FCBGA1170,Laptop,Other,0
Intel Pentium Extreme Edition 955 @ 3.46GHz,31.23,469,15.017611271213577,515,16.4905539545309,130.0,3.61,2,2009,PLGA775,Desktop,Other,0
AMD Athlon 64 X2 QL-60,40.720001220703125,465,11.419449559436204,557,13.678781515281647,35.0,13.29,2,2009,S1,Laptop,S1,1
Intel Atom E3827 @ 1.74GHz,139.4199981689453,460,3.299383202132772,455,3.2635203412400244,8.0,57.51,2,2016,FCBGA1170,Laptop,Other,1
AMD Opteron 154,156.22000122070312,457,2.925361646581756,534,3.418256278500345,104.0,4.39,1,2011,939,Server,Other,1
AMD Athlon Neo X2 Dual Core 6850e,38.58000183105469,456,11.819595084439477,566,14.670813196913912,22.0,20.72,2,2009,unknown,Unknown,unknown,1
AMD Turion 64 X2 Mobile TL-56,65.4,453,6.9266055045871555,579,8.853211009174311,31.0,14.62,2,2009,S1,Laptop,S1,0
AMD Opteron 254,47.08000183105469,451,9.57943887976898,578,12.276974883606364,68.0,6.63,1,2012,940,Server,Other,1
Intel Core Duo T2600 @ 2.16GHz,69.3499984741211,450,6.488824944501242,667,9.617880528849618,31.0,14.53,2,2009,BGA479,Laptop,Other,1
Intel Celeron N2807 @ 1.58GHz,152.1199951171875,450,2.9581909968728106,540,3.549829196247373,4.3,104.63,2,2014,FCBGA1170,Laptop,Other,1
Intel Celeron SU2300 @ 1.20GHz,94.97000122070312,445,4.685690157735742,500,5.264820401950272,10.0,44.5,2,2009,BGA956,Laptop,Other,1
Intel Celeron 450 @ 2.20GHz,38.99,445,11.413182867401897,613,15.721979994870479,35.0,12.71,1,2009,LGA775,Desktop,LGA775,0
Intel Celeron 925 @ 2.30GHz,25.520000457763672,444,17.398118810179202,846,33.15046962480091,35.0,12.67,1,2010,unknown,Laptop,unknown,1
AMD E2-1800 APU,96.94000244140625,442,4.559521238584241,528,5.446667904915111,18.0,24.53,2,2012,FT1,Desktop,Other,1
AMD G-T56E,123.76000213623047,442,3.571428509781881,522,4.217840909742402,18.0,24.58,2,2013,FT1,Laptop,Other,1
Intel Core2 Duo T5200 @ 1.60GHz,81.9800033569336,438,5.342766309644893,575,7.013905543483592,34.0,12.88,2,2009,Socket M,Laptop,Other,1
AMD Turion 64 X2 Mobile TL-50,18.99,436,22.9594523433386,525,27.64612954186414,31.0,14.07,2,2009,S1,Laptop,S1,0
Intel Atom D2560 @ 2.00GHz,107.29000091552734,433,4.03579081279824,353,3.2901481684013363,10.0,43.31,2,2013,unknown,Desktop,unknown,1
AMD A4-1250 APU,150.58999633789062,432,2.868716451992519,338,2.244505001790443,8.0,54.0,2,2013,FT3,Laptop,Other,1
AMD Turion Neo X2 Dual Core L625,125.69000244140625,431,3.429071458574616,530,4.216723603351616,18.0,23.93,2,2009,ASB1,Laptop,Other,1
AMD Athlon LE-1640,89.95,430,4.780433574207893,489,5.436353529738744,45.0,9.55,1,2009,AM2,Desktop,AM2,0
Intel Atom N2800 @ 1.86GHz,135.38999938964844,429,3.1686239894672767,319,2.3561562998602827,6.5,66.06,2,2011,BGA559,Laptop,Other,1
AMD Opteron 152,201.16000366210938,428,2.1276595357341326,487,2.4209583969685102,104.0,4.12,1,2009,939,Server,Other,1
Intel Celeron G440 @ 1.60GHz,100.0,426,4.26,739,7.39,35.0,12.17,1,2012,LGA1155,Desktop,LGA1155,0
Intel Xeon 3.00GHz,212.1300048828125,425,2.0034883807916932,607,2.8614528168013127,103.0,4.12,1,2009,PPGA604,Server,Other,1
Intel Pentium D 915 @ 2.80GHz,49.900001525878906,423,8.476953648601107,508,10.180360410140336,95.0,4.46,2,2008,PLGA775,Desktop,Other,1
AMD E-450 APU,130.5500030517578,422,3.232477902223365,498,3.81463032063326,18.0,23.42,2,2011,FT1,Laptop,Other,1
AMD Athlon LE-1620,18.0,421,23.38888888888889,475,26.38888888888889,45.0,9.36,1,2009,AM2,Desktop,AM2,0
Intel Celeron N2810 @ 2.00GHz,139.99,420,3.000214301021501,512,3.6574041002928777,7.5,55.98,2,2013,FCBGA1170,Laptop,Other,0
AMD Athlon LE-1660,25.899999618530273,416,16.061776298342913,428,16.52509676848742,45.0,9.25,1,2009,AM2,Desktop,AM2,1
AMD G-T48E,120.68000030517578,416,3.447132904773107,454,3.76201523742065,18.0,23.09,2,2013,FT1,Laptop,Other,1
AMD E-350,111.81999969482422,414,3.7023788332129883,486,4.346270804206552,18.0,23.0,2,2011,FT1,"Desktop, Laptop",Other,1
AMD Athlon LE-1600,21.0,412,19.61904761904762,430,20.476190476190474,45.0,9.16,1,2009,AM2,Desktop,AM2,0
AMD Athlon 1640B,50.0,412,8.24,462,9.24,45.0,9.14,1,2009,AM2,Desktop,AM2,0
Intel Celeron 900 @ 2.20GHz,18.99,409,21.537651395471304,851,44.813059505002634,34.8,11.74,1,2009,PGA478,Laptop,PGA478,0
Intel Core Duo T2500 @ 2.00GHz,119.99,408,3.4002833569464124,613,5.108759063255271,31.0,13.15,2,2009,BGA479,Laptop,Other,0
Intel Atom D2550 @ 1.86GHz,127.81999969482422,408,3.1919887417784203,311,2.433109065424237,10.0,40.78,2,2012,BGA559,Desktop,Other,1
AMD E1-2100 APU,151.4499969482422,407,2.6873556170429747,328,2.1657313080837732,9.0,45.21,2,2013,FT3,Laptop,Other,1
Intel Core2 Duo U7500 @ 1.06GHz,91.08999633789062,405,4.446152335956704,425,4.665715414275553,10.0,40.52,2,2009,BGA479,Laptop,Other,1
AMD Athlon 64 FX-55,65.0,404,6.2153846153846155,505,7.769230769230769,104.0,3.89,1,2009,939,Desktop,Other,0
Intel Core Duo L2500 @ 1.83GHz,124.69000244140625,404,3.240035224073765,578,4.635495939392664,15.0,26.91,2,2009,BGA479,Laptop,Other,1
Intel Atom D510 @ 1.66GHz,97.16,404,4.158089748867847,292,3.0053519967064637,13.0,31.11,2,2010,BGA559,Desktop,Other,0
Intel Core Duo T2450 @ 2.00GHz,79.4800033569336,404,5.083039543741492,603,7.586813972465643,31.0,13.03,2,2009,PGA478,Laptop,PGA478,1
Intel Xeon 3.60GHz,851.0,403,0.4735605170387779,643,0.7555816686251469,110.0,3.67,1,2009,PPGA604,Server,Other,0
AMD E-350 APU,122.95999908447266,401,3.261223186286101,482,3.919974004463593,18.0,22.28,2,2012,FT1 BGA,"Desktop, Laptop",Other,1
AMD Turion 64 Mobile ML-42,44.20000076293945,400,9.0497735994473,455,10.294117469371304,35.0,11.43,1,2009,754,Laptop,Other,1
AMD Sempron LE-1300,27.0,400,14.814814814814815,389,14.407407407407407,45.0,8.89,1,2009,AM2,Desktop,AM2,0
Intel Atom D525 @ 1.80GHz,110.18000030517578,399,3.6213468768819443,310,2.8135777740185532,13.0,30.68,2,2010,BGA559,Desktop,Other,1
AMD Athlon 64 3500+,79.95,396,4.953095684803002,568,7.104440275171982,45.0,8.8,1,2008,AM2,Unknown,AM2,0
AMD Athlon 64 3700+,89.95,394,4.380211228460255,435,4.836020011117287,89.0,4.42,1,2008,939,Desktop,Other,0
AMD Opteron 150,352.94,393,1.113503711679039,471,1.3345044483481612,85.3,4.6,1,2009,939,Server,Other,0
Intel Xeon 3.80GHz,851.0,393,0.4618096357226792,594,0.6980023501762632,110.0,3.57,1,2009,PPGA604,Server,Other,0
AMD Opteron 148,139.22999572753906,392,2.8154852548233196,443,3.1817856323641083,85.3,4.6,1,2009,939,Server,Other,1
Intel Celeron 807 @ 1.50GHz,101.08000183105469,392,3.8781162732385934,608,6.015037485023124,17.0,23.05,1,2014,BGA-1023,Laptop,Other,1
AMD A4-1200 APU,82.31999969482422,391,4.749757063283659,295,3.583576300942914,3.9,100.34,2,2013,FT3,Laptop,Other,1
AMD E1-1500 APU,78.37999725341797,390,4.975759296584984,458,5.843327584194674,18.0,21.66,2,2013,FT1,Laptop,Other,1
Intel Core Duo L2300 @ 1.50GHz,56.31999969482422,387,6.871448900870025,442,7.84801140616163,15.0,25.81,2,2010,BGA479,Desktop,Other,1
AMD Athlon II Neo K325 Dual-Core,25.99,387,14.89034243939977,472,18.16083108888034,12.0,32.25,2,2010,unknown,Laptop,unknown,0
Intel Atom E3825 @ 1.33GHz,70.32,385,5.474971558589306,370,5.261660978384528,6.0,64.14,2,2014,FCBGA1170,Desktop,Other,0
Intel Pentium 4 3.73GHz,328.5299987792969,385,1.171886894440465,572,1.741089100311548,115.0,3.35,1,2009,unknown,Desktop,unknown,1
AMD Turion 64 Mobile ML-44,29.290000915527344,384,13.110276135103575,469,16.012290383759314,35.0,10.98,1,2009,754,Laptop,Other,1
Intel Core Duo T2350 @ 1.86GHz,74.88999938964844,384,5.127520404988518,572,7.63786893659748,31.0,12.39,2,2009,PGA478,Laptop,PGA478,1
AMD Turion 64 X2 Mobile TL-52,45.38999938964844,384,8.460013332531005,497,10.949548505906016,31.0,12.39,2,2009,S1,Laptop,S1,1
Intel Pentium T2130 @ 1.86GHz,74.52999877929688,382,5.125452921731603,583,7.822353542852159,31.0,12.33,2,2009,PGA478,Laptop,PGA478,1
AMD Athlon X2 Dual Core L310,40.09000015258789,379,9.453729073521462,434,10.825642263610328,13.0,29.14,2,2009,S1,Laptop,S1,1
AMD V140,39.95,379,9.48685857321652,869,21.752190237797244,25.0,15.16,1,2010,S1,Laptop,S1,0
AMD Athlon 64 3400+,99.95,375,3.7518759379689843,429,4.292146073036518,89.0,4.21,1,2009,754,Unknown,Other,0
Intel Xeon 3.40GHz,82.16999816894531,375,4.563709484682994,519,6.316173926801264,103.0,3.64,1,2008,PPGA604,Server,Other,1
Intel Pentium D 805 @ 2.66GHz,62.630001068115234,374,5.9715790135983635,497,7.935494036787129,95.0,3.93,2,2008,PLGA775,Desktop,Other,1
AMD E1-1200 APU,76.80999755859375,372,4.84311953943526,425,5.533133882419316,18.0,20.66,2,2012,FT1,Laptop,Other,1
Intel Celeron D 360 @ 3.46GHz,44.18000030517578,372,8.420099534413525,712,16.115889431458147,65.0,5.72,1,2008,PLGA775,Desktop,Other,1
Intel Atom 330 @ 1.60GHz,73.12000274658203,371,5.073851012913731,168,2.2975929115081044,8.0,46.43,2,2009,BGA437,Desktop,Other,1
Intel Celeron 827E @ 1.40GHz,77.18000030517578,371,4.806944785346422,674,8.732832305454147,17.0,21.81,1,2012,FCBGA1023,Laptop,Other,1
Intel Celeron 440 @ 2.00GHz,49.99,368,7.361472294458891,444,8.881776355271054,35.0,10.52,1,2009,LGA775,Desktop,LGA775,0
Intel Celeron 560 @ 2.13GHz,69.95,365,5.218012866333095,498,7.119370979270908,31.0,11.76,1,2009,PGA478,Laptop,PGA478,0
AMD Sempron 3600+,15.0,364,24.266666666666666,377,25.133333333333333,62.0,5.86,1,2009,AM2,Desktop,AM2,0
AMD V120,33.060001373291016,362,10.949787808915753,812,24.56140248850716,25.0,14.48,1,2010,S1,Laptop,S1,1
AMD Turion 64 Mobile MK-38,37.81999969482422,362,9.571655286119444,801,21.17927039829192,31.0,11.69,1,2009,S1,Laptop,S1,1
AMD Sempron 3800+,14.99,360,24.01601067378252,422,28.152101400933955,62.0,5.81,1,2008,AM2,Desktop,AM2,0
AMD E-300 APU,71.66999816894531,359,5.009069473585603,402,5.609041583235132,18.0,19.96,2,2011,FT1,Laptop,Other,1
AMD Athlon II 160u,29.99,358,11.93731243747916,717,23.907969323107704,20.0,17.89,1,2010,unknown,Desktop,unknown,0
AMD Athlon II 170u,24.0,357,14.875,728,30.333333333333332,20.0,17.83,1,2010,"AM2+,AM3",Desktop,Other,0
AMD Athlon X2 Dual Core 3250e,28.489999771118164,357,12.530712631381274,458,16.07581620496533,22.0,16.23,2,2009,unknown,Unknown,unknown,1
Mobile AMD Athlon 64 3700+,48.7599983215332,356,7.301066699232938,485,9.946677946988693,81.5,4.37,1,2009,unknown,Laptop,unknown,1
AMD Sempron LE-1200,14.95,349,23.34448160535117,551,36.8561872909699,45.0,7.75,1,2009,AM2,Desktop,AM2,0
Intel Core Duo T2400 @ 1.83GHz,16.0,349,21.8125,511,31.9375,31.0,11.26,2,2009,BGA479,Laptop,Other,0
Intel Core Duo L2400 @ 1.66GHz,55.38999938964844,348,6.282722582319363,501,9.044954062477014,15.0,23.2,2,2009,BGA479,Laptop,Other,1
Intel Pentium T2080 @ 1.73GHz,159.95,348,2.1756798999687406,530,3.3135354798374492,31.0,11.23,2,2008,PGA478,Laptop,PGA478,0
Intel Core Duo T2250 @ 1.73GHz,44.279998779296875,347,7.836495247652083,529,11.946703129705913,31.0,11.19,2,2009,PGA478,Laptop,PGA478,1
AMD Opteron 146,35.0,346,9.885714285714286,400,11.428571428571429,67.0,5.16,1,2009,939,Server,Other,0
Intel Core2 Duo U7700 @ 1.33GHz,49.93000030517578,345,6.909673500727719,345,6.909673500727719,10.0,34.51,2,2008,unknown,Laptop,unknown,1
Intel Celeron 570 @ 2.26GHz,42.349998474121094,344,8.1227865972701,431,10.177095998323875,31.0,11.09,1,2009,PGA478,Laptop,PGA478,1
AMD Athlon 64 4000+,99.95,340,3.4017008504252124,565,5.652826413206603,62.0,5.49,1,2008,AM2,Unknown,AM2,0
AMD Athlon 64 3200+,149.95,340,2.2674224741580526,568,3.7879293097699236,62.0,5.48,1,2008,AM2,Unknown,AM2,0
AMD Athlon TF-36,34.380001068115234,338,9.831296960414251,349,10.151250411788679,25.0,13.53,1,2010,unknown,Unknown,unknown,1
AMD V160,34.36000061035156,337,9.807916007384259,838,24.388823780973322,25.0,13.5,1,2011,S1,Laptop,S1,1
AMD Turion 64 Mobile ML-40,34.93000030517578,336,9.619238392912722,662,18.95218992889352,35.0,9.61,1,2009,754,Laptop,Other,1
Intel Atom N570 @ 1.66GHz,86.0,335,3.895348837209302,282,3.2790697674418605,8.5,39.4,2,2011,BGA559,Laptop,Other,0
Intel Celeron N2805 @ 1.46GHz,56.61000061035156,335,5.9176823244679975,394,6.95990100250863,4.3,77.9,2,2013,FCBGA1170,Laptop,Other,1
AMD Turion 64 Mobile ML-37,25.99,334,12.851096575606004,510,19.62293189688342,35.0,9.55,1,2009,754,Laptop,Other,0
AMD Turion 64 Mobile MK-36,29.299999237060547,334,11.399317702968915,735,25.085324885275906,31.0,10.77,1,2009,S1,Laptop,S1,1
AMD Athlon 2850e,19.360000610351562,333,17.200412680872997,337,17.407024244607207,22.0,15.12,1,2009,AM2,Desktop,AM2,1
Mobile AMD Athlon 64 3400+,48.66999816894531,333,6.841997380893186,432,8.876104710347917,81.5,4.08,1,2009,unknown,Laptop,unknown,1
Intel Core Duo T2300 @ 1.66GHz,34.56999969482422,330,9.545849086293375,519,15.013017199352307,31.0,10.65,2,2009,BGA479,Laptop,Other,1
Intel Pentium T2060 @ 1.60GHz,66.08000183105469,330,4.993946592854278,490,7.4152540318139275,31.0,10.65,2,2008,PGA478,Laptop,PGA478,1
Intel Pentium 4 3.20GHz,75.22000122070312,326,4.333953665375288,561,7.458122718636616,82.0,3.97,1,2008,PGA478,Desktop,PGA478,1
Mobile AMD Athlon 64 3200+,48.7400016784668,326,6.688551267408469,400,8.206811371053336,81.5,4.0,1,2009,unknown,Laptop,unknown,1
Intel Atom N2600 @ 1.60GHz,74.36000061035156,323,4.343733154233401,292,3.9268423561490806,3.5,92.35,2,2012,BGA559,Laptop,Other,1
Mobile AMD Sempron 3400+,24.1200008392334,321,13.308457248387155,455,18.86401261064223,25.0,12.84,1,2009,Socket S1 (S1g1),Laptop,Other,1
Intel Core Duo T2050 @ 1.60GHz,71.0999984741211,320,4.5007033314701586,493,6.933896070046213,31.0,10.32,2,2008,PGA478,Desktop,PGA478,1
AMD Opteron 144,29.95,316,10.550918196994992,376,12.554257095158597,67.0,4.72,1,2008,939,Server,Other,0
Intel Core2 Duo U7600 @ 1.20GHz,55.630001068115234,316,5.6803881706397785,427,7.675714395136662,10.0,31.6,2,2009,BGA479,Laptop,Other,1
AMD Turion 64 Mobile MT-37,25.790000915527344,315,12.214036014645833,379,14.695617935081813,25.0,12.6,1,2009,754,Laptop,Other,1
AMD Sempron 3300+,20.0,315,15.75,394,19.7,62.0,5.08,1,2008,754,Desktop,Other,0
AMD Sempron LE-1100,34.95,315,9.012875536480687,509,14.563662374821172,45.0,7.01,1,2009,AM2,Desktop,AM2,0
Intel Pentium 4 3.60GHz,109.1500015258789,315,2.8859367438974806,447,4.095281665149758,115.0,2.74,1,2008,unknown,Desktop,unknown,1
Intel Celeron D 420 @ 1.60GHz,40.0099983215332,313,7.8230445671262325,388,9.697576012923253,35.0,8.95,1,2011,LGA775,Desktop,LGA775,1
Intel Pentium 4 3.00GHz,59.290000915527344,313,5.279136366449761,549,9.259571454252136,81.9,3.82,1,2008,PGA478,Desktop,PGA478,1
Mobile AMD Athlon 64 4000+,33.959999084472656,313,9.216725807955374,338,9.95288601625852,62.0,5.04,1,2009,unknown,Laptop,unknown,1
Intel Pentium 4 3.80GHz,44.75,313,6.994413407821229,596,13.318435754189943,65.0,4.81,1,2008,unknown,Desktop,unknown,1
AMD C-60 APU,66.45999908447266,309,4.6494132449091925,359,5.401745485185761,9.0,34.36,2,2011,unknown,Unknown,unknown,1
Intel Celeron M 530 @ 1.73GHz,38.15999984741211,307,8.045073407431362,553,14.491614313711867,30.0,10.25,1,2009,"PBGA479, PPGA478",Laptop,Other,1
Intel Atom E3826 @ 1.46GHz,98.6500015258789,304,3.081601574230605,395,4.004054677043055,7.0,43.45,2,2016,FCBGA1170,Laptop,Other,1
AMD Athlon 64 3000+,20.0,303,15.15,506,25.3,89.0,3.4,1,2008,Socket 754,Desktop,Other,0
AMD Athlon II Neo K125,60.209999084472656,302,5.015778186216278,613,10.181033205796616,12.0,25.15,1,2010,S1,Laptop,S1,1
Mobile AMD Sempron 3600+,22.459999084472656,302,13.446126995115625,724,32.23508590882024,25.0,12.08,1,2009,S1,Laptop,S1,1
AMD Sempron LE-1250,99.99,301,3.0103010301030104,508,5.080508050805081,45.0,6.68,1,2009,AM2,Desktop,AM2,0
Intel Celeron 550 @ 2.00GHz,54.95,301,5.477707006369426,613,11.155595996360328,31.0,9.7,1,2009,BGA479,Laptop,Other,0
AMD C-70 APU,68.72000122070312,300,4.365541249577563,354,5.151338674501525,9.0,33.29,2,2012,unknown,Unknown,unknown,1
AMD Sempron 3100+,65.0,298,4.584615384615384,383,5.892307692307693,62.0,4.8,1,2009,754,Desktop,Other,0
AMD Athlon II Neo K145,59.7400016784668,298,4.988282417598486,592,9.909608024222496,12.0,24.81,1,2011,S1,Laptop,S1,1
AMD Athlon 64 2800+,99.99,295,2.9502950295029504,375,3.750375037503751,89.0,3.32,1,2009,754,Unknown,Other,0
Intel Pentium 4 3.46GHz,100.2300033569336,295,2.943230471114145,512,5.108250851560821,110.7,2.67,1,2009,unknown,Desktop,unknown,1
Intel Celeron 430 @ 1.80GHz,49.99,293,5.861172234446889,630,12.60252050410082,35.0,8.37,1,2009,LGA775,Desktop,LGA775,0
Intel Pentium 4 3.40GHz,67.77999877929688,293,4.322809166079472,667,9.840661139163851,89.0,3.29,1,2008,PGA478,Desktop,PGA478,1
AMD Athlon 64 3800+,131.01,292,2.228837493321121,461,3.51881535760629,45.0,6.5,1,2009,AM2,Unknown,AM2,0
AMD Sempron 3400+,86.68,292,3.368712505768343,346,3.991693585602215,62.0,4.71,1,2008,AM2,Desktop,AM2,0
AMD G-T40N,84.5,292,3.455621301775148,321,3.798816568047337,9.0,32.5,2,2011,FT1,Laptop,Other,1
Intel Pentium M 2.10GHz,25.75,292,11.339805825242719,353,13.70873786407767,21.0,13.89,1,2009,"H-PBGA479, PPGA4",Laptop,Other,1
AMD Athlon 2800+,109.95,291,2.6466575716234653,439,3.992723965438836,89.0,3.27,1,2009,754,Unknown,Other,0
AMD C-60,60.18000030517578,290,4.818876678786898,354,5.882352911346765,9.0,32.21,2,2011,unknown,Unknown,unknown,1
AMD G-T40E,84.91000366210938,289,3.4036036690099056,313,3.686255876816957,6.4,45.12,2,2011,FT1,Laptop,Other,1
AMD Sempron 3200+,124.68,288,2.3099133782483157,356,2.855309592556946,62.0,4.65,1,2009,AM2,Desktop,AM2,0
AMD Sempron SI-40,12.0,288,24.0,631,52.583333333333336,25.0,11.53,1,2009,S1,Laptop,S1,0
AMD Turion 64 Mobile MT-32,25.75,286,11.106796116504855,367,14.25242718446602,24.0,11.92,1,2009,754,Laptop,Other,1
AMD Turion 64 Mobile ML-32,36.25,285,7.862068965517241,321,8.855172413793104,35.0,8.13,1,2008,754,Laptop,Other,1
Intel Celeron 540 @ 1.86GHz,20.95,283,13.50835322195704,496,23.675417661097853,30.0,9.43,1,2009,PGA478,Laptop,PGA478,0
Intel Celeron D 352 @ 3.20GHz,81.23999786376953,283,3.4835057538351935,674,8.296405929628694,86.0,3.29,1,2009,PLGA775,Desktop,Other,1
AMD Athlon Neo MV-40,38.650001525878906,282,7.296248094872158,442,11.435963326005298,15.0,18.79,1,2009,unknown,Unknown,unknown,1
AMD Athlon XP 3200+,116.08999633789062,281,2.4205358675533386,430,3.704022857821835,62.0,4.53,1,2008,AM2,Unknown,AM2,1
Intel Pentium M 1.80GHz,22.989999771118164,280,12.179208472709856,389,16.920400342443337,21.0,13.36,1,2008,"H-PBGA479, PPGA4",Laptop,Other,1
AMD Turion 64 Mobile MT-34,25.889999389648438,279,10.776361783598658,328,12.668984462438566,24.0,11.62,1,2009,754,Laptop,Other,1
VIA Nano L2100@1800MHz,34.040000915527344,279,8.1962394975358,182,5.346650855023353,25.0,11.15,1,2011,BGA400,Laptop,Other,1
AMD Turion 64 Mobile ML-30,35.349998474121094,277,7.835926788024763,314,8.882602929385472,35.0,7.9,1,2009,754,Laptop,Other,1
AMD Turion 64 Mobile ML-34,35.349998474121094,277,7.835926788024763,329,9.306931094801975,35.0,7.9,1,2009,754,Laptop,Other,1
Intel Atom D2500 @ 1.86GHz,84.62000274658203,275,3.249822631459413,346,4.088867747218026,10.0,27.46,2,2012,BGA559,Desktop,Other,1
AMD Athlon 2650e,19.0,274,14.421052631578947,304,16.0,15.0,18.28,1,2009,AM2,Desktop,AM2,0
AMD Athlon TF-20,38.65999984741211,272,7.03569583739167,420,10.863942101854786,15.0,18.1,1,2009,unknown,Unknown,unknown,1
Intel Pentium M 2.13GHz,28.479999542236328,271,9.515449591145616,354,12.429775480684679,27.0,10.02,1,2009,"H-PBGA479, PPGA4",Laptop,Other,1
VIA Nano U2250 (1.6GHz Capable),86.38999938964844,270,3.1253617537628133,259,2.9980322008317355,8.0,33.79,1,2011,BGA400,Laptop,Other,1
Intel Pentium M 2.00GHz,27.190000534057617,270,9.93012117310567,363,13.350496243842066,21.0,12.87,1,2009,"H-PBGA479, PPGA4",Laptop,Other,1
AMD Sempron 3000+,34.95,268,7.668097281831187,333,9.527896995708154,62.0,4.32,1,2008,AM2,Desktop,AM2,0
Intel Celeron 743 @ 1.30GHz,46.459999084472656,268,5.768403040919731,529,11.38613883823335,10.0,26.78,1,2009,BGA956,Laptop,Other,1
Intel Celeron 530 @ 1.73GHz,13.0,268,20.615384615384617,468,36.0,27.0,9.93,1,2009,PGA478,Laptop,PGA478,0
Intel Celeron M 723 @ 1.20GHz,51.47999954223633,267,5.186480232598723,507,9.848484936058249,10.0,26.71,1,2009,BGA956,Laptop,Other,1
AMD Sempron 210U,37.75,267,7.072847682119205,299,7.920529801324503,15.0,17.83,1,2009,unknown,Unknown,unknown,1
Intel Atom N550 @ 1.50GHz,86.0,265,3.0813953488372094,243,2.8255813953488373,8.5,31.16,2,2010,BGA559,Laptop,Other,0
AMD Z-60 APU,94.7699966430664,262,2.7645880477001,318,3.355492363239053,4.5,58.26,2,2013,FT1,Laptop,Other,1
AMD Athlon XP 3000+,79.7,262,3.28732747804266,396,4.968632371392722,62.0,4.22,1,2009,Socket A,Desktop,Other,0
AMD Sempron SI-42,29.99,261,8.702900966988997,650,21.673891297099033,25.0,10.44,1,2009,S1,Laptop,S1,0
AMD Athlon XP 2800+,100.5999984741211,260,2.5844930809505318,408,4.055666065491604,89.0,2.93,1,2009,754,Unknown,Other,1
AMD C-50,89.08999633789062,260,2.9183972464641363,315,3.535750510139242,9.0,28.93,2,2011,FT1,Laptop,Other,1
Intel Xeon 2.80GHz,103.08999633789062,260,2.5220681854310754,384,3.724900704636665,103.0,2.52,1,2008,PPGA604,Server,Other,1
Intel Core Duo U2400 @ 1.06GHz,67.38999938964844,255,3.7839442396429184,342,5.0749369802269735,9.0,28.28,2,2009,BGA479,Laptop,Other,1
AMD Turion 64 Mobile ML-28,24.780000686645508,254,10.25020149159585,314,12.6715089305555,25.0,10.16,1,2009,754,Laptop,Other,1
VIA Nano L2007@1600MHz,36.91999816894531,254,6.879740319533607,242,6.554713217823358,25.0,10.15,1,2012,BGA400,Laptop,Other,1
Intel Core Solo T1400 @ 1.83GHz,16.600000381469727,253,15.24096350518276,525,31.626505297316005,27.0,9.37,1,2009,PGA478,Laptop,PGA478,1
Intel Core2 Solo U3500 @ 1.40GHz,66.2300033569336,252,3.8049220478201624,546,8.24399777027702,5.5,45.8,1,2009,BGA956,Laptop,Other,1
AMD Sempron LE-1150,14.94,251,16.80053547523427,477,31.927710843373497,45.0,5.59,1,2009,AM2,Desktop,AM2,0
Intel Celeron D 356 @ 3.33GHz,85.25,251,2.9442815249266863,619,7.26099706744868,86.0,2.92,1,2009,PLGA775,Desktop,Other,1
Intel Pentium 4 3.06GHz,49.66999816894531,249,5.0130865548467005,551,11.093215629399728,81.8,3.04,1,2009,PGA478,Desktop,PGA478,1
AMD GX-210JA SOC,116.98999786376953,248,2.119839341212628,231,1.9745277734682143,6.0,41.28,2,2015,FT3 (769-BGA),Laptop,Other,1
AMD Sempron M120,23.18000030517578,247,10.655737564630154,559,24.115616593636663,25.0,9.86,1,2010,S1,Laptop,S1,1
AMD Turion 64 Mobile MT-30,24.780000686645508,246,9.927360499734565,294,11.864406450902285,25.0,9.85,1,2009,754,Laptop,Other,1
AMD Sempron 2800+,29.95,243,8.113522537562604,408,13.622704507512521,62.0,3.92,1,2008,AM2,Desktop,AM2,0
AMD Athlon 64 2600+,53.70000076293945,243,4.5251396005138265,292,5.437616310082458,15.0,16.22,1,2013,unknown,Unknown,unknown,1
Intel Celeron 807UE @ 1.00GHz,147.4199981689453,241,1.634784988423421,421,2.8557862245902914,10.0,24.06,1,2013,BGA-1023,Laptop,Other,1
Intel Pentium M 1.50GHz,47.0099983215332,240,5.105296927655209,323,6.870878781802635,24.5,9.8,1,2009,"H-PBGA479, PPG",Laptop,Other,1
Intel Pentium M 1.70GHz,41.77000045776367,239,5.72180984871351,318,7.613119380296637,24.5,9.77,1,2008,"H-PBGA479, PPG",Laptop,Other,1
Intel Pentium SU2700 @ 1.30GHz,63.02000045776367,239,3.7924468147247796,432,6.854966627452321,10.0,23.87,1,2009,unknown,Laptop,unknown,1
Intel Pentium M 1.86GHz,38.08000183105469,238,6.249999699472394,460,12.079831351921433,27.0,8.82,1,2009,"H-PBGA479, PPGA4",Laptop,Other,1
Intel Pentium M 1700MHz,46.959999084472656,237,5.046848479994203,361,7.687393676278091,24.5,9.69,1,2009,"H-PBGA479, PPGA4",Laptop,Other,1
Intel Pentium 4 2.80GHz,45.130001068115234,236,5.229337345767009,506,11.212053800669944,69.7,3.39,1,2008,PGA478,Desktop,PGA478,1
Intel Celeron 420 @ 1.60GHz,49.95,235,4.704704704704705,471,9.42942942942943,35.0,6.72,1,2009,LGA775,Desktop,LGA775,0
Intel Core2 Solo U2100 @ 1.06GHz,75.9000015258789,233,3.069828660287394,258,3.39920941782896,5.5,42.43,1,2009,unknown,Laptop,unknown,1
AMD Sempron 3500+,24.99,232,9.283713485394157,264,10.56422569027611,62.0,3.74,1,2009,AM2,Desktop,AM2,0
Mobile Intel Pentium 4 3.20GHz,68.06999969482422,232,3.408256222126006,468,6.87527548256453,82.0,2.83,1,2009,PGA478,Desktop,PGA478,1
Intel Celeron D 347 @ 3.06GHz,55.70000076293945,232,4.165170499501384,565,10.143626431975354,86.0,2.7,1,2008,PLGA775,Desktop,Other,1
Intel Celeron M 450 @ 2.00GHz,41.529998779296875,230,5.538165344581164,598,14.399229895911027,27.0,8.51,1,2009,PPGA478,Laptop,Other,1
Intel Pentium M 1.60GHz,41.77000045776367,229,5.482403578892861,307,7.349772483493923,24.5,9.36,1,2008,"H-PBGA479, PPG",Laptop,Other,1
Intel Pentium M 2.26GHz,31.420000076293945,227,7.224697627269234,508,16.168045791421896,27.0,8.41,1,2009,"H-PBGA479, PPGA4",Laptop,Other,1
Intel Pentium M 1.40GHz,47.08000183105469,225,4.779099219396941,264,5.607476417425744,22.0,10.21,1,2008,"H-PBGA479, PPG",Laptop,Other,1
Intel Atom N470 @ 1.83GHz,179.36000061035156,224,1.2488849199249616,308,1.7172167648968224,6.5,34.4,1,2010,BGA559,Laptop,Other,1
Intel Atom D425 @ 1.80GHz,992.98,222,0.22356945759229793,320,0.32226228121412315,10.0,22.2,1,2011,BGA559,Desktop,Other,0
Intel Celeron M 360 1.40GHz,41.77000045776367,221,5.290878563036342,305,7.301891229529793,21.0,10.53,1,2008,"H-PBGA479, PPGA4",Laptop,Other,1
Intel Core Duo U2500 @ 1.20GHz,155.89999389648438,220,1.4111610558886694,362,2.322001373780447,9.0,24.48,2,2009,BGA479,Laptop,Other,1
Mobile Intel Pentium 4 3.06GHz,60.290000915527344,220,3.6490296344205273,423,7.016088797090378,81.8,2.68,1,2009,PGA478,Desktop,PGA478,1
Intel Celeron M 1.50GHz,52.65999984741211,216,4.10178504796587,280,5.317128765881684,21.0,10.27,1,2009,"PPGA478, H-PBGA4",Laptop,Other,1
Intel Pentium 4 2.60GHz,53.650001525878906,215,4.007455617616179,494,9.207828256290197,69.0,3.11,1,2008,PGA478,Desktop,PGA478,1
Intel Celeron M 520 @ 1.60GHz,25.280000686645508,215,8.504746604440426,522,20.648733616362335,30.0,7.16,1,2008,PPGA478,Laptop,Other,1
Intel Celeron 723 @ 1.20GHz,103.81999969482422,213,2.0516278234069265,460,4.430745534118246,10.0,21.31,1,2009,BGA956,Laptop,Other,1
Intel Atom 230 @ 1.60GHz,122.16000366210938,210,1.7190569229258803,167,1.3670595529934382,4.0,52.61,1,2009,BGA437,Desktop,Other,1
Intel Core Solo T1300 @ 1.66GHz,24.829999923706055,210,8.45751110129911,518,20.861860716537805,27.0,7.78,1,2009,PGA478,Laptop,PGA478,1
Intel Celeron 220 @ 1.20GHz,120.44000244140625,209,1.7353038505763727,255,2.117236755487919,19.0,10.97,1,2009,BGA479,Desktop,Other,1
Intel Pentium M 1400MHz,47.0099983215332,208,4.424590670634514,282,5.998723889994871,22.0,9.46,1,2009,"H-PBGA479, PPGA4",Laptop,Other,1
Intel Pentium M 1.73GHz,36.58000183105469,205,5.604154995584629,494,13.504646672286862,27.0,7.58,1,2009,"H-PBGA479, PPGA4",Laptop,Other,1
Mobile Intel Pentium 4 2.80GHz,51.540000915527344,205,3.977493138504002,397,7.702755004810189,69.7,2.94,1,2009,PGA478,Desktop,PGA478,1
VIA Nano U2500@1200MHz,204.97000122070312,199,0.9708737806257078,184,0.8976923398750264,7.0,28.43,1,2011,BGA400,Laptop,Other,1
Intel Pentium M 1300MHz,52.65999984741211,197,3.740979881709613,271,5.1462210555497725,22.0,8.98,1,2009,"H-PBGA479, PPGA4",Laptop,Other,1
AMD Athlon L110,83.26000213623047,197,2.3660820915866365,223,2.678356885400101,13.0,15.17,1,2009,unknown,Unknown,unknown,1
Intel Pentium M 1.30GHz,52.65999984741211,196,3.7219901361171788,250,4.747436398108646,22.0,8.91,1,2009,"H-PBGA479, PPG",Laptop,Other,1
AMD Athlon XP 1800+,50.95,195,3.8272816486751715,301,5.907752698724239,66.0,2.96,1,2009,Socket A,Desktop,Other,0
AMD Athlon XP 2000+,58.99,195,3.3056450245804374,311,5.27208001356162,70.0,2.79,1,2009,Socket A,Desktop,Other,0
Intel Pentium III 1400S @ 1400MHz,70.70999908447266,194,2.7436006577830776,278,3.9315514580602864,32.2,6.04,1,2009,Socket 370,Desktop,Other,1
Intel Core Solo T1350 @ 1.86GHz,37.08000183105469,194,5.231930701727313,413,11.138079277388558,31.0,6.26,1,2009,unknown,Laptop,unknown,1
Intel Pentium M 1600MHz,47.0099983215332,193,4.105509612656064,313,6.6581580764836685,24.5,7.86,1,2009,"H-PBGA479, PPGA4",Laptop,Other,1
Intel Pentium III 1400 @ 1400MHz,71.91000366210938,193,2.6839103069284787,272,3.782505717536509,31.2,6.19,1,2009,Socket 370,Desktop,Other,1
Mobile AMD Athlon XP-M 1800+,40.470001220703125,193,4.768964521337042,291,7.190511273104038,45.0,4.3,1,2009,Socket A,Laptop,Other,1
Intel Celeron 2.80GHz,36.540000915527344,190,5.199780931567005,425,11.631088925873565,68.4,2.78,1,2008,PPGA478,Desktop,Other,1
Intel Pentium M 1500MHz,52.65999984741211,188,3.570072171377702,251,4.76642614370108,24.5,7.65,1,2009,"H-PBGA479, PPGA4",Laptop,Other,1
VIA Nano U3500@1000MHz,146.49000549316406,184,1.2560583869224193,286,1.9523516231511517,5.0,36.79,1,2011,BGA400,Laptop,Other,1
AMD V105,135.9199981689453,184,1.3537375108796896,452,3.325485624552281,9.0,20.43,1,2010,BGA812,Laptop,Other,1
Intel Atom Z530 @ 1.60GHz,98.5199966430664,183,1.8574909280904761,161,1.6341860077735881,2.0,91.43,1,2009,BGA441,Laptop,Other,1
AMD E-240,138.50999450683594,182,1.3139846019632733,385,2.779582811845386,18.0,10.11,1,2011,FT1,Laptop,Other,1
Mobile Intel Pentium 4 2.66GHz,43.040000915527344,182,4.228624445366606,425,9.874535105938502,66.1,2.75,1,2009,PGA478,Desktop,PGA478,1
VIA Nano U2250@1300+MHz,220.25,179,0.8127128263337117,156,0.7082860385925085,10.0,17.87,1,2011,BGA400,Laptop,Other,1
Intel Atom N455 @ 1.66GHz,206.69000244140625,179,0.8660312443062843,257,1.2434079876352797,6.5,27.47,1,2010,BGA559,Laptop,Other,1
Intel Atom N475 @ 1.83GHz,206.69000244140625,179,0.8660312443062843,281,1.359523908659586,6.5,27.61,1,2010,BGA559,Laptop,Other,1
AMD C-30,184.91000366210938,178,0.9626304498120275,375,2.0280135880871364,9.0,19.83,1,2011,FT1,Laptop,Other,1
Intel Atom N450 @ 1.66GHz,166.33999633789062,177,1.064085631217975,270,1.6231814713494535,5.5,32.16,1,2010,BGA559,Laptop,Other,1
Intel Atom D410 @ 1.66GHz,635.99,177,0.27830626267708614,254,0.3993773487004513,10.0,17.7,1,2010,BGA559,Desktop,Other,0
AMD G-T52R,143.60000610351562,177,1.2325904768583897,381,2.6532032298477204,18.0,9.86,1,2011,FT1,Laptop,Other,1
AMD Athlon XP 1700+,51.25,176,3.4341463414634146,272,5.307317073170732,64.0,2.75,1,2009,Socket A (462),Desktop,Other,0
Intel Atom N270 @ 1.60GHz,98.5199966430664,175,1.776289138884335,164,1.664636678725891,2.5,70.05,1,2009,BGA437,Laptop,Other,1
Intel Atom N280 @ 1.66GHz,98.5199966430664,175,1.776289138884335,226,2.293950545073484,2.5,69.92,1,2009,BGA437,Laptop,Other,1
Intel Celeron 215 @ 1.33GHz,38.31999969482422,174,4.540709848270216,440,11.482254788729282,27.0,6.43,1,2009,BGA479,Laptop,Other,1
Mobile AMD Athlon MP-M 1800+,49.75,173,3.477386934673367,262,5.266331658291457,35.0,4.93,1,2014,unknown,Laptop,unknown,1
Intel Celeron M 440 @ 1.86GHz,29.729999542236328,169,5.684493864855526,485,16.3134883103842,27.0,6.28,1,2008,"PBGA479, PPGA478",Laptop,Other,1
Intel Celeron M 430 @ 1.73GHz,38.08000183105469,169,4.438024996684179,466,12.237394369555192,27.0,6.26,1,2009,PPGA478,Laptop,Other,1
VIA Nano L2207@1600MHz,174.6999969482422,165,0.9444762614900561,191,1.093302823906671,17.0,9.68,1,2014,BGA400,Laptop,Other,1
Mobile AMD Sempron 2100+,202.7899932861328,164,0.8087184053929087,203,1.0010355871631735,8.0,20.49,1,2011,S1,"Laptop, Mobile/Embedded",S1,1
Intel Core Solo U1500 @ 1.33GHz,72.48999786376953,164,2.2623810847422736,375,5.1731274803558085,5.5,29.77,1,2009,unknown,Laptop,unknown,1
Intel Pentium 4 2.53GHz,42.90999984741211,162,3.7753437561424317,442,10.30062926058614,61.5,2.64,1,2009,PGA478,Desktop,PGA478,1
Intel Pentium 4 2.50GHz,43.58000183105469,160,3.6714087489088985,385,8.834327302062038,61.0,2.62,1,2009,PGA478,Desktop,PGA478,1
Intel Atom E3815 @ 1.46GHz,135.0,159,1.1777777777777778,238,1.762962962962963,5.0,31.7,1,2014,FCBGA1170,Desktop,Other,0
Intel Atom Z670 @ 1.50GHz,130.44000244140625,158,1.2112848592668013,95,0.7283041875338363,3.0,52.81,1,2011,BGA518,Laptop,Other,1
Intel Pentium 4 2.20GHz,47.72999954223633,157,3.289335879022386,379,7.940498714327925,57.1,2.76,1,2009,PGA478,Desktop,PGA478,1
Intel Pentium 4 2.66GHz,44.029998779296875,157,3.5657507234322745,431,9.78878064840325,66.1,2.38,1,2009,PGA478,Desktop,PGA478,1
Intel Pentium M 1000MHz,86.22000122070312,156,1.809324956986214,222,2.5748085926342275,7.0,22.22,1,2009,unknown,Laptop,unknown,1
Intel Pentium M 1200MHz,63.939998626708984,155,2.424147690476388,166,2.5961839781876153,12.0,12.88,1,2009,unknown,Laptop,unknown,1
AMD Athlon 64 2000+,169.16000366210938,154,0.9103806849496711,173,1.022700379846059,8.0,19.3,1,2013,unknown,Unknown,unknown,1
Intel Pentium 4 2.26GHz,41.25,151,3.6606060606060606,409,9.915151515151516,58.0,2.6,1,2009,PGA478,Desktop,PGA478,1
VIA C7-D 1800MHz,80.93000030517578,150,1.8534535948890505,147,1.8163845229912694,20.0,7.51,1,2011,BGA400,Desktop,Other,1
Mobile Intel Pentium III - M 1200MHz,52.65999984741211,146,2.7725028564954495,185,3.5131029346003984,22.0,6.63,1,2009,"BGA2, microPGA2",Laptop,Other,1
Intel Pentium M 900MHz,86.22000122070312,141,1.6353514034298473,200,2.3196473807515563,7.0,20.19,1,2009,unknown,Laptop,unknown,1
Intel Celeron M 420 @ 1.60GHz,39.9900016784668,139,3.4758688213520776,391,9.777443950709802,27.0,5.14,1,2009,PPGA478,Laptop,Other,1
Intel Pentium 4 2.00GHz,46.459999084472656,133,2.8626776285161353,349,7.511838288361889,54.3,2.45,1,2009,PGA478,Desktop,PGA478,1
Intel Pentium 4 2.40GHz,50.470001220703125,131,2.5956012845560017,360,7.132950094963058,59.8,2.2,1,2008,PGA478,Desktop,PGA478,1
Mobile Intel Pentium III - M 933MHz,52.65999984741211,130,2.468666927016496,177,3.3611849698609215,20.1,6.47,1,2009,"BGA2, microPGA2",Laptop,Other,1
AMD G-T44R,189.24000549316406,130,0.6869583398141257,328,1.7332487343002554,9.0,14.44,1,2011,FT1,Laptop,Other,1
Intel Core Solo U1400 @ 1.20GHz,111.63999938964844,130,1.1644571901713388,365,3.2694374954810668,5.5,23.68,1,2009,PBGA479,Laptop,Other,1
Intel Core Solo U1300 @ 1.06GHz,124.6500015258789,127,1.0188527753337668,340,2.72763735128725,6.0,21.21,1,2009,PBGA479,Laptop,Other,1
Intel Celeron M 443 @ 1.20GHz,107.87999725341797,125,1.1586948756252367,288,2.669632993440545,5.5,22.82,1,2009,PBGA479,Laptop,Other,1
Intel Celeron 2.00GHz,48.0099983215332,125,2.603624335973693,338,7.040200204472866,52.8,2.36,1,2009,PPGA478,Desktop,Other,1
Intel Celeron M 410 @ 1.46GHz,40.95000076293945,123,3.003662947701759,301,7.350427213481541,27.0,4.55,1,2009,PPGA478,Laptop,Other,1
Intel Atom Z520 @ 1.33GHz,98.5199966430664,122,1.2383272853936507,151,1.5326837712659118,2.0,61.23,1,2009,BGA441,Laptop,Other,1
Mobile Intel Celeron 1.80GHz,46.97999954223633,121,2.575564094912722,280,5.9599830295501,66.1,1.83,1,2009,PPGA478,Laptop,Other,1
AMD G-T40R,128.1300048828125,120,0.9365487819168649,327,2.552095430723457,5.5,21.75,1,2018,FT1,Laptop,Other,1
VIA C7-M 1600MHz,160.91000366210938,116,0.7208998655147961,124,0.7706170976192648,15.0,7.71,1,2011,BGA400,Laptop,Other,1
Intel Pentium 4 1.80GHz,49.970001220703125,115,2.3013807722773123,318,6.363818135514655,68.1,1.68,1,2008,PGA478,Desktop,PGA478,1
Intel Pentium 4 1800MHz,45.630001068115234,114,2.4983562860282182,317,6.947183707639869,68.1,1.67,1,2009,PGA478,Desktop,PGA478,1
Intel Celeron B710 @ 1.60GHz,63.86000061035156,106,1.6598809738003297,101,1.5815847014512576,35.0,3.02,1,2015,rPGA988B,Laptop,Other,1
Intel Pentium 4 1.90GHz,61.95000076293945,104,1.6787731835221582,292,4.713478553735291,69.2,1.5,1,2009,PGA423,Desktop,Other,1
Intel Pentium 4 1700MHz,54.93000030517578,100,1.8204988065615848,266,4.842526825453816,64.0,1.57,1,2009,PGA423,Desktop,Other,1
Intel Celeron 1.80GHz,50.77000045776367,96,1.8908804241564632,307,6.046878023083689,66.1,1.45,1,2009,PPGA478,Desktop,Other,1
VIA Eden 1200MHz,202.2100067138672,93,0.4599178918558546,97,0.4796993065593322,7.0,13.23,1,2017,NanoBGA2,Laptop,Other,1
Intel Pentium 4 1.50GHz,55.459999084472656,86,1.5506671730919257,228,4.111071110057663,57.8,1.48,1,2009,PGA423,Desktop,Other,1
Intel Pentium 4 1.70GHz,54.93000030517578,86,1.565628973642963,254,4.624066968666425,64.0,1.35,1,2009,PGA423,Desktop,Other,1
Intel Pentium 4 1.60GHz,46.709999084472656,84,1.7983301572772519,225,4.81695577842121,38.0,2.22,1,2009,PGA478,Desktop,PGA478,1
Intel Pentium 4 1400MHz,53.189998626708984,83,1.560443732711851,180,3.3840948420257013,54.7,1.52,1,2009,PGA423,Desktop,Other,1
Intel Pentium 4 1500MHz,55.459999084472656,81,1.4605121048889067,223,4.020916041854645,57.8,1.41,1,2009,PGA423,Desktop,Other,1
VIA Eden 1000MHz,157.8699951171875,80,0.5067460725555587,83,0.5257490502763922,5.0,16.08,1,2017,NanoBGA2,Laptop,Other,1
Intel Pentium 4 1300MHz,53.189998626708984,77,1.4476405713109943,203,3.816506960728985,51.6,1.5,1,2009,PGA423,Desktop,Other,1
