cpuName,price,cpuMark,cpuValue,threadMark,threadValue,TDP,powerPerf,cores,testDate,socket,category,socket_grouped,price_is_imputed
AMD Ryzen Threadripper PRO 5995WX,643.3681,108822,169.14422707622586,3330,5.175886090715408,280.0,388.65,64,2022,sWRX8,Desktop,Other,1
AMD EPYC 7763,7299.99,88338,12.101112467277353,2635,0.3609593985745186,280.0,315.49,64,2021,SP3,Server,SP3,0
AMD EPYC 7713,7060.0,85861,12.161614730878187,2727,0.38626062322946175,225.0,381.6,64,2021,SP3,Server,SP3,0
AMD Ryzen Threadripper PRO 3995WX,6807.98,83971,12.334201921862286,2626,0.38572381234962505,280.0,299.9,64,2020,sWRX8,Desktop,Other,0
AMD Ryzen Threadripper 3990X,8399.69,81568,9.710834566513764,2569,0.3058446204562311,280.0,291.31,64,2020,sTRX4,Desktop,Other,0
AMD Ryzen Threadripper PRO 5975WX,643.3681,80842,125.65434935303755,3340,5.191429292189028,280.0,288.72,32,2022,sWRX8,Desktop,Other,1
AMD EPYC 7643,5424.99,76455,14.093113535693155,2695,0.4967751092628742,225.0,339.8,48,2021,SP3,Server,SP3,0
AMD EPYC 7702,4000.0,71646,17.9115,2097,0.52425,200.0,358.23,64,2020,SP3,Server,SP3,0
AMD EPYC 7662,6817.0,71576,10.49963326976676,2054,0.30130555963033595,225.0,318.12,64,2021,SP3,Server,SP3,0
AMD EPYC 7742,5045.99,68749,13.624482014431262,2145,0.4250900219778478,225.0,305.55,64,2019,SP3,Server,SP3,0
AMD EPYC 75F3,623.4689,68505,109.87717270259992,2775,4.450903645715127,280.0,244.66,32,2021,SP3,Server,SP3,1
AMD Ryzen Threadripper PRO 5965WX,656.8255,68405,104.14486039290496,3346,5.094199296464586,280.0,244.3,24,2022,sWRX8,Desktop,Other,1
AMD EPYC 7642,3684.0,67748,18.389793702497286,2155,0.5849619978284474,225.0,301.1,48,2021,SP3,Server,SP3,0
AMD EPYC 7543P,2999.0,67144,22.388796265421806,2742,0.9143047682560853,225.0,298.42,32,2021,SP3,Server,SP3,0
AMD Ryzen Threadripper 3970X,2997.99,63835,21.292599374914527,2694,0.8986020633824663,280.0,227.98,32,2019,sTRX4,Desktop,Other,0
AMD Ryzen Threadripper PRO 3975WX,4499.99,63495,14.110031355625235,2666,0.59244576099058,280.0,226.77,32,2020,sWRX8,Desktop,Other,0
Intel Xeon Platinum 8380 @ 2.30GHz,8978.0,62317,6.941078191133883,2385,0.26564936511472487,270.0,230.81,40,2021,FCLGA4189,Server,Other,0
AMD EPYC 7702P,3499.99,61689,17.625478929939803,2110,0.6028588653110438,200.0,308.44,64,2019,SP3,Server,SP3,0
AMD EPYC 74F3,4989.0,60948,12.216476247745039,2975,0.596311886149529,240.0,253.95,24,2021,SP3,Server,SP3,0
AMD EPYC 7513,2840.0,59732,21.032394366197185,2447,0.8616197183098592,200.0,298.66,32,2021,SP3,Server,SP3,0
AMD EPYC 7443P,1499.99,57666,38.44425629504197,2965,1.9766798445322968,200.0,288.33,24,2021,SP3,Server,SP3,0
AMD EPYC 7542,1789.99,56728,31.691797160877993,2207,1.232967781942916,225.0,252.13,32,2019,SP3,Server,SP3,0
AMD EPYC 7543,3761.0,56562,15.039085349641052,2563,0.6814676947620314,240.0,235.68,32,2021,SP3,Server,SP3,0
AMD EPYC 7532,618.2701,55358,89.53691922025665,2137,3.4564181576951563,200.0,276.79,32,2021,SP3,Server,SP3,1
AMD Ryzen Threadripper 3960X,1682.9,54757,32.53728682631172,2678,1.5913007308812168,280.0,195.56,24,2019,sTRX4,Desktop,Other,0
Intel Xeon Platinum 8358 @ 2.60GHz,5097.75,54416,10.674513265656417,2382,0.4672649698396351,250.0,217.67,32,2021,FCLGA4189,Server,Other,0
AMD EPYC 7453,1799.0,53511,29.744858254585882,2580,1.434130072262368,225.0,237.83,28,2021,SP3,Server,SP3,0
Intel Xeon Gold 6348 @ 2.60GHz,3173.0,53112,16.738733060195397,2455,0.7737157264418532,235.0,226.01,28,2021,FCLGA4189,Server,Other,0
Intel Xeon Platinum 8375C @ 2.90GHz,632.2951,51836,81.98070805862642,2439,3.8573760891077598,300.0,172.79,32,2021,FCLGA4189,Server,Other,1
AMD Ryzen Threadripper PRO 5955WX,664.7810000000004,51656,77.7037851563146,3346,5.033236509467025,280.0,184.48,16,2022,sWRX8,Desktop,Other,1
AMD EPYC 7402,1962.0,51368,26.18144750254842,2081,1.0606523955147809,180.0,285.38,24,2020,SP3,Server,SP3,0
Intel Xeon Platinum 8347C @ 2.10GHz,624.2254,49386,79.11565277542374,2445,3.916854392660087,210.0,235.17,36,2022,LGA4189,Server,Other,1
AMD EPYC 7502,2750.0,49177,17.882545454545454,1843,0.6701818181818182,180.0,273.21,32,2020,SP3,Server,SP3,0
AMD EPYC 7502P,2696.51,48995,18.169782422464593,1894,0.7023893847973862,180.0,272.19,32,2019,SP3,Server,SP3,0
Intel Xeon Gold 6342 @ 2.80GHz,3825.9,48330,12.632321806633733,2453,0.6411563292297238,230.0,210.13,24,2021,FCLGA4189,Server,Other,0
AMD EPYC 7413,1997.99,46295,23.170786640573777,1983,0.992497459947247,180.0,257.2,24,2021,SP3,Server,SP3,0
AMD Ryzen 9 5950X,649.74,46195,71.09766983716564,3498,5.383691938313787,105.0,439.96,16,2020,AM4,Desktop,AM4,0
AMD EPYC 73F3,5992.0,46085,7.691088117489986,2878,0.4803070761014686,240.0,192.02,16,2021,SP3,Server,SP3,0
AMD EPYC 7343,1699.99,45882,26.98957052688545,2947,1.7335396090565238,190.0,241.48,16,2021,SP3,Server,SP3,0
AMD EPYC 7713P,624.2034000000002,45860,73.46964146622717,2736,4.383186634356684,225.0,203.82,64,2022,SP3,Server,SP3,1
Intel Xeon Gold 6336Y @ 2.40GHz,3850.34,45517,11.821553421256304,2522,0.655007090282936,185.0,246.04,24,2021,FCLGA4189,Server,Other,0
Intel Core i9-12900KS,779.98,44243,56.723249314084974,4317,5.534757301469268,150.0,294.95,8,2022,LGA 1700,Desktop,Other,0
Intel Xeon Gold 6312U @ 2.40GHz,1736.62,43745,25.189736384470987,2383,1.3722057790420472,185.0,236.46,24,2021,FCLGA4189,Server,Other,0
Intel Xeon Gold 6330 @ 2.00GHz,1904.0,43056,22.613445378151262,2034,1.0682773109243697,205.0,210.03,28,2021,FCLGA4189,Server,Other,0
AMD EPYC 7601,899.95,42244,46.940385576976496,1941,2.1567864881382297,180.0,234.69,32,2017,SP3,Server,SP3,0
AMD EPYC 7452,2209.97,41871,18.946411037253903,1689,0.7642637682864474,155.0,270.14,32,2019,SP3,Server,SP3,0
AMD EPYC 7402P,1428.93,41741,29.211367946645392,1970,1.378653957856578,180.0,231.9,24,2019,SP3,Server,SP3,0
AMD Ryzen Threadripper PRO 5945WX,597.6167000000003,41578,69.57302230677286,3347,5.600579769608176,280.0,148.49,12,2022,sWRX8,Desktop,Other,1
Intel Xeon Gold 6354 @ 3.00GHz,2932.63,41434,14.128614929261447,2406,0.8204239880244013,205.0,202.12,18,2021,FCLGA4189,Server,Other,0
Apple M1 Ultra 20 Core,586.1104999999998,41360,70.5668982214105,3900,6.654035373875748,60.0,689.34,16,2022,unknown,Desktop,unknown,1
Intel Core i9-12900KF,572.98,41163,71.84020384655659,4217,7.359768229257566,241.0,170.8,8,2021,FCLGA1700,Desktop,Other,0
Intel Core i9-12900K,599.95,41077,68.46737228102342,4209,7.01558463205267,241.0,170.44,8,2021,FCLGA1700,Desktop,Other,0
AMD EPYC 7F52,3100.0,40951,13.21,2446,0.7890322580645162,240.0,170.63,16,2020,SP3,Server,SP3,0
AMD EPYC 7313P,913.0,40879,44.77437020810515,2608,2.8565169769989045,155.0,263.74,16,2021,SP3,Server,SP3,0
Intel Xeon W-3275M @ 2.50GHz,7453.0,40767,5.469877901516168,2725,0.3656245807057561,205.0,198.86,28,2020,FCLGA3647,Server,FCLGA3647,0
AMD EPYC 7313,1179.99,40575,34.3858846261409,2610,2.211883151552132,155.0,261.77,16,2021,SP3,Server,SP3,0
AMD EPYC 7352,1280.0,40472,31.61875,1995,1.55859375,155.0,261.11,24,2021,SP3,Server,SP3,0
AMD Ryzen Threadripper PRO 3955WX,1995.0,40225,20.162907268170425,2696,1.3513784461152882,280.0,143.66,16,2020,sWRX8,Desktop,Other,0
Intel Xeon W-3265M @ 2.70GHz,6353.0,39620,6.236423736817252,2718,0.4278293719502597,205.0,193.27,24,2021,FCLGA3647,"Desktop, Server",FCLGA3647,0
AMD Ryzen 9 5900X,393.03,39457,100.39182759585783,3494,8.889906622904105,105.0,375.78,12,2020,AM4,Desktop,AM4,0
AMD Ryzen 9 3950X,650.0,39157,60.24153846153846,2738,4.212307692307692,105.0,372.92,16,2019,AM4,Desktop,AM4,0
Intel Xeon W-3335 @ 3.40GHz,1299.0,38944,29.979984603541187,2556,1.9676674364896074,250.0,155.78,16,2022,FCLGA4189,Server,Other,0
Intel Xeon Gold 6248R @ 3.00GHz,3095.0,38604,12.473021001615509,2296,0.7418416801292407,205.0,188.31,24,2020,FCLGA3647,Server,FCLGA3647,0
Intel Core i9-12900,509.0,38281,75.2082514734774,4162,8.17681728880157,65.0,588.95,8,2022,FCLGA1700,Desktop,Other,0
Intel Xeon Gold 6346 @ 3.10GHz,2279.0,37606,16.501096972356297,2455,1.077226853883282,205.0,183.44,16,2021,FCLGA4189,Server,Other,0
Intel Xeon Platinum 8280 @ 2.70GHz,8870.46,37575,4.2359697242307615,2011,0.22670752136867764,205.0,183.29,28,2020,FCLGA3647,Server,FCLGA3647,0
Intel Xeon Gold 6238R @ 2.20GHz,2667.0,37511,14.064866891638545,2362,0.885639295088114,165.0,227.34,28,2021,FCLGA3647,Server,FCLGA3647,0
Intel Xeon Silver 4316 @ 2.30GHz,1129.22,37264,32.99976975257257,2380,2.107649527992774,150.0,248.43,20,2021,FCLGA4189,Server,Other,0
Intel Xeon W-3175X @ 3.10GHz,1595.96,37167,23.28817764856262,2148,1.3458983934434448,255.0,145.75,28,2019,FCLGA3647,Desktop,FCLGA3647,0
Intel Core i9-12900F,529.99,35726,67.4088190343214,4045,7.632219475839166,65.0,549.63,8,2022,FCLGA1700,Desktop,Other,0
Intel Xeon Gold 6242R @ 3.10GHz,2472.14,35352,14.300160994118457,2426,0.9813360084784842,205.0,172.45,20,2020,FCLGA3647,Server,FCLGA3647,0
Intel Xeon Gold 6326 @ 2.90GHz,1605.79,35328,22.00038610279053,2356,1.4671906040017686,185.0,190.96,16,2021,FCLGA4189,Server,Other,0
Intel Core i9-12900T,489.0,34999,71.57259713701431,4032,8.245398773006135,35.0,999.97,8,2022,FCLGA1700,Desktop,Other,0
AMD Ryzen 9 5900,478.0195999999996,34721,72.63509697091924,3432,7.179621923452517,65.0,534.17,12,2021,AM4,Desktop,AM4,1
Intel Core i7-12700K,409.0,34125,83.43520782396088,4047,9.89486552567237,190.0,179.61,8,2021,FCLGA1700,Desktop,Other,0
Intel Core i7-12700KF,350.99,34110,97.18225590472663,4054,11.550186615003277,190.0,179.53,8,2021,FCLGA1700,Desktop,Other,0
Intel Xeon Platinum 8260M @ 2.30GHz,7705.0,33970,4.408825438027255,2315,0.30045425048669694,165.0,205.88,24,2020,LGA3647,Server,Other,0
Intel Xeon D-2799 @ 2.40GHz,1933.0,33792,17.48163476461459,2404,1.2436627004655976,129.0,261.95,20,2022,FCBGA2579,Server,Other,0
AMD Ryzen Threadripper PRO 3945WX,602.6767999999997,33417,55.44762964162552,2708,4.493287281010321,280.0,119.35,12,2020,sWRX8,Desktop,Other,1
Intel Core i9-10980XE @ 3.00GHz,999.99,33408,33.40833408334083,2667,2.6670266702667025,165.0,202.47,18,2019,FCLGA2066,Desktop,Other,0
Intel Xeon Gold 5220R @ 2.20GHz,1712.0,33370,19.49182242990654,2399,1.401285046728972,150.0,222.46,24,2021,FCLGA3647,Server,FCLGA3647,0
AMD EPYC 7302,1115.12,33015,29.606679101800705,1978,1.7738001291340844,155.0,213.0,16,2020,SP3,Server,SP3,0
AMD Ryzen 9 3900XT,618.77,32869,53.1198991547748,2786,4.502480727895664,105.0,313.04,12,2020,AM4,Desktop,AM4,0
AMD Ryzen 9 3900X,359.0,32751,91.2284122562674,2725,7.5905292479108635,105.0,311.92,12,2019,AM4,Desktop,AM4,0
Intel Xeon Platinum 8168 @ 2.70GHz,7829.0,32616,4.166049303870226,2138,0.27308723974964877,205.0,159.1,24,2017,FCLGA3647,Server,FCLGA3647,0
AMD EPYC 7302P,2069.95,32480,15.691200270537937,1878,0.9072682915046258,155.0,209.55,16,2019,SP3,Server,SP3,0
AMD Ryzen Threadripper 2990WX,2100.0,32475,15.464285714285714,2290,1.0904761904761904,250.0,129.9,32,2018,sTR4,Desktop,Other,0
Intel Xeon Gold 6252 @ 2.10GHz,3850.0,32410,8.418181818181818,2143,0.5566233766233766,150.0,216.06,24,2019,FCLGA3647,Server,FCLGA3647,0
Intel Core i7-12700F,312.96,32268,103.1058282208589,3987,12.739647239263805,65.0,496.43,8,2022,FCLGA1700,Desktop,Other,0
Intel Xeon Gold 6230R @ 2.10GHz,1870.0,32223,17.231550802139036,2020,1.0802139037433156,150.0,214.82,26,2021,FCLGA3647,Server,FCLGA3647,0
Intel Core i9-9980XE @ 3.00GHz,1442.21,31905,22.12229841701278,2566,1.7792138454177961,165.0,193.37,18,2018,FCLGA2066,Desktop,Other,0
Intel Xeon W-2295 @ 3.00GHz,1504.63,31680,21.05501020184364,2696,1.7918026358639665,165.0,192.0,18,2020,FCLGA2066,Server,Other,0
Intel Core i7-12700,328.0,31659,96.52134146341463,3948,12.036585365853659,65.0,487.07,8,2022,FCLGA1700,Desktop,Other,0
AMD EPYC 7282,722.97,31631,43.75146963221157,1987,2.7483851335463436,120.0,263.59,16,2019,SP3,Server,SP3,0
Intel Xeon Platinum 8259CL @ 2.50GHz,622.8927,31500,50.57050756896011,1863,2.9908843047927838,210.0,150.0,24,2020,LGA 3647,Server,Other,1
AMD Ryzen 9 PRO 3900,485.6394999999995,31372,64.59935816588238,2623,5.401125732153177,65.0,482.65,12,2019,AM4,Desktop,AM4,1
AMD Ryzen 9 3900,517.27,30660,59.272720242813236,2627,5.078585651593945,65.0,471.7,12,2019,AM4,Desktop,AM4,0
Intel Core i9-9960X @ 3.10GHz,1498.95,30655,20.450982354314686,2631,1.7552286600620435,165.0,185.79,16,2019,FCLGA2066,Desktop,Other,0
Intel Xeon Gold 6253CL @ 3.10GHz,677.8448999999999,30616,45.16667455932766,2346,3.4609687260315747,205.0,149.35,18,2021,FCLGA3647,Server,FCLGA3647,1
Intel Xeon W-3245 @ 3.20GHz,2683.99,30549,11.38193510408012,2537,0.94523452024784,205.0,149.02,16,2020,FCLGA3647,Server,FCLGA3647,0
AMD Ryzen Threadripper 2970WX,669.0,30433,45.49028400597907,2358,3.524663677130045,250.0,121.73,24,2018,sTR4,Desktop,Other,0
AMD EPYC 7551P,369.99,30313,81.92924133084678,1719,4.646071515446363,180.0,168.4,32,2018,SP3,Server,SP3,0
Intel Xeon Gold 6246R @ 3.40GHz,3389.78,30220,8.915032833989226,2321,0.6847052021075114,205.0,147.41,16,2020,FCLGA3647,Server,FCLGA3647,0
Intel Core i9-12900HK,635.0,30213,47.579527559055116,3946,6.214173228346457,45.0,671.4,6,2022,FCBGA1744,Laptop,Other,0
Intel Core i9-9990XE @ 4.00GHz,2163.0,30162,13.944521497919556,2970,1.3730929264909848,255.0,118.28,14,2020,LGA2066,Desktop,Other,0
Intel Xeon W-3265 @ 2.70GHz,4551.37,30105,6.614491900241027,2572,0.5651045729088164,205.0,146.85,24,2019,FCLGA3647,Server,FCLGA3647,0
Intel Xeon Platinum 8268 @ 2.90GHz,6005.98,30103,5.012171202701308,2167,0.36080706229457976,205.0,146.84,24,2019,FCLGA3647,Server,FCLGA3647,0
Intel Xeon Silver 4314 @ 2.40GHz,867.3,30043,34.63968638302779,2179,2.5123947884238444,135.0,222.54,16,2021,FCLGA4189,Server,Other,0
AMD Ryzen Threadripper 2950X,990.0,29981,30.283838383838383,2488,2.5131313131313133,180.0,166.56,16,2018,sTR4,Desktop,Other,0
Intel Core i9-7980XE @ 2.60GHz,816.42,29842,36.55226476568433,2474,3.0303030303030303,165.0,180.86,18,2017,FCLGA2066,Desktop,Other,0
Intel Core i9-12900H,617.0,29714,48.15883306320907,3974,6.4408427876823335,45.0,660.32,6,2022,FCBGA1744,Laptop,Other,0
Intel Xeon Gold 6254 @ 3.10GHz,3626.37,29356,8.095147489086884,2381,0.6565794444582324,200.0,146.78,18,2019,FCLGA3647,Server,FCLGA3647,0
Intel Xeon W-2191B @ 2.30GHz,722.5211000000002,29049,40.20505421917781,2609,3.610967209123719,140.0,207.49,18,2021,FCLGA2066,Server,Other,1
Intel Xeon Gold 6148 @ 2.40GHz,2817.0,28962,10.281150159744408,2182,0.774582889598864,150.0,193.08,20,2018,FCLGA3647,Server,FCLGA3647,0
Intel Xeon Gold 6210U @ 2.50GHz,1524.89,28915,18.962023490218964,2203,1.444694371397281,150.0,192.77,20,2019,FCLGA3647,Server,FCLGA3647,0
Intel Xeon Gold 6154 @ 3.00GHz,3798.95,28848,7.593677200279025,2264,0.5959541452243383,200.0,144.24,18,2017,FCLGA3647,Server,FCLGA3647,0
Intel Core i9-10940X @ 3.30GHz,771.99,28619,37.07172372699128,2724,3.5285431158434695,165.0,173.45,14,2019,FCLGA2066,Desktop,Other,0
Intel Xeon Gold 5317 @ 3.00GHz,1119.25,28580,25.534956444047353,2437,2.1773509046236317,150.0,190.54,12,2021,FCLGA4189,Server,Other,0
Intel Core i9-9940X @ 3.30GHz,841.4,28411,33.76634181126694,2647,3.1459472308058,165.0,172.19,14,2018,FCLGA2066,Desktop,Other,0
AMD Ryzen 7 5800X,333.99,28368,84.93667475074103,3485,10.434444145034282,105.0,270.17,8,2020,AM4,Desktop,AM4,0
AMD EPYC 7401P,249.99,28271,113.08852354094164,1689,6.756270250810032,155.0,182.4,24,2017,SP3,Server,SP3,0
AMD Ryzen Threadripper 1950X,684.47,28037,40.961619939515245,2293,3.350037255102488,180.0,155.76,16,2017,sTR4,Desktop,Other,0
Intel Xeon W-2275 @ 3.30GHz,1112.0,27904,25.093525179856115,2790,2.508992805755396,165.0,169.12,14,2020,FCLGA2066,Desktop,Other,0
Intel Xeon Gold 6238 @ 2.10GHz,2698.95,27617,10.232497823227552,1691,0.626539950721577,140.0,197.26,22,2019,FCLGA3647,Server,FCLGA3647,0
Intel Xeon Gold 6212U @ 2.40GHz,2000.0,27470,13.735,2013,1.0065,165.0,166.48,24,2019,FCLGA3647,Server,FCLGA3647,0
AMD EPYC 7571,634.3638999999998,27445,43.26381119732697,1934,3.0487232958874246,120.0,228.71,32,2019,SP3,Server,SP3,1
Intel Core i5-12600K,277.98,27429,98.67256637168141,3965,14.263616087488307,150.0,182.86,6,2021,FCLGA1700,Desktop,Other,0
Intel Core i7-12700H,457.0,27391,59.93654266958424,3766,8.24070021881838,45.0,608.69,6,2022,FCBGA1744,Laptop,Other,0
Intel Xeon Platinum 8173M @ 2.00GHz,728.8137999999998,27377,37.56377829289183,2123,2.9129525264203293,165.0,165.92,28,2018,FCLGA3647,Server,FCLGA3647,1
Intel Xeon W-2195 @ 2.30GHz,1983.82,27325,13.773931102620198,2413,1.2163401921545303,140.0,195.18,18,2017,FCLGA2066,Server,Other,0
Intel Xeon Gold 6226R @ 2.90GHz,1372.08,27211,19.83193399801761,2290,1.6689988921928751,150.0,181.41,16,2020,FCLGA3647,Server,FCLGA3647,0
Intel Core i5-12600KF,260.98,27186,104.16890183155796,3967,15.200398497969193,150.0,181.24,6,2021,FCLGA1700,Desktop,Other,0
AMD Ryzen 7 5700X,299.0,27065,90.51839464882943,3397,11.361204013377927,65.0,416.38,8,2022,AM4,Desktop,AM4,0
Intel Xeon Gold 6208U @ 2.90GHz,1406.99,26901,19.119538873765983,2247,1.5970262759507885,150.0,179.34,16,2020,FCLGA3647,Server,FCLGA3647,0
Intel Core i9-7960X @ 2.80GHz,990.97,26699,26.942288868482397,2525,2.548008516907676,165.0,161.81,16,2017,FCLGA2066,Desktop,Other,0
Intel Core i9-10920X @ 3.50GHz,679.99,26696,39.259400873542255,2766,4.0677068780423244,165.0,161.79,12,2019,FCLGA2066,Desktop,Other,0
Intel Xeon Gold 6230 @ 2.10GHz,1990.0,26657,13.395477386934674,2285,1.1482412060301508,125.0,213.25,20,2019,FCLGA3647,Server,FCLGA3647,0
Intel Core i9-7940X @ 3.10GHz,548.87,26508,48.29558911946363,2490,4.536593364548982,165.0,160.65,14,2017,FCLGA2066,Desktop,Other,0
Intel Xeon Platinum 8160 @ 2.10GHz,2348.7,26485,11.276450802571636,1984,0.8447226125090477,150.0,176.56,24,2017,FCLGA3647,Server,FCLGA3647,0
AMD Ryzen Threadripper 2990X,624.8656000000001,26469,42.35950898881295,2285,3.6567863553378515,250.0,105.88,32,2018,TR4,Desktop,Other,1
AMD EPYC 7272,605.45,26446,43.67990750681311,2013,3.3247997357337513,120.0,220.38,12,2020,SP3,Server,SP3,0
Intel Xeon Gold 5318Y @ 2.10GHz,1361.0,26400,19.397501836884643,1826,1.3416605437178546,165.0,160.0,24,2022,FCLGA4189,Server,Other,0
Intel Xeon Gold 6242 @ 2.80GHz,2465.14,26288,10.66389738513837,2196,0.8908216166221797,150.0,175.26,16,2019,FCLGA3647,Server,FCLGA3647,0
Intel Xeon W-1390P @ 3.50GHz,416.5495,26031,62.49197274273526,3619,8.688043077713452,125.0,208.24,8,2021,FCLGA1200,"Desktop, Server",FCLGA1200,1
Intel Xeon W-2265 @ 3.50GHz,944.0,25984,27.52542372881356,2810,2.9766949152542375,165.0,157.48,12,2020,FCLGA2066,Server,Other,0
Intel Xeon W-3235 @ 3.30GHz,1829.99,25974,14.1935201831704,2622,1.4327947147252171,180.0,144.3,12,2019,FCLGA3647,Server,FCLGA3647,0
Intel Xeon W-3323 @ 3.50GHz,949.0,25875,27.265542676501582,2617,2.757639620653319,220.0,117.61,12,2021,FCLGA4189,"Desktop, Server",Other,0
Intel Xeon Gold 5220 @ 2.20GHz,1674.44,25740,15.372303576120972,2396,1.4309261603879506,125.0,205.92,18,2019,FCLGA3647,Server,FCLGA3647,0
AMD Ryzen 7 5800,307.55490000000003,25644,83.38023552868121,3386,11.009416530186968,65.0,394.52,8,2021,AM4,Desktop,AM4,1
Intel Core i9-11900K @ 3.50GHz,397.97,25539,64.17317888283036,3519,8.842375053395983,125.0,204.31,8,2021,FCLGA1200,Desktop,FCLGA1200,0
AMD Ryzen 7 5800X3D,599.0,25508,42.58430717863105,2850,4.757929883138564,105.0,242.93,8,2022,AM4,Desktop,AM4,0
AMD EPYC 7351P,739.0,25484,34.48443843031123,1809,2.4479025710419484,155.0,164.41,16,2017,SP3,Server,SP3,0
AMD Ryzen 7 6800HS,524.7889,25460,48.51474564343872,3428,6.53215035607651,35.0,727.44,8,2022,FP7,Laptop,Other,1
Intel Core i9-11900KF @ 3.50GHz,379.98,25390,66.81930627927785,3563,9.376809305752934,125.0,203.12,8,2021,FCLGA1200,Desktop,FCLGA1200,0
Intel Core i9-9920X @ 3.50GHz,999.0,25291,25.316316316316318,2621,2.6236236236236237,165.0,153.28,12,2018,FCLGA2066,Desktop,Other,0
AMD Ryzen Threadripper 2920X,761.0,25203,33.11826544021025,2482,3.26149802890933,180.0,140.01,12,2018,sTR4,Desktop,Other,0
Intel Xeon W-1370P @ 3.60GHz,411.99,25202,61.17138765504017,3494,8.480788368649725,125.0,201.62,8,2021,FCLGA1200,"Desktop, Server",FCLGA1200,0
Intel Xeon Gold 5218R @ 2.10GHz,1268.96,25191,19.85168957256336,2200,1.7337031900138695,125.0,201.52,20,2021,FCLGA3647,Server,FCLGA3647,0
AMD Ryzen 7 PRO 5750G,300.2019000000001,25004,83.29061208473362,3361,11.195798560901844,65.0,384.68,8,2021,AM4,Desktop,AM4,1
AMD EPYC 7501,3616.0,24925,6.892975663716814,1925,0.5323561946902655,155.0,160.81,32,2017,SP3,Server,SP3,0
Intel Xeon Gold 6138T @ 2.00GHz,7528.0,24800,3.2943676939426143,2050,0.27231668437832096,125.0,198.4,20,2020,FCLGA3647,Server,FCLGA3647,0
Intel Xeon Gold 6143 @ 2.80GHz,686.5693000000002,24786,36.101235519852096,2248,3.274250683798415,205.0,120.91,16,2019,FCLGA3647,Server,FCLGA3647,1
Intel Core i7-11700K @ 3.60GHz,297.0,24749,83.32996632996633,3429,11.545454545454545,125.0,197.99,8,2020,FCLGA1200,Desktop,FCLGA1200,0
Intel Xeon E5-2699 v4 @ 2.20GHz,5957.96,24619,4.132119047459198,1937,0.325111279699763,145.0,169.79,22,2016,FCLGA2011-3,Server,FCLGA2011-3,0
AMD Ryzen 7 5700G,233.0,24545,105.34334763948497,3281,14.081545064377682,65.0,377.62,8,2021,AM4,Desktop,AM4,0
Intel Xeon Gold 6150 @ 2.70GHz,2411.0,24489,10.157196184155952,2190,0.9083367897138117,165.0,148.42,18,2017,FCLGA3647,Server,FCLGA3647,0
Intel Xeon Gold 6246 @ 3.30GHz,3113.22,24446,7.852320105871092,2450,0.7869665491035006,165.0,148.16,12,2019,FCLGA3647,Server,FCLGA3647,0
AMD Ryzen 9 6900HS,534.0875,24390,45.66667446813491,3354,6.279869871509819,35.0,696.86,8,2022,FP7,Laptop,Other,1
AMD Ryzen 7 PRO 6850U,522.5494,24352,46.602292529663224,3442,6.586937043655586,28.0,869.73,8,2022,FP7,Laptop,Other,1
Intel Xeon Gold 6248 @ 2.50GHz,2940.0,24234,8.242857142857142,2290,0.7789115646258503,150.0,161.56,20,2019,FCLGA3647,Server,FCLGA3647,0
Intel Core i7-11700KF @ 3.60GHz,279.0,24147,86.54838709677419,3420,12.258064516129032,125.0,193.17,8,2021,FCLGA1200,Desktop,FCLGA1200,0
Intel Xeon W-1370 @ 2.90GHz,376.99,23908,63.418127801798455,3538,9.384864320008488,80.0,298.85,8,2021,FCLGA1200,"Desktop, Server",FCLGA1200,0
Intel Xeon W-11955M @ 2.60GHz,623.0,23859,38.296950240770464,3375,5.417335473515249,45.0,530.19,8,2021,FCBGA1787,"Laptop, Server",Other,0
AMD Ryzen 7 3800XT,391.65,23815,60.80684284437636,2845,7.26413889952764,105.0,226.81,8,2020,AM4,Desktop,AM4,0
Intel Core i9-11900F @ 2.50GHz,379.99,23814,62.67007026500697,3528,9.284454854075108,65.0,366.37,8,2021,FCLGA1200,Desktop,FCLGA1200,0
Intel Core i9-10900K @ 3.70GHz,389.97,23768,60.94827807267225,3167,8.121137523399236,125.0,190.14,10,2020,FCLGA1200,Desktop,FCLGA1200,0
Intel Core i9-11980HK @ 2.60GHz,583.0,23629,40.530017152658665,3312,5.680960548885078,45.0,525.09,8,2021,FCBGA1787,Laptop,Other,0
Intel Xeon Silver 4310 @ 2.10GHz,608.77,23589,38.74862427517782,2200,3.6138443090165415,120.0,196.57,12,2021,FCLGA4189,Server,Other,0
AMD EPYC 7351,883.99,23566,26.65867260941866,1821,2.059978054050385,155.0,152.04,16,2019,SP3,Server,SP3,0
Intel Xeon E5-2696 v3 @ 2.30GHz,2498.0,23556,9.42994395516413,2209,0.8843074459567654,145.0,162.45,18,2015,LGA2011-v3,Server,LGA2011-v3,0
Intel Core i5-12500H,311.0,23530,75.65916398713826,3678,11.82636655948553,45.0,522.9,4,2022,FCBGA1744,Laptop,Other,0
Intel Xeon W-1390 @ 2.80GHz,469.99,23515,50.03297942509415,3358,7.144832868784442,80.0,293.94,8,2021,FCLGA1200,Server,FCLGA1200,0
Intel Xeon E5-2679 v4 @ 2.50GHz,2702.0,23512,8.701702442635085,1951,0.7220577350111029,200.0,117.56,20,2016,FCLGA2011-3,Server,FCLGA2011-3,0
Intel Core i9-10900KF @ 3.70GHz,339.99,23508,69.14321009441454,3141,9.238507014912203,125.0,188.06,10,2020,FCLGA1200,Desktop,FCLGA1200,0
Intel Xeon E-2388G @ 3.20GHz,539.0,23501,43.601113172541744,3323,6.165120593692023,95.0,247.37,8,2021,FCLGA1200,Server,FCLGA1200,0
AMD Ryzen 7 6800H,544.9977,23447,43.02219991020146,3311,6.075254996488976,45.0,521.04,8,2022,FP7,Laptop,Other,1
Intel Xeon Gold 6146 @ 3.20GHz,3062.0,23432,7.652514696276943,2493,0.8141737426518615,165.0,142.01,12,2018,FCLGA3647,Server,FCLGA3647,0
AMD Ryzen 9 5980HX,558.9076,23425,41.91211570570878,3333,5.963418640218884,45.0,520.55,8,2021,FP6,Laptop,Other,1
Intel Core i9-7920X @ 2.90GHz,375.0,23292,62.112,2467,6.578666666666667,140.0,166.37,12,2017,FCLGA2066,Desktop,Other,0
AMD Ryzen 7 3800X,248.59,23275,93.62806227120961,2735,11.00205157085965,105.0,221.67,8,2019,AM4,Desktop,AM4,0
Intel Xeon W-2175 @ 2.50GHz,395.0,23215,58.77215189873418,2481,6.281012658227848,140.0,165.82,14,2019,FCLGA2066,Server,Other,0
Intel Xeon E5-2696 v4 @ 2.20GHz,2793.95,23207,8.306161527586392,2248,0.8045956441597023,145.0,160.05,22,2016,FCLGA2011-3,Server,FCLGA2011-3,0
Intel Xeon Platinum 8176 @ 2.10GHz,2793.7,23179,8.29688227082364,2048,0.7330779969216452,165.0,140.48,28,2019,FCLGA3647,Server,FCLGA3647,0
AMD Ryzen 9 5900HX,526.5599,23160,43.98359996649954,3230,6.134154917607665,45.0,514.67,8,2021,FP6,Laptop,Other,1
Intel Core i5-1250P,360.2399,23120,64.17945374735004,3619,10.04608317957006,28.0,825.7,4,2022,BGA1700,Laptop,Other,1
Intel Core i9-11900 @ 2.50GHz,347.88,23117,66.45107508336208,3443,9.89709095090261,65.0,355.65,8,2021,FCLGA1200,Desktop,FCLGA1200,0
Intel Core i9-10850K @ 3.60GHz,408.44,23055,56.44647928704339,3091,7.567819018705318,125.0,184.44,10,2020,FCLGA1200,Desktop,FCLGA1200,0
AMD EPYC 7F32,550.8402,23026,41.80159690596293,2423,4.398734878100763,180.0,127.92,8,2020,SP3,Server,SP3,1
Intel Xeon W-1290P @ 3.70GHz,997.98,22997,23.043547966893122,3204,3.2104851800637286,125.0,183.97,10,2020,FCLGA1200,Server,FCLGA1200,0
AMD Ryzen Threadripper 1920X,299.99,22903,76.34587819593986,2300,7.666922230741024,180.0,127.24,12,2017,sTR4,Desktop,Other,0
Intel Xeon Gold 6138 @ 2.00GHz,1662.95,22851,13.741242971827175,2220,1.3349769987071167,125.0,182.81,20,2017,FCLGA3647,Server,FCLGA3647,0
AMD Ryzen 7 PRO 3700,329.99,22800,69.09300281826722,2673,8.100245461983697,65.0,350.76,8,2019,AM4,Desktop,AM4,0
Intel Core i9-11900KB @ 3.30GHz,539.0,22769,42.2430426716141,3303,6.128014842300557,65.0,350.29,8,2021,FCBGA1787,Desktop,Other,0
Intel Xeon Gold 6140 @ 2.30GHz,1000.0,22733,22.733,1840,1.84,140.0,162.38,18,2017,FCLGA3647,Server,FCLGA3647,0
AMD Ryzen 7 3700X,367.52,22716,61.80888114932521,2680,7.292120156726165,65.0,349.48,8,2019,AM4,Desktop,AM4,0
Intel Core i7-12700T,339.0,22688,66.92625368731564,3295,9.71976401179941,35.0,648.24,8,2022,FCLGA1700,Desktop,Other,0
Intel Core i9-10900X @ 3.70GHz,560.0,22683,40.50535714285714,2696,4.814285714285714,165.0,137.47,10,2019,FCLGA2066,Desktop,Other,0
Intel Core i9-11950H @ 2.60GHz,556.0,22570,40.593525179856115,3298,5.931654676258993,45.0,501.56,8,2021,FCBGA1787,Laptop,Other,0
AMD Ryzen 7 5700GE,351.32100000000014,22566,64.23185633651273,3371,9.595213494211842,35.0,644.73,8,2021,AM4,Desktop,AM4,1
Intel Core i7-11700B @ 3.20GHz,369.39000000000016,22539,61.01681150004058,3362,9.101491648393294,65.0,346.75,8,2021,unknown,Desktop,unknown,1
AMD Ryzen 7 PRO 5750GE,354.56190000000026,22315,62.93682428935535,3320,9.363668233952936,35.0,637.56,8,2021,AM4,Desktop,AM4,1
Intel Xeon Gold 6152 @ 2.10GHz,3167.14,22291,7.038211130546803,2155,0.6804246102161572,140.0,159.22,22,2018,FCLGA3647,Server,FCLGA3647,0
Intel Xeon Gold 6136 @ 3.00GHz,2500.0,22266,8.9064,2224,0.8896,150.0,148.44,12,2017,FCLGA3647,Server,FCLGA3647,0
AMD Ryzen 9 5900HS,508.22,22215,43.71138483333989,3201,6.2984534256817915,35.0,634.71,8,2021,FP6,Laptop,Other,1
Intel Xeon Gold 6334 @ 3.60GHz,2570.41,22160,8.621192728008372,2592,1.008399438221918,165.0,134.3,8,2021,FCLGA4189,Server,Other,0
Intel Xeon Gold 5218 @ 2.30GHz,1405.64,22117,15.734469707748783,2245,1.5971372470902934,125.0,176.94,16,2019,FCLGA3647,Server,FCLGA3647,0
AMD Ryzen 5 5600X,216.99,22088,101.79270934144431,3377,15.562929167242729,65.0,339.82,6,2020,AM4,Desktop,AM4,0
Intel Xeon W-1290E @ 3.50GHz,500.0,22066,44.132,2914,5.828,95.0,232.27,10,2021,FCLGA1200,Server,FCLGA1200,0
AMD Ryzen Threadripper 1920,482.95300000000026,22066,45.68974620718784,2299,4.760297585893449,140.0,157.62,12,2021,sTR4,Desktop,Other,1
Intel Xeon W-2255 @ 3.70GHz,778.0,22042,28.331619537275063,2727,3.505141388174807,165.0,133.59,10,2020,FCLGA2066,"Desktop, Server",Other,0
AMD EPYC 7551,2974.12,22005,7.398827216117709,1736,0.5837020698559574,180.0,122.25,32,2017,SP3,Server,SP3,0
Intel Core i9-9900X @ 3.50GHz,654.99,21868,33.38676926365288,2604,3.9756332157742866,165.0,132.54,10,2018,FCLGA2066,Desktop,Other,0
Intel Xeon Gold 6130T @ 2.10GHz,1988.0,21803,10.967303822937625,1698,0.8541247484909457,125.0,174.43,16,2020,FCLGA3647,Server,FCLGA3647,0
Intel Core i9-10910 @ 3.60GHz,359.7619000000001,21799,60.59285321764199,3143,8.736333669574236,125.0,174.39,10,2020,FCLGA1200,Desktop,FCLGA1200,1
Intel Xeon E5-2698 v4 @ 2.20GHz,908.7,21755,23.94079454165291,2141,2.356113128645317,135.0,161.15,20,2016,FCLGA2011-3,Server,FCLGA2011-3,0
Intel Xeon E5-2697 v4 @ 2.30GHz,874.0,21545,24.651029748283754,1963,2.245995423340961,145.0,148.59,18,2016,FCLGA2011-3,Server,FCLGA2011-3,0
Intel Xeon E5-2697A v4 @ 2.60GHz,718.5059999999997,21494,29.914851093797417,2038,2.836441170985351,145.0,148.24,16,2016,FCLGA2011-3,Server,FCLGA2011-3,1
AMD Ryzen 7 5800H,483.8,21469,44.37577511368334,3083,6.372467961967756,45.0,477.09,8,2021,FP6,Laptop,Other,1
Intel Core i7-11700F @ 2.50GHz,289.99,21447,73.95772268009242,3339,11.51419014448774,65.0,329.95,8,2021,FCLGA1200,Desktop,FCLGA1200,0
AMD Ryzen 9 5980HS,480.93,21412,44.522071819183665,3145,6.539413220219159,35.0,611.76,8,2021,FP6,Laptop,Other,1
Intel Core i9-11900H @ 2.50GHz,546.0,21385,39.166666666666664,3202,5.864468864468864,45.0,475.22,8,2021,FCBGA1787,Laptop,Other,0
Intel Core i5-12600,238.97,21368,89.41708164204712,3883,16.248901535757625,65.0,328.73,6,2022,LGA 1700,Desktop,Other,0
Intel Core i7-11800H @ 2.30GHz,395.0,21363,54.08354430379747,3134,7.934177215189873,45.0,474.74,8,2021,FCBGA1787,Laptop,Other,0
AMD Ryzen 5 5600,189.99,21350,112.37433549134164,3208,16.885099215748195,65.0,328.46,6,2022,AM4,Desktop,AM4,0
Intel Core i9-7900X @ 3.30GHz,269.98,21310,78.93177272390547,2594,9.608119119934809,140.0,152.21,10,2017,FCLGA2066,Desktop,Other,0
AMD EPYC 7281,1098.95,21230,19.31844032940534,1613,1.4677646844715408,155.0,136.97,16,2017,SP3,Server,SP3,0
Intel Xeon Gold 5315Y @ 3.20GHz,1267.68,21225,16.74318439984854,2524,1.991038747949009,140.0,151.61,8,2021,FCLGA4189,Server,Other,0
Intel Core i7-11850H @ 2.50GHz,395.0,21212,53.70126582278481,3219,8.149367088607596,45.0,471.38,8,2021,FCBGA1787,Laptop,Other,0
Intel Xeon W-2155 @ 3.30GHz,1530.39,21198,13.851371219101013,2637,1.7230901926959794,140.0,151.41,10,2018,FCLGA2066,Server,Other,0
Intel Xeon Gold 6132 @ 2.60GHz,2139.95,21042,9.83294002196313,2180,1.0187153905465083,140.0,150.3,14,2018,FCLGA3647,Server,FCLGA3647,0
Intel Core i7-1270P,366.9034,21030,57.3175391669851,3796,10.346047488248951,28.0,751.07,4,2022,BGA1700,Laptop,Other,1
Intel Xeon Silver 4310T @ 2.30GHz,668.18,20973,31.388248675506603,2288,3.4242270046993326,105.0,199.74,10,2021,FCLGA4189,Server,Other,0
Intel Core i9-10900F @ 2.80GHz,350.0,20881,59.66,3070,8.771428571428572,65.0,321.25,10,2020,FCLGA1200,Desktop,FCLGA1200,0
AMD Ryzen 7 PRO 4700G,325.5379000000006,20848,64.04169837060435,2700,8.293965157359542,65.0,320.74,8,2020,AM4,Desktop,AM4,1
Intel Xeon E5-2697R v4 @ 2.30GHz,714.1623,20843,29.185242626220962,2007,2.8102855611392537,145.0,143.74,18,2021,FCLGA2011-3,Server,FCLGA2011-3,1
AMD EPYC 7262,571.95,20827,36.414022204738174,2026,3.542267680741323,155.0,134.37,8,2019,SP3,Server,SP3,0
Intel Xeon Gold 6130 @ 2.10GHz,1770.0,20721,11.706779661016949,1880,1.0621468926553672,125.0,165.77,16,2017,FCLGA3647,Server,FCLGA3647,0
AMD Ryzen 7 5800HS,429.08340000000004,20684,48.20508087705094,3060,7.131480733116219,35.0,590.97,8,2021,FP6,Laptop,Other,1
Intel Core i9-10900E @ 2.80GHz,444.0,20658,46.527027027027025,2969,6.686936936936937,65.0,317.82,10,2021,FCLGA1200,"Desktop, Mobile/Embedded",FCLGA1200,0
AMD Ryzen 5 PRO 5650G,200.16580000000005,20633,103.07954705549098,3234,16.156606173482178,65.0,317.42,6,2021,AM4,Desktop,AM4,1
Intel Core i7-11700 @ 2.50GHz,316.99,20588,64.94842108583867,3146,9.924603299788636,95.0,216.72,8,2021,FCLGA1200,Desktop,FCLGA1200,0
AMD Ryzen 7 PRO 4750G,299.99,20570,68.56895229840994,2710,9.033634454481815,65.0,316.46,8,2020,AM4,Desktop,AM4,0
Intel Xeon W-1290 @ 3.20GHz,619.0,20533,33.17124394184168,3093,4.996768982229402,80.0,256.66,10,2020,FCLGA1200,Server,FCLGA1200,0
AMD EPYC 7451,2015.12,20471,10.158700226289254,1975,0.9800905157012982,180.0,113.73,24,2018,SP3,Server,SP3,0
Intel Core i9-10900 @ 2.80GHz,389.97,20446,52.42967407749314,3057,7.839064543426417,65.0,314.55,10,2020,FCLGA1200,Desktop,FCLGA1200,0
Intel Xeon Gold 6244 @ 3.60GHz,2970.0,20402,6.8693602693602696,2752,0.9265993265993266,150.0,136.01,8,2019,FCLGA3647,Server,FCLGA3647,0
AMD Ryzen 7 4700GE,335.9748000000004,20392,60.695028317599935,2727,8.116680179584888,35.0,582.62,8,2020,AM4,Desktop,AM4,1
Intel Xeon E5-2695 v4 @ 2.10GHz,592.1,20373,34.40803918257051,1948,3.2899847998648877,120.0,169.77,18,2016,FCLGA2011-3,Server,FCLGA2011-3,0
AMD Ryzen 7 PRO 5875U,439.7905,20369,46.31523418536781,2919,6.637251145715972,15.0,1357.93,8,2022,FP6,Laptop,Other,1
Intel Core i5-12500,202.0,20309,100.53960396039604,3759,18.60891089108911,65.0,312.45,6,2022,LGA 1700,Desktop,Other,0
Intel Core i9-11900T @ 1.50GHz,439.0,20225,46.07061503416856,3419,7.788154897494305,35.0,577.86,8,2021,FCLGA1200,Desktop,FCLGA1200,0
AMD Ryzen 7 4700G,319.0,20138,63.12852664576803,2758,8.64576802507837,65.0,309.82,8,2020,AM4,Desktop,AM4,0
Intel Xeon E5-2699 v3 @ 2.30GHz,542.53,20138,37.11868468103147,1916,3.5316019390632776,145.0,138.88,18,2014,LGA2011-v3,Server,LGA2011-v3,0
Intel Xeon E5-2690 v4 @ 2.60GHz,498.31,20094,40.324296120888604,1971,3.955369147719291,135.0,148.85,14,2016,FCLGA2011-3,Server,FCLGA2011-3,0
Intel Xeon E5-2699C v4 @ 2.20GHz,392.93130000000014,20079,51.10053589520609,1622,4.127948066239568,145.0,138.47,22,2017,FCLGA2011-3,Server,FCLGA2011-3,1
AMD Ryzen 5 5500,159.0,19949,125.46540880503144,3096,19.471698113207548,65.0,306.9,6,2022,AM4,Desktop,AM4,0
Intel Xeon W-1350P @ 4.00GHz,325.99,19935,61.1521825822878,3512,10.773336605417343,65.0,306.69,6,2021,FCLGA1200,Server,FCLGA1200,0
AMD Ryzen 5 5600G,179.97,19830,110.18503083847308,3187,17.708506973384452,65.0,305.08,6,2021,AM4,Desktop,AM4,0
Intel Core i5-12450H,311.0,19820,63.72990353697749,3628,11.665594855305466,45.0,440.44,4,2022,FCBGA1744,Laptop,Other,0
Intel Xeon Gold 6226 @ 2.70GHz,1769.98,19810,11.192216861207472,2104,1.1887139967683251,125.0,158.48,12,2020,FCLGA3647,Server,FCLGA3647,0
Intel Xeon E5-2698 v3 @ 2.30GHz,3405.95,19794,5.811594415654957,1990,0.5842716422730809,135.0,146.62,16,2014,LGA2011-v3,Server,LGA2011-v3,0
Intel Core i5-11600K @ 3.90GHz,209.99,19781,94.19972379637125,3374,16.06743178246583,125.0,158.25,6,2021,FCLGA1200,Desktop,FCLGA1200,0
Intel Core i5-11600KF @ 3.90GHz,232.49,19742,84.91548023570905,3359,14.44793324444062,125.0,157.93,6,2021,FCLGA1200,Desktop,FCLGA1200,0
Intel Core i5-12400F,174.98,19659,112.34998285518346,3567,20.385186878500402,65.0,302.44,6,2022,FCLGA1700,Desktop,Other,0
Intel Core i5-12400,192.0,19571,101.93229166666667,3532,18.395833333333332,65.0,301.09,6,2022,LGA 1700,Desktop,Other,0
Intel Xeon E5-2682 v4 @ 2.50GHz,472.80869999999976,19551,41.35076194663933,1868,3.950857926260665,120.0,162.93,16,2017,FCLGA2011-3,Server,FCLGA2011-3,1
AMD EPYC 7252,381.22,19550,51.28272388646975,1992,5.2253292062326215,120.0,162.92,8,2021,SP3,Server,SP3,0
Intel Core i9-9900KS @ 4.00GHz,898.3,19518,21.727707892686187,3039,3.3830568852276524,127.0,153.69,8,2019,FCLGA1151-2,Desktop,FCLGA1151-2,0
Intel Xeon Silver 4216 @ 2.10GHz,1096.66,19451,17.73658198530082,1775,1.6185508726496816,100.0,194.51,16,2019,FCLGA3647,Server,FCLGA3647,0
Intel Xeon W-2245 @ 3.90GHz,999.9,19446,19.447944794479447,2763,2.7632763276327634,155.0,125.46,8,2020,FCLGA2066,Server,Other,0
AMD Ryzen 9 4900HS,475.37109999999996,19425,40.862812232380136,2628,5.528312512056371,35.0,554.99,8,2020,FP6,Laptop,Other,1
Intel Xeon Gold 6137 @ 3.90GHz,548.2248999999999,19365,35.32309459128909,2499,4.5583482253359895,205.0,94.46,16,2019,FCLGA-3647,Server,Other,1
Intel Core i7-7900X @ 3.30GHz,457.11420000000027,19358,42.34827970778416,2610,5.709732928882976,140.0,138.27,10,2017,FCLGA2066,Desktop,Other,1
AMD Ryzen 9 4900H,470.6958,19339,41.085983771259485,2733,5.806297825474542,45.0,429.76,8,2020,FP6,Laptop,Other,1
Intel Core i7-10700K @ 3.80GHz,328.98,19277,58.59626725028877,3074,9.344033071919265,125.0,154.22,8,2020,FCLGA1200,Desktop,FCLGA1200,0
Intel Xeon W-1270P @ 3.80GHz,428.0,19245,44.96495327102804,3074,7.182242990654205,95.0,202.58,8,2020,FCLGA1200,Server,FCLGA1200,0
Intel Xeon E5-2697 v3 @ 2.60GHz,200.19,19238,96.09870622908237,2009,10.035466307008342,145.0,132.67,14,2014,LGA2011-v3,Server,LGA2011-v3,0
Intel Xeon Gold 6126 @ 2.60GHz,1160.0,19223,16.57155172413793,2019,1.7405172413793104,125.0,153.78,12,2018,FCLGA3647,Server,FCLGA3647,0
Intel Core i7-10700KF @ 3.80GHz,309.99,19143,61.75360495499854,3056,9.85838252846866,125.0,153.14,8,2020,FCLGA1200,Desktop,FCLGA1200,0
AMD Ryzen 7 4800H,484.0288999999999,19056,39.369550041330186,2638,5.450087794344512,45.0,423.46,8,2020,FP6,Laptop,Other,1
Intel Core i7-12800H,457.0,19052,41.689277899343544,3604,7.886214442013129,45.0,423.37,6,2022,FCBGA1744,Laptop,Other,0
Intel Xeon Silver 4309Y @ 2.80GHz,677.5,19010,28.059040590405903,2494,3.681180811808118,105.0,181.05,8,2021,FCLGA4189,Server,Other,0
Intel Xeon E5-2676 v4 @ 2.40GHz,530.6977999999997,18978,35.760464806901425,1730,3.2598590007345067,145.0,130.88,16,2020,FCLGA2011-3,Server,FCLGA2011-3,1
Intel Core i5-1240P,374.14959999999996,18963,50.68293538199694,3356,8.969674162420594,28.0,677.25,4,2022,FCBGA1744,Laptop,Other,1
Intel Xeon W-1350 @ 3.30GHz,279.99,18940,67.64527304546591,3511,12.539733561912925,80.0,236.75,6,2021,FCLGA1200,Server,FCLGA1200,0
AMD Ryzen 5 5600GE,204.57989999999998,18879,92.28179307937877,3224,15.759123941306063,35.0,539.4,6,2021,AM4,Desktop,AM4,1
AMD Ryzen 7 4800HS,487.20079999999996,18864,38.71914824441996,2609,5.355081518749559,45.0,419.2,8,2020,FP6,Laptop,Other,1
Intel Xeon W-11855M @ 3.20GHz,450.0,18857,41.904444444444444,3319,7.375555555555556,45.0,419.05,6,2021,FCBGA1787,"Laptop, Server",Other,0
AMD Ryzen 7 5800U,435.2158,18852,43.31644209608199,3092,7.104521481067553,15.0,1256.8,8,2021,FP6,Laptop,Other,1
Intel Xeon Silver 4214R @ 2.40GHz,707.81,18846,26.625789406761704,2023,2.8581116401294135,100.0,188.46,12,2020,FCLGA3647,Server,FCLGA3647,0
AMD Ryzen 5 3600XT,327.52,18780,57.3400097703957,2794,8.530776746458232,95.0,197.69,6,2020,AM4,Desktop,AM4,0
Intel Xeon E-2356G @ 3.20GHz,333.0,18757,56.327327327327325,3507,10.531531531531531,80.0,234.47,6,2022,FCLGA1200,Server,FCLGA1200,0
AMD Ryzen 5 PRO 5650GE,204.57989999999998,18716,91.48503836398396,3223,15.754235875567446,35.0,534.74,6,2021,AM4,Desktop,AM4,1
Intel Core i9-9900K @ 3.60GHz,622.0,18716,30.090032154340836,2960,4.758842443729904,95.0,197.02,8,2018,FCLGA1151-2,Desktop,FCLGA1151-2,0
Intel Core i9-9900KF @ 3.60GHz,502.13,18691,37.223428195885525,2968,5.910819907195348,95.0,196.75,8,2019,FCLGA1151-2,Desktop,FCLGA1151-2,0
Intel Xeon Gold 6144 @ 3.50GHz,2097.0,18656,8.896518836433,2523,1.2031473533619457,150.0,124.38,8,2017,FCLGA3647,Server,FCLGA3647,0
AMD Ryzen 5 PRO 6650U,397.24950000000007,18649,46.94530767187875,3277,8.249223724636531,28.0,666.04,6,2022,FP7,Laptop,Other,1
Intel Xeon W-1270E @ 3.40GHz,367.0,18635,50.776566757493185,2990,8.147138964577657,80.0,232.94,8,2022,FCLGA1200,"Server, Mobile/Embedded",FCLGA1200,0
AMD Ryzen 7 PRO 4750GE,356.3843000000003,18550,52.05055329317253,2709,7.601344952625572,35.0,530.01,8,2020,AM4,Desktop,AM4,1
Intel Xeon Platinum P-8124 @ 3.00GHz,641.8498999999997,18416,28.69206647847107,2007,3.1268992953025325,240.0,76.73,18,2021,FCLGA3647,Server,FCLGA3647,1
Intel Xeon W-1290T @ 1.90GHz,494.0,18409,37.26518218623482,2974,6.020242914979757,35.0,525.98,10,2021,FCLGA1200,Server,FCLGA1200,0
Intel Xeon D-2183IT @ 2.20GHz,1764.0,18385,10.42233560090703,1728,0.9795918367346939,100.0,183.85,16,2018,FCBGA2518,Server,Other,0
Intel Core i5-11600 @ 2.80GHz,216.41,18318,84.64488702000831,3302,15.25807495032577,65.0,281.81,6,2021,FCLGA1200,Desktop,FCLGA1200,0
Intel Core i9-9820X @ 3.30GHz,685.0,18288,26.697810218978102,2406,3.512408759124088,165.0,110.84,10,2018,FCLGA2066,Desktop,Other,0
AMD Ryzen 5 3600X,209.99,18285,87.07557502738226,2670,12.714891185294537,95.0,192.47,6,2019,AM4,Desktop,AM4,0
Intel Xeon E-2378 @ 2.60GHz,386.0,18248,47.27461139896373,3258,8.44041450777202,65.0,280.74,8,2022,FCLGA1200,Server,FCLGA1200,0
Intel Xeon E7-8880 v3 @ 2.30GHz,133.0,18244,137.17293233082708,1612,12.1203007518797,150.0,121.63,18,2016,LGA2011-1,Server,Other,0
Intel Core i7-9800X @ 3.80GHz,650.0,18240,28.06153846153846,2595,3.9923076923076923,165.0,110.54,8,2018,FCLGA2066,Desktop,Other,0
Intel Xeon W-2145 @ 3.70GHz,1224.67,18225,14.881559930430237,2625,2.1434345578808984,140.0,130.18,8,2017,FCLGA2066,Server,Other,0
Intel Core i5-12600T,205.20419999999996,18202,88.70188816798098,3805,18.54250546528775,35.0,520.06,6,2022,FCLGA1700,Desktop,Other,1
Intel Xeon E5-2686 v3 @ 2.00GHz,400.94709999999986,18148,45.26282893678494,1910,4.763720700311838,120.0,151.24,18,2015,LGA2011-v3,Server,LGA2011-v3,1
AMD Ryzen 7 5825U,415.9975,18122,43.562761795443485,3064,7.365428878779319,15.0,1208.12,8,2022,AM4,Laptop,AM4,1
Intel Xeon W-1270 @ 3.40GHz,362.0,18093,49.98066298342541,3060,8.453038674033149,80.0,226.17,8,2020,FCLGA1200,Server,FCLGA1200,0
Intel Xeon D-2187NT @ 2.00GHz,1989.0,18070,9.084967320261438,1425,0.7164404223227753,110.0,164.27,16,2020,FCBGA2518,Server,Other,0
AMD Ryzen Embedded V2718,489.34710000000007,17972,36.72648719078952,2439,4.984192202222103,15.0,1198.15,8,2021,FP6,Mobile/Embedded,Other,1
AMD Ryzen 5 PRO 3600,180.25310000000005,17900,99.30481084652634,2609,14.474092262490904,65.0,275.39,6,2019,AM4,Desktop,AM4,1
Intel Core i9-10900TE @ 1.80GHz,444.0,17888,40.288288288288285,2684,6.045045045045045,35.0,511.09,10,2021,FCLGA1200,Mobile/Embedded,FCLGA1200,0
AMD Ryzen 5 3600,153.49,17822,116.111798814255,2576,16.782852303081633,65.0,274.18,6,2019,AM4,Desktop,AM4,0
Intel Xeon E5-2680R v4 @ 2.40GHz,478.1247999999998,17795,37.218316222040784,1833,3.833727093846629,120.0,148.29,14,2020,FCLGA2011-3,Server,FCLGA2011-3,1
Intel Core i5-11500B @ 3.30GHz,194.18169999999986,17783,91.57917558657697,3224,16.603006359507628,65.0,273.58,6,2021,unknown,Desktop,unknown,1
Intel Xeon E5-2687W v4 @ 3.00GHz,975.1,17757,18.210439954876424,2065,2.1177315147164393,160.0,110.98,12,2016,FCLGA2011-3,Server,FCLGA2011-3,0
Intel Xeon E5-2680 v4 @ 2.40GHz,402.19,17737,44.10104676894005,1949,4.845968323429225,120.0,147.81,14,2016,FCLGA2011-3,Server,FCLGA2011-3,0
Intel Core i5-12500T,202.0,17728,87.76237623762377,3618,17.91089108910891,35.0,506.53,6,2022,FCLGA1700,Desktop,Other,0
Intel Xeon E-2278G @ 3.40GHz,494.0,17706,35.8421052631579,2951,5.973684210526316,80.0,221.33,8,2019,FCLGA1151-2,Server,FCLGA1151-2,0
Intel Xeon Gold 5120 @ 2.20GHz,1561.0,17686,11.32991672005125,1847,1.1832158872517617,105.0,168.43,14,2017,FCLGA3647,Server,FCLGA3647,0
Intel Core i5-11500 @ 2.70GHz,197.19,17626,89.38587149449769,3153,15.989654647801613,65.0,271.17,6,2021,FCLGA1200,Desktop,FCLGA1200,0
AMD Ryzen 7 PRO 5850U,435.1677,17581,40.40051685821351,3057,7.0248779953107725,15.0,1172.06,8,2021,FP6,Laptop,Other,1
AMD Ryzen 7 2700X,212.98,17578,82.53357122734529,2436,11.437693680157762,105.0,167.41,8,2018,AM4,Desktop,AM4,0
Intel Xeon Gold 5120T @ 2.20GHz,1727.0,17540,10.156340474811813,1827,1.0579038795599305,105.0,167.04,14,2018,FCLGA3647,Server,FCLGA3647,0
Intel Xeon E5-2673 v4 @ 2.30GHz,1950.0,17533,8.99128205128205,1909,0.978974358974359,135.0,129.87,20,2016,FCLGA2011-3,Server,FCLGA2011-3,0
Intel Xeon W-3223 @ 3.50GHz,820.55,17456,21.27353604289806,2503,3.0503930290658707,160.0,109.1,8,2020,FCLGA3647,Server,FCLGA3647,0
Intel Xeon E5-4669 v3 @ 2.10GHz,5400.0,17430,3.227777777777778,1474,0.27296296296296296,135.0,129.11,18,2015,FCLGA2011-3,Server,FCLGA2011-3,0
Intel Xeon E5-2683 v4 @ 2.10GHz,421.0,17388,41.30166270783848,1633,3.878859857482185,120.0,144.9,16,2016,FCLGA2011-3,Server,FCLGA2011-3,0
Intel Xeon E-2288G @ 3.70GHz,539.0,17313,32.12059369202226,2927,5.430426716141002,95.0,182.24,8,2019,FCLGA1151-2,Server,FCLGA1151-2,0
Intel Core i7-7820X @ 3.60GHz,709.0,17283,24.376586741889987,2539,3.5811001410437235,140.0,123.45,8,2017,FCLGA2066,Desktop,Other,0
AMD Ryzen 7 PRO 2700X,322.22639999999996,17221,53.44378983224218,2395,7.432662252379074,105.0,164.01,8,2018,AM4,Desktop,AM4,1
Intel Core i5-11400F @ 2.60GHz,149.99,17213,114.76098406560436,3023,20.15467697846523,65.0,264.82,6,2021,FCLGA1200,Desktop,FCLGA1200,0
AMD Ryzen 5 5600H,273.8766,17196,62.787401333301204,2982,10.888115304483843,45.0,382.14,6,2021,FP6,Laptop,Other,1
Intel Core i7-6950X @ 3.00GHz,377.32,17142,45.430933955263434,2334,6.185730944556345,140.0,122.44,10,2016,LGA2011-v3,Desktop,LGA2011-v3,0
Intel Core i5-11400 @ 2.60GHz,174.21,17132,98.34108260145801,3048,17.49612536593766,65.0,263.57,6,2021,FCLGA1200,Desktop,FCLGA1200,0
AMD Ryzen 7 4800U,481.8596,17073,35.43148253142617,2603,5.40198846302948,15.0,1138.18,8,2020,FP6,Laptop,Other,1
Intel Core i7-10700E @ 2.90GHz,330.0,17020,51.57575757575758,2845,8.621212121212121,65.0,261.85,8,2021,FCLGA1200,"Laptop, Mobile/Embedded",FCLGA1200,0
AMD EPYC 7232P,390.27,17017,43.60314653957517,1549,3.9690470699771954,120.0,141.81,8,2020,SP3,Server,SP3,0
Intel Core i7-10700F @ 2.90GHz,249.99,16973,67.89471578863154,2919,11.676467058682347,65.0,261.12,8,2020,FCLGA1200,Desktop,FCLGA1200,0
AMD Ryzen Threadripper 1900X,249.99,16955,67.82271290851634,2343,9.372374894995799,180.0,94.19,8,2017,sTR4,Desktop,Other,0
Intel Core i7-10700 @ 2.90GHz,268.99,16946,62.99862448418157,2922,10.862857355292018,65.0,260.71,8,2020,FCLGA1200,Desktop,FCLGA1200,0
Intel Xeon E5-2689 v4 @ 3.10GHz,535.3843999999999,16936,31.6333460593921,2343,4.37629486402667,165.0,102.64,10,2016,FCLGA2011-3,Server,FCLGA2011-3,1
Intel Core i9-9900 @ 3.10GHz,458.99,16873,36.76114948038084,2863,6.2376086624980935,65.0,259.58,8,2019,FCLGA1151-2,Desktop,FCLGA1151-2,0
Intel Xeon E5-2686 v4 @ 2.30GHz,363.4619,16745,46.070853643806956,1613,4.437879183485257,145.0,115.48,18,2016,FCLGA2011-3,Server,FCLGA2011-3,1
AMD Ryzen 5 4500,141.75,16698,117.7989417989418,2605,18.377425044091712,65.0,256.89,6,2022,AM4,Desktop,AM4,0
Intel Xeon Gold 6134 @ 3.20GHz,1699.99,16518,9.71652774428085,2240,1.317654809734175,130.0,127.06,8,2017,FCLGA3647,Server,FCLGA3647,0
Intel Core i5-11500H @ 2.90GHz,250.0,16458,65.832,3148,12.592,45.0,365.74,6,2021,FCBGA1787,Laptop,Other,0
Intel Xeon E5-2690 v3 @ 2.60GHz,235.19,16444,69.91793868786938,1903,8.091330413708066,135.0,121.8,12,2014,LGA2011-v3,Server,LGA2011-v3,0
AMD Ryzen 5 PRO 4650G,257.36,16428,63.83276344420267,2664,10.35125893689773,65.0,252.73,6,2020,AM4,Desktop,AM4,0
Intel Core i7-11600H @ 2.90GHz,395.0,16403,41.526582278481015,3185,8.063291139240507,45.0,364.51,6,2021,FCBGA1787,Laptop,Other,0
Intel Core i7-10700TE @ 2.00GHz,330.0,16332,49.49090909090909,2772,8.4,35.0,466.63,8,2021,FCLGA1200,Laptop,FCLGA1200,0
AMD Ryzen 7 1800X,178.03,16306,91.59130483626355,2186,12.278829410773465,95.0,171.64,8,2017,AM4,Desktop,AM4,0
Intel Xeon Gold 5118 @ 2.30GHz,699.0,16287,23.300429184549355,1746,2.4978540772532187,105.0,155.12,12,2017,FCLGA3647,Server,FCLGA3647,0
Intel Core i9-10980HK @ 2.40GHz,583.0,16271,27.90909090909091,2869,4.921097770154374,45.0,361.57,8,2020,FCBGA1440,Laptop,FCBGA1440,0
AMD Ryzen Embedded V2748,463.22450000000003,16186,34.942020553748776,2646,5.712133101768149,54.0,299.74,8,2021,FP6,Mobile/Embedded,Other,1
Intel Xeon E5-2669 v3 @ 2.30GHz,392.6123000000001,16107,41.02520476307033,1502,3.825657015839798,120.0,134.23,12,2016,LGA2011-v3,Server,LGA2011-v3,1
AMD Ryzen 7 5700U,464.18100000000004,16104,34.69336314928874,2618,5.640041277001859,15.0,1073.63,8,2021,FP6,Laptop,Other,1
Intel Core i5-11400H @ 2.70GHz,250.0,16073,64.292,3061,12.244,45.0,357.17,6,2021,FCBGA1787,Laptop,Other,0
Intel Core i7-1260P,337.6397,16020,47.447027112036885,3067,9.083647450225788,28.0,572.16,4,2022,BGA1700,Laptop,Other,1
Intel Xeon W-10885M @ 2.40GHz,623.0,16013,25.703049759229536,2768,4.443017656500802,45.0,355.84,8,2020,FCBGA1440,"Laptop, Server",FCBGA1440,0
AMD Ryzen 7 4850U Mobile,451.72880000000004,15920,35.2423843686743,2653,5.872992822242018,15.0,1061.35,8,2022,FP6,Laptop,Other,1
Intel Xeon E-2336 @ 2.90GHz,304.0,15900,52.30263157894737,3353,11.029605263157896,65.0,244.61,6,2022,FCLGA1200,Server,FCLGA1200,0
Intel Xeon Gold 5117 @ 2.00GHz,416.0103999999999,15816,38.01828031222298,1531,3.680196456627047,105.0,150.63,14,2017,unknown,Server,unknown,1
Intel Xeon E5-2695 v3 @ 2.30GHz,243.19,15801,64.97388872897734,1739,7.1507874501418645,120.0,131.68,14,2014,LGA2011-v3,Server,LGA2011-v3,0
Intel Xeon Silver 4214 @ 2.20GHz,761.7,15772,20.70631482210844,1712,2.2476040435867137,85.0,185.55,12,2019,FCLGA3647,Server,FCLGA3647,0
AMD Ryzen 5 PRO 4650GE,209.1959000000001,15712,75.10663449905086,2632,12.581508528608824,35.0,448.91,6,2020,AM4,Desktop,AM4,1
Intel Core i9-10885H @ 2.40GHz,556.0,15679,28.199640287769785,2810,5.053956834532374,45.0,348.42,8,2020,FCBGA1440,Laptop,FCBGA1440,0
AMD Ryzen 5 4600GE,197.17930000000013,15656,79.39981529501317,2605,13.211325935328903,35.0,447.31,6,2020,AM4,Desktop,AM4,1
AMD Ryzen 7 2700,254.2,15654,61.581431943351696,2197,8.642800944138473,65.0,240.82,8,2018,AM4,Desktop,AM4,0
AMD Ryzen 5 4600G,227.22400000000025,15577,68.55349786994324,2658,11.697707988592741,65.0,239.65,6,2020,AM4,Desktop,AM4,1
AMD Ryzen 7 PRO 1700X,214.26110000000014,15530,72.48165905990396,2231,10.41252938587545,95.0,163.47,8,2017,AM4,Desktop,AM4,1
Intel Xeon E5-2680 v3 @ 2.50GHz,142.0,15522,109.30985915492958,1774,12.492957746478874,120.0,129.35,12,2014,LGA2011-v3,Server,LGA2011-v3,0
AMD Ryzen 7 PRO 4750U,458.7815,15511,33.80912264334983,2562,5.584357695329912,15.0,1034.04,8,2020,FP6,Laptop,Other,1
AMD Ryzen 7 1700X,168.06,15496,92.20516482208735,2074,12.340830655718197,95.0,163.12,8,2017,AM4,Desktop,AM4,0
Intel Xeon Gold 5217 @ 3.00GHz,1645.0,15429,9.379331306990881,2173,1.3209726443768997,115.0,134.16,8,2019,FCLGA3647,Server,FCLGA3647,0
Intel Core i7-10875H @ 2.30GHz,450.0,15426,34.28,2778,6.173333333333333,45.0,342.79,8,2020,FCBGA1440,Laptop,FCBGA1440,0
Intel Xeon Gold 5215 @ 2.50GHz,1384.95,15420,11.133975955810678,1866,1.347341059244016,85.0,181.42,10,2019,FCLGA3647,Server,FCLGA3647,0
Intel Xeon E5-4667 v3 @ 2.00GHz,5729.0,15397,2.6875545470413686,1461,0.2550183278058998,135.0,114.05,16,2018,FCLGA2011-3,Server,FCLGA2011-3,0
AMD Ryzen 5 PRO 5650U,345.47610000000003,15373,44.49801303187109,2965,8.582359242795667,15.0,1024.86,6,2021,FP6,Laptop,Other,1
Intel Core i5-11260H @ 2.60GHz,250.0,15313,61.252,2969,11.876,45.0,340.29,6,2021,FCBGA1787,Laptop,Other,0
Intel Core i7-11700T @ 1.40GHz,323.0,15271,47.27863777089783,2859,8.85139318885449,35.0,436.3,8,2021,FCLGA1200,Desktop,FCLGA1200,0
Intel Core i5-11600T @ 1.70GHz,213.0,15254,71.6150234741784,2884,13.539906103286384,35.0,435.82,6,2021,FCLGA1200,Desktop,FCLGA1200,0
Intel Xeon E-2278GE @ 3.30GHz,494.0,15252,30.874493927125506,2639,5.342105263157895,80.0,190.66,8,2020,FCLGA1151-2,Server,FCLGA1151-2,0
Intel Xeon E-2286M @ 2.40GHz,1373.18,15249,11.104880642013429,2778,2.0230414075357928,45.0,338.87,8,2019,FCBGA1440,Laptop,FCBGA1440,0
Intel Xeon Silver 4214Y @ 2.20GHz,768.0,15248,19.854166666666668,1790,2.3307291666666665,85.0,179.39,12,2020,FCLGA3647,Server,FCLGA3647,0
AMD Ryzen 5 5600U,349.44910000000004,15241,43.61436329353831,2924,8.367456090171643,15.0,1016.06,6,2021,FP6,Laptop,Other,1
Intel Xeon Silver 4116T @ 2.10GHz,1112.0,15187,13.657374100719425,1781,1.6016187050359711,85.0,178.66,12,2021,FCLGA3647,Server,FCLGA3647,0
Intel Xeon Silver 4215R @ 3.20GHz,860.0,15147,17.61279069767442,2349,2.7313953488372094,130.0,116.51,8,2020,FCLGA3647,Server,FCLGA3647,0
Intel Core i9-10900T @ 1.90GHz,439.0,15134,34.47380410022779,2523,5.747152619589977,35.0,432.4,10,2020,FCLGA1200,Desktop,FCLGA1200,0
Intel Xeon D-2166NT @ 2.00GHz,1005.0,15105,15.029850746268657,1751,1.7422885572139304,85.0,177.7,12,2020,FCBGA2518,Server,Other,0
AMD Ryzen 5 5625U,357.6421000000001,15099,42.21818404488732,3050,8.528078769250039,15.0,1006.6,6,2022,FP6,Laptop,Other,1
Intel Core i9-10880H @ 2.30GHz,473.53439999999995,15064,31.811838801996227,2805,5.923540084944199,45.0,334.75,8,2020,FCBGA1440,Laptop,FCBGA1440,1
AMD Ryzen 7 PRO 2700,209.09610000000023,15059,72.01951638504967,2145,10.258440975226213,65.0,231.67,8,2018,AM4,Desktop,AM4,1
Intel Xeon E5-2660 v4 @ 2.00GHz,254.45,15038,59.10001965022598,1897,7.455295735900963,105.0,143.22,14,2016,FCLGA2011-3,Server,FCLGA2011-3,0
Intel Xeon Silver 4210R @ 2.40GHz,519.99,15030,28.90440200773092,1831,3.5212215619531144,100.0,150.3,10,2020,FCLGA3647,Server,FCLGA3647,0
Intel Core i7-10870H @ 2.20GHz,417.0,15027,36.03597122302158,2726,6.537170263788969,45.0,333.93,8,2020,FCBGA1440,Laptop,FCBGA1440,0
AMD EPYC 7301,1499.98,14991,9.994133255110068,1363,0.9086787823837651,155.0,96.72,16,2019,SP3,Server,SP3,0
Intel Core i3-12300,143.0,14955,104.58041958041959,3673,25.685314685314687,60.0,249.26,4,2022,LGA 1700,Desktop,Other,0
AMD EPYC 7251,1111.0,14935,13.442844284428443,1671,1.5040504050405041,120.0,124.46,8,2018,SP3,Server,SP3,0
Intel Xeon Silver 4116 @ 2.10GHz,389.99,14931,38.28559706659145,1709,4.382163645221672,85.0,175.66,12,2018,FCLGA3647,Server,FCLGA3647,0
Intel Xeon W-1250P @ 4.10GHz,596.66,14924,25.01256997284886,2985,5.002849193845742,125.0,119.39,6,2021,FCLGA1200,"Desktop, Server",FCLGA1200,0
Intel Xeon E5-2699A v4 @ 2.40GHz,4938.0,14917,3.0208586472255976,1037,0.21000405022276225,145.0,102.87,22,2019,FCLGA2011-3,Server,FCLGA2011-3,0
Intel Xeon E5-2658A v3 @ 2.20GHz,1832.0,14879,8.121724890829695,1688,0.9213973799126638,105.0,141.71,12,2019,FCLGA2011-3,Server,FCLGA2011-3,0
Intel Xeon E5-2683 v3 @ 2.00GHz,1498.95,14829,9.892925047533273,1571,1.0480669802194869,120.0,123.57,14,2015,LGA2011-v3,Server,LGA2011-v3,0
Intel Xeon E5-1681 v3 @ 2.90GHz,444.6157999999998,14820,33.33214879003402,2040,4.588231007535047,135.0,109.78,10,2016,LGA2011-v3,Server,LGA2011-v3,1
Intel Xeon E5-2687W v3 @ 3.10GHz,679.95,14812,21.783954702551657,1897,2.7899110228693282,160.0,92.57,10,2014,LGA2011-v3,Server,LGA2011-v3,0
AMD Ryzen 5 PRO 4400GE,356.1604000000001,14795,41.54027230427638,2664,7.47977596610965,35.0,422.71,6,2020,unknown,Laptop,unknown,1
AMD Ryzen 5 4600HS,401.0261000000001,14735,36.74324439232259,2468,6.154212905344563,35.0,421.01,6,2020,FP6,Laptop,Other,1
AMD Ryzen 5 4600H,384.26320000000015,14735,38.34611276853988,2461,6.404464439998415,45.0,327.45,6,2020,FP6,Laptop,Other,1
Intel Core i9-9980HK @ 2.40GHz,583.0,14728,25.262435677530018,2620,4.493996569468267,45.0,327.29,8,2019,FCBGA1440,Laptop,FCBGA1440,0
Apple M1 8 Core 3200 MHz,428.50129999999996,14694,34.29161125065432,3763,8.781770323683967,15.1,973.12,8,2021,unknown,"Desktop, Laptop, Mobile/Embedded",unknown,1
Intel Xeon E5-2678 v3 @ 2.50GHz,170.0,14682,86.36470588235294,1718,10.105882352941176,120.0,122.35,12,2015,LGA2011-v3,Server,LGA2011-v3,0
AMD Ryzen 7 2700E,332.82930000000016,14657,44.0375892386878,2410,7.240949039041932,45.0,325.72,8,2019,AM4,Desktop,AM4,1
AMD Ryzen 7 1700,152.68,14628,95.80822635577678,1985,13.001047943411056,65.0,225.05,8,2017,AM4,Desktop,AM4,0
AMD Ryzen 7 PRO 1700,183.90500000000017,14590,79.33443897664547,2026,11.01655746173295,65.0,224.45,8,2017,AM4,Desktop,AM4,1
Intel Core i5-10600KF @ 4.10GHz,184.98,14575,78.79230187047249,2948,15.936858038706887,125.0,116.6,6,2020,FCLGA1200,Desktop,FCLGA1200,0
Intel Core i7-9700K @ 3.60GHz,390.99,14550,37.21322795979437,2899,7.414511880099235,95.0,153.16,8,2018,FCLGA1151-2,Desktop,FCLGA1151-2,0
Intel Core i7-8086K @ 4.00GHz,549.0,14550,26.502732240437158,2895,5.273224043715847,95.0,153.16,6,2018,FCLGA1151-2,Desktop,FCLGA1151-2,0
Intel Xeon E5-2676 v3 @ 2.40GHz,337.83640000000014,14537,43.02970313441652,1687,4.9935412525115686,120.0,121.14,12,2015,LGA2011-v3,Server,LGA2011-v3,1
Intel Core i5-10600K @ 4.10GHz,212.97,14534,68.24435366483543,2936,13.78597924590318,125.0,116.27,6,2020,FCLGA1200,Desktop,FCLGA1200,0
Intel Core i3-12100,122.0,14503,118.87704918032787,3549,29.09016393442623,60.0,241.72,4,2022,LGA 1700,Desktop,Other,0
Intel Core i7-9700KF @ 3.60GHz,424.99,14499,34.11609684933763,2920,6.870749899997647,95.0,152.62,8,2019,FCLGA1151-2,Desktop,FCLGA1151-2,0
Intel Core i3-12100F,107.99,14490,134.1790906565423,3532,32.706732104824525,58.0,249.83,4,2022,FCLGA1700,Server,Other,0
Intel Xeon Silver 4215 @ 2.50GHz,869.95,14439,16.59750560377033,2060,2.3679521811598367,85.0,169.87,8,2019,FCLGA3647,Server,FCLGA3647,0
Intel Xeon E5-2658 v4 @ 2.30GHz,397.70129999999995,14434,36.29357007382174,1583,3.9803742155230575,105.0,137.46,14,2016,FCLGA2011-3,Server,FCLGA2011-3,1
Intel Xeon Silver 4123 @ 3.00GHz,497.8336,14405,28.93537117623238,1967,3.95111941018043,105.0,137.19,8,2018,unknown,Server,unknown,1
Intel Xeon E-2286G @ 4.00GHz,551.26,14384,26.09295069477198,2846,5.162718136632442,95.0,151.41,6,2019,FCLGA1151-2,Server,FCLGA1151-2,0
Intel Xeon W-2235 @ 3.80GHz,582.99,14332,24.583612068817647,2662,4.566116056879192,130.0,110.25,6,2020,FCLGA2066,Server,Other,0
Intel Xeon E-2236 @ 3.40GHz,327.31,14307,43.71085515260762,2851,8.710396871467417,80.0,178.84,6,2019,FCLGA1151-2,Server,FCLGA1151-2,0
Intel Core i7-6900K @ 3.20GHz,384.95,14291,37.124301857384076,2361,6.133264060267567,140.0,102.08,8,2016,FCLGA2011-3,Desktop,FCLGA2011-3,0
Intel Xeon Silver 4210 @ 2.20GHz,449.0,14285,31.815144766146993,1858,4.138084632516704,85.0,168.06,10,2019,FCLGA3647,Server,FCLGA3647,0
Intel Xeon Gold 6128 @ 3.40GHz,1719.0,14273,8.303083187899942,2247,1.307155322862129,115.0,124.11,6,2017,FCLGA3647,Server,FCLGA3647,0
Intel Xeon E5-4660 v3 @ 2.10GHz,4800.0,14256,2.97,1558,0.32458333333333333,120.0,118.8,14,2017,FCLGA2011-3,Server,FCLGA2011-3,0
AMD Ryzen 5 PRO 5675U,357.72810000000004,14253,39.843109892681056,2783,7.779651640449827,15.0,950.21,6,2022,FP6,Laptop,Other,1
Intel Xeon E5-2697 v2 @ 2.70GHz,162.5,14218,87.49538461538461,1811,11.144615384615385,130.0,109.37,12,2013,FCLGA2011,Server,Other,0
Intel Xeon E5-1680 v4 @ 3.40GHz,4719.0,14120,2.9921593557957196,2348,0.49756304301758847,140.0,100.86,8,2016,FCLGA2011-3,Server,FCLGA2011-3,0
Intel Xeon E5-2673 v3 @ 2.40GHz,700.0,14112,20.16,1723,2.4614285714285713,110.0,128.29,12,2015,LGA2011-v3,Server,LGA2011-v3,0
Intel Xeon W-2135 @ 3.70GHz,1007.7,14109,14.001190830604346,2592,2.5721941053885082,140.0,100.78,6,2017,FCLGA2066,Server,Other,0
Intel Xeon E-2374G @ 3.70GHz,357.0,14086,39.45658263305322,3445,9.64985994397759,80.0,176.07,4,2022,FCLGA1200,Server,FCLGA1200,0
AMD Ryzen 5 2600X,154.39,14053,91.0227346330721,2406,15.583910875056675,95.0,147.92,6,2018,AM4,Desktop,AM4,0
Intel Xeon E-2246G @ 3.60GHz,311.0,14050,45.17684887459807,2825,9.083601286173634,80.0,175.62,6,2019,FCLGA1151-2,Server,FCLGA1151-2,0
Intel Core i9-9880H @ 2.30GHz,556.0,13979,25.142086330935253,2555,4.595323741007194,45.0,310.64,8,2019,FCBGA1440,Laptop,FCBGA1440,0
AMD Ryzen 3 PRO 5350G,184.9867,13976,75.55137747740783,3104,16.77958469446722,65.0,215.01,4,2021,AM4,Desktop,AM4,1
AMD EPYC 3251,315.0,13965,44.333333333333336,1872,5.942857142857143,50.0,279.3,8,2019,SP4r2,Server,Other,0
Intel Core i9-9900T @ 2.10GHz,439.0,13947,31.76993166287016,2505,5.70615034168565,35.0,398.49,8,2019,FCLGA1151-2,Desktop,FCLGA1151-2,0
Intel Core i5-10600 @ 3.30GHz,219.99,13928,63.31196872585117,2911,13.232419655438884,65.0,214.27,6,2020,FCLGA1200,Desktop,FCLGA1200,0
Intel Xeon E5-2670 v3 @ 2.30GHz,63.99,13917,217.48710736052507,1695,26.48851383028598,120.0,115.97,12,2014,LGA2011-v3,Server,LGA2011-v3,0
Intel Xeon E-2186G @ 3.80GHz,542.78,13909,25.62548362135672,2780,5.121780463539556,95.0,146.41,6,2018,FCLGA1151-2,Server,FCLGA1151-2,0
Intel Core i7-8700K @ 3.70GHz,309.0,13850,44.82200647249191,2764,8.944983818770227,95.0,145.79,6,2017,FCLGA1151-2,Desktop,FCLGA1151-2,0
Intel Xeon E5-2667 v4 @ 3.20GHz,357.5,13846,38.73006993006993,2158,6.036363636363636,135.0,102.57,8,2016,FCLGA2011-3,Server,FCLGA2011-3,0
AMD Ryzen 3 5300GE,180.9863,13843,76.48645228948268,3104,17.150469400170067,35.0,395.51,4,2021,AM4,Desktop,AM4,1
Intel Core i5-11500T @ 1.50GHz,192.0,13820,71.97916666666667,2571,13.390625,35.0,394.85,6,2021,FCLGA1200,Desktop,FCLGA1200,0
Intel Xeon W-1250 @ 3.30GHz,312.39,13799,44.17234866673069,2859,9.152021511572073,80.0,172.49,6,2020,FCLGA1200,Server,FCLGA1200,0
AMD Ryzen 3 PRO 5350GE,180.9863,13707,75.73501419720719,3106,17.16151996035059,35.0,391.62,4,2021,AM4,Desktop,AM4,1
AMD Ryzen 7 4700U,446.608,13648,30.559237631211264,2553,5.716422455486691,15.0,909.83,8,2020,FP6,Laptop,Other,1
Intel Xeon E-2176G @ 3.70GHz,448.0,13643,30.453125,2749,6.136160714285714,80.0,170.54,6,2018,FCLGA1151-2,Server,FCLGA1151-2,0
Intel Xeon W-1270TE @ 2.00GHz,367.0,13553,36.9291553133515,2796,7.618528610354224,35.0,387.24,8,2021,FCLGA1200,Server,FCLGA1200,0
Intel Xeon E5-2695 v2 @ 2.40GHz,183.0,13521,73.88524590163935,1604,8.765027322404372,115.0,117.57,12,2013,LGA 2011,Server,Other,0
Intel Xeon E5-2650 v4 @ 2.20GHz,1199.99,13489,11.240927007725064,1578,1.3150109584246534,105.0,128.47,12,2016,FCLGA2011-3,Server,FCLGA2011-3,0
Intel Xeon E5-2658 v3 @ 2.20GHz,452.03009999999995,13487,29.83650867497541,1711,3.7851461661513253,105.0,128.45,12,2015,LGA2011-v3,Server,LGA2011-v3,1
Intel Xeon E5-2690 v2 @ 3.00GHz,148.0,13481,91.08783783783784,1880,12.702702702702704,130.0,103.7,10,2013,FCLGA2011,Server,Other,0
Intel Core i7-9700F @ 3.00GHz,340.99,13462,39.47916361183612,2796,8.199653948796152,65.0,207.11,8,2019,FCLGA1151-2,Desktop,FCLGA1151-2,0
AMD Ryzen 5 4600U,457.3537000000002,13460,29.43017625089727,2418,5.286936565725824,15.0,897.36,6,2020,FP6,Laptop,Other,1
Intel Core i7-9700 @ 3.00GHz,322.85,13385,41.45888183366888,2782,8.617004800991172,65.0,205.93,8,2019,FCLGA1151-2,Desktop,FCLGA1151-2,0
Intel Xeon E-2276G @ 3.80GHz,442.9,13371,30.189659065251753,2894,6.534206367125762,80.0,167.13,6,2019,FCLGA1151-2,Server,FCLGA1151-2,0
Intel Xeon E-2136 @ 3.30GHz,321.99,13356,41.479549054318454,2711,8.41951613404143,80.0,166.96,6,2018,FCLGA1151-2,Server,FCLGA1151-2,0
Intel Xeon E-2146G @ 3.50GHz,369.94,13351,36.089636157214684,2679,7.241714872682056,80.0,166.89,6,2018,FCLGA1151-2,Server,FCLGA1151-2,0
Intel Xeon E5-1660 v4 @ 3.20GHz,1494.0,13340,8.92904953145917,2193,1.4678714859437751,140.0,95.29,8,2016,FCLGA2011-3,Server,FCLGA2011-3,0
AMD Ryzen 5 3500X,184.95,13319,72.01405785347391,2525,13.65233846985672,65.0,204.91,6,2019,AM4,Desktop,AM4,0
AMD Ryzen 5 PRO 2600,141.94089999999974,13250,93.3487106253379,2263,15.943255256236956,65.0,203.84,6,2018,AM4,Desktop,AM4,1
Intel Xeon E5-1680 v3 @ 3.20GHz,589.99,13214,22.396989779487786,2127,3.60514584992966,140.0,94.38,8,2015,LGA2011-v3,Server,LGA2011-v3,0
AMD Ryzen 5 2600,124.88,13195,105.66143497757848,2250,18.01729660474055,65.0,202.99,6,2018,AM4,Desktop,AM4,0
AMD Ryzen 5 5500U,443.85650000000015,13190,29.716811627181297,2459,5.540078831784595,15.0,879.33,6,2021,FP6,Laptop,Other,1
Intel Xeon E-2334 @ 3.40GHz,305.99,13189,43.102715775025324,3244,10.601653648812052,65.0,202.9,4,2022,FCLGA1200,Server,FCLGA1200,0
Intel Xeon Silver 4114 @ 2.20GHz,775.0,13169,16.99225806451613,1681,2.169032258064516,85.0,154.93,10,2017,FCLGA3647,Server,FCLGA3647,0
Intel Xeon E5-2660 v3 @ 2.60GHz,142.73,13146,92.10397253555665,1796,12.583199047151966,105.0,125.2,10,2014,LGA2011-v3,Server,LGA2011-v3,0
AMD Ryzen 3 5300G,187.30160000000004,13139,70.14889354922754,3055,16.310592114536124,65.0,202.14,4,2021,AM4,Desktop,AM4,1
Intel Core i7-10700T @ 2.00GHz,447.99,13119,29.284135806602826,2661,5.939864729123418,35.0,374.82,8,2020,FCLGA1200,Desktop,FCLGA1200,0
Intel Xeon D-2143IT @ 2.20GHz,566.0,13107,23.157243816254418,1812,3.2014134275618376,65.0,201.64,8,2018,FCBGA2518,Server,Other,0
Intel Core i5-11400T @ 1.30GHz,182.0,13078,71.85714285714286,2549,14.005494505494505,35.0,373.67,6,2021,FCLGA1200,Desktop,FCLGA1200,0
Intel Core i5-10500 @ 3.10GHz,209.88,13056,62.20697541452259,2785,13.2694873260911,65.0,200.86,6,2020,FCLGA1200,Desktop,FCLGA1200,0
Intel Core i7-8700 @ 3.20GHz,260.99,13046,49.986589524502854,2662,10.19962450668608,65.0,200.71,6,2017,FCLGA1151-2,Desktop,FCLGA1151-2,0
Intel Xeon E5-4627 v4 @ 2.60GHz,999.99,12969,12.969129691296914,2030,2.030020300203002,135.0,96.07,10,2017,FCLGA2011-3,Server,FCLGA2011-3,0
Intel Xeon W-10855M @ 2.80GHz,450.0,12955,28.788888888888888,2776,6.168888888888889,45.0,287.89,6,2020,FCBGA1440,"Laptop, Server",FCBGA1440,0
Intel Xeon E5-2685 v3 @ 2.60GHz,528.0926999999999,12944,24.51084819009996,1726,3.2683655729382366,120.0,107.87,12,2015,LGA2011-v3,Server,LGA2011-v3,1
AMD Ryzen 5 1600X,169.46,12943,76.37790629057004,2183,12.882096069868995,95.0,136.25,6,2017,AM4,Desktop,AM4,0
AMD Ryzen 5 PRO 4650U,474.6794000000001,12889,27.153063731015074,2462,5.186658616320825,15.0,859.29,6,2020,FP6,Laptop,Other,1
Intel Core i7-7800X @ 3.50GHz,199.99,12864,64.32321616080803,2414,12.070603530176509,140.0,91.89,6,2017,FCLGA2066,Desktop,Other,0
AMD Ryzen 5 3500,171.38909999999996,12836,74.89391098967205,2515,14.674212070662607,65.0,197.47,6,2019,AM4,Desktop,AM4,1
Intel Xeon E5-2618L v4 @ 2.20GHz,700.39,12816,18.29837661874099,2013,2.874112994188952,75.0,170.88,10,2017,FCLGA2011-3,Server,FCLGA2011-3,0
Intel Core i3-12100T,122.0,12767,104.64754098360656,3412,27.9672131147541,35.0,364.77,4,2022,FCLGA1700,Desktop,Other,0
AMD Ryzen 3 3300X,269.99,12746,47.209155894662764,2689,9.959628134375347,65.0,196.1,4,2020,AM4,Desktop,AM4,0
Intel Core i7-5960X @ 3.00GHz,215.61,12719,58.990770372431705,1979,9.17860952645981,140.0,90.85,8,2014,LGA2011-v3,Desktop,LGA2011-v3,0
Intel Xeon E5-2680 v2 @ 2.80GHz,139.53,12530,89.80147638500681,1789,12.82161542320648,115.0,108.96,10,2013,FCLGA2011,Server,Other,0
Intel Xeon E5-1680 v2 @ 3.00GHz,316.00560000000013,12503,39.565754530932345,2074,6.56317482981314,130.0,96.18,8,2014,LGA 2011,Server,Other,1
Intel Xeon E5-4657L v2 @ 2.40GHz,751.19,12495,16.63360800862631,1478,1.9675448288715236,115.0,108.66,12,2015,FCLGA2011,Server,Other,0
Intel Core i5-10400F @ 2.90GHz,124.99,12439,99.51996159692776,2572,20.577646211696937,65.0,191.37,6,2020,FCLGA1200,Desktop,FCLGA1200,0
Intel Xeon W-2133 @ 3.60GHz,617.0,12438,20.158833063209077,2274,3.685575364667747,140.0,88.84,6,2017,FCLGA2066,Server,Other,0
Intel Xeon E5-2649 v3 @ 2.30GHz,481.5812999999999,12399,25.746431599399735,1674,3.4760485924183526,105.0,118.09,10,2018,LGA2011-v3,Server,LGA2011-v3,1
Intel Core i7-11375H @ 3.30GHz,482.0,12383,25.690871369294605,3105,6.441908713692946,35.0,353.79,4,2021,FCBGA1449,Laptop,Other,0
Intel Xeon E5-1660 v3 @ 3.00GHz,398.95,12360,30.981325980699335,1976,4.9530016292768515,140.0,88.28,8,2014,LGA2011-v3,Server,LGA2011-v3,0
Intel Core i7-10750H @ 2.60GHz,378.57980000000003,12355,32.635127389258486,2716,7.17418097848855,45.0,274.54,6,2020,FCBGA1440,Laptop,FCBGA1440,1
Intel Xeon E5-2667 v3 @ 3.20GHz,403.0,12354,30.655086848635236,1983,4.920595533498759,135.0,91.51,8,2014,LGA2011-v3,Server,LGA2011-v3,0
Intel Core i7-1265U,426.0,12334,28.953051643192488,3422,8.032863849765258,15.0,822.28,2,2022,FCBGA1744,"Laptop, Mobile/Embedded",Other,0
Intel Core i5-10400 @ 2.90GHz,149.99,12320,82.13880925395026,2587,17.247816521101406,65.0,189.53,6,2020,FCLGA1200,Desktop,FCLGA1200,0
AMD Ryzen 5 1600,159.82,12314,77.04918032786885,2074,12.977099236641221,65.0,189.45,6,2017,AM4,Desktop,AM4,0
Intel Core i7-8700B @ 3.20GHz,303.0,12239,40.39273927392739,2751,9.07920792079208,65.0,188.3,6,2019,FCBGA1440,Laptop,FCBGA1440,0
Intel Core i7-9700E @ 2.60GHz,323.0,12239,37.89164086687307,2576,7.975232198142415,65.0,188.3,8,2020,FCLGA1151-2,Desktop,FCLGA1151-2,0
AMD Ryzen 3 PRO 5475U,395.41,12230,30.929920841658024,3001,7.589590551579373,15.0,815.33,4,2021,FP6,Laptop,Other,1
Intel Xeon E5-2667 v2 @ 3.30GHz,174.95,12222,69.85995998856816,2018,11.534724206916263,130.0,94.02,8,2014,LGA 2011,Server,Other,0
Intel Core i5-10505 @ 3.20GHz,182.09229999999997,12221,67.11431510283522,2874,15.783204451808235,65.0,188.02,6,2021,FCLGA1200,Desktop,FCLGA1200,1
Intel Xeon D-2141I @ 2.20GHz,555.0,12177,21.94054054054054,1756,3.163963963963964,65.0,187.33,8,2019,FCBGA2518,Server,Other,0
Intel Core i7-10850H @ 2.70GHz,395.0,12124,30.69367088607595,2740,6.936708860759493,45.0,269.42,6,2020,FCBGA1440,Laptop,FCBGA1440,0
Intel Xeon E5-2692 v2 @ 2.20GHz,432.0571,12119,28.049533267709293,1571,3.636093470052917,115.0,105.38,12,2016,LGA 2011,Server,Other,1
Intel Core i7-11370H @ 3.30GHz,426.0,12098,28.399061032863848,3017,7.082159624413146,35.0,345.66,4,2021,FCBGA1449,Laptop,Other,0
Intel Xeon E5-2687W v2 @ 3.40GHz,432.19,12083,27.95761123579907,2067,4.782618755639881,150.0,80.56,8,2013,FCLGA2011,Server,Other,0
AMD Ryzen 5 PRO 4500U,462.9753,12049,26.02514648189655,2486,5.3696169104485705,15.0,803.25,6,2020,FP6,Laptop,Other,1
Intel Xeon E-2278GEL @ 2.00GHz,494.0,12024,24.34008097165992,2428,4.91497975708502,35.0,343.53,8,2019,FCLGA1151-2,Server,FCLGA1151-2,0
Intel Xeon E5-2640 v4 @ 2.40GHz,461.0,11950,25.92190889370933,1818,3.943600867678959,90.0,132.78,10,2016,FCLGA2011-3,Server,FCLGA2011-3,0
Intel Core i5-1245U,400.14979999999997,11934,29.823830975299753,3386,8.46183104427392,15.0,795.59,2,2022,BGA1700,Mobile/Embedded,Other,1
Intel Xeon E5-2650 v3 @ 2.30GHz,107.87,11931,110.6053583016594,1629,15.101511078149624,105.0,113.63,10,2014,LGA2011-v3,Server,LGA2011-v3,0
Intel Xeon E5-2673 v2 @ 3.30GHz,476.1805999999999,11919,25.030419130892778,1959,4.113985324055622,110.0,108.35,8,2016,LGA 2011,Server,Other,1
AMD Ryzen 3 5400U,390.3,11839,30.333077120163974,2893,7.41224698949526,15.0,789.29,4,2021,FP6,Laptop,Other,1
Intel Xeon E5-2650L v3 @ 1.80GHz,1365.0,11820,8.659340659340659,1397,1.0234432234432234,65.0,181.85,12,2015,LGA2011-v3,Server,LGA2011-v3,0
Intel Xeon E-2276M @ 2.80GHz,450.0,11818,26.26222222222222,2648,5.884444444444444,45.0,262.62,6,2019,FCBGA1440,Laptop,FCBGA1440,0
Intel Xeon E5-2663 v3 @ 2.80GHz,484.9893999999998,11777,24.28300494814939,2040,4.2062774980236695,120.0,98.14,10,2015,LGA2011-v3,Server,LGA2011-v3,1
Intel Xeon D-2146NT @ 2.30GHz,641.0,11736,18.308892355694226,1802,2.811232449297972,80.0,146.69,8,2019,FCBGA2518,Server,Other,0
Intel Xeon E5-2670 v2 @ 2.50GHz,79.0,11718,148.32911392405063,1658,20.9873417721519,115.0,101.9,10,2014,FCLGA2011,Server,Other,0
AMD Ryzen 3 3100,137.95,11660,84.52337803552012,2427,17.593330916998916,65.0,179.38,4,2020,AM4,Desktop,AM4,0
Intel Xeon D-1577 @ 1.30GHz,1176.0,11645,9.90221088435374,1319,1.1215986394557824,45.0,258.78,16,2020,FCBGA1667,Server,Other,0
Intel Core i5-10500H @ 2.50GHz,250.0,11604,46.416,2620,10.48,45.0,257.86,6,2021,FCBGA1440,Laptop,FCBGA1440,0
Intel Xeon E5-2648L v4 @ 1.80GHz,1298.7,11547,8.891198891198892,1435,1.104951104951105,75.0,153.96,14,2017,FCLGA2011-3,Server,FCLGA2011-3,0
Intel Xeon E5-1650 v4 @ 3.60GHz,453.7,11534,25.422085078245537,2406,5.303063698479171,140.0,82.38,6,2016,FCLGA2011-3,Server,FCLGA2011-3,0
Intel Xeon E5-4669 v4 @ 2.20GHz,537.8451999999999,11523,21.424380100445262,1366,2.539764229558989,135.0,85.35,22,2017,FCLGA2011-3,Server,FCLGA2011-3,1
Intel Core i7-9850H @ 2.60GHz,1305.76,11483,8.794112241146918,2550,1.9528856757750275,45.0,255.18,6,2019,unknown,Laptop,unknown,0
AMD Ryzen 3 PRO 5450U,359.6154,11453,31.847913076025108,2847,7.916791105164016,15.0,763.53,4,2021,FP6,Laptop,Other,1
Intel Xeon E5-2650L v4 @ 1.70GHz,700.0,11436,16.337142857142858,1385,1.9785714285714286,65.0,175.93,14,2017,FCLGA2011-3,Server,FCLGA2011-3,0
Intel Core i7-9750HF @ 2.60GHz,395.0,11391,28.837974683544303,2539,6.427848101265822,45.0,253.14,6,2020,FCBGA1440,Laptop,FCBGA1440,0
Intel Core i5-10600T @ 2.40GHz,213.0,11376,53.40845070422535,2422,11.370892018779342,35.0,325.02,6,2020,FCLGA1200,Desktop,FCLGA1200,0
Intel Xeon E5-2630 v4 @ 2.20GHz,374.95,11373,30.33204427256968,1774,4.731297506334178,85.0,133.8,10,2016,FCLGA2011-3,Server,FCLGA2011-3,0
Intel Core i3-11100B @ 3.60GHz,163.65199999999996,11357,69.39725759538534,2912,17.793855253831307,65.0,174.73,4,2021,unknown,Desktop,unknown,1
Intel Xeon E5-4627 v3 @ 2.60GHz,2400.0,11344,4.726666666666667,1749,0.72875,135.0,84.03,10,2016,FCLGA2011-3,Server,FCLGA2011-3,0
AMD Ryzen 3 4300GE,179.7566000000001,11332,63.04080072720553,2558,14.230353711630052,35.0,323.78,4,2020,AM4,Desktop,AM4,1
AMD Ryzen 3 PRO 4200G,162.0147,11315,69.83934173874346,2564,15.825724455867276,65.0,174.07,4,2021,FP6,Desktop,Other,1
Intel Core i7-6850K @ 3.60GHz,326.97,11295,34.54445361959812,2407,7.361531638988286,140.0,80.68,6,2016,FCLGA2011-3,Desktop,FCLGA2011-3,0
AMD Ryzen 3 PRO 4350GE,185.3937000000001,11270,60.78955218003629,2567,13.846209445089011,35.0,322.01,4,2020,AM4,Desktop,AM4,1
Intel Core i7-9750H @ 2.60GHz,960.0,11207,11.673958333333333,2487,2.590625,45.0,249.03,6,2019,FCBGA1440,Laptop,FCBGA1440,0
Intel Xeon E5-2640 v3 @ 2.60GHz,59.0,11205,189.91525423728814,1865,31.610169491525422,90.0,124.5,8,2014,LGA2011-v3,Server,LGA2011-v3,0
Intel Xeon E5-2643 v4 @ 3.40GHz,383.5,11152,29.079530638852674,2249,5.864406779661017,135.0,82.61,6,2016,FCLGA2011-3,Server,FCLGA2011-3,0
Intel Xeon Silver 4208 @ 2.10GHz,482.01,11137,23.105329764942635,1821,3.777929918466422,85.0,131.02,8,2019,FCLGA3647,Server,FCLGA3647,0
Intel Core i5-1235U,309.0,11119,35.983818770226534,3335,10.792880258899677,15.0,741.27,2,2022,BGA1744,"Laptop, Mobile/Embedded",Other,0
Intel Xeon E-2226G @ 3.40GHz,326.54,11119,34.05095853494212,2853,8.737061309487352,80.0,138.99,6,2019,FCLGA1151-2,Server,FCLGA1151-2,0
Intel Core i7-1185G7E @ 2.80GHz,431.0,11114,25.786542923433874,3017,7.0,15.0,740.95,4,2021,FCBGA1449,"Laptop, Mobile/Embedded",Other,0
AMD Ryzen 5 4500U,462.24710000000005,11098,24.00880394922975,2454,5.308848881907533,15.0,739.83,6,2020,FP6,Laptop,Other,1
Intel Xeon E5-2628L v4 @ 1.90GHz,1364.0,11079,8.122434017595308,1433,1.0505865102639296,75.0,147.72,12,2017,FCLGA2011-3,Server,FCLGA2011-3,0
Intel Core i5-11300H @ 3.10GHz,309.0,11048,35.75404530744336,2832,9.16504854368932,35.0,315.65,4,2021,FCBGA1449,Laptop,Other,0
Intel Core i7-1195G7 @ 2.90GHz,426.0,11019,25.866197183098592,3084,7.23943661971831,28.0,393.52,4,2021,FCBGA1449,Laptop,Other,0
Intel Core i7-1185G7 @ 3.00GHz,426.0,10948,25.699530516431924,2899,6.805164319248826,15.0,729.84,4,2020,BGA1526,Laptop,Other,0
Intel Xeon E-2176M @ 2.70GHz,450.0,10946,24.324444444444445,2454,5.453333333333333,45.0,243.25,6,2018,FCBGA1440,Laptop,FCBGA1440,0
AMD Ryzen 3 PRO 4200GE,366.04390000000006,10930,29.859806433053517,2540,6.939058402557725,35.0,312.29,4,2020,unknown,Laptop,unknown,1
Intel Xeon E-2186M @ 2.90GHz,623.0,10904,17.502407704654896,2481,3.9823434991974316,45.0,242.31,6,2018,FCBGA1440,Laptop,FCBGA1440,0
Intel Xeon E5-2470 v2 @ 2.40GHz,237.45,10902,45.91282375236892,1503,6.329753632343651,95.0,114.76,10,2016,LGA 1356,Server,Other,0
Intel Core i7-11390H @ 3.40GHz,426.0,10897,25.579812206572768,3053,7.166666666666667,35.0,311.35,4,2021,FCBGA1449,Laptop,Other,0
Intel Xeon E5-2630L v4 @ 1.80GHz,98.0,10864,110.85714285714286,1743,17.785714285714285,55.0,197.53,10,2017,FCLGA2011-3,Server,FCLGA2011-3,0
Intel Xeon W-2225 @ 4.10GHz,513.0,10844,21.13840155945419,2667,5.1988304093567255,105.0,103.28,4,2020,FCLGA2066,Server,Other,0
Intel Core i5-9600KF @ 3.70GHz,159.0,10838,68.16352201257861,2786,17.52201257861635,95.0,114.08,6,2019,FCLGA1151-2,Desktop,FCLGA1151-2,0
Intel Xeon E5-4650 v3 @ 2.10GHz,3838.0,10838,2.8238665971860346,1384,0.36060448150078167,105.0,103.22,12,2018,FCLGA2011-3,Server,FCLGA2011-3,0
AMD Ryzen 3 PRO 4350G,174.87950000000015,10833,61.94551105189568,2540,14.524286723143637,65.0,166.66,4,2020,AM4,Desktop,AM4,1
Intel Core i7-9700TE @ 1.80GHz,323.0,10826,33.51702786377709,2309,7.148606811145511,35.0,309.32,8,2019,FCLGA1151-2,"Desktop, Laptop",FCLGA1151-2,0
Intel Core i9-8950HK @ 2.90GHz,583.0,10803,18.53001715265866,2489,4.269296740994855,45.0,240.06,6,2018,FCBGA1440,Laptop,FCBGA1440,0
Intel Core i5-9600K @ 3.70GHz,232.6,10793,46.40154772141015,2773,11.921754084264833,95.0,113.61,6,2018,FCLGA1151-2,Desktop,FCLGA1151-2,0
AMD Ryzen 3 4300G,175.85710000000014,10792,61.36800845686635,2548,14.489036837295725,65.0,166.03,4,2020,AM4,Desktop,AM4,1
Intel Xeon E-2126G @ 3.30GHz,320.29,10747,33.553966717662114,2652,8.27999625339536,80.0,134.34,6,2018,FCLGA1151-2,Server,FCLGA1151-2,0
Intel Core i7-9700T @ 2.00GHz,323.0,10736,33.23839009287926,2445,7.569659442724459,35.0,306.74,8,2019,FCLGA1151-2,Desktop,FCLGA1151-2,0
Intel Core i5-11320H @ 3.20GHz,309.0,10732,34.73139158576052,2951,9.550161812297734,35.0,306.64,4,2021,FCBGA1449,Laptop,Other,0
Intel Core i7-6800K @ 3.40GHz,259.99,10681,41.08234932112774,2272,8.73879764606331,140.0,76.29,6,2016,LGA2011-v3,Desktop,LGA2011-v3,0
Intel Core i7-1165G7 @ 2.80GHz,426.0,10595,24.870892018779344,2877,6.753521126760563,15.0,706.33,4,2020,BGA1526,Laptop,Other,0
Intel Core i5-1155G7 @ 2.50GHz,309.0,10561,34.17799352750809,3014,9.754045307443366,28.0,377.2,4,2021,FCBGA1449,Laptop,Other,0
Intel Xeon E5-4620 v3 @ 2.00GHz,778.7,10525,13.516116604597405,1486,1.9083087196609734,105.0,100.24,10,2019,FCLGA2011-3,Server,FCLGA2011-3,0
Intel Xeon D-1581 @ 1.80GHz,534.1093,10476,19.613962909838868,1466,2.74475655076592,65.0,161.16,16,2021,FCBGA1667,Server,Other,1
Intel Xeon E5-2618L v3 @ 2.30GHz,1029.95,10464,10.1597164910918,1872,1.8175639594155055,75.0,139.52,8,2017,LGA2011-v3,Server,LGA2011-v3,0
Intel Core i5-1145G7E @ 2.60GHz,312.0,10454,33.506410256410255,2691,8.625,15.0,696.93,4,2021,FCBGA1449,Mobile/Embedded,Other,0
Intel Core i7-8700T @ 2.40GHz,343.02,10431,30.409305579849573,2366,6.897556993761297,35.0,298.04,6,2018,FCLGA1151-2,Desktop,FCLGA1151-2,0
Intel Core i5-1145G7 @ 2.60GHz,338.26980000000003,10413,30.783120455920095,2821,8.339497052352884,28.0,371.89,4,2021,FCBGA1449,Laptop,Other,1
AMD Ryzen 5 PRO 1600,160.7372999999999,10401,64.7080671381192,1685,10.482943286965758,65.0,160.01,6,2017,AM4,Desktop,AM4,1
Intel Xeon E5-2630 v3 @ 2.40GHz,74.99,10392,138.57847713028406,1771,23.61648219762635,85.0,122.26,8,2014,LGA2011-v3,Server,LGA2011-v3,0
Intel Xeon E5-2643 v3 @ 3.40GHz,2499.95,10391,4.156483129662593,2071,0.8284165683313667,135.0,76.97,6,2015,LGA2011-v3,Server,LGA2011-v3,0
Intel Xeon E5-2660 v2 @ 2.20GHz,79.0,10382,131.41772151898735,1498,18.962025316455698,95.0,109.28,10,2014,LGA 2011,Server,Other,0
Intel Xeon E5-1650 v3 @ 3.50GHz,819.95,10373,12.650771388499297,2116,2.5806451612903225,140.0,74.1,6,2014,LGA2011-v3,Server,LGA2011-v3,0
Intel Xeon E5-4640 v3 @ 1.90GHz,412.2662999999999,10372,25.158495855712687,1514,3.672383602540398,105.0,98.78,12,2017,FCLGA2011-3,Server,FCLGA2011-3,1
Intel Core i5-9600 @ 3.10GHz,256.55,10369,40.417072695381016,2751,10.723055934515688,65.0,159.53,6,2019,FCLGA1151-2,Desktop,FCLGA1151-2,0
Intel Core i5-10500T @ 2.30GHz,192.0,10365,53.984375,2342,12.197916666666666,35.0,296.14,6,2020,FCLGA1200,Desktop,FCLGA1200,0
Intel Xeon Silver 4109T @ 2.00GHz,607.75,10348,17.02673796791444,1445,2.3776223776223775,70.0,147.83,8,2018,FCLGA3647,Server,FCLGA3647,0
Intel Core i7-8850H @ 2.60GHz,395.0,10333,26.159493670886075,2399,6.073417721518988,45.0,229.62,6,2018,FCBGA1440,Laptop,FCBGA1440,0
Intel Core i5-9500F @ 3.00GHz,182.0,10330,56.75824175824176,2676,14.703296703296703,65.0,158.92,6,2019,FCLGA1151-2,Desktop,FCLGA1151-2,0
Intel Core i3-10325 @ 3.90GHz,154.0,10308,66.93506493506493,2890,18.766233766233768,65.0,158.59,4,2022,FCLGA1200,Desktop,FCLGA1200,0
Intel Core i7-5930K @ 3.50GHz,319.95,10304,32.205032036255666,2063,6.447882481637756,140.0,73.6,6,2014,LGA2011-v3,Desktop,LGA2011-v3,0
Intel Core i5-1140G7 @ 1.10GHz,347.9209,10279,29.54407165536764,2612,7.507453562002167,15.0,685.29,4,2021,FCBGA1598,Server,Other,1
Intel Xeon E5-2658 v2 @ 2.40GHz,3604.0,10274,2.8507214206437292,1442,0.40011098779134296,95.0,108.15,10,2013,LGA 2011,Server,Other,0
AMD EPYC 3201,457.7438999999998,10258,22.409910869374784,1928,4.211962191085454,30.0,341.94,8,2019,SP4r2,Server,Other,1
Intel Xeon Silver 4110 @ 2.10GHz,530.0,10246,19.332075471698115,1613,3.043396226415094,85.0,120.54,8,2017,FCLGA3647,Server,FCLGA3647,0
Intel Xeon E5-1660 v2 @ 3.70GHz,1798.95,10223,5.68275938742044,2073,1.1523388643375303,130.0,78.64,6,2013,LGA 2011,Server,Other,0
Intel Core i5-8600K @ 3.60GHz,235.99,10195,43.20098309250392,2609,11.05555320140684,95.0,107.32,6,2017,FCLGA1151-2,Desktop,FCLGA1151-2,0
Intel Xeon D-1541 @ 2.10GHz,372.5287,10170,27.299910047199045,1702,4.5687755064240685,45.0,226.01,8,2016,FCBGA1667,Server,Other,1
AMD Ryzen 3 PRO 4450U,416.01270000000005,10129,24.34781438162825,2364,5.682518826949273,15.0,675.29,4,2020,FP6,Laptop,Other,1
Intel Core i7-10710U @ 1.10GHz,644.99,10126,15.699468208809439,2460,3.814012620350703,15.0,675.07,6,2019,FCBGA1528,Laptop,Other,0
Intel Core i3-10320 @ 3.80GHz,133.95,10115,75.51325121313924,2848,21.26166480029862,65.0,155.61,4,2020,FCLGA1200,Desktop,FCLGA1200,0
Intel Core i5-1135G7 @ 2.40GHz,309.0,10100,32.68608414239482,2727,8.825242718446601,15.0,673.3,4,2020,BGA1526,Laptop,Other,0
Intel Core i7-1068NG7 @ 2.30GHz,426.0,10093,23.6924882629108,2484,5.830985915492958,28.0,360.46,4,2020,FCBGA1344,Laptop,Other,0
Intel Core i7-8750H @ 2.20GHz,395.0,10085,25.531645569620252,2331,5.9012658227848105,45.0,224.12,6,2018,FCBGA1440,Laptop,FCBGA1440,0
Intel Core i5-10400T @ 2.00GHz,182.0,10052,55.23076923076923,2168,11.912087912087912,35.0,287.2,6,2020,FCLGA1200,Desktop,FCLGA1200,0
AMD Ryzen 3 5300U,380.48940000000005,10046,26.402838029127746,2401,6.310294058126192,15.0,669.74,4,2021,FP6,Laptop,Other,1
Intel Xeon W-2125 @ 4.00GHz,998.95,10039,10.049552029631112,2599,2.6017318184093297,120.0,83.66,4,2017,FCLGA2066,Server,Other,0
Intel Xeon D-1540 @ 2.00GHz,356.1802000000001,10028,28.154288194571166,1602,4.497723343408756,45.0,222.84,8,2015,FCBGA1667,Server,Other,1
Intel Xeon E5-2650 v2 @ 2.60GHz,70.0,9995,142.78571428571428,1675,23.928571428571427,95.0,105.21,8,2013,FCLGA2011,Server,Other,0
Intel Core i5-10500TE @ 2.30GHz,195.0,9960,51.07692307692308,2145,11.0,35.0,284.58,6,2022,FCLGA1200,"Laptop, Mobile/Embedded",FCLGA1200,0
Intel Xeon E5-2628L v3 @ 2.00GHz,366.0620000000002,9949,27.17845610852805,1483,4.051226294999206,75.0,132.65,10,2015,LGA2011-v3,Server,LGA2011-v3,1
Intel Core i3-1125G4 @ 2.00GHz,352.78,9932,28.15352344237202,2511,7.117750439367311,28.0,354.72,4,2021,FCBGA1449,Laptop,Other,1
Intel Core i7-4960X @ 3.60GHz,1250.0,9906,7.9248,2078,1.6624,130.0,76.2,6,2013,LGA2011,Desktop,Other,0
Intel Xeon E-2234 @ 3.60GHz,294.99,9903,33.57062951286484,2871,9.732533306213769,71.0,139.48,4,2020,FCLGA1151-2,Server,FCLGA1151-2,0
Intel Core i7-7740X @ 4.30GHz,225.99,9864,43.64794902429311,2805,12.412053630691624,112.0,88.07,4,2017,FCLGA2066,Desktop,Other,0
Intel Core i5-8600 @ 3.10GHz,275.67,9849,35.727500272064425,2582,9.366271266369209,65.0,151.52,6,2018,FCLGA1151-2,Desktop,FCLGA1151-2,0
Intel Xeon E5-2648L v3 @ 1.80GHz,1530.37,9847,6.434391683057039,1292,0.8442402817619269,75.0,131.29,12,2016,LGA2011-v3,Server,LGA2011-v3,0
Intel Xeon E5-2690 @ 2.90GHz,135.4,9832,72.61447562776956,1657,12.237813884785819,135.0,72.83,8,2012,LGA2011,Server,Other,0
Intel Xeon E-2244G @ 3.80GHz,413.0,9826,23.791767554479417,2807,6.796610169491525,71.0,138.39,4,2019,FCLGA1151-2,Server,FCLGA1151-2,0
Intel Core i7-5820K @ 3.30GHz,255.36,9814,38.432017543859644,2010,7.871240601503759,140.0,70.1,6,2014,LGA2011-v3,Desktop,LGA2011-v3,0
Intel Xeon E5-2687W @ 3.10GHz,192.0,9796,51.020833333333336,1693,8.817708333333334,150.0,65.31,8,2012,LGA2011,Server,Other,0
Intel Xeon E5-2689 @ 2.60GHz,182.75,9767,53.444596443228455,1571,8.596443228454172,115.0,84.93,8,2013,LGA 2011,Server,Other,0
Intel Core i5-1130G7 @ 1.10GHz,309.0,9756,31.57281553398058,2549,8.249190938511326,15.0,650.39,4,2021,BGA 1449,Laptop,Other,0
Intel Core i5-9500 @ 3.00GHz,297.59,9698,32.588460633757855,2578,8.66292550152895,65.0,149.2,6,2019,FCLGA1151-2,Desktop,FCLGA1151-2,0
Intel Core i3-10305 @ 3.80GHz,159.99,9689,60.56003500218763,2834,17.713607100443777,65.0,149.06,4,2021,FCLGA1200,Desktop,FCLGA1200,0
AMD Ryzen 5 3350GE,177.76690000000002,9684,54.47583324004637,2342,13.174556118152477,35.0,276.69,4,2020,unknown,Desktop,unknown,1
Intel Xeon E-2274G @ 4.00GHz,334.0,9660,28.922155688622755,2758,8.25748502994012,83.0,116.39,4,2019,FCLGA1151-2,Server,FCLGA1151-2,0
Intel Core i7-7700K @ 4.20GHz,349.44,9658,27.638507326007325,2730,7.8125,95.0,101.66,4,2016,LGA 1151,Desktop,Other,0
AMD Ryzen 5 PRO 3350GE,177.76690000000002,9643,54.24519412781569,2340,13.16330542975098,35.0,275.5,4,2020,unknown,Desktop,unknown,1
AMD Ryzen 3 5425U,346.88,9641,27.793473247232473,2788,8.037361623616237,15.0,642.72,4,2022,FP6,Laptop,Other,1
Intel Core i5-1038NG7 @ 2.00GHz,320.0,9626,30.08125,2323,7.259375,28.0,343.8,4,2020,FCBGA1344,Laptop,Other,0
Intel Xeon E-2174G @ 3.80GHz,349.99,9596,27.417926226463614,2650,7.571644904140118,71.0,135.15,4,2018,FCLGA1151-2,Server,FCLGA1151-2,0
Intel Core i5-8500 @ 3.00GHz,190.0,9576,50.4,2485,13.078947368421053,65.0,147.32,6,2018,FCLGA1151-2,Desktop,FCLGA1151-2,0
Intel Core i5-9400F @ 2.90GHz,129.99,9544,73.42103238710669,2471,19.009154550350026,65.0,146.84,6,2019,FCLGA1151-2,"Desktop, Laptop",FCLGA1151-2,0
AMD Ryzen 5 PRO 3350G,173.76370000000009,9498,54.660438284866146,2328,13.397504772285574,65.0,146.13,4,2020,AM4,Desktop,AM4,1
Intel Core i5-9400 @ 2.90GHz,139.99,9478,67.70483605971855,2479,17.70840774341024,65.0,145.82,6,2019,FCLGA1151-2,Desktop,FCLGA1151-2,0
Intel Core i5-8500B @ 3.00GHz,192.0,9429,49.109375,2574,13.40625,65.0,145.06,6,2019,FCBGA1440,Laptop,FCBGA1440,0
Intel Xeon Gold 5222 @ 3.80GHz,1476.32,9428,6.386149344315596,2372,1.606697734908421,105.0,89.79,4,2019,FCLGA3647,Server,FCLGA3647,0
AMD Ryzen 5 PRO 1500,187.25470000000007,9402,50.20968766071023,2158,11.524410335227897,65.0,144.65,4,2017,AM4,Desktop,AM4,1
AMD Ryzen 5 2500X,196.73770000000005,9384,47.698026356920906,2319,11.787268022346503,65.0,144.37,4,2019,AM4,Desktop,AM4,1
Intel Xeon E5-4655 v3 @ 2.90GHz,4616.0,9377,2.0314124783362217,1817,0.393630849220104,135.0,69.46,6,2018,FCLGA2011-3,Server,FCLGA2011-3,0
Intel Xeon E5-2680 @ 2.70GHz,85.45,9361,109.54944411936805,1561,18.267992978349913,130.0,72.01,8,2012,LGA2011,Server,Other,0
Intel Core i7-4930K @ 3.40GHz,174.85,9360,53.531598513011154,1963,11.226765799256507,130.0,72.0,6,2013,LGA2011,Desktop,Other,0
AMD Ryzen 5 3400G,228.0,9331,40.925438596491226,2360,10.350877192982455,65.0,143.56,4,2019,AM4,Desktop,AM4,0
Intel Xeon E5-1650 v2 @ 3.50GHz,238.02,9323,39.16897739685741,2026,8.511889757163264,130.0,71.71,6,2013,FCLGA2011,Server,Other,0
Intel Xeon E-2144G @ 3.60GHz,301.17,9322,30.95261812265498,2679,8.895308297639207,71.0,131.29,4,2019,FCLGA1151-2,Server,FCLGA1151-2,0
Intel Xeon E5-4627 v2 @ 3.30GHz,498.95,9320,18.679226375388318,1786,3.579516985669907,130.0,71.69,8,2015,FCLGA2011,Server,Other,0
AMD Ryzen 5 PRO 3400G,195.31870000000006,9307,47.650327388007376,2330,11.929221318798453,65.0,143.18,4,2019,AM4,Desktop,AM4,1
Intel Core i3-10300 @ 3.70GHz,138.99,9284,66.79617238650262,2677,19.260378444492407,65.0,142.82,4,2020,FCLGA1200,Desktop,FCLGA1200,0
Intel Xeon E3-1285 v6 @ 4.10GHz,544.91,9276,17.02299462296526,2692,4.940265364922648,79.0,117.41,4,2018,FCLGA1151,Server,FCLGA1151,0
Intel Xeon Silver 4108 @ 1.80GHz,489.95,9262,18.903969792836005,1558,3.1799163179916317,85.0,108.97,8,2018,FCLGA3647,Server,FCLGA3647,0
Intel Xeon D-1567 @ 2.10GHz,423.55949999999973,9236,21.80567311086165,988,2.332612065128986,65.0,142.09,12,2017,FCBGA1667,Server,Other,1
Intel Xeon E3-1275 v6 @ 3.80GHz,353.61,9229,26.099375017674838,2593,7.332937416928254,73.0,126.43,4,2017,FCLGA1151,Server,FCLGA1151,0
Intel Xeon D-1587 @ 1.70GHz,551.4891999999996,9223,16.723808915931638,835,1.5140822340673228,65.0,141.9,16,2016,FCBGA1667,Server,Other,1
Intel Core i5-8400 @ 2.80GHz,230.0,9222,40.095652173913045,2404,10.452173913043477,65.0,141.88,6,2017,FCLGA1151-2,Desktop,FCLGA1151-2,0
Intel Core i5-9500TE @ 2.20GHz,192.0,9212,47.979166666666664,2296,11.958333333333334,35.0,263.21,6,2020,FCLGA1151-2,Laptop,FCLGA1151-2,0
Intel Xeon E3-1280 v6 @ 3.90GHz,592.18,9166,15.478401837279208,2561,4.324698571380324,72.0,127.3,4,2017,FCLGA1151,Server,FCLGA1151,0
Intel Xeon E5-2620 v4 @ 2.10GHz,253.99,9152,36.03291468168038,1610,6.338832237489664,85.0,107.68,8,2016,FCLGA2011-3,Server,FCLGA2011-3,0
Intel Core i7-1185GRE @ 2.80GHz,355.0921000000001,9142,25.745433367850193,2793,7.865565018202318,15.0,609.43,4,2021,FCBGA1449,Mobile/Embedded,Other,1
Intel Xeon E5-2629 v3 @ 2.40GHz,499.88,9139,18.282387773065537,1426,2.8526846443146354,85.0,107.52,8,2016,LGA2011-v3,Server,LGA2011-v3,0
Intel Core i7-9850HL @ 1.90GHz,395.0,9112,23.068354430379745,2139,5.415189873417722,25.0,364.49,6,2019,FCBGA1440,"Desktop, Laptop",FCBGA1440,0
Intel Xeon D-1715TER @ 2.40GHz,285.0,9104,31.943859649122807,2269,7.96140350877193,50.0,182.08,4,2022,FCBGA2227,Server,Other,0
AMD Ryzen 5 1500X,120.36,9083,75.46527085410436,2110,17.530741110003323,65.0,139.75,4,2017,AM4,Desktop,AM4,0
Intel Xeon E5-2643 v2 @ 3.50GHz,398.95,9083,22.76726406817897,1895,4.749968667752851,130.0,69.87,6,2013,FCLGA2011,Server,Other,0
Intel Xeon D-1548 @ 2.00GHz,555.0,9075,16.35135135135135,1647,2.9675675675675675,45.0,201.66,8,2019,FCBGA1667,Server,Other,0
AMD Ryzen 5 3350G,170.3096,9067,53.23833770967697,2281,13.393255576902302,65.0,139.49,4,2020,AM4,Desktop,AM4,1
Intel Xeon E5-4648 v3 @ 1.70GHz,429.19529999999975,9061,21.111601175502166,1317,3.0685331363134702,105.0,86.3,12,2017,FCLGA2011-3,Server,FCLGA2011-3,1
AMD Ryzen 5 3400GE,174.06270000000012,8985,51.61933027581437,2324,13.351510691262392,35.0,256.71,4,2020,AM4,Desktop,AM4,1
Intel Xeon E5-2630L v3 @ 1.80GHz,79.0,8978,113.64556962025317,1532,19.39240506329114,55.0,163.23,8,2016,LGA2011-v3,Server,LGA2011-v3,0
Intel Core i7-6700K @ 4.00GHz,230.0,8967,38.98695652173913,2520,10.956521739130435,95.0,94.39,4,2015,LGA1151,Desktop,Other,0
Intel Core i3-10105 @ 3.70GHz,107.0,8928,83.4392523364486,2718,25.401869158878505,65.0,137.36,4,2021,FCLGA1200,Desktop,FCLGA1200,0
Intel Core i5-10400H @ 2.60GHz,250.0,8916,35.664,2738,10.952,45.0,198.13,4,2020,FCBGA1440,Laptop,FCBGA1440,0
Intel Xeon E5-2670 @ 2.60GHz,71.0,8902,125.38028169014085,1477,20.802816901408452,115.0,77.41,8,2012,LGA2011,Server,Other,0
Intel Xeon E3-1270 v6 @ 3.80GHz,316.71,8862,27.98143411954154,2462,7.773673076315873,72.0,123.08,4,2017,FCLGA1151,Server,FCLGA1151,0
Intel Core i3-10100F @ 3.60GHz,79.99,8854,110.68883610451307,2604,32.554069258657336,65.0,136.22,4,2020,FCLGA1200,Desktop,FCLGA1200,0
Intel Xeon E3-1240 v6 @ 3.70GHz,374.45,8853,23.642675924689545,2456,6.55895313125918,72.0,122.95,4,2017,FCLGA1151,Server,FCLGA1151,0
Intel Core i3-10100 @ 3.60GHz,112.99,8800,77.88299849544208,2637,23.33834852641827,65.0,135.39,4,2020,FCLGA1200,Desktop,FCLGA1200,0
Intel Xeon Gold 5122 @ 3.60GHz,904.33,8771,9.69889310318136,2120,2.344276978536596,105.0,83.53,4,2017,FCLGA3647,Server,FCLGA3647,0
Intel Core i7-8809G @ 3.10GHz,408.7418000000001,8759,21.429176071544425,2458,6.013576296821121,100.0,87.59,4,2018,BGA2270,Laptop,Other,1
Intel Core i7-8559U @ 2.70GHz,617.0,8745,14.173419773095624,2580,4.181523500810373,28.0,312.32,4,2018,FCBGA1528,Laptop,Other,0
Intel Xeon E-2134 @ 3.50GHz,297.57,8741,29.374600934233964,2569,8.63326276170313,71.0,123.11,4,2019,FCLGA1151-2,Server,FCLGA1151-2,0
AMD Ryzen 5 2400G,214.0,8729,40.78971962616822,2158,10.08411214953271,65.0,134.29,4,2018,AM4,Desktop,AM4,0
Intel Core i5-10300H @ 2.50GHz,250.0,8692,34.768,2616,10.464,45.0,193.15,4,2020,FCBGA1440,"Desktop, Laptop",FCBGA1440,0
Intel Xeon W-2223 @ 3.60GHz,289.99,8686,29.9527569916204,2255,7.776130211386599,120.0,72.39,4,2020,FCLGA2066,Server,Other,0
Intel Core i7-1065G7 @ 1.30GHz,426.0,8668,20.347417840375588,2401,5.636150234741784,15.0,577.88,4,2019,FCBGA-1526,Laptop,Other,0
Intel Xeon E3-1245 v6 @ 3.70GHz,496.3,8659,17.447108603667136,2441,4.918396131372154,73.0,118.62,4,2017,FCLGA1151,Server,FCLGA1151,0
Intel Core i7-7700 @ 3.60GHz,219.99,8638,39.26542115550707,2472,11.236874403381972,65.0,132.9,4,2016,LGA1151,Desktop,Other,0
Intel Xeon E5-4650 @ 2.70GHz,78.19,8630,110.37217035426525,1476,18.877094257577696,130.0,66.39,8,2012,LGA2011,Server,Other,0
Intel Xeon E5-2648L v2 @ 1.90GHz,945.0,8611,9.112169312169312,1350,1.4285714285714286,70.0,123.01,10,2017,FCLGA2011,Server,Other,0
Intel Core i7-3960X @ 3.30GHz,159.99,8596,53.7283580223764,1816,11.350709419338708,130.0,66.12,6,2011,LGA2011,Desktop,Other,0
Intel Core i7-8569U @ 2.80GHz,431.0,8523,19.77494199535963,2773,6.433874709976799,28.0,304.4,4,2020,FCBGA1528,Laptop,Other,0
Intel Xeon W-2123 @ 3.60GHz,427.11,8489,19.87544192362623,2229,5.218796094682868,120.0,70.74,4,2017,FCLGA2066,Server,Other,0
AMD Ryzen Embedded V1807B,465.01640000000015,8488,18.253119674918988,2190,4.709511320460955,45.0,188.62,4,2018,FP5,"Laptop, Mobile/Embedded",Other,1
Intel Xeon E5-4650L @ 2.60GHz,59.99,8472,141.22353725620937,1393,23.22053675612602,115.0,73.67,8,2017,LGA 2011,Server,Other,0
Intel Xeon E5-2628 v3 @ 2.50GHz,346.03350000000023,8447,24.410931311563747,1754,5.068873389426165,85.0,99.37,8,2021,LGA2011-v3,Server,LGA2011-v3,1
Intel Xeon E-2314 @ 2.80GHz,195.0,8422,43.18974358974359,3089,15.841025641025642,65.0,129.57,4,2022,FCLGA1200,Server,FCLGA1200,0
Intel Xeon E3-1275 v5 @ 3.60GHz,444.04,8421,18.964507702008827,2327,5.240518872173678,80.0,105.27,4,2015,FCLGA1151,Server,FCLGA1151,0
Intel Xeon E5-1660 @ 3.30GHz,267.19,8417,31.501927467345336,1790,6.699352520678169,130.0,64.75,6,2012,LGA2011,Server,Other,0
Intel Core i5-10200H @ 2.40GHz,250.0,8414,33.656,2481,9.924,45.0,186.97,4,2020,FCBGA1440,Laptop,FCBGA1440,0
Intel Xeon E5-2665 @ 2.40GHz,88.0,8411,95.57954545454545,1399,15.897727272727273,115.0,73.14,8,2012,LGA2011,Server,Other,0
Intel Xeon E3-1585 v5 @ 3.50GHz,556.0,8408,15.122302158273381,2402,4.320143884892087,65.0,129.35,4,2017,FCBGA1440,Server,FCBGA1440,0
Intel Xeon E3-1230 v6 @ 3.50GHz,595.44,8408,14.120650275426573,2352,3.950020153164046,72.0,116.77,4,2017,FCLGA1151,Server,FCLGA1151,0
Intel Core i5-9600T @ 2.30GHz,213.0,8393,39.4037558685446,2175,10.211267605633802,35.0,239.79,6,2019,FCLGA1151-2,Desktop,FCLGA1151-2,0
Intel Core i7-8706G @ 3.10GHz,422.31229999999994,8388,19.86207837185893,2543,6.021610073871872,65.0,129.04,4,2018,BGA2270,Laptop,Other,1
Intel Core i5-1035G7 @ 1.20GHz,320.0,8388,26.2125,2299,7.184375,15.0,559.21,4,2019,FCBGA1526,Laptop,Other,0
AMD Ryzen 5 PRO 2400G,170.1705,8378,49.2329751631452,2132,12.5286110107216,65.0,128.89,4,2018,AM4,Desktop,AM4,1
Intel Core i7-3970X @ 3.50GHz,187.0,8373,44.775401069518715,1832,9.796791443850267,150.0,55.82,6,2012,LGA2011,Desktop,Other,0
Intel Core i7-10810U @ 1.10GHz,443.0,8353,18.85553047404063,2322,5.241534988713318,15.0,556.88,6,2020,FCBGA1528,Laptop,Other,0
Intel Xeon E3-1280 v5 @ 3.70GHz,395.0,8320,21.063291139240505,2343,5.931645569620253,80.0,104.0,4,2016,FCLGA1151,Server,FCLGA1151,0
AMD Opteron 6386 SE,135.09,8320,61.588570582574576,1340,9.919313050558886,140.0,59.43,16,2014,Socket G34,Server,Other,0
Intel Xeon E3-1270 v5 @ 3.60GHz,912.0,8317,9.119517543859649,2279,2.49890350877193,80.0,103.96,4,2015,FCLGA1151,Server,FCLGA1151,0
AMD Ryzen 7 3750H,444.2229000000001,8277,18.63253785430692,2104,4.736360957528303,35.0,236.48,4,2019,FP5,Laptop,Other,1
AMD Ryzen 5 PRO 3400GE,187.04790000000006,8269,44.20792748809261,2266,12.114543921637182,35.0,236.27,4,2019,AM4,Desktop,AM4,1
Intel Core i5-9400H @ 2.50GHz,250.0,8261,33.044,2501,10.004,45.0,183.57,4,2019,FCBGA1440,Laptop,FCBGA1440,0
Intel Core i5-9500T @ 2.20GHz,192.0,8256,43.0,2200,11.458333333333334,35.0,235.88,6,2019,FCLGA1151-2,Desktop,FCLGA1151-2,0
Intel Xeon E3-1240 v5 @ 3.50GHz,325.0,8254,25.396923076923077,2323,7.147692307692307,80.0,103.18,4,2015,FCLGA1151,Server,FCLGA1151,0
Intel Core i5-1035G4 @ 1.10GHz,309.0,8251,26.702265372168284,2277,7.368932038834951,15.0,550.09,4,2019,FCBGA1526,Laptop,Other,0
Intel Core i7-3930K @ 3.20GHz,250.0,8244,32.976,1762,7.048,130.0,63.42,6,2011,LGA2011,Desktop,Other,0
Intel Xeon E5-2470 @ 2.30GHz,140.0,8240,58.857142857142854,1443,10.307142857142857,95.0,86.73,8,2013,LGA 1356,Server,Other,0
Intel Core i3-10100E @ 3.20GHz,125.0,8229,65.832,2297,18.376,65.0,126.59,4,2021,FCLGA1200,"Desktop, Mobile/Embedded",FCLGA1200,0
Intel Core i5-8600T @ 2.30GHz,199.99,8227,41.13705685284264,2180,10.900545027251361,35.0,235.06,6,2018,FCLGA1151-2,Desktop,FCLGA1151-2,0
Intel Core i7-8557U @ 1.70GHz,431.0,8225,19.083526682134572,2571,5.965197215777263,15.0,548.35,4,2019,FCBGA1528,Laptop,Other,0
AMD Ryzen Embedded V1756B,393.6479,8215,20.868903403269776,2143,5.443951307754976,45.0,182.55,4,2019,FP5,"Desktop, Mobile/Embedded",Other,1
Intel Xeon E3-1535M v6 @ 3.10GHz,623.0,8184,13.136436597110755,2386,3.8298555377207064,35.0,233.81,4,2017,FCBGA1440,"Laptop, Server",FCBGA1440,0
Intel Xeon E-2276ME @ 2.80GHz,450.0,8167,18.148888888888887,1604,3.5644444444444443,45.0,181.5,6,2021,FCBGA1440,"Server, Mobile/Embedded",FCBGA1440,0
Intel Core i3-10305T @ 3.00GHz,143.0,8136,56.89510489510489,2456,17.174825174825173,35.0,232.46,4,2021,FCLGA1200,Desktop,FCLGA1200,0
AMD Ryzen 5 2400GE,213.31490000000008,8134,38.13141979299147,2180,10.219633040167373,35.0,232.39,4,2018,AM4,Desktop,AM4,1
Intel Core i5-8259U @ 2.30GHz,519.99,8131,15.636839169984038,2246,4.319313832958326,28.0,290.39,4,2018,FCBGA1528,Laptop,Other,0
Intel Xeon E5-1650 @ 3.20GHz,112.0,8113,72.4375,1745,15.580357142857142,130.0,62.41,6,2012,LGA2011,Server,Other,0
Intel Xeon E5-2660 @ 2.20GHz,64.73,8104,125.19697203769503,1395,21.551058241928008,95.0,85.3,8,2012,LGA2011,Server,Other,0
Intel Core i7-6700 @ 3.40GHz,255.0,8078,31.67843137254902,2300,9.019607843137255,65.0,124.27,4,2015,LGA 1151,Desktop,Other,0
Intel Xeon E3-1245 v5 @ 3.50GHz,139.99,8073,57.668404886063286,2284,16.31545110365026,80.0,100.91,4,2015,FCLGA1151,Server,FCLGA1151,0
Intel Core i7-4790K @ 4.00GHz,206.87,8061,38.966500700923284,2467,11.925363755015226,88.0,91.6,4,2014,LGA1150,Desktop,LGA1150,0
Intel Core i5-8269U @ 2.60GHz,320.0,8055,25.171875,2561,8.003125,28.0,287.69,4,2021,FCBGA1528,"Laptop, Mobile/Embedded",Other,0
Intel Core i5-8400H @ 2.50GHz,250.0,8037,32.148,2466,9.864,45.0,178.61,4,2018,FCBGA1440,Laptop,FCBGA1440,0
AMD Opteron 6348,1708.67,8030,4.699561647363153,1302,0.7619961724616222,115.0,69.83,6,2013,unknown,Server,unknown,0
Intel Core i5-8279U @ 2.40GHz,320.0,8028,25.0875,2466,7.70625,28.0,286.73,4,2019,FCBGA1528,Laptop,Other,0
Intel Xeon E3-1285L v4 @ 3.40GHz,1230.0,8022,6.521951219512195,2340,1.9024390243902438,65.0,123.42,4,2016,LGA1150,Server,LGA1150,0
Intel Xeon E3-1585L v5 @ 3.00GHz,445.0,8021,18.024719101123594,2179,4.896629213483146,45.0,178.24,4,2018,FCBGA1440,Server,FCBGA1440,0
Intel Core i3-10300T @ 3.00GHz,174.28,7997,45.88593068625201,2350,13.484048657333027,35.0,228.49,4,2020,FCLGA1200,Desktop,FCLGA1200,0
AMD Ryzen 5 3550H,425.7134000000001,7994,18.77789141708952,2078,4.8812182092459375,35.0,228.4,4,2019,FP5,Laptop,Other,1
Intel Core i7-8709G @ 3.10GHz,339.9917000000002,7990,23.50057369047537,2291,6.738399790347819,100.0,79.9,4,2018,BGA2270,Laptop,Other,1
Intel Core i7-8705G @ 3.10GHz,1535.11,7947,5.176827719186248,2288,1.4904469386558619,65.0,122.26,4,2018,BGA2270,Laptop,Other,0
Intel Xeon E3-1515M v5 @ 2.80GHz,426.6696,7938,18.604559593652795,2148,5.034340388909826,45.0,176.4,4,2017,FCBGA1440,Server,FCBGA1440,1
Intel Xeon E3-1545M v5 @ 2.90GHz,547.0798,7930,14.49514312171643,2131,3.895226985167429,45.0,176.21,4,2016,FCBGA1440,"Laptop, Server",FCBGA1440,1
Intel Xeon E5-2620 v3 @ 2.40GHz,55.24,7906,143.12092686459087,1693,30.6480811006517,85.0,93.01,6,2014,LGA2011-v3,Server,LGA2011-v3,0
Intel Xeon E3-1230 v5 @ 3.40GHz,916.0,7880,8.602620087336245,2122,2.316593886462882,80.0,98.5,4,2016,FCLGA1151,Server,FCLGA1151,0
Intel Core i5-8260U @ 1.60GHz,439.99,7854,17.850405691038432,2313,5.256937657674038,15.0,523.57,4,2020,FCBGA1528,Laptop,Other,0
Intel Core i3-10105T @ 3.00GHz,122.0,7850,64.34426229508196,2350,19.262295081967213,35.0,224.28,4,2021,FCLGA1200,Desktop,FCLGA1200,0
AMD Ryzen 5 3580U,430.43680000000006,7846,18.227995375860054,2125,4.936845548521873,15.0,523.09,4,2019,FP5,Laptop,Other,1
AMD Ryzen 5 2600H,412.4107000000001,7836,19.00047695173767,2136,5.179303058819763,45.0,174.14,4,2019,FP5,Laptop,Other,1
Intel Core i5-9400T @ 1.80GHz,182.0,7819,42.96153846153846,2057,11.302197802197803,35.0,223.39,6,2019,FCLGA1151-2,Desktop,FCLGA1151-2,0
Intel Core i7-5775C @ 3.30GHz,174.95,7801,44.589882823663906,2318,13.24949985710203,65.0,120.02,4,2015,FCLGA1150,Desktop,Other,0
Intel Core i5-9300H @ 2.40GHz,250.0,7793,31.172,2349,9.396,45.0,173.17,4,2019,FCBGA1440,Laptop,FCBGA1440,0
AMD Ryzen 5 1400,109.65,7783,70.98039215686273,1904,17.364341085271317,65.0,119.74,4,2017,AM4,Desktop,AM4,0
Intel Xeon E3-1260L v5 @ 2.90GHz,258.7,7757,29.984538074990336,2287,8.840355624275222,45.0,172.37,4,2016,FCLGA1151,Server,FCLGA1151,0
Intel Xeon E5-2640 v2 @ 2.00GHz,66.01,7741,117.27011058930464,1275,19.315255264353883,95.0,81.48,8,2014,LGA 2011,Server,Other,0
Intel Core i5-1035G1 @ 1.00GHz,297.0,7737,26.050505050505052,2307,7.767676767676767,15.0,515.8,4,2019,FCBGA1526,Laptop,Other,0
Intel Xeon D-2123IT @ 2.20GHz,213.0,7731,36.29577464788732,1750,8.215962441314554,60.0,128.86,4,2018,FCBGA2518,Server,Other,0
AMD Ryzen 3 PRO 1300,174.42570000000006,7717,44.24233355520429,2229,12.779080147019615,65.0,118.73,4,2017,AM4,Desktop,AM4,1
Intel Core i7-5775R @ 3.30GHz,196.17950000000022,7714,39.32113192255048,2318,11.815709592490538,65.0,118.68,4,2016,LGA1150,Desktop,LGA1150,1
AMD Athlon Gold PRO 3150G,166.63890000000004,7702,46.21970020205365,2321,13.928320458188331,65.0,118.49,4,2020,AM4,Desktop,AM4,1
Intel Core i5-8500T @ 2.10GHz,247.53,7699,31.103300610027066,2045,8.261624853553105,35.0,219.98,6,2018,FCLGA1151-2,Desktop,FCLGA1151-2,0
Intel Core i7-5950HQ @ 2.90GHz,396.8772,7696,19.39138857057044,2288,5.7650074128722935,47.0,163.73,4,2015,FCBGA1364,Laptop,Other,1
Intel Core i3-9350K @ 4.00GHz,293.22,7694,26.239683514084984,2823,9.62758338448946,91.0,84.55,4,2020,FCLGA1151,Desktop,FCLGA1151,0
Intel Core i7-7820HK @ 2.90GHz,378.0,7682,20.322751322751323,2179,5.764550264550264,45.0,170.72,4,2017,FCBGA1440,Laptop,FCBGA1440,0
AMD Ryzen 5 3550U,356.2522,7681,21.560568608418418,2053,5.762771429902749,15.0,512.06,4,2020,unknown,Unknown,unknown,1
Intel Core i5-8257U @ 1.40GHz,320.0,7680,24.0,2314,7.23125,15.0,512.02,4,2019,FCBGA1528,Laptop,Other,0
Intel Core i5-9300HF @ 2.40GHz,250.0,7678,30.712,2360,9.44,45.0,170.62,4,2020,FCBGA1440,Laptop,FCBGA1440,0
Intel Xeon E3-1270L v4 @ 3.00GHz,338.5120999999999,7662,22.634346010083544,2378,7.024859672667537,45.0,170.26,4,2019,LGA1150,Server,LGA1150,1
AMD Ryzen 7 2800H,416.08850000000007,7656,18.399931745289763,2164,5.200816653187963,45.0,170.13,4,2019,FP5,Laptop,Other,1
AMD Ryzen 7 3780U,473.1449000000001,7651,16.17052196906275,2227,4.706803349248823,15.0,510.04,4,2019,FP5,Laptop,Other,1
Intel Xeon E3-1575M v5 @ 3.00GHz,1207.0,7629,6.32062966031483,2125,1.7605633802816902,45.0,169.54,4,2016,FCBGA1440,Server,FCBGA1440,0
Intel Xeon E3-1285 v4 @ 3.50GHz,331.8341000000003,7614,22.945200628868438,2260,6.8106321803575876,95.0,80.15,4,2018,FCLGA1150,Server,Other,1
Intel Xeon E5-1630 v4 @ 3.70GHz,350.46829999999994,7585,21.64247094530376,2366,6.750967205878536,140.0,54.18,4,2016,FCLGA2011-3,Server,FCLGA2011-3,1
Intel Xeon E5-2623 v4 @ 2.60GHz,84.0,7582,90.26190476190476,1696,20.19047619047619,85.0,89.2,4,2016,FCLGA2011-3,Server,FCLGA2011-3,0
AMD Ryzen 3 4300U,390.47710000000006,7568,19.381418270111098,2325,5.954254423626891,15.0,504.52,4,2020,FP6,Laptop,Other,1
AMD Ryzen 3 2300X,178.09,7566,42.484137233982814,2364,13.274187208714695,65.0,116.4,4,2019,AM4,Desktop,AM4,0
Intel Core i7-7700T @ 2.90GHz,390.0,7561,19.387179487179488,2156,5.528205128205128,35.0,216.04,4,2017,FCLGA1151,Desktop,FCLGA1151,0
Intel Xeon E-2224G @ 3.50GHz,267.56,7545,28.19928240394678,2726,10.188368963970698,71.0,106.26,4,2019,FCLGA1151-2,Server,FCLGA1151-2,0
Intel Core i5-8300H @ 2.30GHz,250.0,7542,30.168,2309,9.236,45.0,167.59,4,2018,FCLGA1151-2,Laptop,FCLGA1151-2,0
AMD Ryzen 5 PRO 2400GE,200.54410000000007,7530,37.54785107116089,2108,10.51140372616297,35.0,215.15,4,2018,AM4,Desktop,AM4,1
Intel Xeon E3-1535M v5 @ 2.90GHz,623.0,7523,12.075441412520064,2124,3.409309791332263,45.0,167.17,4,2015,FCBGA1440,"Laptop, Server",FCBGA1440,0
Intel Xeon E-2124G @ 3.40GHz,229.99,7518,32.68837775555459,2749,11.952693595373711,71.0,105.89,4,2018,FCLGA1151-2,Server,FCLGA1151-2,0
Intel Xeon E5-2667 @ 2.90GHz,96.19,7501,77.98107911425305,1596,16.592161347333402,130.0,57.7,6,2012,LGA2011,Server,Other,0
Intel Xeon E5-2637 v3 @ 3.50GHz,112.0,7485,66.83035714285714,2040,18.214285714285715,135.0,55.44,4,2014,LGA2011-v3,Server,LGA2011-v3,0
Intel Xeon E5-2650L v2 @ 1.70GHz,79.0,7475,94.62025316455696,1102,13.949367088607595,70.0,106.79,10,2017,FCLGA2011,Server,Other,0
Intel Xeon E5-2630 v2 @ 2.60GHz,69.0,7470,108.26086956521739,1574,22.81159420289855,80.0,93.37,6,2013,FCLGA2011,Server,Other,0
Intel Xeon E5-1630 v3 @ 3.70GHz,1346.0,7456,5.539375928677563,2127,1.5802377414561664,140.0,53.26,4,2014,LGA2011-v3,Server,LGA2011-v3,0
Intel Core i7-7820EQ @ 3.00GHz,378.0,7453,19.71693121693122,2207,5.838624338624339,45.0,165.63,4,2019,FCBGA1440,Laptop,FCBGA1440,0
Intel Core i7-7920HQ @ 3.10GHz,568.0,7449,13.11443661971831,2226,3.9190140845070425,45.0,165.53,4,2017,FCBGA1440,Laptop,FCBGA1440,0
Intel Xeon D-1531 @ 2.20GHz,348.0,7447,21.399425287356323,1424,4.091954022988506,45.0,165.48,6,2017,FCBGA1667,Server,Other,0
Intel Core i5-8400T @ 1.70GHz,239.84,7447,31.04986657771848,1924,8.022014676450967,35.0,212.77,6,2018,FCLGA1151-2,Desktop,FCLGA1151-2,0
Intel Xeon E5-1620 v4 @ 3.50GHz,219.3,7437,33.912448700410394,2251,10.264477884176927,140.0,53.12,4,2016,FCLGA2011-3,Server,FCLGA2011-3,0
Intel Xeon E3-1271 v3 @ 3.60GHz,149.99,7432,49.54996999799987,2271,15.141009400626707,80.0,92.91,4,2014,FCLGA1150,Server,Other,0
Intel Xeon E3-1286 v3 @ 3.70GHz,839.0,7418,8.841477949940405,2391,2.8498212157330154,84.0,88.31,4,2014,LGA1150,Server,LGA1150,0
Intel Xeon E5-2450 @ 2.10GHz,64.0,7410,115.78125,1154,18.03125,95.0,78.0,8,2015,LGA 1356,Server,Other,0
Intel Xeon E3-1281 v3 @ 3.70GHz,546.25,7406,13.557894736842105,2340,4.2837528604119,82.0,90.31,4,2015,LGA1150,Server,LGA1150,0
Intel Core i3-10100T @ 3.00GHz,122.0,7405,60.69672131147541,2319,19.008196721311474,35.0,211.57,4,2020,FCLGA1200,Laptop,FCLGA1200,0
Intel Core i7-6920HQ @ 2.90GHz,568.0,7378,12.98943661971831,2119,3.7306338028169015,45.0,163.96,4,2016,FCBGA1440,Laptop,FCBGA1440,0
AMD Ryzen 7 PRO 2700U,450.4763,7372,16.364900883797883,2051,4.5529587239106695,15.0,491.46,4,2018,FP5,Laptop,Other,1
Intel Core i3-9320 @ 3.70GHz,217.97,7358,33.75693902830665,2711,12.437491397898793,62.0,118.68,4,2019,FCLGA1151-2,Desktop,FCLGA1151-2,0
Intel Xeon D-1559 @ 1.50GHz,524.3579,7353,14.022864917263572,957,1.8250893139971764,45.0,163.4,12,2017,FCBGA1667,Server,Other,1
Intel Xeon E3-1276 v3 @ 3.60GHz,978.0,7345,7.510224948875256,2258,2.3087934560327197,84.0,87.45,4,2014,FCLGA1150,Server,Other,0
Intel Xeon E5-2650 @ 2.00GHz,49.0,7335,149.69387755102042,1266,25.836734693877553,95.0,77.21,8,2012,LGA2011,Server,Other,0
Intel Core i3-9350KF @ 4.00GHz,207.36,7318,35.29128086419753,2666,12.856867283950617,91.0,80.42,4,2019,FCLGA1151-2,Desktop,FCLGA1151-2,0
AMD Ryzen 3 3200GE,165.33760000000007,7317,44.254906324998046,2199,13.300059998451648,35.0,209.06,4,2020,AM4,Desktop,AM4,1
AMD Ryzen 7 3700U,446.92670000000004,7317,16.371812200971657,2013,4.504094295552268,15.0,487.81,4,2019,FP5,Laptop,Other,1
AMD Ryzen 7 PRO 3700U,444.0362,7310,16.46262174120038,2009,4.5244058930330455,15.0,487.33,4,2019,FP5,Laptop,Other,1
Intel Core i3-9300 @ 3.70GHz,194.99,7279,37.33011949330735,2666,13.672496025437201,62.0,117.4,4,2019,FCLGA1151-2,Desktop,FCLGA1151-2,0
Intel Core i7-6700T @ 2.80GHz,299.0,7271,24.317725752508363,2091,6.993311036789297,35.0,207.74,4,2015,LGA 1151,Desktop,Other,0
Intel Xeon E3-1280 v3 @ 3.60GHz,249.0,7256,29.140562248995984,2294,9.21285140562249,82.0,88.49,4,2013,LGA1150,Server,LGA1150,0
Intel Xeon E3-1270 v3 @ 3.50GHz,128.99,7245,56.16714473990231,2184,16.931545081014033,80.0,90.56,4,2013,LGA1150,Server,LGA1150,0
Intel Core i7-4790 @ 3.60GHz,200.0,7235,36.175,2234,11.17,84.0,86.13,4,2014,FCLGA1150,Desktop,Other,0
Intel Xeon E5-4610 v3 @ 1.70GHz,1219.0,7229,5.930270713699754,1027,0.8424938474159147,105.0,68.85,10,2019,FCLGA2011-3,Server,FCLGA2011-3,0
Intel Xeon E-2224 @ 3.40GHz,250.17,7223,28.872366790582404,2434,9.72938401886717,71.0,101.73,4,2019,FCLGA1151-2,Server,FCLGA1151-2,0
Intel Xeon E3-1246 v3 @ 3.50GHz,826.0,7218,8.738498789346247,2189,2.6501210653753025,84.0,85.93,4,2014,FCLGA1150,Server,Other,0
Intel Core i7-7820HQ @ 2.90GHz,378.0,7209,19.071428571428573,2140,5.661375661375661,45.0,160.19,4,2017,FCBGA1440,Laptop,FCBGA1440,0
Intel Xeon W3690 @ 3.47GHz,450.19,7208,16.011017570359183,1606,3.5673826606543906,130.0,55.45,6,2011,LGA1366,Server,LGA1366,0
AMD Ryzen 3 3200G,144.99,7188,49.57583281605628,2218,15.297606731498723,65.0,110.58,4,2019,AM4,Desktop,AM4,0
Intel Xeon E5-2628L v2 @ 1.90GHz,197.7295,7181,36.31729205808946,1106,5.593500211147047,70.0,102.58,8,2015,LGA 2011,Server,Other,1
Intel Xeon D-1537 @ 1.70GHz,571.0,7176,12.567425569176883,1104,1.9334500875656742,35.0,205.03,8,2018,FCBGA1667,Server,Other,0
Intel Xeon D-1539 @ 1.60GHz,486.0,7175,14.763374485596708,1179,2.425925925925926,35.0,204.99,8,2019,FCBGA1667,Server,Other,0
Intel Core i7-6770HQ @ 2.60GHz,619.0,7145,11.54281098546042,1966,3.1760904684975766,45.0,158.78,4,2016,FCBGA1440,Laptop,FCBGA1440,0
AMD Ryzen 7 3700C,344.03610000000003,7145,20.768169386875385,2301,6.688251610804795,15.0,476.32,4,2022,FP5,"Laptop, Mobile/Embedded",Other,1
Intel Xeon E3-1275 v3 @ 3.50GHz,199.99,7143,35.716785839291965,2213,11.065553277663883,95.0,75.19,4,2013,LGA1150,Server,LGA1150,0
Intel Core i7-990X @ 3.47GHz,1500.19,7137,4.757397396329798,1600,1.066531572667462,130.0,54.9,6,2011,LGA1366,Desktop,LGA1366,0
Intel Core i7-4770K @ 3.50GHz,329.99,7129,21.603684960150307,2165,6.560804872874935,84.0,84.87,4,2013,LGA1150,Desktop,LGA1150,0
Intel Xeon D-1557 @ 1.50GHz,694.0,7118,10.256484149855908,718,1.0345821325648414,45.0,158.18,12,2019,FCBGA1667,Server,Other,0
AMD Ryzen 5 3500U,458.7372000000001,7102,15.481630877112208,1982,4.320556519070177,15.0,473.44,4,2019,FP5,Laptop,Other,1
Intel Xeon X5679 @ 3.20GHz,165.83420000000007,7095,42.78369600480478,1547,9.32859446362692,115.0,61.7,6,2011,LGA1366,Server,LGA1366,1
AMD Athlon Gold PRO 3150GE,169.55190000000005,7093,41.8337983826781,2164,12.763053672651262,35.0,202.64,4,2020,AM4,Desktop,AM4,1
Intel Xeon E3-1505M v5 @ 2.80GHz,464.5683,7092,15.265785461470358,2033,4.376105730847327,45.0,157.6,4,2015,FCBGA1440,Server,FCBGA1440,1
Intel Xeon E3-1505M v6 @ 3.00GHz,405.60940000000005,7080,17.455216767658737,2183,5.38202517002811,45.0,157.34,4,2017,unknown,Server,unknown,1
Intel Core i7-4771 @ 3.50GHz,196.86,7074,35.93416641267906,2190,11.124657116732703,84.0,84.21,4,2013,LGA1150,Desktop,LGA1150,0
Intel Core i5-8305G @ 2.80GHz,376.91080000000017,7073,18.765713266905582,2118,5.61936670427061,65.0,108.82,4,2018,BGA2270,Laptop,Other,1
AMD Ryzen 3 PRO 3200GE,393.9301000000001,7071,17.949885017671914,2189,5.556823405979892,35.0,202.04,4,2019,AM4,Laptop,AM4,1
Intel Xeon E3-1241 v3 @ 3.50GHz,79.99,7070,88.38604825603201,2150,26.878359794974372,80.0,88.38,4,2014,LGA1150,Server,LGA1150,0
Intel Xeon E3-1240 v3 @ 3.40GHz,64.87,7065,108.91012794820409,2161,33.31277940496377,80.0,88.32,4,2013,LGA1150,Server,LGA1150,0
Intel Core i7-10610U @ 1.80GHz,409.0,7062,17.26650366748166,2362,5.775061124694377,15.0,470.77,4,2020,FCBGA1528,Laptop,Other,0
Intel Core i7-4940MX @ 3.10GHz,699.95,7060,10.086434745338952,2286,3.2659475676834058,57.0,123.86,4,2014,"FPGA946,FPGA947",Laptop,Other,0
Intel Core i7-1060NG7 @ 1.20GHz,402.6703,7045,17.495703060295234,1930,4.79300310949181,10.0,704.48,4,2020,FCBGA1526,Laptop,Other,1
AMD Ryzen 3 PRO 3200G,150.95139999999986,7037,46.61765309894447,2216,14.680221581250667,65.0,108.26,4,2019,AM4,Desktop,AM4,1
Intel Core i7-5850EQ @ 2.70GHz,435.0,7036,16.17471264367816,2119,4.871264367816092,47.0,149.7,4,2018,FCBGA1364,Laptop,Other,0
Intel Core i7-4770 @ 3.40GHz,178.69,7030,39.3418769936762,2166,12.121551289943477,84.0,83.69,4,2013,LGA1150,Desktop,LGA1150,0
Intel Core i7-980 @ 3.33GHz,160.19,7018,43.81047506086522,1558,9.725950433859792,130.0,53.99,6,2011,LGA1366,Desktop,LGA1366,0
Intel Xeon E5-4640 @ 2.40GHz,59.99,7012,116.88614769128188,1233,20.553425570928486,95.0,73.81,8,2012,LGA2011,Server,Other,0
Intel Xeon E3-1245 v3 @ 3.40GHz,299.0,7008,23.438127090301002,2142,7.1638795986622075,84.0,83.43,4,2013,LGA1150,Server,LGA1150,0
AMD Athlon Gold 3150G,138.95669999999993,7002,50.389797685178216,2308,16.6094905823181,65.0,107.72,4,2022,AM4,Desktop,AM4,1
Intel Xeon E3-1231 v3 @ 3.40GHz,498.95,6998,14.025453452249725,2152,4.313057420583225,80.0,87.48,4,2014,FCLGA1150,Server,Other,0
Intel Xeon E5-1620 v3 @ 3.50GHz,79.46,6991,87.98137427636547,2024,25.471935565064186,140.0,49.93,4,2014,LGA2011-v3,Server,LGA2011-v3,0
Intel Xeon E3-1285 v3 @ 3.60GHz,421.4329,6987,16.57915174633969,2220,5.267742504204109,84.0,83.18,4,2016,LGA1150,Server,LGA1150,1
Intel Xeon E5-4607 v2 @ 2.60GHz,72.8,6986,95.96153846153847,1363,18.722527472527474,95.0,73.54,6,2016,FCLGA2011,Server,Other,0
Intel Xeon E-2124 @ 3.30GHz,204.99,6977,34.0358066247134,2537,12.376213473827992,71.0,98.27,4,2019,FCLGA1151-2,Server,FCLGA1151-2,0
AMD Ryzen 5 PRO 3500U,436.55920000000015,6968,15.961180064467769,1964,4.498817113463648,15.0,464.55,4,2019,FP5,Laptop,Other,1
Intel Core i7-7700HQ @ 2.80GHz,378.0,6957,18.404761904761905,2070,5.476190476190476,45.0,154.59,4,2016,FCBGA1440,Laptop,FCBGA1440,0
Intel Xeon E3-1265L v4 @ 2.30GHz,424.3473,6954,16.387520316495472,2073,4.885149499007063,35.0,198.69,4,2018,FCLGA1150,Server,Other,1
Intel Core i7-4790S @ 3.20GHz,163.0,6954,42.66257668711656,2198,13.484662576687116,65.0,106.98,4,2014,LGA1150,Desktop,LGA1150,0
Intel Core i7-6820HQ @ 2.70GHz,406.5258,6939,17.069027353245477,1990,4.8951382667471535,45.0,154.2,4,2015,FCBGA1440,Laptop,FCBGA1440,1
Intel Xeon E5-2440 v2 @ 1.90GHz,499.95,6927,13.855385538553856,962,1.9241924192419242,95.0,72.92,8,2014,LGA 1356,Server,Other,0
AMD Ryzen 3 1300X,115.0,6925,60.21739130434783,2096,18.22608695652174,65.0,106.54,4,2017,AM4,Desktop,AM4,0
Intel Core i7-6820EQ @ 2.80GHz,450.48900000000003,6924,15.369964638426243,1969,4.3708059464271045,45.0,153.87,4,2016,FCBGA1440,Laptop,FCBGA1440,1
AMD Ryzen 5 PRO 2500U,376.79229999999995,6921,18.368209753755586,1829,4.854133165672441,15.0,461.43,4,2018,FP5,Laptop,Other,1
Intel Xeon W3680 @ 3.33GHz,47.85,6917,144.55590386624868,1547,32.330198537095086,130.0,53.21,6,2010,LGA1366,Server,LGA1366,0
Intel Core i7-6820HK @ 2.70GHz,378.0,6906,18.26984126984127,1941,5.134920634920635,45.0,153.46,4,2015,FCBGA1440,Laptop,FCBGA1440,0
Intel Xeon E5-2637 v4 @ 3.50GHz,143.0,6897,48.23076923076923,2073,14.496503496503497,135.0,51.09,4,2016,FCLGA2011-3,Server,FCLGA2011-3,0
Intel Pentium Gold G7400,66.99,6896,102.94073742349605,3084,46.036721898790866,46.0,149.92,2,2022,"LGA1700,BGA1700",Desktop,Other,0
AMD Ryzen 7 2700U,368.6734,6895,18.702190068499654,1806,4.898644708297371,15.0,459.65,4,2017,FP5,Laptop,Other,1
Intel Core i5-7600K @ 3.80GHz,165.99,6869,41.382010964515935,2566,15.458762576058797,91.0,75.49,4,2017,FCLGA1151,Desktop,FCLGA1151,0
Intel Xeon E5-2623 v3 @ 3.00GHz,249.95,6869,27.481496299259852,1861,7.445489097819564,105.0,65.42,4,2015,LGA2011-v3,Server,LGA2011-v3,0
Intel Xeon X5690 @ 3.47GHz,189.06,6867,36.32180260234846,1608,8.505236432878451,130.0,52.82,6,2011,LGA1366,Server,LGA1366,0
Intel Core i7-5850HQ @ 2.70GHz,434.0,6866,15.820276497695852,2219,5.112903225806452,47.0,146.08,4,2015,FCBGA1364,Laptop,Other,0
Intel Xeon E5-2430 v2 @ 2.50GHz,201.5,6864,34.064516129032256,1413,7.012406947890819,80.0,85.8,6,2014,LGA 1356,Server,Other,0
Intel Core i3-8350K @ 4.00GHz,206.16,6862,33.2848273185875,2489,12.07314707023671,91.0,75.41,4,2017,FCLGA1151-2,Desktop,FCLGA1151-2,0
Intel Xeon E3-1285L v3 @ 3.10GHz,899.99,6848,7.608973433038145,2132,2.3689152101690016,65.0,105.35,4,2014,LGA1150,Server,LGA1150,0
Intel Core i7-10510U @ 1.80GHz,409.0,6837,16.716381418092908,2363,5.777506112469438,15.0,455.82,4,2019,FCBGA1528,Laptop,Other,0
Intel Xeon E5-4620 @ 2.20GHz,71.96,6830,94.91384102279045,1239,17.217898832684828,95.0,71.89,8,2015,LGA 2011,Server,Other,0
AMD Ryzen 5 3450U,387.98400000000004,6824,17.588354158934386,1936,4.989896490576931,15.0,454.9,4,2020,FP5,Laptop,Other,1
AMD Ryzen Embedded V1605B,426.4578000000001,6822,15.996893479261017,1961,4.598344783469782,15.0,454.81,4,2018,FP5,"Laptop, Mobile/Embedded",Other,1
Intel Core i7-4770S @ 3.10GHz,1270.0,6819,5.369291338582677,2148,1.6913385826771654,65.0,104.91,4,2013,LGA1150,Desktop,LGA1150,0
Intel Core i7-980X @ 3.33GHz,144.62,6813,47.109666712764486,1532,10.593278937906236,130.0,52.41,6,2010,LGA1366,Desktop,LGA1366,0
Intel Xeon X5680 @ 3.33GHz,145.0,6811,46.97241379310345,1510,10.413793103448276,130.0,52.39,6,2010,LGA1366,Server,LGA1366,0
AMD Ryzen 3 2200G,124.0,6781,54.685483870967744,2060,16.612903225806452,65.0,104.33,4,2018,AM4,Desktop,AM4,0
Intel Core i7-4960HQ @ 2.60GHz,623.0,6779,10.881219903691814,2188,3.5120385232744784,47.0,144.23,4,2013,FCBGA1364,Laptop,Other,0
Intel Xeon E5-2448L v2 @ 1.80GHz,1424.0,6774,4.757022471910112,1235,0.8672752808988764,70.0,96.77,10,2018,LGA 1356,Server,Other,0
Intel Pentium Gold 8505,362.54960000000005,6771,18.676065288721873,3112,8.583653105671608,15.0,451.41,1,2022,BGA1700,"Laptop, Mobile/Embedded",Other,1
AMD FX-9590 Eight-Core,344.04,6768,19.672131147540984,1829,5.316242297407278,220.0,30.76,4,2013,AM3+,Desktop,Other,0
Intel Core i3-9100F @ 3.60GHz,124.0,6768,54.58064516129032,2519,20.31451612903226,65.0,104.12,4,2019,FCLGA1151-2,Desktop,FCLGA1151-2,0
Intel Core i7-4980HQ @ 2.80GHz,518.2573999999997,6767,13.057218285739873,2250,4.3414720175727375,47.0,143.99,4,2014,FCBGA1364,Laptop,Other,1
Intel Xeon E3-1230 v3 @ 3.30GHz,299.99,6760,22.534084469482316,2081,6.936897896596553,80.0,84.5,4,2013,LGA1150,Server,LGA1150,0
Intel Core i7-4930MX @ 3.00GHz,1096.0,6753,6.161496350364963,2180,1.989051094890511,57.0,118.48,4,2013,FCPGA946,Laptop,Other,0
Intel Core i7-6700TE @ 2.40GHz,199.6735,6734,33.72505615417169,2012,10.076449804305529,35.0,192.4,4,2016,LGA 1151,Desktop,Other,1
AMD Ryzen 3 PRO 2200G,128.4687,6703,52.176133174851145,2058,16.019466220176586,65.0,103.13,4,2018,AM4,Desktop,AM4,1
Intel Core i5-7640X @ 4.00GHz,65.0,6675,102.6923076923077,2511,38.63076923076923,112.0,59.6,4,2017,FCLGA2066,Desktop,Other,0
Intel Core i5-10310U @ 1.70GHz,297.0,6658,22.41750841750842,2281,7.68013468013468,15.0,443.89,4,2020,FCBGA1528,Laptop,Other,0
AMD Opteron 6380,855.79,6645,7.7647553722291685,1096,1.2806880192570609,115.0,57.78,8,2015,G34,Server,Other,0
Intel Core i3-9100 @ 3.60GHz,169.96,6625,38.97975994351612,2519,14.821134384561072,65.0,101.93,4,2019,FCLGA1151-2,Desktop,FCLGA1151-2,0
Intel Xeon E3-1275 V2 @ 3.50GHz,384.24,6613,17.210597543202166,2151,5.598063710181137,77.0,85.89,4,2012,LGA1155,Server,LGA1155,0
Intel Xeon E5-2630L v2 @ 2.40GHz,88.65,6610,74.5628877608573,1388,15.657078398195148,60.0,110.17,6,2014,LGA 2011,Server,Other,0
Intel Core i7-1180G7 @ 1.30GHz,426.0,6607,15.509389671361502,2323,5.453051643192488,15.0,440.45,4,2021,FCBGA1598,Laptop,Other,0
Intel Core i5-7600 @ 3.50GHz,169.99,6598,38.814047885169714,2476,14.565562680157656,65.0,101.5,4,2017,FCLGA1151,Desktop,FCLGA1151,0
Intel Xeon E5-1428L v2 @ 2.20GHz,20.37,6566,322.33676975945014,1321,64.85027000490918,60.0,109.43,6,2019,FCLGA1356,Server,Other,0
AMD Ryzen 5 2500U,364.7138999999999,6555,17.972991980837588,1834,5.028599129344948,15.0,436.97,4,2017,FP5,Laptop,Other,1
Intel Core i7-6700HQ @ 2.60GHz,378.0,6544,17.312169312169313,1919,5.076719576719577,45.0,145.41,4,2015,FCBGA1440,Laptop,FCBGA1440,0
AMD Ryzen 3 2200GE,182.56220000000005,6537,35.80697428054657,2049,11.223572020933137,35.0,186.76,4,2018,AM4,Desktop,AM4,1
Intel Xeon E5-1620 v2 @ 3.70GHz,309.19,6535,21.135871147191047,2015,6.517028364436107,130.0,50.27,4,2013,FCLGA2011,Server,Other,0
Intel Xeon W3670 @ 3.20GHz,295.19,6534,22.134896168569398,1501,5.084860598258748,130.0,50.26,6,2011,LGA1366,Server,LGA1366,0
Intel Xeon E3-1280 V2 @ 3.60GHz,388.19,6511,16.772714392436693,2174,5.6003503439037585,69.0,94.36,4,2012,LGA1155,Server,LGA1155,0
Intel Core i7-4820K @ 3.70GHz,149.73,6501,43.41815267481467,1945,12.990048754424631,130.0,50.01,4,2013,FCLGA2011,Desktop,Other,0
Intel Core i7-970 @ 3.20GHz,520.0,6499,12.498076923076923,1455,2.798076923076923,130.0,49.99,6,2010,LGA1366,Desktop,LGA1366,0
Intel Core i7-3770K @ 3.50GHz,136.48,6462,47.347596717467766,2082,15.254982415005863,77.0,83.93,4,2012,LGA1155,Desktop,LGA1155,0
Intel Xeon E3-1290 V2 @ 3.70GHz,885.0,6461,7.300564971751412,2112,2.386440677966102,87.0,74.27,4,2012,LGA1155,Server,LGA1155,0
Intel Xeon E5-4610 @ 2.40GHz,215.19,6460,30.019982341186857,1401,6.510525582043775,95.0,68.0,6,2018,FCLGA2011,Server,Other,0
Intel Xeon E3-1286L v3 @ 3.20GHz,774.0,6450,8.333333333333334,2207,2.851421188630491,65.0,99.23,4,2018,LGA1150,Server,LGA1150,0
Intel Xeon E3-1270 V2 @ 3.50GHz,84.99,6431,75.66772561477822,2064,24.28521002470879,69.0,93.2,4,2012,LGA1155,Server,LGA1155,0
Intel Core i7-4770R @ 3.20GHz,168.6044999999999,6429,38.13065487575957,2161,12.816977008324223,65.0,98.91,4,2014,FCBGA1364,Desktop,Other,1
Intel Xeon Silver 4112 @ 2.60GHz,550.0,6420,11.672727272727272,1690,3.0727272727272728,85.0,75.53,4,2018,FCLGA3647,Server,FCLGA3647,0
Intel Xeon E5-2608L v3 @ 2.00GHz,441.0,6415,14.546485260770975,1210,2.743764172335601,52.0,123.37,6,2018,LGA2011-v3,Server,LGA2011-v3,0
Intel Core i5-10210U @ 1.60GHz,702.62,6401,9.11018758361561,2233,3.1781048077196776,15.0,426.76,4,2019,FCBGA1528,Laptop,Other,0
Intel Core i7-3770 @ 3.40GHz,139.98,6397,45.69938562651808,2076,14.830690098585514,77.0,83.08,4,2012,LGA1155,Desktop,LGA1155,0
Intel Core i7-4870HQ @ 2.50GHz,486.5363999999998,6387,13.127486453223238,2089,4.293615030653412,47.0,135.89,4,2014,FCBGA1364,Laptop,Other,1
AMD Opteron 6282 SE,223.39,6385,28.582300013429432,953,4.266081740453915,140.0,45.61,16,2013,unknown,Server,unknown,0
Intel Core i7-8665U @ 1.90GHz,704.49,6383,9.060455080980567,2236,3.1739272381439054,15.0,425.51,4,2019,FCBGA1528,Laptop,Other,0
Intel Xeon X5675 @ 3.07GHz,30.98,6378,205.87475790832795,1473,47.54680438992899,95.0,67.14,6,2011,LGA1366,Server,LGA1366,0
Intel Xeon E5-2420 v2 @ 2.20GHz,85.19,6362,74.68012677544313,1382,16.222561333489846,80.0,79.52,6,2014,FCLGA1356,Server,Other,0
Intel Core i7-8565U @ 1.80GHz,615.0,6358,10.33821138211382,2246,3.652032520325203,15.0,423.86,4,2018,FCBGA1356,Laptop,Other,0
Intel Core i7-8650U @ 1.90GHz,1049.0,6358,6.061010486177311,2154,2.0533841754051476,15.0,423.89,4,2017,FC-BGA1356,Laptop,Other,0
AMD Ryzen 3 PRO 1200,151.03919999999982,6347,42.02220350743388,1936,12.817864501400976,65.0,97.65,4,2017,AM4,Desktop,AM4,1
Intel Xeon E-2254ML @ 1.70GHz,379.8782,6333,16.671133010528113,2029,5.34118567477681,25.0,253.31,4,2019,FCBGA1440,Server,FCBGA1440,1
Intel Xeon E5-2640 @ 2.50GHz,75.0,6321,84.28,1348,17.973333333333333,95.0,66.54,6,2012,LGA2011,Server,Other,0
Intel Xeon E3-1245 V2 @ 3.40GHz,367.5,6316,17.186394557823128,2042,5.556462585034014,77.0,82.02,4,2012,LGA1155,Server,LGA1155,0
Intel Xeon E3-1225 v6 @ 3.30GHz,208.13,6312,30.327199346562246,2303,11.065199634843607,73.0,86.47,4,2017,FCLGA1151,Server,FCLGA1151,0
Intel Core i5-6600K @ 3.50GHz,135.0,6307,46.71851851851852,2332,17.274074074074075,91.0,69.31,4,2015,FCLGA1151,Desktop,FCLGA1151,0
AMD Ryzen 3 1200,103.55,6304,60.87880251086432,1927,18.609367455335587,65.0,96.98,4,2017,AM4,Desktop,AM4,0
Intel Xeon E3-1240 V2 @ 3.40GHz,99.99,6301,63.01630163016302,2044,20.442044204420444,69.0,91.32,4,2012,LGA1155,Server,LGA1155,0
Intel Core i7-4760HQ @ 2.10GHz,390.4777,6300,16.134083969455872,1944,4.978517339146384,47.0,134.05,4,2014,FCBGA1364,Laptop,Other,1
Intel Core i7-4850HQ @ 2.30GHz,434.0,6299,14.513824884792626,1972,4.543778801843318,47.0,134.03,4,2013,FCBGA1364,Laptop,Other,0
Intel Xeon E5-4617 @ 2.90GHz,35.88,6298,175.52954292084726,1552,43.255295429208466,130.0,48.44,6,2014,LGA 2011,Server,Other,0
Intel Core i7-4790T @ 2.70GHz,893.0,6291,7.044792833146697,2100,2.3516237402015676,45.0,139.81,4,2014,LGA1150,Desktop,LGA1150,0
Intel Core i5-8350U @ 1.70GHz,297.0,6284,21.15824915824916,2031,6.838383838383838,15.0,418.94,4,2017,FC-BGA1356,Laptop,Other,0
Intel Core i7-4910MQ @ 2.90GHz,459.95,6265,13.621045765844114,2019,4.389607566039787,47.0,133.3,4,2014,FCPGA946,Laptop,Other,0
Intel Xeon E5-2620 v2 @ 2.10GHz,49.0,6246,127.46938775510205,1303,26.591836734693878,80.0,78.08,6,2013,FCLGA2011,Server,Other,0
AMD Opteron 6276,968.46,6245,6.448381967246969,1005,1.037730004336782,115.0,54.3,8,2013,Socket G34,Server,Other,0
Intel Xeon E5-2637 v2 @ 3.50GHz,127.52,6244,48.96486825595985,1849,14.499686323713927,130.0,48.03,4,2014,LGA 2011,Server,Other,0
Intel Core i5-8365U @ 1.60GHz,539.07,6239,11.573636076947334,2166,4.018031053480994,15.0,415.95,4,2019,FCBGA1528,Laptop,Other,0
Intel Xeon D-1622 @ 2.60GHz,170.0,6205,36.5,1875,11.029411764705882,40.0,155.12,4,2021,FCBGA1667,Server,Other,0
Intel Xeon W-2104 @ 3.20GHz,255.0,6202,24.32156862745098,1836,7.2,120.0,51.69,4,2018,FCLGA2066,Server,Other,0
Intel Xeon E3-1230 V2 @ 3.30GHz,61.97,6192,99.91931579796676,1994,32.176859770856865,69.0,89.75,4,2012,LGA1155,Server,LGA1155,0
Intel Core i7-8565UC @ 1.80GHz,388.97490000000005,6187,15.905910638449933,2527,6.496563145848228,15.0,412.45,4,2020,FCBGA1528,Laptop,Other,1
Intel Core i5-1030NG7 @ 1.10GHz,339.1103,6180,18.224158924102277,1832,5.402372030575303,10.0,617.95,4,2020,BGA1526,Laptop,Other,1
Intel Core i7-3770S @ 3.10GHz,114.0,6178,54.19298245614035,2034,17.842105263157894,65.0,95.05,4,2012,LGA1155,Desktop,LGA1155,0
Intel Xeon E3-1240L v5 @ 2.10GHz,278.0,6173,22.205035971223023,1906,6.856115107913669,25.0,246.93,4,2017,FCLGA1151,Server,FCLGA1151,0
Intel Core i3-8100 @ 3.60GHz,169.99,6163,36.25507382787222,2240,13.17724572033649,65.0,94.82,4,2017,FCLGA1151-2,Desktop,FCLGA1151-2,0
Intel Core i3-9300T @ 3.20GHz,143.0,6162,43.09090909090909,2318,16.20979020979021,35.0,176.07,4,2019,FCLGA1151-2,Desktop,FCLGA1151-2,0
AMD Ryzen 3 PRO 3300U,426.0431999999999,6144,14.421072792618217,2060,4.835190422004155,15.0,409.61,4,2019,FP5,Laptop,Other,1
Intel Core i7-4860HQ @ 2.40GHz,358.79699999999997,6138,17.10716644788,1901,5.298260576314741,47.0,130.6,4,2014,FCBGA1364,Laptop,Other,1
Intel Core i3-8300 @ 3.70GHz,265.7,6136,23.09371471584494,2262,8.513360933383515,62.0,98.97,4,2018,FCLGA1151-2,Desktop,FCLGA1151-2,0
Intel Xeon E5-2630 @ 2.30GHz,49.0,6131,125.12244897959184,1270,25.918367346938776,95.0,64.54,6,2012,LGA2011,Server,Other,0
AMD FX-8370 Eight-Core,218.99,6128,27.98301292296452,1626,7.424996575186081,125.0,49.02,4,2014,AM3+,Desktop,Other,0
Intel Core i7-4770HQ @ 2.20GHz,374.91710000000006,6125,16.336944887283078,1934,5.158473699919261,47.0,130.31,4,2014,FCBGA1364,Laptop,Other,1
Intel Core i5-6600 @ 3.30GHz,119.0,6107,51.319327731092436,2284,19.19327731092437,65.0,93.96,4,2015,LGA 1151,Desktop,Other,0
Intel Xeon X5660 @ 2.80GHz,72.33,6107,84.43246232545279,1387,19.175998893958248,95.0,64.28,6,2010,LGA1366,Server,LGA1366,0
Intel Core i5-8265U @ 1.60GHz,499.88,6103,12.208930143234376,2122,4.245018804513083,15.0,406.87,4,2018,FCBGA1528,Laptop,Other,0
Intel Xeon X5670 @ 2.93GHz,63.94,6090,95.24554269627777,1392,21.770409759149203,95.0,64.11,6,2010,LGA1366,Server,LGA1366,0
Intel Core i7-5675C @ 3.10GHz,164.47469999999993,6089,37.020891358974986,2249,13.673835550391647,65.0,93.67,4,2015,LGA1150,Desktop,LGA1150,1
Intel Xeon E3-1505L v6 @ 2.20GHz,371.7706000000001,6088,16.3756897398557,1848,4.970807266631626,25.0,243.52,4,2017,FCBGA1440,"Laptop, Server",FCBGA1440,1
Intel Core i3-8100B @ 3.60GHz,133.0,6081,45.721804511278194,2363,17.76691729323308,65.0,93.55,4,2019,FCBGA1440,Laptop,FCBGA1440,0
Intel Xeon E3-1268L v5 @ 2.40GHz,456.54,6079,13.31537214701888,1654,3.622902702939501,35.0,173.69,4,2018,FCLGA1151,"Laptop, Server",FCLGA1151,0
Intel Core i5-7600T @ 2.80GHz,298.0,6073,20.379194630872483,2231,7.4865771812080535,35.0,173.5,4,2017,FCLGA1151,Desktop,FCLGA1151,0
Intel Xeon E5-2658 @ 2.10GHz,1350.7,6073,4.496187162212186,1156,0.855852520915081,95.0,63.92,8,2012,LGA2011,Server,Other,0
AMD Opteron 6344,379.0,6069,16.013192612137203,1231,3.2480211081794197,115.0,52.77,6,2013,unknown,Server,unknown,0
Intel Core i5-7500 @ 3.40GHz,165.99,6064,36.532321224170126,2284,13.759865052111572,65.0,93.3,4,2016,LGA1151,Desktop,Other,0
Intel Xeon E-2104G @ 3.20GHz,510.0,6057,11.876470588235295,1963,3.8490196078431373,65.0,93.19,4,2018,FCLGA1151-2,Server,FCLGA1151-2,0
Intel Core i7-4900MQ @ 2.80GHz,556.0,6051,10.883093525179856,1951,3.508992805755396,47.0,128.75,4,2013,FCPGA946,Laptop,Other,0
Intel Xeon E3-1275L v3 @ 2.70GHz,451.85969999999975,6035,13.355915564056726,2106,4.660738720447965,45.0,134.1,4,2015,LGA1150,Server,LGA1150,1
Intel Core i7-4810MQ @ 2.80GHz,179.95,6034,33.5315365379272,2004,11.136426785218116,47.0,128.37,4,2014,FCPGA946,Laptop,Other,0
Intel Core i7-5700HQ @ 2.70GHz,308.1388000000004,6023,19.546386238928665,2025,6.5717137861249455,47.0,128.15,4,2015,FCBGA1364,Laptop,Other,1
Intel Xeon E3-1265L v3 @ 2.50GHz,699.95,5987,8.553468104864633,2104,3.005928994928209,45.0,133.05,4,2012,FCLGA1150,Server,Other,0
AMD FX-9370 Eight-Core,253.0,5985,23.656126482213438,1671,6.604743083003952,220.0,27.21,4,2013,AM3+,Desktop,Other,0
AMD Ryzen 3 PRO 2300U,336.08950000000004,5982,17.79883037107675,1853,5.513412349984155,15.0,398.8,4,2018,FP5,Laptop,Other,1
AMD FX-8350 Eight-Core,122.99,5969,48.532401008212055,1576,12.814049922757949,125.0,47.75,4,2012,AM3+,Desktop,Other,0
Intel Core i7-3840QM @ 2.80GHz,548.87,5966,10.869604824457522,1954,3.5600415398910488,45.0,132.57,4,2012,rPGA988B,Laptop,Other,0
Intel Core i7-8550U @ 1.80GHz,376.6656,5964,15.833673157304517,2076,5.5115200326231015,15.0,397.63,4,2017,FC-BGA1356,Laptop,Other,1
Intel Xeon E3-1225 v5 @ 3.30GHz,399.0,5961,14.93984962406015,2064,5.172932330827067,80.0,74.51,4,2016,FCLGA1151,Server,FCLGA1151,0
Intel Core i5-8250U @ 1.60GHz,410.7544,5941,14.463630821727048,1932,4.70354060723391,15.0,396.03,4,2017,FC-BGA1356,Laptop,Other,1
Intel Xeon E5-2650L @ 1.80GHz,49.0,5929,121.0,1091,22.26530612244898,70.0,84.69,8,2012,LGA 2011,Server,Other,0
AMD Ryzen Embedded V1404I,311.69280000000003,5917,18.983434971869737,1938,6.217660465689294,15.0,394.44,4,2020,unknown,"Desktop, Mobile/Embedded",unknown,1
Intel Xeon D-1528 @ 1.90GHz,320.6924000000001,5910,18.428874522751393,1281,3.994481939702967,35.0,168.85,6,2016,FCBGA1667,"Laptop, Server",Other,1
Intel Core i7-5700EQ @ 2.60GHz,374.1209999999999,5905,15.783663574084324,2124,5.677307609035581,47.0,125.64,4,2015,FCBGA1364,Laptop,Other,1
AMD Ryzen 3 3350U,302.47520000000003,5904,19.518955603632957,1976,6.532766983871735,15.0,393.57,4,2021,unknown,Laptop,unknown,1
Intel Xeon E5-2430L v2 @ 2.40GHz,115.0075,5903,51.32708736386758,1211,10.529748059909137,60.0,98.39,6,2015,LGA 1356,Server,Other,1
Intel Xeon E5-2440 @ 2.40GHz,170.0,5900,34.705882352941174,1282,7.541176470588235,95.0,62.11,6,2014,LGA 1356,Server,Other,0
AMD Ryzen 3 PRO 2200GE,199.45180000000008,5897,29.566040517057242,2000,10.027485337309562,35.0,168.47,4,2018,AM4,Desktop,AM4,1
AMD Opteron 6378,1709.92,5889,3.444020772901656,1127,0.6590951623467765,115.0,51.21,8,2015,G34,Server,Other,0
Intel Xeon D-1521 @ 2.40GHz,339.7409,5876,17.29553315482475,1724,5.074455268706241,45.0,130.58,4,2016,FCBGA1667,Server,Other,1
Intel Xeon E5-1620 @ 3.60GHz,179.91,5871,32.63298315824579,1774,9.860485798454784,130.0,45.16,4,2012,LGA2011,Server,Other,0
Intel Xeon E5-2430 @ 2.20GHz,69.0,5863,84.97101449275362,1190,17.246376811594203,95.0,61.72,6,2012,LGA 1356,Server,Other,0
Intel Xeon E5-1410 v2 @ 2.80GHz,19.2,5842,304.27083333333337,1689,87.96875,80.0,73.02,4,2015,LGA 1356,Server,Other,0
Intel Core i7-4800MQ @ 2.70GHz,239.99,5829,24.28851202133422,1944,8.100337514063085,47.0,124.02,4,2013,rPGA946B,Laptop,Other,0
Intel Core i3-8300T @ 3.20GHz,158.95,5827,36.659326832337214,2005,12.61402956904687,25.0,233.07,4,2018,FCLGA1151-2,Desktop,FCLGA1151-2,0
AMD Ryzen 3 3300U,331.7244,5803,17.49343732327197,1899,5.724631652058155,15.0,386.88,4,2019,FP5,Laptop,Other,1
Intel Core i7-4710MQ @ 2.50GHz,271.57,5800,21.357292779025666,1895,6.977943071767869,47.0,123.4,4,2014,FCPGA946,Laptop,Other,0
Intel Core i3-1115G4E @ 3.00GHz,285.0,5776,20.266666666666666,2552,8.95438596491228,15.0,385.06,2,2022,BGA 1449,Mobile/Embedded,Other,0
AMD Opteron 4274 HE,76.99,5776,75.02273022470452,1060,13.768021821015717,65.0,88.86,4,2012,C32,Server,Other,0
Intel Xeon E5-2450L @ 1.80GHz,65.0,5769,88.75384615384615,1013,15.584615384615384,70.0,82.42,8,2015,LGA 1356,Server,Other,0
Intel Core i7-4720HQ @ 2.60GHz,310.3546,5762,18.565859826147253,1870,6.025365823480625,47.0,122.59,4,2014,BGA1364,Laptop,Other,1
Intel Xeon X5650 @ 2.67GHz,58.0,5761,99.32758620689656,1302,22.448275862068964,95.0,60.64,6,2010,LGA1366,Server,LGA1366,0
Intel Core i7-3820QM @ 2.70GHz,549.0,5755,10.482695810564662,1915,3.4881602914389798,45.0,127.89,4,2012,BGA1224,Laptop,Other,0
Intel Xeon Bronze 3106 @ 1.70GHz,334.31,5754,17.21157009960815,1013,3.030121743292154,85.0,67.7,8,2018,FCLGA3647,Server,FCLGA3647,0
Intel Core i7-3820 @ 3.60GHz,117.97,5754,48.77511231669069,1736,14.715605662456557,130.0,44.26,4,2012,LGA2011,Desktop,Other,0
Intel Core i7-4770T @ 2.50GHz,770.0,5748,7.464935064935065,1930,2.5064935064935066,45.0,127.73,4,2013,LGA1150,Desktop,LGA1150,0
Snapdragon 8cx Gen 2 @ 3.1,317.6086,5734,18.053667312534987,1965,6.186860179478767,7.0,819.21,8,2021,unknown,Unknown,unknown,1
Intel Xeon E3-1220 v6 @ 3.00GHz,416.68,5729,13.74916002687914,1938,4.651051166362676,72.0,79.57,4,2017,FCLGA1151,Server,FCLGA1151,0
Intel Core i5-7440EQ @ 2.90GHz,250.0,5711,22.844,2131,8.524,45.0,126.91,4,2021,FCBGA1440,Laptop,FCBGA1440,0
Intel Core i7-3740QM @ 2.70GHz,218.02,5708,26.181084304192275,1885,8.64599578020365,45.0,126.85,4,2012,rPGA988B,Laptop,Other,0
Intel Xeon E3-1220 v5 @ 3.00GHz,194.82,5707,29.293707011600453,2019,10.36341238065907,80.0,71.34,4,2016,FCLGA1151,Server,FCLGA1151,0
Intel Core i7-3920XM @ 2.90GHz,1096.0,5700,5.200729927007299,1910,1.7427007299270072,55.0,103.63,4,2012,FCPGA988,Laptop,Other,0
Intel Xeon E3-1205 v6 @ 3.00GHz,193.0,5682,29.440414507772022,1875,9.715025906735752,65.0,87.41,4,2020,FCLGA1151,Server,FCLGA1151,0
Intel Core i7-3940XM @ 3.00GHz,164.99,5671,34.37178010788532,1930,11.697678647190738,55.0,103.1,4,2012,rPGA988B,Laptop,Other,0
Intel Core i5-6600T @ 2.70GHz,121.98,5655,46.36005902606985,2096,17.18314477783243,35.0,161.56,4,2015,LGA 1151,Desktop,Other,0
Intel Core i5-6500 @ 3.20GHz,129.0,5655,43.83720930232558,2123,16.45736434108527,65.0,87.0,4,2015,LGA 1151,Desktop,Other,0
Intel Core i7-3720QM @ 2.60GHz,195.97,5651,28.836046333622495,1859,9.486145838648772,45.0,125.57,4,2012,BGA1224,Laptop,Other,0
AMD Opteron 6238,103.71,5625,54.237778420595895,1157,11.156108379134125,115.0,48.91,6,2014,Socket G34,Server,Other,0
Intel Core i5-4690K @ 3.50GHz,69.99,5623,80.34004857836834,2197,31.390198599799973,88.0,63.9,4,2014,LGA1150,Desktop,LGA1150,0
Intel Core i7-4722HQ @ 2.40GHz,274.67860000000013,5620,20.460276119071516,1844,6.713300562912433,37.0,151.88,4,2015,FCBGA1364,Laptop,Other,1
Intel Core i7-2700K @ 3.50GHz,180.0,5604,31.133333333333333,1786,9.922222222222222,95.0,58.99,4,2011,LGA1155,Desktop,LGA1155,0
Intel Core i7-4750HQ @ 2.00GHz,335.94470000000007,5599,16.66643349336959,1733,5.158587112700393,47.0,119.12,4,2013,FCBGA1364,Laptop,Other,1
Intel Core i5-5675R @ 3.10GHz,199.00020000000004,5589,28.08539890914682,2285,11.48240052020048,65.0,85.99,4,2016,FCBGA1364,Desktop,Other,1
Intel Core i7-3770T @ 2.50GHz,156.59,5573,35.58975668944377,1933,12.34433871894757,45.0,123.84,4,2012,LGA1155,Desktop,LGA1155,0
Intel Core i5-4690 @ 3.50GHz,118.88,5572,46.87079407806191,2205,18.548115746971735,84.0,66.33,4,2014,LGA1150,Desktop,LGA1150,0
AMD Opteron 6376,2055.0,5572,2.711435523114355,1165,0.5669099756690997,115.0,48.45,8,2013,Socket G34,Server,Other,0
Intel Core i7-4700HQ @ 2.40GHz,383.0,5560,14.516971279373369,1784,4.657963446475196,47.0,118.3,4,2013,FCBGA1364,Laptop,Other,0
Intel Core i5-8365UE @ 1.60GHz,297.0,5555,18.703703703703702,2248,7.569023569023569,15.0,370.36,4,2019,FCBGA1528,Laptop,Other,0
Intel Core i5-5675C @ 3.10GHz,258.34,5548,21.475574823875515,2251,8.713323527134785,65.0,85.36,4,2015,FCLGA1150,Desktop,Other,0
Intel Core i5-4670K @ 3.40GHz,154.88,5547,35.81482438016529,2154,13.90754132231405,84.0,66.04,4,2013,LGA1150,Desktop,LGA1150,0
Intel Core i5-7440HQ @ 2.80GHz,289.68380000000025,5526,19.075971800977463,2029,7.004188705063929,45.0,122.8,4,2017,BGA1440,Laptop,Other,1
Intel Xeon E5-2643 @ 3.30GHz,162.5,5523,33.987692307692306,1646,10.12923076923077,130.0,42.48,4,2012,LGA2011,Server,Other,0
Intel Xeon E3-1226 v3 @ 3.30GHz,279.7,5520,19.735430818734358,2115,7.561673221308546,84.0,65.71,4,2014,FCLGA1150,Server,Other,0
Intel Core i7-4710HQ @ 2.50GHz,378.0,5518,14.597883597883598,1784,4.71957671957672,47.0,117.4,4,2014,FCBGA1364,Laptop,Other,0
Intel Xeon E3-1280 @ 3.50GHz,358.0,5510,15.391061452513966,1780,4.972067039106145,95.0,58.0,4,2011,LGA1155,Server,LGA1155,0
AMD Ryzen 3 2300U,341.05980000000005,5507,16.146728520922135,1745,5.1164048064298395,15.0,367.11,4,2018,FP5,Laptop,Other,1
Intel Core i7-4860EQ @ 1.80GHz,315.62820000000016,5500,17.425565903173407,1754,5.557171380757484,47.0,117.02,4,2015,FCBGA1364,Laptop,Other,1
Intel Core i7-2600K @ 3.40GHz,79.99,5500,68.75859482435305,1745,21.815226903362923,95.0,57.89,4,2010,LGA1155,Desktop,LGA1155,0
Intel Core i5-7400 @ 3.00GHz,175.0,5499,31.422857142857143,2103,12.017142857142858,65.0,84.6,4,2017,FCLGA1151,Desktop,FCLGA1151,0
Intel Core i7-3615QE @ 2.30GHz,329.13900000000024,5459,16.585697835868725,1775,5.3928583364475156,45.0,121.32,4,2012,BGA1224,Laptop,Other,1
Intel Core i5-4670 @ 3.40GHz,100.0,5440,54.4,2142,21.42,84.0,64.77,4,2013,LGA1150,Desktop,LGA1150,0
Intel Core i7-4785T @ 2.20GHz,252.54150000000004,5427,21.48953736316605,1744,6.905795681105877,35.0,155.06,4,2014,FCLGA1150,Desktop,Other,1
Intel Xeon E3-1268L v3 @ 2.30GHz,375.0022,5427,14.47191509809809,1734,4.62397287269248,45.0,120.59,4,2014,LGA1150,Server,LGA1150,1
Intel Core i3-9100T @ 3.10GHz,122.0,5419,44.41803278688525,2106,17.262295081967213,35.0,154.82,4,2019,FCLGA1151-2,Desktop,FCLGA1151-2,0
Intel Core i5-6402P @ 2.80GHz,139.88,5414,38.70460394623964,2027,14.49099227909637,65.0,83.29,4,2016,LGA 1151,Desktop,Other,0
AMD FX-8320 Eight-Core,82.38,5409,65.65914056809906,1472,17.868414663753338,125.0,43.27,4,2012,AM3+,Desktop,Other,0
Intel Xeon E3-1240 @ 3.30GHz,141.0,5398,38.283687943262414,1744,12.368794326241135,80.0,67.47,4,2011,LGA1155,Server,LGA1155,0
Intel Xeon E3-1270 @ 3.40GHz,79.97,5386,67.3502563461298,1761,22.020757784169064,80.0,67.32,4,2011,LGA1155,Server,LGA1155,0
Intel Core i5-4690S @ 3.20GHz,138.47,5380,38.85318119448256,2186,15.786813028092729,65.0,82.77,4,2014,LGA1150,Desktop,LGA1150,0
Intel Xeon E3-1275 @ 3.40GHz,749.0,5372,7.172229639519359,1730,2.3097463284379174,95.0,56.54,4,2011,LGA1155,Server,LGA1155,0
Intel Core i5-6440EQ @ 2.70GHz,285.3912000000002,5368,18.809269521975438,1943,6.80819871110251,45.0,119.28,4,2016,FCBGA1440,Laptop,FCBGA1440,1
Intel Xeon E3-1245 @ 3.30GHz,245.0,5366,21.90204081632653,1741,7.106122448979592,95.0,56.49,4,2011,LGA1155,Server,LGA1155,0
Intel Core i7-4702HQ @ 2.20GHz,344.5695000000003,5361,15.558544792850196,1662,4.823410081275327,37.0,144.89,4,2013,FCBGA1364,Laptop,Other,1
Intel Pentium Gold 7505 @ 2.00GHz,285.03340000000003,5360,18.804813751651558,2309,8.10080502846333,15.0,357.36,2,2021,FCBGA1449,Laptop,Other,1
Intel Xeon E5-2609 v4 @ 1.70GHz,314.95,5351,16.989998412446422,1043,3.3116367677409113,85.0,62.96,8,2016,FCLGA2011-3,Server,FCLGA2011-3,0
Intel Core i5-4590 @ 3.30GHz,58.0,5344,92.13793103448276,2093,36.08620689655172,84.0,63.62,4,2014,LGA1150,Desktop,LGA1150,0
Intel Core i7-2600 @ 3.40GHz,89.0,5344,60.04494382022472,1741,19.56179775280899,95.0,56.25,4,2010,LGA1155,Desktop,LGA1155,0
Intel Core i5-7500T @ 2.70GHz,188.98,5319,28.145835538152188,1964,10.392634141178961,35.0,151.97,4,2017,FCLGA1151,Desktop,FCLGA1151,0
Intel Core i7-4700MQ @ 2.40GHz,188.02,5319,28.289543665567493,1765,9.387299223486863,47.0,113.17,4,2013,rPGA946B,Laptop,Other,0
Intel Xeon E5-2630L @ 2.00GHz,110.6649999999999,5305,47.93746893778525,1119,10.111598066235945,60.0,88.42,6,2014,LGA 2011,Server,Other,1
Intel Xeon E3-1240L v3 @ 2.00GHz,895.5,5304,5.922948073701843,1769,1.9754327191513121,25.0,212.17,4,2015,FCLGA1150,Server,Other,0
Intel Xeon E3-1505L v5 @ 2.00GHz,365.9520000000001,5301,14.485506295907655,1590,4.344832109129065,25.0,212.04,4,2017,FCBGA1440,"Laptop, Server",FCBGA1440,1
Intel Core i3-8100T @ 3.10GHz,262.83,5291,20.13088308031808,1922,7.312711638701823,35.0,151.18,4,2018,FCLGA1151-2,Desktop,FCLGA1151-2,0
AMD Opteron 6274,885.95,5286,5.966476663468593,849,0.9582933574129465,115.0,45.97,8,2012,G34,Server,Other,0
Intel Xeon X5687 @ 3.60GHz,189.95,5282,27.80731771518821,1619,8.523295604106345,130.0,40.63,4,2011,LGA1366,Server,LGA1366,0
Intel Xeon E5-2620 @ 2.00GHz,75.65,5280,69.79510905485789,1112,14.69927296761401,95.0,55.58,6,2012,LGA2011,Server,Other,0
Intel Xeon E5-2430L @ 2.00GHz,32.28,5273,163.35192069392812,1005,31.133828996282528,60.0,87.89,6,2017,FCLGA1356,Server,Other,0
Intel Core i7-4712MQ @ 2.30GHz,319.18180000000007,5273,16.520365509562257,1793,5.617488215180187,37.0,142.5,4,2014,FCPGA946,Laptop,Other,1
Intel Xeon E3-1225 v3 @ 3.20GHz,89.95,5264,58.521400778210115,1992,22.145636464702612,84.0,62.67,4,2013,LGA1150,Server,LGA1150,0
AMD Opteron 6328,343.46,5246,15.273976591160544,1433,4.172247132126012,115.0,45.62,4,2013,G34,Server,Other,0
Intel Xeon E5-1607 v4 @ 3.10GHz,178.02,5245,29.462981687450846,1905,10.701044826423997,140.0,37.46,4,2016,FCLGA2011-3,Server,FCLGA2011-3,0
Intel Core i7-6822EQ @ 2.00GHz,393.2342000000002,5241,13.327935362692251,1572,3.9976177046655637,25.0,209.63,4,2016,LGA 1151,Laptop,Other,1
AMD Opteron 6272,583.7,5240,8.977214322425903,753,1.290046256638684,115.0,45.56,8,2011,G34,Server,Other,0
AMD FX-8370E Eight-Core,25.14,5235,208.23389021479713,1490,59.26809864757359,95.0,55.1,4,2014,AM3+,Desktop,Other,0
Intel Core i5-4670R @ 3.00GHz,276.0,5233,18.96014492753623,2164,7.840579710144928,65.0,80.5,4,2018,FCBGA1364,Desktop,Other,0
Intel Core i7-3615QM @ 2.30GHz,327.17500000000035,5228,15.979216015893618,1738,5.312141820126838,45.0,116.18,4,2012,BGA1224,Laptop,Other,1
AMD FX-8300 Eight-Core,68.69,5223,76.03726888921241,1484,21.604309215315183,95.0,54.97,4,2013,AM3+,Desktop,Other,0
AMD Ryzen 5 3500C,316.85970000000003,5214,16.4552323946529,2171,6.851612874720262,15.0,347.57,4,2021,FP5,Laptop,Other,1
Intel Core i5-4570 @ 3.20GHz,99.99,5199,51.995199519951996,2036,20.362036203620363,84.0,61.9,4,2013,LGA1150,Desktop,LGA1150,0
Intel Core i5-6400 @ 2.70GHz,129.99,5163,39.71843987999077,1964,15.108854527271328,65.0,79.43,4,2015,LGA 1151,Desktop,Other,0
Intel Core i7-4712HQ @ 2.30GHz,360.5496000000001,5161,14.314258010548336,1672,4.6373647342834365,37.0,139.48,4,2014,FCBGA1364,Laptop,Other,1
Intel Xeon E5649 @ 2.53GHz,72.65,5160,71.02546455609084,1211,16.668960770818995,80.0,64.5,6,2011,LGA1366,Server,LGA1366,0
AMD FX-8150 Eight-Core,62.73,5158,82.22541048939901,1424,22.700462298740636,125.0,41.26,4,2011,AM3+,Desktop,Other,0
Intel Xeon E3-1220 v3 @ 3.10GHz,325.0,5154,15.858461538461539,1984,6.104615384615385,80.0,64.42,4,2011,LGA1150,Server,LGA1150,0
Intel Xeon E5-2420 @ 1.90GHz,170.0,5149,30.288235294117648,1108,6.517647058823529,95.0,54.2,6,2012,LGA1356,Server,Other,0
AMD FX-8310 Eight-Core,831.15,5145,6.190218372134994,1413,1.7000541418516513,95.0,54.15,4,2014,AM3+,Desktop,Other,0
Intel Core i7-3630QM @ 2.40GHz,429.95,5131,11.933945807652053,1695,3.9423188742877078,45.0,114.03,4,2012,rPGA988B,Laptop,Other,0
Intel Core i3-1005G1 @ 1.20GHz,281.0,5128,18.249110320284696,2250,8.00711743772242,15.0,341.84,2,2019,FCBGA1526,Laptop,Other,0
Intel Core i5-6440HQ @ 2.60GHz,300.25210000000027,5128,17.07898129605087,2007,6.684382890244558,45.0,113.96,4,2016,LGA 1151,Laptop,Other,1
Intel Xeon X5672 @ 3.20GHz,44.99,5117,113.73638586352523,1570,34.89664369859969,95.0,53.86,4,2011,LGA1366,Server,LGA1366,0
Intel Xeon X5677 @ 3.47GHz,110.0,5112,46.472727272727276,1614,14.672727272727272,130.0,39.32,4,2010,LGA1366,Server,LGA1366,0
Intel Core i5-7300HQ @ 2.50GHz,344.56510000000014,5104,14.812875709118533,1967,5.708645478024325,45.0,113.42,4,2017,unknown,Laptop,unknown,1
Intel Core i7-3610QM @ 2.30GHz,399.99,5100,12.750318757968948,1665,4.162604065101627,45.0,113.32,4,2012,PGA988B,Laptop,Other,0
Intel Core i7-4702MQ @ 2.20GHz,352.05,5095,14.472376082942763,1682,4.777730436017611,37.0,137.71,4,2013,FCPGA946,Laptop,Other,0
Intel Core i5-4590S @ 3.00GHz,260.0,5095,19.596153846153847,2052,7.892307692307693,65.0,78.39,4,2014,LGA1150,Desktop,LGA1150,0
Intel Xeon W-2102 @ 2.90GHz,286.99,5077,17.690511864524897,1753,6.108226767483187,120.0,42.31,4,2018,FCLGA2066,Server,Other,0
Intel Core i5-5575R @ 2.80GHz,240.85530000000003,5070,21.049983122646665,2112,8.768750365883582,65.0,78.0,4,2015,LGA1150,Desktop,LGA1150,1
Intel Core i7-4765T @ 2.00GHz,498.95,5036,10.093195710993086,1619,3.2448141096302234,35.0,143.88,4,2013,FCLGA1150,Desktop,Other,0
Intel Core i5-4670K CPT @ 3.40GHz,206.99029999999996,5034,24.31998021163311,2042,9.86519658167557,84.0,59.93,4,2014,LGA1150,Desktop,LGA1150,1
Intel Core i7-8665UE @ 1.70GHz,409.0,5017,12.266503667481663,1538,3.76039119804401,15.0,334.48,4,2019,FCBGA1528,Laptop,Other,0
Intel Core i7-10510Y @ 1.20GHz,403.0,5016,12.446650124069478,1957,4.856079404466501,7.0,716.63,4,2020,UTFCBGA1377,Laptop,Other,0
Intel Xeon E3-1235L v5 @ 2.00GHz,309.04380000000015,5013,16.22100168325654,1761,5.698221417158342,25.0,200.53,4,2017,FCLGA1151,Server,FCLGA1151,1
Intel Xeon E3-1230 @ 3.20GHz,270.19,5006,18.527702727710132,1650,6.1068137236759314,80.0,62.58,4,2011,LGA1155,Server,LGA1155,0
Intel Xeon E3-1290 @ 3.60GHz,885.0,4988,5.636158192090395,1833,2.071186440677966,95.0,52.5,4,2011,LGA1155,Server,LGA1155,0
AMD FX-8320E Eight-Core,132.0,4972,37.666666666666664,1410,10.681818181818182,95.0,52.34,4,2014,AM3+,Desktop,Other,0
Intel Xeon E5645 @ 2.40GHz,52.0,4955,95.28846153846153,1147,22.057692307692307,80.0,61.94,6,2011,LGA1366,Server,LGA1366,0
Intel Xeon E5-1607 v3 @ 3.10GHz,192.61230000000006,4950,25.699293347309588,1814,9.417882450913048,140.0,35.36,4,2015,LGA2011-v3,Server,LGA2011-v3,1
Intel Core i7-4700EQ @ 2.40GHz,219.42600000000013,4941,22.517842005960993,1842,8.394629624565908,47.0,105.12,4,2013,FCBGA1364,Desktop,Other,1
Intel Core i5-3570K @ 3.40GHz,65.64,4936,75.19804996953077,2049,31.215722120658135,77.0,64.11,4,2012,LGA1155,Desktop,LGA1155,0
Intel Core i7-3612QE @ 2.10GHz,265.55460000000016,4929,18.56115465520084,1678,6.318851189171639,35.0,140.82,4,2012,BGA1224,Laptop,Other,1
Intel Core i5-4670S @ 3.10GHz,213.0,4919,23.093896713615024,2063,9.685446009389672,65.0,75.67,4,2013,FCLGA1150,Desktop,Other,0
Intel Core i5-4570S @ 2.90GHz,169.59,4914,28.975765080488237,1981,11.681113273188277,65.0,75.59,4,2013,LGA1150,Desktop,LGA1150,0
Intel Core i5-3570 @ 3.40GHz,166.0,4910,29.57831325301205,2049,12.343373493975903,77.0,63.77,4,2012,LGA1155,Desktop,LGA1155,0
AMD FX-8140 Eight-Core,148.86,4860,32.64812575574365,1273,8.551659277173181,95.0,51.15,4,2012,AM3+,Desktop,Other,0
AMD Opteron 6366 HE,343.99,4858,14.122503561150033,793,2.305299572661996,85.0,57.16,8,2014,unknown,Server,unknown,0
Intel Core i3-7320 @ 4.10GHz,177.19,4856,27.40560979739263,2499,14.103504712455557,51.0,95.21,2,2017,FCLGA1151,Desktop,FCLGA1151,0
Intel Core i5-6500T @ 2.50GHz,221.52,4845,21.871614301191766,1831,8.265619357168653,35.0,138.42,4,2015,LGA 1151,Desktop,Other,0
Intel Core i5-10210Y @ 1.00GHz,314.5947,4836,15.372159797987697,2032,6.459104365076716,7.0,690.81,4,2020,UTFCBGA1377,Laptop,Other,1
Intel Core i5-7442EQ @ 2.10GHz,250.0,4834,19.336,1819,7.276,25.0,193.35,4,2019,FCBGA1440,Laptop,FCBGA1440,0
Intel Core i5-4460 @ 3.20GHz,79.46,4834,60.835640573873654,1902,23.936571860055377,84.0,57.55,4,2014,LGA1150,Desktop,LGA1150,0
Intel Core i3-7350K @ 4.20GHz,250.8,4819,19.21451355661882,2493,9.940191387559809,60.0,80.32,2,2017,FCLGA1151,Desktop,FCLGA1151,0
Intel Xeon E5-1603 v4 @ 2.80GHz,205.64240000000015,4812,23.399843612017737,1754,8.529369429650687,140.0,34.37,4,2017,FCLGA2011-3,Server,FCLGA2011-3,1
Intel Xeon Bronze 3204 @ 1.90GHz,250.99,4796,19.108331009203553,1103,4.394597394318499,85.0,56.43,6,2020,FCLGA3647,Server,FCLGA3647,0
Intel Xeon D-1518 @ 2.20GHz,242.1674000000001,4784,19.754929854307385,1256,5.186494961749598,35.0,136.68,4,2016,FCBGA1667,Server,Other,1
Intel Core i5-3550 @ 3.30GHz,335.31,4783,14.264412036622826,1997,5.955682800990129,77.0,62.11,4,2012,LGA1155,Desktop,LGA1155,0
Intel Core i5-6500TE @ 2.30GHz,230.61,4776,20.710290100169114,1828,7.926802827284159,35.0,136.47,4,2015,LGA 1151,Desktop,Other,0
Intel Core i7-3610QE @ 2.30GHz,245.95830000000012,4767,19.38133415298446,1526,6.204303737666097,45.0,105.94,4,2012,rPGA988B,Laptop,Other,1
Intel Xeon E3-1225 V2 @ 3.20GHz,225.19,4766,21.16435010435632,1929,8.566099737999023,77.0,61.89,4,2012,LGA1155,Server,LGA1155,0
Intel Xeon E3-1230L v3 @ 1.80GHz,448.5,4764,10.622073578595318,1502,3.3489409141583053,25.0,190.58,4,2013,LGA1150,Server,LGA1150,0
AMD Opteron 6220,14.82,4753,320.7152496626181,1203,81.17408906882591,115.0,41.33,4,2013,Socket G34,Server,Other,0
Intel Pentium Silver N6005 @ 2.00GHz,174.30879999999996,4752,27.261962677730562,1762,10.108497103990162,10.0,475.21,4,2021,FCBGA1338,"Laptop, Mobile/Embedded",Other,1
Intel Pentium 6805 @ 1.10GHz,161.0,4745,29.472049689440993,1964,12.198757763975156,15.0,316.33,2,2021,FCBGA1526,Laptop,Other,0
Intel Core i5-4470S @ 3.00GHz,260.9025000000001,4742,18.175372025948384,1756,6.730483609777597,65.0,72.95,4,2020,LGA1150,Desktop,LGA1150,1
Intel Xeon E3-1235 @ 3.20GHz,234.0,4725,20.192307692307693,1562,6.6752136752136755,95.0,49.73,4,2011,LGA1155,Server,LGA1155,0
Intel Core i5-4440 @ 3.10GHz,79.0,4718,59.721518987341774,1860,23.544303797468356,84.0,56.16,4,2013,FCLGA1150,Desktop,Other,0
Intel Xeon E3-1265L V2 @ 2.50GHz,149.99,4711,31.408760584038934,1552,10.347356490432695,45.0,104.68,4,2012,LGA1155,Server,LGA1155,0
Intel Core i5-7400T @ 2.40GHz,174.85,4710,26.937374892765227,1763,10.082928224192164,35.0,134.57,4,2016,LGA1151,Desktop,Other,0
Intel Core i3-7300 @ 4.00GHz,299.99,4703,15.67718923964132,2423,8.076935897863262,51.0,92.23,2,2017,FCLGA1151,Desktop,FCLGA1151,0
Intel Core i5-6300HQ @ 2.30GHz,227.01400000000015,4701,20.707973957553264,1797,7.915811359651823,45.0,104.46,4,2015,LGA 1151,Laptop,Other,1
Intel Xeon E5-2603 v4 @ 1.70GHz,258.19,4695,18.184282892443548,1046,4.051280065068361,85.0,55.24,6,2016,FCLGA2011-3,Server,FCLGA2011-3,0
Intel Xeon E3-1220 V2 @ 3.10GHz,93.0,4691,50.44086021505376,1898,20.408602150537636,69.0,67.98,4,2012,LGA1155,Server,LGA1155,0
Intel Atom C3758 @ 2.20GHz,193.0,4683,24.264248704663213,859,4.450777202072539,25.0,187.33,8,2020,FCBGA1310,Server,Other,0
Intel Xeon E5-1410 @ 2.80GHz,44.99,4677,103.95643476328073,1491,33.14069793287397,80.0,58.46,4,2012,LGA1356,Server,Other,0
AMD Opteron 4284,14.82,4665,314.7773279352227,1181,79.68960863697706,95.0,49.11,4,2013,Socket C32,Server,Other,0
Intel Core i5-4690T @ 2.50GHz,272.2828000000001,4660,17.11455883368321,1922,7.058837355866765,45.0,103.55,4,2014,LGA1150,Desktop,LGA1150,1
Intel Core i5-3470 @ 3.20GHz,105.57,4657,44.112910864829026,1943,18.404849862650376,77.0,60.48,4,2012,LGA1155,Desktop,LGA1155,0
Intel Core i5-4430 @ 3.00GHz,148.77,4646,31.22941453249983,1806,12.13954426295624,84.0,55.31,4,2013,LGA1150,Desktop,LGA1150,0
AMD Athlon Silver PRO 3125GE,125.75419999999993,4633,36.84171184739756,2074,16.492490906864354,35.0,132.37,2,2020,AM4,Desktop,AM4,1
Intel Core i7-3632QM @ 2.20GHz,89.9,4628,51.47942157953281,1581,17.586206896551722,35.0,132.22,4,2012,rPGA988B,Laptop,Other,0
Intel Celeron N5095A @ 2.00GHz,176.78949999999998,4627,26.17236883412194,1553,8.784458353013047,15.0,308.49,4,2022,FCBGA1338,Desktop,Other,1
Intel Core i5-3570S @ 3.10GHz,66.9,4620,69.05829596412555,1996,29.835575485799698,65.0,71.08,4,2012,LGA1155,Desktop,LGA1155,0
Intel Core i7-2860QM @ 2.50GHz,182.01,4607,25.311796055161807,1597,8.774243173452009,45.0,102.37,4,2011,BGA1224,Laptop,Other,0
Intel Core i7-3612QM @ 2.10GHz,133.7259,4603,34.4211555128812,1541,11.523571723951756,35.0,131.51,4,2012,"PGA988B, FCBGA12",Laptop,Other,1
Intel Core i5-6442EQ @ 1.90GHz,250.0,4598,18.392,1716,6.864,25.0,183.92,4,2019,FCBGA1440,Laptop,FCBGA1440,0
Intel Xeon L5640 @ 2.27GHz,72.65,4591,63.19339298004129,1139,15.677907777013075,60.0,76.52,6,2010,LGA1366,Server,LGA1366,0
AMD Ryzen Embedded V1500B,133.75159999999997,4588,34.30239339192953,1217,9.098956573229781,16.0,286.74,4,2021,BGA1140,Mobile/Embedded,Other,1
Intel Xeon Bronze 3104 @ 1.70GHz,320.24,4585,14.317386959780164,1001,3.1257806645016237,85.0,53.94,6,2018,FCLGA3647,Server,FCLGA3647,0
AMD FX-8120 Eight-Core,49.99,4578,91.57831566313263,1327,26.54530906181236,125.0,36.62,4,2011,AM3+,Desktop,Other,0
Intel Core i7-3635QM @ 2.40GHz,297.8456000000001,4575,15.360307488175076,1652,5.546497917041579,45.0,101.67,4,2012,unknown,Laptop,unknown,1
AMD Athlon 240GE,138.0,4551,32.97826086956522,1986,14.391304347826088,35.0,130.03,2,2019,AM4,Desktop,AM4,0
Intel Xeon X5667 @ 3.07GHz,18.04,4551,252.27272727272728,1453,80.54323725055433,95.0,47.9,4,2010,LGA1366,Server,LGA1366,0
AMD Athlon Silver 3050GE,147.63129999999998,4545,30.78615442660195,2016,13.655640775364034,35.0,129.87,2,2021,AM4,Laptop,AM4,1
Microsoft ARM SQ1 @ 3.0 GHz,292.41610000000003,4545,15.542919832389527,1866,6.381317581350684,15.0,303.02,8,2019,unknown,Laptop,unknown,1
Intel Core i5-3550S @ 3.00GHz,319.95,4537,14.180340678230975,1982,6.1947179246757305,65.0,69.79,4,2012,LGA1155,Desktop,LGA1155,0
Intel Core i5-4570R @ 2.70GHz,231.24610000000013,4527,19.57654637202529,1809,7.822834633751657,65.0,69.65,4,2013,FCBGA1364,Desktop,Other,1
Intel Core i7-2600S @ 2.80GHz,284.0,4524,15.929577464788732,1712,6.028169014084507,65.0,69.61,4,2011,LGA1155,Desktop,LGA1155,0
AMD Opteron 4280,94.99,4504,47.41551742288662,1141,12.011790714812086,95.0,47.41,4,2014,Socket C32,Server,Other,0
Intel Core i5-4460S @ 2.90GHz,659.99,4503,6.8228306489492265,1847,2.798527250412885,65.0,69.28,4,2014,LGA1150,Desktop,LGA1150,0
Intel Core i3-9100TE @ 2.20GHz,122.0,4501,36.89344262295082,1585,12.991803278688524,35.0,128.59,4,2020,FCLGA1151-2,Laptop,FCLGA1151-2,0
Intel Core i5-3450 @ 3.10GHz,239.95,4497,18.74140445926235,1887,7.8641383621587835,77.0,58.41,4,2012,LGA1155,Desktop,LGA1155,0
Intel Pentium Gold G6605 @ 4.30GHz,124.25,4493,36.160965794768615,2658,21.39235412474849,58.0,77.47,2,2021,FCLGA1200,Desktop,FCLGA1200,0
AMD Athlon 3000G,54.99,4480,81.46935806510274,1999,36.352064011638475,35.0,128.01,2,2019,AM4,Desktop,AM4,0
AMD Athlon PRO 300GE,105.18229999999994,4475,42.54518108084728,1917,18.225499917761837,35.0,127.86,2,2019,AM4,Desktop,AM4,1
AMD FX-6350 Six-Core,61.63,4463,72.41603115365893,1542,25.020282330034075,125.0,35.71,3,2013,AM3+,Desktop,Other,0
AMD FX-6330 Six-Core,143.25289999999995,4455,31.0988468645312,1540,10.750218669220661,95.0,46.9,3,2016,AM3+,Desktop,Other,1
Intel Xeon X5647 @ 2.93GHz,19.93,4455,223.53236327145007,1385,69.49322629202207,130.0,34.27,4,2011,LGA1366,Server,LGA1366,0
AMD Athlon 220GE,129.0,4450,34.49612403100775,1984,15.37984496124031,35.0,127.15,2,2019,AM4,Laptop,AM4,0
Intel Xeon E5-1603 v3 @ 2.80GHz,12.88,4448,345.34161490683226,1631,126.63043478260869,140.0,31.77,4,2015,LGA2011-v3,Server,LGA2011-v3,0
Intel Xeon E5-2609 v3 @ 1.90GHz,79.88,4423,55.37055583375063,1097,13.733099649474212,80.0,55.28,6,2014,LGA2011-v3,Server,LGA2011-v3,0
Intel Core i7-2960XM @ 2.70GHz,399.95,4423,11.058882360295037,1491,3.727965995749469,55.0,80.41,4,2011,PGA988B,Laptop,Other,0
Intel Xeon L5639 @ 2.13GHz,105.6717999999999,4419,41.81815772987688,1102,10.42851546013223,60.0,73.65,6,2013,LGA1366,Server,LGA1366,1
Intel Pentium Gold G6600 @ 4.20GHz,107.35,4396,40.950163018164886,2577,24.005589194224502,58.0,75.8,2,2021,FCLGA1200,Desktop,FCLGA1200,0
Intel Core i3-6300 @ 3.80GHz,163.49,4386,26.82732888861704,2295,14.037555813811242,51.0,86.0,2,2015,LGA 1151,Desktop,Other,0
AMD Opteron 4386,239.7,4378,18.264497288277013,1012,4.221944096787651,95.0,46.08,4,2014,C32,Server,Other,0
Intel Pentium Gold G6505 @ 4.20GHz,75.0,4378,58.373333333333335,2652,35.36,58.0,75.48,2,2021,FCLGA1200,Desktop,FCLGA1200,0
Intel Core i3-8121U @ 2.20GHz,290.0,4376,15.089655172413794,1927,6.644827586206897,15.0,291.73,2,2018,unknown,Laptop,unknown,0
Intel Core i3-6320 @ 3.90GHz,145.0,4372,30.151724137931033,2343,16.158620689655173,51.0,85.73,2,2015,LGA 1151,Desktop,Other,0
AMD Athlon 300GE,108.75059999999996,4366,40.14690493661646,1888,17.360823756374682,35.0,124.74,2,2019,AM4,Desktop,AM4,1
Intel Core i5-4670T @ 2.30GHz,259.02,4361,16.836537719095052,1735,6.698324453710138,45.0,96.91,4,2013,FCLGA1150,Desktop,Other,0
AMD FX-6130 Six-Core,169.40950000000004,4353,25.695135160660996,1390,8.204970795616537,125.0,34.83,3,2013,AM3+,Desktop,Other,1
Intel Core i7-2760QM @ 2.40GHz,138.02,4353,31.53890740472395,1534,11.11433125633966,45.0,96.72,4,2011,BGA1224,Laptop,Other,0
Intel Core i5-3470S @ 2.90GHz,69.0,4353,63.08695652173913,1900,27.536231884057973,65.0,66.97,4,2012,LGA1155,Desktop,LGA1155,0
Intel Core i7-2820QM @ 2.30GHz,249.99,4347,17.38869554782191,1515,6.060242409696388,45.0,96.61,4,2011,BGA1224,Laptop,Other,0
Intel Core i7-2920XM @ 2.50GHz,120.0,4344,36.2,1499,12.491666666666667,55.0,78.97,4,2011,FCPGA988,Laptop,Other,0
Intel Core i3-7100 @ 3.90GHz,127.99,4342,33.924525353543245,2338,18.267052113446365,51.0,85.13,2,2017,FCLGA1151,Desktop,FCLGA1151,0
Intel Core i5-6400T @ 2.20GHz,159.99,4302,26.88918057378586,1652,10.325645352834552,35.0,122.91,4,2015,LGA 1151,Desktop,Other,0
Intel Core i3-8109U @ 3.00GHz,499.99,4301,8.602172043440868,2133,4.266085321706434,28.0,153.6,2,2018,FCBGA1528,Laptop,Other,0
Intel Pentium Gold G6405 @ 4.10GHz,60.1,4285,71.29783693843594,2534,42.1630615640599,58.0,73.87,2,2021,FCLGA1200,Desktop,FCLGA1200,0
Intel Atom C3958 @ 2.00GHz,449.0,4281,9.534521158129175,514,1.1447661469933186,31.0,138.1,16,2019,FCBGA1310,Server,Other,0
Intel Core i5-4440S @ 2.80GHz,188.0,4277,22.75,1790,9.52127659574468,65.0,65.79,4,2013,LGA1150,Desktop,LGA1150,0
Intel Core i5-3450S @ 2.80GHz,95.0,4264,44.88421052631579,1851,19.48421052631579,65.0,65.59,4,2012,LGA1155,Desktop,LGA1155,0
Intel Xeon E5-1607 v2 @ 3.00GHz,229.95,4259,18.521417699499892,1642,7.140682757121113,130.0,32.76,4,2014,LGA 2011,Server,Other,0
Intel Core i7-4770TE @ 2.30GHz,236.12070000000014,4257,18.028914872774802,1458,6.174808053677628,45.0,94.6,4,2015,LGA1150,Desktop,LGA1150,1
Intel Core i7-7567U @ 3.50GHz,733.99,4256,5.798444120492105,2261,3.0804234390114305,28.0,152.01,2,2017,BGA1356,Laptop,Other,0
Intel Core i5-6350HQ @ 2.30GHz,306.0,4255,13.905228758169935,1420,4.640522875816994,45.0,94.55,4,2021,LGA 1151,Laptop,Other,0
AMD Ryzen Embedded R1606G,257.4803,4253,16.51776854384588,1923,7.468532544043176,15.0,283.56,2,2020,FP5,"Desktop, Mobile/Embedded",Other,1
AMD Athlon 320GE,120.18709999999999,4237,35.25336745790522,1810,15.059852513289698,35.0,121.05,2,2021,AM4,Desktop,AM4,1
Intel Core i5-3350P @ 3.10GHz,165.0,4237,25.67878787878788,1783,10.806060606060607,69.0,61.4,4,2012,LGA1155,Desktop,LGA1155,0
Intel Xeon E5-2648L @ 1.80GHz,195.28330000000017,4235,21.686442209856125,931,4.7674327502658915,70.0,60.5,8,2015,LGA 2011,Server,Other,1
Intel Core i3-8140U @ 2.10GHz,297.4670999999999,4227,14.20997481738317,2135,7.177264309229494,15.0,281.83,2,2022,FCBGA1528,Laptop,Other,1
AMD Ryzen 3 PRO 2100GE,114.37829999999992,4187,36.606594082968556,1855,16.218111302581008,35.0,119.63,2,2019,AM4,Desktop,AM4,1
Intel Core i3-6100 @ 3.70GHz,131.51,4177,31.761843205839863,2220,16.880845563075052,51.0,81.9,2,2015,LGA 1151,Desktop,Other,0
Intel Core i5-3475S @ 2.90GHz,143.5,4177,29.10801393728223,1815,12.64808362369338,65.0,64.26,4,2012,LGA1155,Desktop,LGA1155,0
Intel Pentium J6426 @ 2.00GHz,80.0,4173,52.1625,1596,19.95,10.0,417.34,4,2022,FCBGA1493,Mobile/Embedded,Other,0
Intel Core i3-6098P @ 3.60GHz,325.0,4170,12.830769230769231,2160,6.6461538461538465,54.0,77.23,2,2016,LGA 1151,Desktop,Other,0
Intel Core i5-4430S @ 2.70GHz,91.99,4168,45.309272747037724,1719,18.68681378410697,65.0,64.13,4,2013,LGA1150,Desktop,LGA1150,0
Intel Core i5-3570T @ 2.30GHz,188.72410000000013,4168,22.08514969736243,1779,9.426459047890539,45.0,92.62,4,2012,LGA1155,Desktop,LGA1155,1
Intel Core i5-3340 @ 3.10GHz,195.0,4165,21.358974358974358,1771,9.082051282051282,77.0,54.09,4,2013,LGA1155,Desktop,LGA1155,0
Intel Pentium Gold G5600F @ 3.90GHz,92.99,4160,44.73599311753952,2442,26.260888267555654,54.0,77.04,2,2019,FCLGA1151-2,Desktop,FCLGA1151-2,0
Intel Core i3-7300T @ 3.50GHz,181.59,4159,22.903243570681205,2128,11.718706977256456,35.0,118.82,2,2017,FCLGA1151,Desktop,FCLGA1151,0
Intel Celeron N5105 @ 2.00GHz,77.57820000000001,4158,53.597531265226564,1535,19.786486409841938,10.0,415.82,4,2021,FCBGA1338,Mobile/Embedded,Other,1
AMD FX-6300 Six-Core,47.38,4155,87.69523005487547,1486,31.36344449134656,95.0,43.74,3,2012,AM3+,Desktop,Other,0
Intel Atom x6425E @ 2.00GHz,56.0,4153,74.16071428571429,1602,28.607142857142858,12.0,346.04,4,2022,FCBGA1493,Mobile/Embedded,Other,0
Intel Core i5-7287U @ 3.30GHz,438.4613,4149,9.462636725293658,2154,4.912634250730909,28.0,148.16,2,2018,unknown,Laptop,unknown,1
Intel Pentium Gold G6500 @ 4.10GHz,96.99,4147,42.75698525621198,2491,25.68306010928962,58.0,71.5,2,2020,FCLGA1200,Desktop,FCLGA1200,0
AMD Athlon PRO 200GE,134.1124999999999,4139,30.862149314940837,1821,13.578152670332754,35.0,118.27,2,2018,AM4,Desktop,AM4,1
AMD Athlon 200GE,123.89,4135,33.376382274598434,1817,14.666236177254016,35.0,118.15,2,2018,AM4,Desktop,AM4,0
AMD Opteron 3380,809.0,4134,5.1100123609394315,1107,1.3683559950556243,65.0,63.6,8,2013,unknown,Server,unknown,0
Intel Core i3-8145UE @ 2.20GHz,281.0,4133,14.708185053380783,2324,8.270462633451958,15.0,275.56,2,2020,FCBGA1528,Laptop,Other,0
Intel Pentium Gold G6400 @ 4.00GHz,74.63,4130,55.33967573361919,2484,33.284202063513334,58.0,71.21,2,2020,FCLGA1200,Desktop,FCLGA1200,0
Intel Core i5-2550K @ 3.40GHz,148.56,4123,27.753096392030155,1754,11.806677436725902,95.0,43.4,4,2012,LGA1155,Desktop,LGA1155,0
Intel Core i7-2720QM @ 2.20GHz,179.95,4114,22.86190608502362,1396,7.757710475131981,45.0,91.43,4,2011,BGA1224,Laptop,Other,0
Intel Core i7-7660U @ 2.50GHz,450.3815,4105,9.114495155773493,2139,4.749306976418881,15.0,273.68,2,2017,BGA1356,Laptop,Other,1
Intel Pentium Gold G5620 @ 4.00GHz,159.99,4102,25.639102443902743,2424,15.150946934183386,54.0,75.97,2,2019,FCLGA1151-2,Desktop,FCLGA1151-2,0
Intel Core i5-3340S @ 2.80GHz,100.0,4102,41.02,1792,17.92,65.0,63.11,4,2013,LGA1155,Desktop,LGA1155,0
Intel Core i5-2500 @ 3.30GHz,58.87,4101,69.66196704603364,1708,29.01307966706302,95.0,43.17,4,2010,LGA1155,Desktop,LGA1155,0
Intel Core i5-2500K @ 3.30GHz,59.0,4097,69.44067796610169,1699,28.796610169491526,95.0,43.13,4,2010,LGA1155,Desktop,LGA1155,0
Intel Core i5-3330 @ 3.00GHz,74.35,4090,55.01008742434432,1726,23.214525891055818,77.0,53.11,4,2012,LGA1155,Desktop,LGA1155,0
Intel Celeron J6413 @ 1.80GHz,67.598,4075,60.28284860498832,1601,23.684132666646942,10.0,407.51,4,2021,FCBGA1296,Mobile/Embedded,Other,1
AMD Opteron 6234,450.99,4072,9.029025033814497,547,1.2128872037073992,115.0,35.41,6,2012,G34,Server,Other,0
Intel Atom x6413E @ 1.50GHz,43.0,4070,94.65116279069767,1608,37.395348837209305,9.0,452.18,4,2021,FCBGA1493,Mobile/Embedded,Other,0
Intel Core i5-7360U @ 2.30GHz,485.2565999999998,4050,8.346099774840779,2189,4.511015409167028,15.0,269.98,2,2017,FCBGA1356,Laptop,Other,1
Intel Core i7-2710QE @ 2.10GHz,166.31730000000013,4044,24.31496903809764,1393,8.375556842252724,45.0,89.87,4,2011,PGA988B,Laptop,Other,1
Intel Xeon E3-1260L @ 2.40GHz,125.0,4041,32.328,1481,11.848,45.0,89.81,4,2011,LGA1155,Server,LGA1155,0
Intel Core i3-6300T @ 3.30GHz,140.59,4040,28.736040970197028,2055,14.616971335087843,35.0,115.43,2,2015,LGA 1151,Desktop,Other,0
AMD Athlon Gold 3150U,304.04579999999993,4025,13.238137149074255,1782,5.860959105503185,15.0,268.34,2,2020,FP5,Laptop,Other,1
Intel Xeon E5640 @ 2.67GHz,68.0,4018,59.088235294117645,1204,17.705882352941178,80.0,50.22,4,2010,LGA1366,Server,LGA1366,0
Intel Celeron N5095 @ 2.00GHz,181.83809999999997,4010,22.052584139407532,1510,8.304090286909071,15.0,267.31,4,2021,FCBGA1338,Desktop,Other,1
AMD Opteron 6212,63.79,4007,62.81548832105346,1085,17.00893556983853,115.0,34.84,4,2013,Socket G34,Server,Other,0
Intel Core i3-10110U @ 2.10GHz,434.17,4005,9.224497316719257,2266,5.21915378768685,15.0,267.01,2,2019,FCBGA1528,Laptop,Other,0
Intel Pentium Gold G6500T @ 3.50GHz,75.0,4005,53.4,2277,30.36,35.0,114.42,2,2021,FCLGA1200,Desktop,FCLGA1200,0
AMD FX-6200 Six-Core,299.95,4001,13.338889814969162,1382,4.607434572428739,125.0,32.01,3,2012,AM3+,Desktop,Other,0
AMD Ryzen 3 3250U,311.8291,3988,12.789056569768505,1847,5.923116219749857,15.0,265.87,2,2020,FP5,Laptop,Other,1
Intel Core i5-4590T @ 2.00GHz,209.95,3982,18.9664205763277,1648,7.849487973326983,35.0,113.78,4,2014,LGA1150,Desktop,LGA1150,0
AMD Athlon 300U,333.0626999999999,3978,11.943697087665479,1830,5.494460952847619,15.0,265.19,2,2019,FP5,Laptop,Other,1
Intel Core i5-2450P @ 3.20GHz,178.97,3974,22.20483879979885,1654,9.241772364083365,95.0,41.83,4,2012,LGA1155,Desktop,LGA1155,0
AMD Opteron 3365,106.36769999999997,3973,37.35156443168369,1107,10.407294695664195,65.0,61.12,4,2014,AM3+,Server,Other,1
AMD Ryzen Embedded R1505G,279.7632999999999,3966,14.176269725156951,1817,6.494776119669737,15.0,264.42,2,2019,FP5,"Laptop, Mobile/Embedded",Other,1
AMD Opteron 4334,129.95,3949,30.3886110042324,1269,9.765294343978454,95.0,41.57,3,2016,Socket C32,Server,Other,0
Intel Core i5-7267U @ 3.10GHz,403.0049000000001,3925,9.739335675571189,2059,5.109119020637217,28.0,140.19,2,2017,BGA1356,Laptop,Other,1
Intel Core i5-6287U @ 3.10GHz,304.0,3925,12.911184210526315,2080,6.842105263157895,28.0,140.19,2,2017,FCBGA1356,Laptop,Other,0
Intel Core i3-7101TE @ 3.40GHz,117.0,3911,33.427350427350426,1997,17.068376068376068,35.0,111.75,2,2017,FCLGA1151,Desktop,FCLGA1151,0
AMD Opteron 4332 HE,36.99,3906,105.59610705596107,1413,38.19951338199513,65.0,60.09,6,2015,Socket C32,Server,Other,0
Intel Celeron J6412 @ 2.00GHz,54.0,3904,72.29629629629629,1364,25.25925925925926,10.0,390.38,4,2021,FCBGA1493,Mobile/Embedded,Other,0
Intel Core i5-7260U @ 2.20GHz,469.99,3895,8.287410370433413,1989,4.232004936275239,15.0,259.67,2,2017,BGA1356,Laptop,Other,0
AMD Ryzen 3 3200U,329.5206999999999,3885,11.789851138335166,1826,5.541381770553414,15.0,259.03,2,2019,FP5,Laptop,Other,1
AMD PRO A12-9800,169.0,3878,22.94674556213018,1775,10.502958579881657,65.0,59.66,4,2017,AM4,Desktop,AM4,0
AMD A8-7500,237.85110000000003,3878,16.304318121715642,1509,6.34430532379291,65.0,59.66,2,2016,FM2+,Desktop,Other,1
AMD FX-6120 Six-Core,108.02,3863,35.761895945195334,1415,13.099426032216257,95.0,40.66,3,2012,AM3+,Desktop,Other,0
Intel Core i3-1000NG4 @ 1.10GHz,300.1855,3862,12.865378241120908,1884,6.2761192662537,9.0,429.15,2,2020,BGA1526,Laptop,Other,1
Intel Xeon E3-1220 @ 3.10GHz,40.26,3855,95.75260804769002,1582,39.294585196224546,80.0,48.18,4,2011,LGA1155,Server,LGA1155,0
Intel Core i7-6660U @ 2.40GHz,415.0,3851,9.279518072289157,1983,4.7783132530120485,15.0,256.72,2,2018,FCBGA1356,Laptop,Other,0
AMD PRO A12-8870,131.84249999999997,3848,29.186339761457806,1718,13.030699508883709,65.0,59.2,4,2017,AM4,Desktop,AM4,1
AMD FX-8100 Eight-Core,138.02,3847,27.872772062019994,1094,7.926387480075351,95.0,40.5,4,2012,AM3+,Desktop,Other,0
Intel Core i5-2400 @ 3.10GHz,88.57,3840,43.35553799254827,1580,17.838997403183924,95.0,40.42,4,2010,LGA1155,Desktop,LGA1155,0
Intel Core i3-8145U @ 2.10GHz,281.0,3837,13.654804270462634,2142,7.622775800711744,15.0,255.79,2,2018,FCBGA1528,Laptop,Other,0
Intel Xeon E3-1225 @ 3.10GHz,69.0,3817,55.31884057971015,1572,22.782608695652176,95.0,40.18,4,2011,LGA1155,Server,LGA1155,0
Intel Core i3-1115GRE @ 3.00GHz,338.0,3816,11.289940828402367,1880,5.562130177514793,15.0,254.38,2,2022,FCBGA1449,Mobile/Embedded,Other,0
Intel Core i7-6567U @ 3.30GHz,460.8023000000001,3812,8.272528153613814,2099,4.555098791824606,28.0,136.14,2,2016,FCBGA1356,Laptop,Other,1
Intel Core i5-3330S @ 2.70GHz,199.95,3810,19.05476369092273,1691,8.457114278569643,65.0,58.61,4,2012,LGA1155,Desktop,LGA1155,0
Intel Core i3-4370 @ 3.80GHz,299.0,3807,12.732441471571907,2126,7.110367892976589,54.0,70.49,2,2014,LGA1150,Desktop,LGA1150,0
Intel Core i7-7560U @ 2.40GHz,478.4354,3801,7.944646236461599,2013,4.207464581425204,15.0,253.38,2,2017,BGA1356,Laptop,Other,1
Intel Core i5-2380P @ 3.10GHz,77.74,3797,48.842294828916906,1607,20.671468999228196,95.0,39.97,4,2012,LGA1155,Desktop,LGA1155,0
Intel Core i3-7100T @ 3.40GHz,149.88,3787,25.26688017080331,2007,13.390712570056046,35.0,108.2,2,2017,FCLGA1151,Desktop,FCLGA1151,0
AMD Athlon X4 845,73.58,3784,51.42701821147051,1680,22.832291383528133,65.0,58.22,2,2016,FM2+,Desktop,Other,0
Intel Pentium G4620 @ 3.70GHz,146.0,3777,25.86986301369863,2268,15.534246575342467,51.0,74.06,2,2017,FCLGA1151,Desktop,FCLGA1151,0
Intel Pentium Gold G5500 @ 3.80GHz,169.87,3770,22.193442043915937,2258,13.292517807735326,54.0,69.82,2,2018,FCLGA1151-2,Desktop,FCLGA1151-2,0
Intel Pentium Gold G5600 @ 3.90GHz,158.0,3769,23.854430379746834,2291,14.5,54.0,69.79,2,2018,FCLGA1151-2,Desktop,FCLGA1151-2,0
Intel Core i7-2675QM @ 2.20GHz,122.79949999999995,3766,30.66787731220405,1262,10.276914808285055,45.0,83.68,4,2011,BGA1224,Laptop,Other,1
Intel Pentium N6415 @ 1.20GHz,80.0,3760,47.0,1616,20.2,6.5,578.47,4,2021,FCBGA1493,Mobile/Embedded,Other,0
Intel Core i5-3335S @ 2.70GHz,132.3908000000001,3754,28.35544463814704,1738,13.127800421177293,65.0,57.75,4,2012,LGA1155,Desktop,LGA1155,1
AMD PRO A10-8850B,117.5851999999999,3752,31.908777635280657,1611,13.700703830073865,95.0,39.49,2,2016,FM2+,Desktop,Other,1
Intel Xeon E5-2603 v3 @ 1.60GHz,50.89,3752,73.72764786795048,931,18.29436038514443,85.0,44.14,6,2015,LGA2011-v3,Server,LGA2011-v3,0
Intel Core i5-7300U @ 2.60GHz,627.0,3750,5.980861244019139,1968,3.138755980861244,15.0,249.99,2,2017,FCBGA1356,Laptop,Other,0
Intel Pentium Gold G6405T @ 3.50GHz,64.0,3746,58.53125,2206,34.46875,35.0,107.04,2,2021,FCLGA1200,Desktop,FCLGA1200,0
Intel Xeon E5-1607 @ 3.00GHz,11.53,3730,323.50390286209887,1439,124.80485689505637,130.0,28.69,4,2012,LGA2011,Server,Other,0
AMD Phenom II X6 1100T,130.0,3729,28.684615384615384,1502,11.553846153846154,125.0,29.83,6,2010,AM3,Desktop,AM3,0
Intel Xeon E5630 @ 2.53GHz,166.0,3726,22.44578313253012,1176,7.0843373493975905,80.0,46.58,4,2010,LGA1366,Server,LGA1366,0
Intel Core i7-2670QM @ 2.20GHz,129.0,3726,28.88372093023256,1324,10.263565891472869,45.0,82.8,4,2011,PGA988B,Laptop,Other,0
Intel Pentium Gold G5400 @ 3.70GHz,112.88,3723,32.98192771084337,2224,19.702338766832035,54.0,68.94,2,2018,FCLGA1151-2,Desktop,FCLGA1151-2,0
AMD Opteron 3280,72.02,3720,51.65231880033324,1043,14.48208830880311,65.0,57.22,8,2012,AM3+,Server,Other,0
AMD Opteron 6174,3780.0,3697,0.978042328042328,488,0.1291005291005291,115.0,32.15,12,2013,Socket G34,Server,Other,0
Intel Core i3-4360 @ 3.70GHz,199.88,3688,18.45107064238543,2067,10.3412047228337,54.0,68.29,2,2014,FCLGA1150,Desktop,Other,0
AMD Ryzen 3 2200U,451.8575,3686,8.157439015618861,1681,3.7201993991468547,15.0,245.72,2,2017,FP5,Laptop,Other,1
AMD FX-6100 Six-Core,84.04,3679,43.77677296525464,1320,15.706806282722512,95.0,38.73,3,2011,AM3+,Desktop,Other,0
AMD Athlon X4 880K,94.65,3676,38.837823560486,1628,17.200211304807183,95.0,38.69,2,2016,FM2+,Desktop,Other,0
Intel Core i7-7600U @ 2.80GHz,496.0053,3667,7.393066162801083,1992,4.016086118434622,15.0,244.5,2,2017,FCBGA1356,Laptop,Other,1
Intel Core i7-7500U @ 2.70GHz,539.0,3658,6.786641929499073,1948,3.614100185528757,15.0,243.85,2,2016,FCBGA1356,Laptop,Other,0
AMD Phenom II X6 1090T,87.57,3655,41.73803814091584,1456,16.62669864108713,125.0,29.24,6,2010,AM3,Desktop,AM3,0
Intel Core i3-8130U @ 2.20GHz,281.0,3648,12.982206405693951,1942,6.911032028469751,15.0,243.19,2,2018,FCBGA1356,Laptop,Other,0
AMD PRO A10-9700,169.0,3644,21.562130177514792,1655,9.792899408284024,65.0,56.06,2,2016,AM4,Desktop,AM4,0
Intel Pentium Gold G5420 @ 3.80GHz,129.55,3641,28.10497877267464,2286,17.64569664222308,54.0,67.43,2,2019,FCLGA1151-2,Desktop,FCLGA1151-2,0
Intel Core i5-2320 @ 3.00GHz,303.5,3632,11.967051070840197,1512,4.981878088962109,95.0,38.23,4,2011,LGA1155,Desktop,LGA1155,0
Intel Xeon E5620 @ 2.40GHz,44.16,3630,82.20108695652175,1127,25.520833333333336,80.0,45.37,4,2010,LGA1366,Server,LGA1366,0
Intel Core i3-6100T @ 3.20GHz,999.0,3617,3.6206206206206204,1891,1.892892892892893,35.0,103.35,2,2015,LGA 1151,Desktop,Other,0
AMD Athlon X4 950,35.99,3611,100.33342595165323,1663,46.20727979994442,65.0,55.55,4,2017,AM4,Desktop,AM4,0
Intel Pentium Gold G6400T @ 3.40GHz,64.0,3610,56.40625,2140,33.4375,35.0,103.14,2,2021,FCLGA1200,Desktop,FCLGA1200,0
Intel Pentium G4600 @ 3.60GHz,104.94,3605,34.35296359824662,2186,20.830951019630266,51.0,70.69,2,2017,FCLGA1151,Desktop,FCLGA1151,0
Intel Core i5-2310 @ 2.90GHz,77.74,3603,46.34679701569334,1495,19.230769230769234,95.0,37.93,4,2011,LGA1155,Desktop,LGA1155,0
Intel Pentium Gold G5600T @ 3.30GHz,85.32959999999999,3601,42.201065046595794,2025,23.731507003431403,35.0,102.87,2,2022,FCLGA1151,Desktop,FCLGA1151,1
Intel Core i5-4460T @ 1.90GHz,184.26760000000004,3595,19.509669632642957,1481,8.037224124045679,35.0,102.7,4,2014,LGA1150,Desktop,LGA1150,1
Intel Xeon E3-1265L @ 2.40GHz,918.35,3589,3.908096041814123,1451,1.5800076223662003,45.0,79.75,4,2015,LGA1155,Server,LGA1155,0
Intel Core i7-6650U @ 2.20GHz,469.3294,3585,7.638558334508769,1810,3.8565664115650966,15.0,239.02,2,2015,FCBGA1356,Laptop,Other,1
AMD A8-7680,69.5,3571,51.381294964028775,1638,23.568345323741006,45.0,79.36,4,2019,FM2+,Laptop,Other,0
Intel Core i3-4170 @ 3.70GHz,95.8,3569,37.25469728601253,2069,21.597077244258873,54.0,66.1,2,2015,LGA1150,Desktop,LGA1150,0
AMD Opteron 6176 SE,249.89,3564,14.262275401176518,507,2.0288927127936294,140.0,25.46,12,2010,G34,Server,Other,0
Intel Core i7-2630QM @ 2.00GHz,93.24,3555,38.12741312741313,1221,13.095238095238097,45.0,79.01,4,2011,PGA988B,Laptop,Other,0
AMD A10-9700,91.75,3546,38.64850136239782,1616,17.61307901907357,65.0,54.55,4,2016,AM4,Desktop,AM4,0
Intel Core i3-4330 @ 3.50GHz,123.37,3539,28.68606630461214,1982,16.065494042311744,54.0,65.55,2,2013,LGA1150,Desktop,LGA1150,0
Intel Xeon E5-2418L @ 2.00GHz,154.42319999999995,3518,22.781550958664248,977,6.326769552761504,50.0,70.36,4,2016,LGA 1356,Server,Other,1
Intel Xeon E5-2609 v2 @ 2.50GHz,24.72,3516,142.23300970873788,1371,55.46116504854369,80.0,43.95,4,2014,LGA 2011,Server,Other,0
Intel Pentium G4560 @ 3.50GHz,168.0,3513,20.910714285714285,2103,12.517857142857142,54.0,65.06,2,2017,FCLGA1151,Desktop,FCLGA1151,0
Intel Core i7-6600U @ 2.60GHz,474.4891,3508,7.39321514445748,1851,3.901037979586886,15.0,233.89,2,2015,FCBGA1356,Laptop,Other,1
Intel Pentium Gold G5420T @ 3.20GHz,64.0,3508,54.8125,1978,30.90625,35.0,100.24,2,2019,FCLGA1151-2,Desktop,FCLGA1151-2,0
Intel Core i3-4340 @ 3.60GHz,149.99,3506,23.37489165944396,2027,13.514234282285486,54.0,64.93,2,2013,LGA1150,Desktop,LGA1150,0
Intel Xeon E5-2407 v2 @ 2.40GHz,120.19,3504,29.153839753723272,1068,8.88593060986771,80.0,43.8,4,2014,FCLGA1356,Server,Other,0
Intel Core i3-4160 @ 3.60GHz,59.99,3495,58.25970995165861,2014,33.572262043673945,54.0,64.72,2,2014,FCLGA1150,Desktop,Other,0
Intel Xeon W3580 @ 3.33GHz,214.5,3495,16.293706293706293,1553,7.24009324009324,130.0,26.88,4,2009,LGA1366,Server,LGA1366,0
Intel Core i5-4340M @ 2.90GHz,277.62920000000037,3491,12.574325755360011,2032,7.319114848149969,37.0,94.34,2,2014,unknown,Laptop,unknown,1
AMD A10-7870K,382.46,3485,9.112064006693512,1510,3.948125294148408,95.0,36.69,2,2015,FM2+,Desktop,Other,0
AMD Opteron 4365 EE,159.59339999999992,3485,21.83674262218865,958,6.002754499872805,40.0,87.14,4,2017,Socket C32,Server,Other,1
Intel Core i5-6267U @ 2.90GHz,487.47350000000006,3478,7.134746811877978,1860,3.815592027053778,28.0,124.23,2,2016,FCBGA1356,Laptop,Other,1
AMD Opteron 6164 HE,260.56210000000004,3478,13.348065585900633,399,1.5313048213842302,85.0,40.92,12,2013,Socket G34,Server,Other,1
AMD A10-7890K,161.99,3477,21.464287919007344,1566,9.667263411321686,95.0,36.6,2,2016,FM2+,Desktop,Other,0
Intel Core i7-2635QM @ 2.00GHz,123.56669999999991,3466,28.04962825745126,1235,9.99460210558347,45.0,77.01,4,2011,BGA1224,Laptop,Other,1
Intel Core i3-4350 @ 3.60GHz,99.99,3459,34.5934593459346,1902,19.021902190219024,54.0,64.06,2,2014,LGA1150,Desktop,LGA1150,0
Intel Core i5-2500S @ 2.70GHz,55.34,3459,62.50451752800867,1677,30.303577882182868,65.0,53.21,4,2011,LGA1155,Desktop,LGA1155,0
AMD A10 PRO-7850B APU,148.02,3458,23.361707877313876,1587,10.721524118362384,95.0,36.4,2,2014,FM2+,Desktop,Other,0
Intel Xeon E5-1603 @ 2.80GHz,34.0,3448,101.41176470588235,1337,39.3235294117647,130.0,26.52,4,2012,LGA2011,Server,Other,0
AMD A12-9800E,371.05,3447,9.28985311952567,1604,4.322867538067646,35.0,98.49,4,2017,AM4,Desktop,AM4,0
AMD A12-9800,124.85,3447,27.60913095714858,1607,12.871445734881858,65.0,53.03,2,2016,AM4,Desktop,AM4,0
Intel Xeon X5698 @ 4.40GHz,264.5499000000002,3447,13.029677954896211,1922,7.26517001140427,130.0,26.51,2,2013,LGA1366,Server,LGA1366,1
Intel Celeron G6900,49.99,3446,68.93378675735147,2587,51.750350070014,46.0,74.91,2,2022,"LGA1700,BGA1700",Desktop,Other,0
AMD Athlon X4 860K,29.97,3436,114.64798131464799,1531,51.084417751084416,95.0,36.16,2,2014,FM2+,Desktop,Other,0
AMD PRO A10-8770,90.77769999999998,3434,37.82867378221744,1522,16.7662322354499,65.0,52.84,4,2017,AM4,Desktop,AM4,1
Intel Core i3-7100H @ 3.00GHz,225.0,3430,15.244444444444444,1668,7.413333333333333,35.0,98.01,2,2017,FCBGA1440,Laptop,FCBGA1440,0
AMD Embedded R-Series RX-418GD Radeon R6,164.70599999999996,3426,20.80069942807184,1467,8.906779352300465,35.0,97.87,4,2018,FP4,"Laptop, Mobile/Embedded",Other,1
Intel Core i5-L16G7 @ 1.40GHz,281.0,3421,12.174377224199288,1606,5.715302491103203,7.0,488.74,5,2020,FC-CSP1016,Laptop,Other,0
Intel Core i5-7200U @ 2.50GHz,499.0,3409,6.831663326653307,1778,3.56312625250501,15.0,227.29,2,2016,FCBGA1356,Laptop,Other,0
Intel Pentium Silver N5020 @ 1.10GHz,178.1796,3404,19.10431946193616,1307,7.33529539857537,6.0,567.3,4,2021,FCBGA1090,Laptop,Other,1
AMD Opteron 4226,94.99,3400,35.79324139383093,1157,12.180229497841879,95.0,35.79,3,2013,Socket C32,Server,Other,0
Intel Core i7-6560U @ 2.20GHz,434.19340000000005,3398,7.826005646331795,1714,3.9475496403215704,15.0,226.53,2,2016,unknown,Laptop,unknown,1
Intel Xeon E5-4603 @ 2.00GHz,132.19,3391,25.65246992964672,953,7.209319918299418,95.0,35.69,4,2014,LGA 2011,Server,Other,0
Intel Xeon W5580 @ 3.20GHz,864.0,3386,3.9189814814814814,1503,1.7395833333333333,130.0,26.04,4,2009,LGA1366,Server,LGA1366,0
AMD Athlon X4 870K,40.28,3383,83.987090367428,1543,38.30685203574975,95.0,35.61,2,2016,FM2+,Desktop,Other,0
AMD Opteron 6136,349.0,3381,9.687679083094556,549,1.5730659025787965,115.0,29.4,8,2013,Socket G34,Server,Other,0
Intel Core i5-2300 @ 2.80GHz,40.26,3380,83.95429706905117,1429,35.494287133631396,95.0,35.58,4,2011,LGA1155,Desktop,LGA1155,0
AMD Opteron X3421 APU,330.4658000000002,3375,10.212857124700948,1497,4.5299695157562425,35.0,96.42,4,2017,unknown,Server,unknown,1
Intel Core i7-975 @ 3.33GHz,770.0,3370,4.376623376623376,1508,1.9584415584415584,130.0,25.92,4,2009,LGA1366,Desktop,LGA1366,0
AMD FX-B4150 Quad-Core,89.68,3369,37.56690454950937,1425,15.889830508474574,95.0,35.46,2,2013,AM3+,Desktop,Other,0
Intel Core i3-4370T @ 3.30GHz,138.0,3368,24.405797101449274,1914,13.869565217391305,35.0,96.23,2,2017,FCLGA1150,Desktop,Other,0
AMD A10-7850K APU,70.69,3363,47.57391427358891,1512,21.38916395529778,95.0,35.4,2,2014,FM2+,Desktop,Other,0
Intel Core i3-4150 @ 3.50GHz,999.0,3360,3.3633633633633635,1933,1.934934934934935,54.0,62.22,2,2014,FCLGA1150,Desktop,Other,0
Intel Xeon W3570 @ 3.20GHz,469.95,3354,7.136929460580913,1520,3.2343866368762635,130.0,25.8,4,2009,LGA1366,Server,LGA1366,0
AMD PRO A8-9600,119.0,3347,28.126050420168067,1468,12.336134453781513,65.0,51.5,2,2016,AM4,Desktop,AM4,0
AMD Phenom II X6 1405T,156.88239999999996,3335,21.25796137743941,1247,7.948629036781694,95.0,35.11,6,2018,"AM2+,AM3",Desktop,Other,1
AMD A10-7860K,66.0,3333,50.5,1538,23.303030303030305,65.0,51.27,2,2016,FM2+,Desktop,Other,0
Intel Xeon W3565 @ 3.20GHz,59.95,3331,55.56296914095079,1496,24.954128440366972,130.0,25.62,4,2009,LGA1366,Server,LGA1366,0
AMD FX-4150 Quad-Core,88.85099999999998,3327,37.444710807981906,1465,16.4882781285523,125.0,26.61,4,2013,AM3+,Desktop,Other,1
Intel Xeon D-1520 @ 2.20GHz,159.2387,3324,20.874322636394293,419,2.6312699111459716,45.0,73.87,4,2015,BGA 1667,Server,Other,1
AMD Phenom II X6 1065T,99.98,3320,33.206641328265654,1359,13.592718543708742,95.0,34.94,6,2011,AM3,Desktop,AM3,0
AMD A10-8750,186.2331,3320,17.82712095755266,1554,8.344381315673743,65.0,51.08,2,2015,FM2+,Desktop,Other,1
Intel Core i3-6100E @ 2.70GHz,169.45910000000006,3315,19.5622424526036,1688,9.961105659123643,35.0,94.7,2,2016,LGA 1151,Laptop,Other,1
Intel Core i7-6498DU @ 2.50GHz,445.68980000000005,3303,7.410984052136709,1721,3.8614300798447707,15.0,220.19,2,2016,BGA1356,Laptop,Other,1
AMD Embedded R-Series RX-421BD,161.95770000000002,3302,20.388039593054234,1477,9.119665196529711,35.0,94.34,4,2015,BGA (FP4),"Laptop, Mobile/Embedded",Other,1
Intel Xeon L5609 @ 1.87GHz,125.62389999999996,3298,26.25296619512689,1160,9.233911699923345,40.0,82.45,4,2010,LGA1366,Server,LGA1366,1
AMD A8-9600,98.99,3291,33.245782402262854,1486,15.011617335084352,65.0,50.62,4,2017,AM4,Desktop,AM4,0
Intel Core i3-4130 @ 3.40GHz,72.29,3291,45.524968875363115,1890,26.144694978558583,54.0,60.94,2,2013,LGA1150,Desktop,LGA1150,0
Intel Core i7-965 @ 3.20GHz,90.97,3288,36.143783664944486,1452,15.96130592503023,130.0,25.29,4,2008,LGA1366,Desktop,LGA1366,0
AMD Athlon X4 840,124.95,3287,26.30652260904362,1482,11.860744297719087,65.0,50.56,2,2015,FM2+,Desktop,Other,0
AMD Phenom II X6 1075T,79.99,3284,41.05513189148644,1411,17.63970496312039,125.0,26.27,6,2010,AM3,Desktop,AM3,0
Intel Core i3-7167U @ 2.80GHz,362.66510000000017,3280,9.044156716485812,1635,4.50829153397997,28.0,117.14,2,2018,unknown,Laptop,unknown,1
Intel Core i7-6500U @ 2.50GHz,393.0,3278,8.340966921119593,1708,4.346055979643766,15.0,218.55,2,2015,FCBGA1356,Laptop,Other,0
Intel Core i3-10110Y @ 1.00GHz,287.0,3278,11.421602787456447,2093,7.2926829268292686,7.0,468.22,2,2020,UTFCBGA1377,Laptop,Other,0
Intel Xeon X5570 @ 2.93GHz,100.0,3270,32.7,1410,14.1,95.0,34.42,4,2009,LGA1366,Server,LGA1366,0
AMD FX-9830P,216.37500000000003,3268,15.103408434430962,1569,7.251299826689774,35.0,93.36,4,2016,FP4,Laptop,Other,1
AMD Ryzen Embedded R1305G,213.7954,3268,15.285642254229979,1668,7.8018516768836,8.0,408.54,2,2020,FP5,"Laptop, Mobile/Embedded",Other,1
AMD FX-4350 Quad-Core,99.99,3262,32.62326232623263,1603,16.03160316031603,125.0,26.1,2,2013,AM3+,Desktop,Other,0
Intel Core i5-6360U @ 2.00GHz,430.5379000000001,3260,7.571923400936362,1803,4.187784629413577,15.0,217.35,2,2017,FCBGA1356,Laptop,Other,1
Intel Core i5-6300U @ 2.40GHz,431.4397,3259,7.553778662464302,1691,3.919435323174942,15.0,217.28,2,2015,FCBGA1356,Laptop,Other,1
AMD Ryzen Embedded V1202B,249.5138,3253,13.03735504809754,1424,5.70709916645893,15.0,216.87,2,2018,FP5,"Laptop, Mobile/Embedded",Other,1
Intel Core i5-4400E @ 2.70GHz,266.0,3251,12.221804511278195,1804,6.7819548872180455,37.0,87.85,2,2014,BGA1364,Desktop,Other,0
AMD FX-4330,733.5,3248,4.428084526244035,1563,2.130879345603272,95.0,34.19,2,2015,AM3+,Desktop,Other,0
Intel Core i7-960 @ 3.20GHz,298.61,3245,10.867017179598808,1452,4.862529721040822,130.0,24.96,4,2009,LGA1366,Desktop,LGA1366,0
Intel Core i3-4570T @ 2.90GHz,260.85360000000003,3244,12.436094422311978,1693,6.490230535442102,35.0,92.67,2,2014,FCLGA1150,Desktop,Other,1
Intel Pentium D1508 @ 2.20GHz,129.0,3240,25.11627906976744,1760,13.643410852713178,25.0,129.6,2,2017,FCBGA1667,Server,Other,0
Intel Xeon X3480 @ 3.07GHz,130.0614,3240,24.911311119209852,1402,10.779524132448213,95.0,34.1,4,2012,LGA1156,Server,Other,1
Intel Xeon W5590 @ 3.33GHz,1406.34,3239,2.303141487833668,1571,1.1170840621755764,130.0,24.92,4,2009,LGA1366,Server,LGA1366,0
Intel Pentium Gold G5500T @ 3.20GHz,75.0,3234,43.12,1964,26.186666666666667,35.0,92.41,2,2018,FCLGA1151-2,Desktop,FCLGA1151-2,0
Intel Xeon L5638 @ 2.00GHz,69.9,3225,46.13733905579399,727,10.400572246065808,60.0,53.75,6,2011,LGA1366,Server,LGA1366,0
AMD A8-7670K,83.56,3224,38.5830540928674,1512,18.094782192436572,95.0,33.94,4,2015,FM2+,Desktop,Other,0
Intel Core i7-2715QE @ 2.10GHz,120.58439999999997,3221,26.71158126590173,1287,10.673022381004511,45.0,71.59,4,2011,BGA1023,Laptop,BGA1023,1
Intel Core i5-5287U @ 2.90GHz,517.3912999999998,3216,6.215798371561333,2029,3.921596671610058,28.0,114.87,2,2015,FCBGA1168,Laptop,FCBGA1168,1
AMD A8-7600 APU,149.95,3215,21.44048016005335,1452,9.683227742580861,65.0,49.47,2,2014,FM2+,Desktop,Other,0
Intel Core i5-4330M @ 2.80GHz,274.99,3208,11.665878759227608,1855,6.745699843630677,37.0,86.69,2,2013,unknown,Laptop,unknown,0
Intel Core i5-6260U @ 1.80GHz,499.0,3207,6.426853707414829,1665,3.3366733466933867,15.0,213.83,2,2015,FCBGA1356,Laptop,Other,0
AMD PRO A8-8650B,112.30720000000001,3203,28.51998803282425,1485,13.22266070207431,65.0,49.28,4,2015,FM2+,Desktop,Other,1
AMD Phenom II X6 1055T,46.36,3195,68.91716997411562,1314,28.34339948231234,125.0,25.56,6,2010,AM3,Desktop,AM3,0
Intel Xeon X3470 @ 2.93GHz,97.19,3194,32.86346331927153,1411,14.517954522070172,95.0,33.62,4,2010,LGA1156,Server,Other,0
Intel Xeon W3550 @ 3.07GHz,49.95,3193,63.92392392392392,1415,28.328328328328325,130.0,24.56,4,2009,LGA1366,Server,LGA1366,0
AMD A10 PRO-7800B APU,131.61560000000006,3184,24.191661170864233,1502,11.412021067411457,65.0,48.98,2,2014,FM2+,Desktop,Other,1
AMD PRO A12-9800E,169.0,3182,18.828402366863905,1551,9.177514792899409,35.0,90.92,4,2017,AM4,Desktop,AM4,0
Intel Core i7-5557U @ 3.10GHz,605.99,3181,5.24926153896929,1947,3.2129243056816117,28.0,113.62,2,2015,FCBGA1168,Laptop,FCBGA1168,0
Intel Core i7-4600M @ 2.90GHz,172.44670000000013,3180,18.44048044990132,1857,10.768544715555581,37.0,85.94,2,2013,PGA946,Laptop,Other,1
AMD A12-9730P,159.9887,3172,19.826400239516918,1487,9.294406417453233,35.0,90.62,4,2017,FP4,Laptop,Other,1
Intel Core i5-6198DU @ 2.30GHz,478.0985999999999,3170,6.630431463300668,1659,3.4699955197526204,15.0,211.32,2,2016,BGA1356,Laptop,Other,1
Intel Celeron N5100 @ 1.10GHz,182.0997,3165,17.380588765385113,1380,7.578266191542325,6.0,527.54,4,2021,FCBGA1338,Laptop,Other,1
Intel Core i3-4360T @ 3.20GHz,256.8547000000001,3164,12.318248410482653,1852,7.210302166944967,35.0,90.4,2,2014,LGA1150,Desktop,LGA1150,1
Intel Core i3-4170T @ 3.20GHz,199.95,3162,15.813953488372094,1813,9.067266816704176,35.0,90.36,2,2015,LGA1150,Desktop,LGA1150,0
Intel Core i5-2400S @ 2.50GHz,144.19,3160,21.915528122615992,1480,10.264234690339135,65.0,48.62,4,2011,LGA1155,Desktop,LGA1155,0
AMD A10-6800K APU,67.44,3158,46.82680901542112,1605,23.798932384341636,100.0,31.58,2,2013,FM2,Desktop,Other,0
Intel Atom C3858 @ 2.00GHz,332.0,3154,9.5,501,1.5090361445783131,25.0,126.17,12,2018,FCBGA1310,Server,Other,0
Intel Core i7-950 @ 3.07GHz,264.88,3154,11.907278767743884,1394,5.262760495318635,130.0,24.26,4,2009,LGA1366,Desktop,LGA1366,0
AMD A10-7700K APU,39.3,3153,80.2290076335878,1423,36.208651399491096,95.0,33.19,2,2014,FM2+,Desktop,Other,0
AMD A10-7800 APU,56.45,3142,55.65987599645704,1450,25.686448184233836,65.0,48.34,2,2014,FM2+,Desktop,Other,0
AMD Opteron X3418 APU,237.46400000000003,3137,13.210423474716166,1450,6.106188727554492,25.0,125.46,4,2019,unknown,Server,unknown,1
Intel Core i5-4570T @ 2.90GHz,464.64,3136,6.749311294765841,1874,4.03323002754821,35.0,89.59,2,2013,LGA1150,Desktop,LGA1150,0
AMD FX-4200 Quad-Core,59.95,3134,52.27689741451209,1285,21.434528773978315,125.0,25.07,4,2013,AM3+,Desktop,Other,0
Intel Core i3-4160T @ 3.10GHz,59.99,3133,52.22537089514919,1771,29.52158693115519,35.0,89.53,2,2014,LGA1150,Desktop,LGA1150,0
Intel Pentium G4600T @ 3.00GHz,117.99,3130,26.527671836596323,1843,15.619967793880837,35.0,89.43,2,2017,FCLGA1151,Desktop,FCLGA1151,0
AMD A10-6790K APU,49.2,3124,63.49593495934959,1569,31.89024390243902,100.0,31.24,2,2013,FM2,Desktop,Other,0
Intel Core i3-10100Y @ 1.30GHz,186.11,3120,16.764279189726505,1790,9.617967868464886,5.0,624.03,2,2021,BGA 1528,Mobile/Embedded,Other,1
Intel Pentium Gold G5400T @ 3.10GHz,109.95,3119,28.36743974533879,1807,16.434743065029558,35.0,89.12,2,2018,FCLGA1151-2,Server,FCLGA1151-2,0
Intel Core i7-875K @ 2.93GHz,368.88,3119,8.455324224680114,1374,3.7247885491216657,95.0,32.83,4,2010,LGA1156,Desktop,Other,0
Intel Core i5-4310M @ 2.70GHz,258.24600000000027,3119,12.07763140571392,1812,7.016565600241623,37.0,84.29,2,2014,unknown,Laptop,unknown,1
Intel Core i5-4200H @ 2.80GHz,164.16300000000004,3113,18.962860084184616,1807,11.00735244848108,47.0,66.24,2,2014,BGA1364,Desktop,Other,1
AMD FX-4170 Quad-Core,43.79,3109,70.99794473624115,1457,33.272436629367434,125.0,24.87,2,2012,AM3+,Desktop,Other,0
AMD PRO A10-8770E,149.78809999999993,3106,20.735959665687737,1445,9.646961273959684,35.0,88.75,4,2017,AM4,Desktop,AM4,1
Intel Core i5-4570TE @ 2.70GHz,342.0,3106,9.08187134502924,1631,4.769005847953216,35.0,88.73,2,2014,LGA1150,Desktop,LGA1150,0
Snapdragon 7c Gen 2 @ 2.55,178.0384,3103,17.42882434351241,1507,8.46446609270809,7.0,443.27,8,2021,unknown,Unknown,unknown,1
Intel Xeon X5560 @ 2.80GHz,71.0,3100,43.66197183098591,1380,19.43661971830986,95.0,32.63,4,2009,LGA1366,Server,LGA1366,0
Intel Core i3-4330T @ 3.00GHz,210.51390000000015,3098,14.716367897796761,1717,8.156231013724028,35.0,88.52,2,2014,LGA1150,Desktop,LGA1150,1
AMD FX-4320,144.37880000000007,3092,21.41588654289964,1552,10.749500619204476,95.0,32.55,2,2016,AM3+,Desktop,Other,1
AMD A10-6700 APU,54.77,3090,56.417746941756434,1607,29.340880043819606,65.0,47.54,4,2013,FM2,Desktop,Other,0
Intel Core i3-6100TE @ 2.70GHz,232.73340000000007,3085,13.255510382265713,1615,6.939270427020786,35.0,88.16,2,2015,LGA 1151,Desktop,Other,1
AMD PRO A12-8870E,159.80889999999997,3083,19.291791633632425,1520,9.511360130756174,35.0,88.08,4,2016,AM4,Desktop,AM4,1
Intel Core i7-870 @ 2.93GHz,199.88,3074,15.379227536521913,1392,6.964178507104263,95.0,32.36,4,2009,LGA1156,Desktop,Other,0
AMD Athlon Silver 3050U,280.59130000000005,3067,10.930488578940258,1714,6.108528667852495,15.0,204.48,2,2020,FP5,Laptop,Other,1
Intel Core i7-940 @ 2.93GHz,49.0,3066,62.57142857142857,1345,27.448979591836736,130.0,23.58,4,2008,LGA1366,Desktop,LGA1366,0
Intel Core i5-4308U @ 2.80GHz,478.1052,3064,6.408631405807759,1884,3.940555342213387,28.0,109.43,2,2014,FCBGA1364,Laptop,Other,1
AMD Opteron 2435,10.95,3061,279.5433789954338,593,54.15525114155251,75.0,40.81,6,2013,F (1207),Server,Other,0
Intel Core i5-24050S @ 2.50GHz,91.39819999999997,3061,33.49081272935354,1397,15.284764907842828,65.0,47.09,4,2013,"LGA1155, FCLGA11",Desktop,Other,1
Intel Xeon W3530 @ 2.80GHz,346.19,3045,8.79574799965337,1336,3.859152488517866,130.0,23.43,4,2010,LGA1366,Server,LGA1366,0
Intel Core i5-5257U @ 2.70GHz,476.09079999999994,3044,6.393738337308767,1881,3.9509270080413237,23.0,132.36,2,2015,FCBGA1168,Laptop,FCBGA1168,1
Intel Core i3-6100H @ 2.70GHz,140.21640000000008,3041,21.68790526643102,1543,11.004418883953655,35.0,86.88,2,2015,LGA 1151,Laptop,Other,1
Intel Pentium Silver J5005 @ 1.50GHz,521.99,3040,5.823866357593057,1206,2.3103890879135616,10.0,304.0,4,2017,FCBGA1090,Desktop,Other,0
AMD Phenom II X6 1045T,45.0,3034,67.42222222222222,1287,28.6,95.0,31.94,6,2010,AM3,Desktop,AM3,0
Intel Core i5-6200U @ 2.30GHz,465.36990000000003,3030,6.510949676805483,1589,3.414488130839575,15.0,202.01,2,2015,FCBGA1356,Laptop,Other,1
Intel Core i7-4578U @ 3.00GHz,505.5382,3026,5.985699992601943,1916,3.7900202200348065,28.0,108.08,2,2014,FCBGA1168,Laptop,FCBGA1168,1
Intel Core i5-4300M @ 2.60GHz,138.23190000000025,3025,21.883516033563847,1761,12.739461730613533,37.0,81.75,2,2013,PGA946,Laptop,Other,1
Intel Pentium GOLD 6500Y @ 1.10GHz,206.08570000000003,3024,14.673507186573351,1832,8.889505676521951,5.0,604.72,2,2021,unknown,Mobile/Embedded,unknown,1
AMD A8-7650K,39.62,3013,76.04745078243312,1372,34.62897526501767,65.0,46.36,2,2015,FM2+,Desktop,Other,0
Intel Core i7-5650U @ 2.20GHz,467.10949999999997,3007,6.437462736253491,1925,4.1210893805413935,15.0,200.49,2,2015,FCBGA1168,Laptop,FCBGA1168,1
Intel Core i5-3380M @ 2.90GHz,153.9458000000002,3006,19.526352781303526,1862,12.09516596100704,35.0,85.89,2,2013,"FCPGA988, FCBGA1",Laptop,Other,1
Intel Core i7-4610M @ 3.00GHz,138.65250000000023,3002,21.65125042822881,1740,12.549359009033354,37.0,81.13,2,2014,"FPGA946,FPGA947",Laptop,Other,1
Intel Celeron J4125 @ 2.00GHz,162.83819999999997,2994,18.3863491490326,1170,7.185046260644002,10.0,299.45,4,2020,FCBGA1090,Desktop,Other,1
Intel Core m3-8100Y @ 1.10GHz,281.0,2991,10.644128113879004,1783,6.345195729537367,5.0,598.18,2,2018,FCBGA1515,Laptop,Other,0
AMD PRO A8-8670E,152.39479999999995,2989,19.61353012045031,1382,9.06855089543738,35.0,85.41,4,2017,AM4,Desktop,AM4,1
Intel Xeon X5550 @ 2.67GHz,49.0,2988,60.97959183673469,1317,26.877551020408163,95.0,31.45,4,2009,LGA1366,Server,LGA1366,0
Intel Core i3-7130U @ 2.70GHz,459.99,2983,6.484923585295332,1578,3.4305093588991062,15.0,198.87,2,2017,FCBGA1356,Laptop,Other,0
Intel Core i7-5600U @ 2.60GHz,404.1905000000001,2982,7.377709273226361,1758,4.349434239547935,15.0,198.77,2,2015,FCBGA1168,Laptop,FCBGA1168,1
Intel Core i5-2405S @ 2.50GHz,131.39,2980,22.68056929751123,1485,11.30223000228328,65.0,45.85,4,2011,LGA1155,Desktop,LGA1155,0
Intel Pentium Silver N6000 @ 1.10GHz,83.2798,2979,35.770979277087605,1280,15.369873606805012,6.0,496.55,4,2021,FCBGA1338,Mobile/Embedded,Other,1
Intel Xeon E5-2637 @ 3.00GHz,79.0,2978,37.69620253164557,1526,19.31645569620253,80.0,37.22,2,2018,FCLGA2011,Server,Other,0
AMD A8-6600K APU,38.99,2977,76.35291100282123,1527,39.1638881764555,100.0,29.77,2,2013,FM2,Desktop,Other,0
Intel Core i5-3470T @ 2.90GHz,269.95,2958,10.957584737914429,1791,6.634561955917762,35.0,84.53,2,2012,LGA1155,Desktop,LGA1155,0
Intel Core i7-4558U @ 2.80GHz,438.5183,2956,6.740881737432622,1824,4.159461532164108,28.0,105.58,2,2013,BGA1168,Laptop,Other,1
AMD Phenom II X6 1035T,108.0,2947,27.287037037037038,1231,11.398148148148149,95.0,31.02,6,2010,AM3,Desktop,AM3,0
AMD A10-9700E,92.99,2947,31.691579739756964,1413,15.195182277664266,35.0,84.21,4,2017,AM4,Desktop,AM4,0
Intel Xeon L5630 @ 2.13GHz,118.0,2943,24.940677966101696,1043,8.838983050847459,40.0,73.57,4,2010,LGA1366,Server,LGA1366,0
Intel Core i5-2500T @ 2.30GHz,89.99,2942,32.6925213912657,1489,16.546282920324483,45.0,65.37,4,2011,LGA1155,Desktop,LGA1155,0
AMD Athlon X4 760K Quad Core,13.55,2941,217.0479704797048,1521,112.25092250922509,100.0,29.41,2,2013,FM2,Desktop,Other,0
Intel Celeron G5925 @ 3.60GHz,53.93,2939,54.49656962729464,2282,42.31411088447988,58.0,50.67,2,2021,FCLGA1200,Desktop,FCLGA1200,0
AMD FX-4300 Quad-Core,25.76,2937,114.0139751552795,1489,57.8027950310559,95.0,30.92,2,2012,AM3+,Desktop,Other,0
AMD Opteron 2431,24.99,2936,117.48699479791918,570,22.809123649459785,75.0,39.14,6,2009,F (1207),Server,Other,0
AMD A10-5800K APU,46.07,2936,63.729107879314085,1495,32.4506186238333,100.0,29.36,2,2012,FM2,Desktop,Other,0
Intel Core m3-7Y32 @ 1.10GHz,413.43570000000017,2935,7.099048292152803,1697,4.10462860367404,4.5,652.27,2,2017,FCBGA1515,Laptop,Other,1
AMD Opteron 6128 HE,290.0656000000001,2932,10.108058315084586,823,2.837289220093661,85.0,34.5,8,2015,Socket G34,Server,Other,1
Intel Pentium G4520 @ 3.60GHz,137.99,2926,21.204435103993042,2200,15.943184288716573,51.0,57.37,2,2015,FCLGA1151,Desktop,FCLGA1151,0
Intel Core i7-880 @ 3.07GHz,338.97,2920,8.614331651768593,1386,4.088857421010709,95.0,30.74,4,2010,LGA1156,Desktop,Other,0
Intel Core i5-4210H @ 2.90GHz,126.88650000000008,2918,22.996930327497395,1716,13.523897341324718,47.0,62.09,2,2014,FCBGA1364,Laptop,Other,1
AMD Athlon Silver 3050e,267.4193,2918,10.9117030820139,1453,5.433414865718368,6.0,486.3,2,2020,unknown,Laptop,unknown,1
AMD Ryzen 3 3250C,235.11960000000002,2917,12.406451865348528,1858,7.9023611812881605,15.0,194.47,2,2021,FP5,"Laptop, Mobile/Embedded",Other,1
Intel Celeron J4105 @ 1.50GHz,107.0,2911,27.205607476635514,1097,10.25233644859813,10.0,291.14,4,2018,FCBGA1090,Desktop,Other,0
Intel Core i7-3540M @ 3.00GHz,128.02,2911,22.73863458834557,1768,13.810342134041555,35.0,83.17,2,2013,rPGA988B,Laptop,Other,0
Intel Pentium G4560T @ 2.90GHz,231.9,2909,12.54420008624407,1708,7.365243639499784,35.0,83.11,2,2017,FCLGA1151,Desktop,FCLGA1151,0
Intel Core i7-5550U @ 2.00GHz,419.89579999999995,2908,6.925527714256728,1781,4.241528493497673,15.0,193.85,2,2016,FCBGA1168,Laptop,FCBGA1168,1
Intel Atom x6425RE @ 1.90GHz,59.0,2903,49.20338983050848,1021,17.305084745762713,12.0,241.9,4,2022,FCBGA1493,Mobile/Embedded,Other,0
AMD Athlon X4 830,202.32,2901,14.338671411625148,1292,6.385923289837881,65.0,44.63,2,2018,FM2+,Desktop,Other,0
AMD A10-9630P,156.09910000000002,2899,18.571535646265737,1355,8.680383166847212,35.0,82.82,4,2016,FP4,Laptop,Other,1
AMD A8-6500B APU,49.95,2898,58.01801801801801,1531,30.65065065065065,65.0,44.58,2,2014,FM2,Desktop,Other,0
AMD FX-670K Quad-Core,149.74460000000013,2897,19.346273588496665,1566,10.457806157951596,65.0,44.57,2,2014,FM2,Desktop,Other,1
AMD A10-5800B APU,44.99,2897,64.39208713047344,1526,33.91864858857524,100.0,28.97,2,2013,FM2,Desktop,Other,0
AMD PRO A10-8750B,132.17069999999998,2897,21.918624929731024,1294,9.7903695751025,65.0,44.56,2,2015,FM2+,Desktop,Other,1
AMD PRO A10-9700E,139.0,2896,20.834532374100718,1333,9.589928057553957,35.0,82.74,2,2016,AM4,Desktop,AM4,0
Intel Core i5-4210M @ 2.60GHz,88.04,2893,32.86006360745115,1690,19.195820081781008,37.0,78.19,2,2014,FCPGA946,Laptop,Other,0
Intel Core i7-860 @ 2.80GHz,43.99,2890,65.69674926119572,1319,29.984087292566493,95.0,30.42,4,2009,LGA1156,Desktop,Other,0
Intel Xeon W3540 @ 2.93GHz,507.0,2890,5.700197238658777,1289,2.5424063116370808,130.0,22.23,4,2009,LGA1366,Server,LGA1366,0
Intel Core i3-4350T @ 3.10GHz,200.12660000000028,2888,14.43086526228895,1656,8.27476207560613,35.0,82.52,2,2015,LGA1150,Laptop,LGA1150,1
Intel Core i7-3520M @ 2.90GHz,122.02,2879,23.59449270611375,1746,14.309129650876907,35.0,82.24,2,2012,BGA1023,Laptop,BGA1023,0
Intel Core i7-930 @ 2.80GHz,29.99,2877,95.93197732577526,1276,42.547515838612874,130.0,22.13,4,2010,LGA1366,Desktop,LGA1366,0
Intel Core i3-4130T @ 2.90GHz,248.56,2874,11.562600579336982,1633,6.569842291599613,35.0,82.12,2,2013,LGA1150,Desktop,LGA1150,0
Intel Xeon E5-2403 v2 @ 1.80GHz,541.0,2873,5.310536044362292,991,1.8317929759704252,80.0,35.91,4,2015,FCLGA1356,Server,Other,0
AMD Opteron 4184,498.95,2872,5.756087784347129,630,1.2626515682934163,95.0,30.23,6,2011,C32,Server,Other,0
Intel Core i3-4150T @ 3.00GHz,417.42,2867,6.868381965406544,1597,3.8258828038905657,35.0,81.9,2,2014,FCLGA1150,Desktop,Other,0
AMD FX-7600P APU,169.37810000000005,2856,16.86168400755469,1436,8.478073611641644,35.0,81.59,4,2014,FP3,Laptop,Other,1
Intel Core i5-3360M @ 2.80GHz,78.02,2846,36.47782619841067,1755,22.494232248141504,35.0,81.31,2,2012,BGA1023,Laptop,BGA1023,0
AMD Phenom II X4 980,130.0,2829,21.76153846153846,1521,11.7,125.0,22.63,4,2011,AM3,Unknown,AM3,0
AMD A8-6500 APU,43.69,2826,64.68299382009613,1497,34.264133669031814,65.0,43.47,2,2013,FM2,Desktop,Other,0
AMD Opteron 6128,269.0,2826,10.50557620817844,447,1.661710037174721,115.0,24.57,8,2010,G34,Server,Other,0
Intel Core i5-8210Y @ 1.60GHz,291.90840000000003,2825,9.677693413413248,1720,5.892259352591429,7.0,403.54,2,2019,FCBGA1515,Laptop,Other,1
AMD Opteron 3350 HE,392.0,2825,7.206632653061225,1362,3.4744897959183674,45.0,62.78,4,2013,unknown,Server,unknown,0
AMD A10-6800B APU,128.02,2824,22.059053272926104,1513,11.818465864708639,100.0,28.24,2,2014,FM2,Desktop,Other,0
Intel Xeon X3450 @ 2.67GHz,102.0,2818,27.627450980392158,1236,12.117647058823529,95.0,29.67,4,2009,LGA1156,Server,Other,0
Intel Celeron G5905 @ 3.50GHz,47.19,2815,59.65246874337784,2189,46.38694638694639,58.0,48.53,2,2020,FCLGA1200,Desktop,FCLGA1200,0
Intel Core i5-4278U @ 2.60GHz,399.26360000000017,2814,7.047975322568846,1721,4.31043551177718,28.0,100.51,2,2014,FCBGA1168,Laptop,FCBGA1168,1
Intel Core i5-7Y57 @ 1.20GHz,383.21640000000014,2814,7.343109532890552,1699,4.433526331336549,4.5,625.28,2,2017,FCBGA1515,Laptop,Other,1
Intel Xeon X3460 @ 2.80GHz,72.28,2814,38.93193137797454,1220,16.878804648588822,95.0,29.62,4,2010,LGA1156,Server,Other,0
AMD A8-5600K APU,69.95,2803,40.07147962830593,1417,20.257326661901356,100.0,28.03,2,2012,FM2,Desktop,Other,0
AMD FX-8800P,150.44960000000003,2801,18.61753038891429,1371,9.112686241771328,35.0,80.03,2,2015,FP4,Laptop,Other,1
Snapdragon 7c @ 2.40 GHz,161.2181,2800,17.36777694315961,1258,7.803094069462424,9.0,311.06,8,2021,unknown,Unknown,unknown,1
AMD A8 PRO-7600B APU,85.80739999999996,2793,32.549640240818405,1332,15.523136699165814,65.0,42.97,4,2014,FM2+,Desktop,Other,1
Intel Core i3-6157U @ 2.40GHz,416.0515000000001,2790,6.705900591633486,1442,3.4659170799768773,28.0,99.65,2,2016,BGA1356,Laptop,Other,1
Intel Celeron G5900 @ 3.40GHz,53.99,2790,51.67623634006297,2150,39.82218929431376,58.0,48.1,2,2020,FCLGA1200,Desktop,FCLGA1200,0
AMD Opteron 6172,199.95,2789,13.948487121780445,432,2.1605401350337585,115.0,24.25,12,2010,G34,Server,Other,0
AMD Athlon X4 750K Quad Core,190.44,2787,14.634530560806553,1446,7.59294265910523,100.0,27.87,2,2012,FM2,Unknown,Other,0
Intel Xeon W3520 @ 2.67GHz,59.0,2787,47.23728813559322,1245,21.10169491525424,130.0,21.44,4,2009,LGA1366,Server,LGA1366,0
Intel Core i7-870S @ 2.67GHz,111.76159999999999,2786,24.928061158752204,1270,11.363473679689626,82.0,33.97,4,2010,LGA1156,Desktop,Other,1
Intel Core2 Extreme X9775 @ 3.20GHz,1805.95,2780,1.5393560176084609,1451,0.8034552451618262,150.0,18.53,4,2009,LGA771,Desktop,Other,0
Intel Core i5-4200M @ 2.50GHz,88.95,2776,31.208544125913434,1624,18.257448004496908,37.0,75.04,2,2013,PGA946,Laptop,Other,0
Intel Atom C2750 @ 2.40GHz,232.0,2775,11.961206896551724,658,2.836206896551724,20.0,138.77,8,2014,FCBGA1283,Server,Other,0
AMD A8-8650,98.9263,2774,28.041077044223833,1408,14.232817764335673,65.0,42.67,4,2015,FM2+,Desktop,Other,1
Intel Xeon E5-2603 v2 @ 1.80GHz,59.0,2751,46.6271186440678,977,16.559322033898304,80.0,34.39,4,2014,LGA 2011,Server,Other,0
Intel Core i5-7Y54 @ 1.20GHz,425.30060000000003,2741,6.444853357836786,1571,3.6938579442399093,4.5,609.21,2,2016,FCBGA1515,Laptop,Other,1
Intel Core i7-920 @ 2.67GHz,189.88,2741,14.435432904992627,1220,6.425110596165999,130.0,21.09,4,2008,LGA1366,Desktop,LGA1366,0
Intel Core i5-5300U @ 2.30GHz,289.99,2740,9.448601675919859,1647,5.679506189868616,15.0,182.66,2,2015,FCBGA1168,Laptop,FCBGA1168,0
Intel Xeon E5540 @ 2.53GHz,71.45,2738,38.32050384884535,1200,16.794961511546536,80.0,34.23,4,2009,LGA1366,Server,LGA1366,0
AMD A10-5700 APU,59.95,2735,45.62135112593828,1441,24.03669724770642,65.0,42.08,2,2012,FM2,Desktop,Other,0
Intel Pentium G4500 @ 3.50GHz,166.67,2734,16.40367192656147,2135,12.8097438051239,51.0,53.61,2,2015,FCLGA1151,Desktop,FCLGA1151,0
AMD FX-4130 Quad-Core,22.21,2730,122.91760468257542,1356,61.05357946870779,125.0,21.84,2,2012,AM3+,Desktop,Other,0
AMD RX-427BB,157.5722,2729,17.319044856897346,1297,8.231147372442601,35.0,77.98,4,2015,FP3,Laptop,Other,1
AMD PRO A12-9800B,439.3746,2729,6.211100960319509,1387,3.156759630620432,15.0,181.91,4,2016,FP4,Laptop,Other,1
AMD RX-425BB,147.37570000000002,2724,18.48337276769508,1282,8.698856052931385,35.0,77.83,4,2021,FP3,Mobile/Embedded,Other,1
Intel Core i3-7100U @ 2.40GHz,462.0,2721,5.8896103896103895,1391,3.0108225108225106,15.0,181.43,2,2016,FCBGA1356,Laptop,Other,0
AMD 3015e,234.55940000000007,2720,11.59620974473843,1391,5.930267556959984,6.0,453.31,2,2020,unknown,Laptop,unknown,1
Intel Core i7-5500U @ 2.40GHz,386.86710000000016,2719,7.028253371765133,1631,4.215918076259261,15.0,181.28,2,2015,FCBGA1168,Laptop,FCBGA1168,1
AMD A6-9400,293.26599999999996,2717,9.264626652936244,1664,5.67402972045856,10.0,271.7,2,2019,FT4,Laptop,Other,1
Intel Celeron G4950 @ 3.30GHz,1008.66,2714,2.690698550552218,2041,2.0234766918485914,54.0,50.26,2,2021,FCLGA1151,Desktop,FCLGA1151,0
Intel Xeon X5470 @ 3.33GHz,179.95,2709,15.054181717143653,1454,8.080022228396777,120.0,22.57,4,2009,LGA771,Server,Other,0
AMD A8-5500B APU,49.04,2707,55.19983686786297,1393,28.405383360522023,65.0,41.65,2,2013,FM2,Desktop,Other,0
Intel Xeon X5492 @ 3.40GHz,1391.29,2705,1.9442387999626247,1446,1.039323218020686,150.0,18.04,4,2008,LGA771,Server,Other,0
Intel Xeon E5-2407 @ 2.20GHz,325.03,2699,8.303848875488416,920,2.8305079531120207,80.0,33.74,4,2012,LGA 1356,Server,Other,0
Intel Pentium Silver N5030 @ 1.10GHz,219.83640000000003,2695,12.259116324685083,1301,5.918037231322929,6.0,449.19,4,2020,FCBGA1090,Laptop,Other,1
Intel Xeon E5607 @ 2.27GHz,100.0,2686,26.86,1002,10.02,80.0,33.58,4,2011,LGA1366,Server,LGA1366,0
Intel Core i7-4600U @ 2.10GHz,377.97580000000016,2685,7.103629385796654,1673,4.426209296997319,15.0,179.02,2,2013,FCBGA1168,Laptop,FCBGA1168,1
Intel Core i5-4402E @ 1.60GHz,401.9069000000001,2681,6.670699109669426,1510,3.757089017381885,25.0,107.26,2,2016,FCBGA1364,Laptop,Other,1
Intel Xeon X3440 @ 2.53GHz,50.0,2680,53.6,1149,22.98,95.0,28.21,4,2009,LGA1156,Server,Other,0
Intel Core i3-4110M @ 2.60GHz,149.42110000000005,2678,17.92250224365902,1389,9.295875883660337,37.0,72.38,2,2014,FCPGA946,Laptop,Other,1
Intel Core i7-7Y75 @ 1.30GHz,385.9543000000001,2666,6.907553562688638,1604,4.155932451069983,4.5,592.39,2,2016,FCBGA1515,"Desktop, Laptop",Other,1
AMD Athlon X4 740 Quad Core,24.99,2655,106.24249699879952,1356,54.26170468187275,65.0,40.85,2,2012,FM2,Desktop,Other,0
Intel Core i7-3687U @ 2.10GHz,406.27740000000006,2653,6.530021113652888,1603,3.945580039647787,17.0,156.06,2,2013,BGA1023,Laptop,BGA1023,1
Intel Core i3-3250T @ 3.00GHz,146.26460000000003,2650,18.117849431783217,1684,11.513380544574693,35.0,75.71,2,2016,FCLGA1155,Desktop,Other,1
Intel Celeron G5900T @ 3.20GHz,42.0,2648,63.04761904761905,2041,48.595238095238095,35.0,75.64,2,2021,FCLGA1200,Desktop,FCLGA1200,0
Intel Core i5-3320M @ 2.60GHz,44.04,2646,60.08174386920981,1612,36.6030881017257,35.0,75.61,2,2012,BGA1023,Laptop,BGA1023,0
AMD Phenom II X4 970,59.88,2644,44.15497661990648,1412,23.580494321977287,125.0,21.15,4,2010,AM3,Unknown,AM3,0
Intel Core i3-6100U @ 2.30GHz,529.99,2640,4.981226060869073,1347,2.541557387875243,15.0,176.0,2,2015,FCBGA1356,Laptop,Other,0
Intel Core i5-3340M @ 2.70GHz,69.95,2636,37.68406004288777,1630,23.302358827734096,35.0,75.32,2,2013,BGA1023,Laptop,BGA1023,0
Intel Xeon X5482 @ 3.20GHz,99.95,2636,26.373186593296648,1394,13.94697348674337,150.0,17.57,4,2009,LGA771,Server,Other,0
AMD FirePro A320 APU,124.5042000000001,2634,21.1559128125798,1482,11.903212903661071,100.0,26.34,4,2016,FM2,Desktop,Other,1
Intel Core2 Extreme X9770 @ 3.20GHz,1608.95,2632,1.635849467043724,1398,0.8688896485285434,136.0,19.35,4,2008,LGA775,Desktop,LGA775,0
Intel Xeon E5-2609 @ 2.40GHz,71.87,2623,36.496451927090575,1081,15.041046333657993,80.0,32.79,4,2012,LGA2011,Server,Other,0
AMD PRO A12-8800B,473.3939999999998,2622,5.538726726574484,1357,2.8665340076131103,15.0,174.78,2,2015,FP4,Laptop,Other,1
Intel Core i5-5350U @ 1.80GHz,417.07849999999996,2614,6.267405296604836,1694,4.061585528863272,15.0,174.29,2,2015,FCBGA1168,Laptop,FCBGA1168,1
Intel Xeon E5530 @ 2.40GHz,29.99,2614,87.1623874624875,1156,38.546182060686895,80.0,32.67,4,2009,LGA1366,Server,LGA1366,0
Intel Core i5-4288U @ 2.60GHz,389.56960000000015,2612,6.704835284888757,1620,4.158435360459336,28.0,93.27,2,2013,FCBGA1168,Laptop,FCBGA1168,1
AMD A12-9720P,368.0052000000001,2608,7.086856381377218,1326,3.6032099546419443,15.0,173.85,4,2017,FP4,Laptop,Other,1
Intel Core i5-680 @ 3.60GHz,309.19,2603,8.418771629095378,1550,5.013098741873929,73.0,35.65,2,2010,LGA1156,Desktop,Other,0
AMD PRO A10-9700B,235.10280000000003,2602,11.06749898342342,1311,5.5762840765826684,15.0,173.5,4,2018,FP4,Laptop,Other,1
Intel Pentium G4400 @ 3.30GHz,97.41,2599,26.68103890770968,2024,20.77815419361462,54.0,48.13,2,2015,FCLGA1151,Desktop,FCLGA1151,0
Intel Core i5-760 @ 2.80GHz,265.0,2599,9.80754716981132,1309,4.939622641509434,95.0,27.36,4,2010,LGA1156,Desktop,Other,0
Intel Core i7-4510U @ 2.00GHz,405.3713,2595,6.401538540098916,1549,3.8211881304867905,15.0,172.97,2,2014,FCBGA1168,Laptop,FCBGA1168,1
Intel Pentium Silver N5000 @ 1.10GHz,161.0,2593,16.1055900621118,1143,7.099378881987578,6.0,432.15,4,2018,FCBGA1090,Laptop,Other,0
Intel Xeon L3426 @ 1.87GHz,227.0,2590,11.409691629955947,1167,5.140969162995595,45.0,57.55,4,2010,LGA1156,Server,Other,0
Intel Core m3-7Y30 @ 1.00GHz,434.2206999999999,2589,5.96240575357186,1386,3.191925212225028,4.5,575.3,2,2016,FCBGA1515,Laptop,Other,1
Intel Core i3-5157U @ 2.50GHz,437.1053999999999,2588,5.9207687665263355,1325,3.031305492908576,28.0,92.42,2,2015,FCBGA1168,Laptop,FCBGA1168,1
Intel Core i7-8500Y @ 1.50GHz,393.0,2587,6.582697201017812,1477,3.758269720101781,5.0,517.42,2,2018,FCBGA1515,Laptop,Other,0
Intel Xeon X5460 @ 3.16GHz,219.55,2586,11.778638123434297,1378,6.27647460715099,120.0,21.55,4,2009,LGA771,Server,Other,0
AMD FX-770K Quad-Core,80.88879999999993,2578,31.87091414386172,1413,17.468425789478903,65.0,39.66,2,2014,FM2+,Desktop,Other,1
AMD A8-5500 APU,58.95,2577,43.71501272264631,1334,22.629346904156062,65.0,39.65,2,2012,FM2,Desktop,Other,0
Intel Celeron G4930 @ 3.20GHz,107.41,2571,23.936318778512245,1999,18.610930080998045,54.0,47.61,2,2019,FCLGA1151-2,Desktop,FCLGA1151-2,0
AMD Athlon II X4 557,118.42970000000001,2567,21.675306109869396,1345,11.356948468162969,160.0,16.04,4,2021,AM3,Desktop,AM3,1
AMD FX-4100 Quad-Core,25.99,2565,98.69180454020778,1279,49.21123509041939,95.0,27.0,2,2011,AM3+,Desktop,Other,0
Intel Core i3-7020U @ 2.30GHz,281.0,2564,9.124555160142348,1324,4.711743772241993,15.0,170.95,2,2018,FCBGA1356,Laptop,Other,0
Intel Core i5-3610ME @ 2.70GHz,90.53060000000004,2553,28.20040958526729,1574,17.386386481476976,35.0,72.95,2,2012,BGA1023,Laptop,BGA1023,1
AMD Phenom II X4 965,74.02,2546,34.396109159686574,1357,18.332883004593356,125.0,20.37,4,2009,AM3,Desktop,AM3,0
AMD Phenom II X4 975,40.72,2544,62.475442043222,1417,34.79862475442043,125.0,20.35,4,2011,AM3,Unknown,AM3,0
AMD Phenom II X4 B99,238.3252000000001,2536,10.640922571343689,1377,5.777819550765086,95.0,26.7,4,2011,unknown,Unknown,unknown,1
Intel Core i7-4500U @ 1.80GHz,416.7842000000001,2529,6.067888370048575,1546,3.7093536655180297,15.0,168.63,2,2013,BGA1168,Laptop,Other,1
Intel Xeon L5530 @ 2.40GHz,148.37,2522,16.998045426973107,1169,7.878951270472467,60.0,42.03,4,2011,LGA1366,Server,LGA1366,0
Intel Core i3-7102E @ 2.10GHz,225.0,2521,11.204444444444444,1292,5.742222222222222,25.0,100.85,2,2019,FCBGA1440,Laptop,FCBGA1440,0
Intel Core i5-4258U @ 2.40GHz,407.31590000000006,2518,6.181933973115215,1519,3.7292921783804656,28.0,89.91,2,2013,FCBGA1168,Laptop,FCBGA1168,1
Intel Pentium G4500T @ 3.00GHz,132.5353,2518,18.99871204124486,1845,13.920819585423656,35.0,71.95,2,2016,FCLGA1151,Desktop,FCLGA1151,1
AMD A10-9620P,353.94770000000005,2518,7.114045380150795,1279,3.6135282133490336,15.0,167.86,4,2017,unknown,Laptop,unknown,1
Intel Core i5-3230M @ 2.60GHz,99.99,2513,25.132513251325133,1556,15.561556155615563,35.0,71.8,2,2013,PGA988,Laptop,Other,0
Intel Core i5-4300U @ 1.90GHz,404.06909999999993,2512,6.216758470271546,1498,3.7072866992304045,15.0,167.47,2,2013,FCBGA1168,Laptop,FCBGA1168,1
Intel Core i5-670 @ 3.47GHz,291.0,2511,8.628865979381443,1542,5.298969072164948,73.0,34.4,2,2010,LGA1156,Desktop,Other,0
Intel Core i5-5250U @ 1.60GHz,529.99,2504,4.724617445612181,1569,2.9604332157210513,15.0,166.93,2,2015,FCBGA1168,Laptop,FCBGA1168,0
Intel Core i5-5200U @ 2.20GHz,281.0,2502,8.90391459074733,1512,5.380782918149467,15.0,166.78,2,2014,FCBGA1168,Laptop,FCBGA1168,0
Intel Celeron N4120 @ 1.10GHz,160.47709999999998,2501,15.58477813968473,1103,6.873254813303581,6.0,416.85,4,2020,FCBGA1090,Laptop,Other,1
AMD Phenom II X4 B97,79.95,2498,31.244527829893684,1326,16.585365853658537,95.0,26.3,4,2010,AM2+/AM3,Desktop,Other,0
AMD Phenom II X4 850,64.99,2496,38.40590860132328,1350,20.772426527158025,95.0,26.27,4,2011,AM2+/AM3,Unknown,Other,0
Intel Core i5-750 @ 2.67GHz,200.0,2495,12.475,1242,6.21,95.0,26.27,4,2009,LGA1156,Desktop,Other,0
Intel Xeon L7455 @ 2.13GHz,90.89149999999992,2494,27.43930950638951,601,6.612279476078627,65.0,38.36,6,2014,PGA604,Server,Other,1
AMD 3020e,213.5095,2492,11.67161180181678,1429,6.692910619902158,6.0,415.31,2,2020,unknown,Laptop,unknown,1
Intel Core i5-4310U @ 2.00GHz,351.5374,2490,7.083172373693382,1490,4.238524834057486,15.0,166.03,2,2014,FCBGA1168,Laptop,FCBGA1168,1
Intel Xeon E5472 @ 3.00GHz,20.04,2490,124.25149700598803,1302,64.97005988023952,80.0,31.12,4,2009,LGA771,Server,Other,0
Intel Xeon E5450 @ 3.00GHz,36.99,2486,67.20735333874019,1294,34.98242768315761,80.0,31.08,4,2009,LGA771,Server,Other,0
Intel Celeron G5920 @ 3.50GHz,61.99,2482,40.038715921922886,2151,34.69914502339087,58.0,42.79,2,2020,FCLGA1200,Desktop,FCLGA1200,0
AMD FX-7600P,162.15649999999997,2481,15.300034226195068,1208,7.449593448304571,35.0,70.88,4,2015,FP3,Laptop,Other,1
Intel Core i3-3245 @ 3.40GHz,149.0,2480,16.644295302013422,1835,12.315436241610739,55.0,45.09,2,2013,LGA1155,Desktop,LGA1155,0
AMD Opteron 8439 SE,52.0,2479,47.67307692307692,590,11.346153846153847,105.0,23.61,6,2013,F (1207),Server,Other,0
Intel Xeon E5520 @ 2.27GHz,72.61,2479,34.14130285084699,1056,14.543451315245834,80.0,30.98,4,2009,LGA1366,Server,LGA1366,0
Intel Core i5-661 @ 3.33GHz,200.19,2462,12.29831659923073,1455,7.268095309456017,87.0,28.3,2,2010,LGA1156,Desktop,Other,0
Intel Xeon D-1602 @ 2.50GHz,106.0,2459,23.19811320754717,1435,13.537735849056604,27.0,91.07,2,2020,FCBGA1667,Server,Other,0
Intel Core2 Extreme X9650 @ 3.00GHz,859.99,2455,2.8546843567948463,1288,1.4976918336259724,130.0,18.89,4,2008,LGA775,Desktop,LGA775,0
Intel Celeron N4100 @ 1.10GHz,107.0,2451,22.906542056074766,1009,9.429906542056075,6.0,408.48,4,2018,FCBGA1090,Laptop,Other,0
Intel Core i5-3210M @ 2.50GHz,52.02,2449,47.07804690503652,1534,29.48865820838139,35.0,69.98,2,2012,PGA988B,Laptop,Other,0
Intel Celeron G4900 @ 3.10GHz,105.95,2448,23.105238319962247,1914,18.065125058990088,54.0,45.34,2,2018,FCLGA1151-2,Desktop,FCLGA1151-2,0
Intel Core i3-4100M @ 2.50GHz,218.57,2447,11.195498009790914,1366,6.24971405041863,37.0,66.15,2,2014,FCPGA946,Laptop,Other,0
Intel Core i7-4610Y @ 1.70GHz,340.45980000000003,2446,7.1844018001537915,1583,4.64959446019765,11.5,212.67,2,2013,BGA1168,Desktop,Other,1
Intel Xeon X3370 @ 3.00GHz,40.0,2446,61.15,1311,32.775,95.0,25.75,4,2009,LGA775,Server,LGA775,0
AMD Athlon II X4 650,166.6,2440,14.645858343337336,1329,7.977190876350541,95.0,25.69,4,2011,unknown,Unknown,unknown,0
Intel Core i7-2640M @ 2.80GHz,125.05,2439,19.504198320671733,1490,11.915233906437425,35.0,69.68,2,2011,BGA1023,Laptop,BGA1023,0
Snapdragon 850 @ 2.96 GHz,150.2491,2437,16.21973109988679,1382,9.198058424310029,5.0,487.35,8,2021,unknown,Unknown,unknown,1
AMD Phenom II X4 955,176.18,2432,13.804064025428538,1304,7.401521171529118,125.0,19.46,4,2009,AM3,Desktop,AM3,0
Intel Pentium G3470 @ 3.60GHz,64.88,2428,37.422934648582,2089,32.19790382244143,53.0,45.82,2,2015,LGA1150,Desktop,LGA1150,0
Intel Core i7-2620M @ 2.70GHz,135.37,2427,17.928640023638916,1470,10.859126837556326,35.0,69.34,2,2011,BGA1023,Laptop,BGA1023,0
Intel Core i7-860S @ 2.53GHz,160.0,2424,15.15,1314,8.2125,82.0,29.56,4,2011,LGA1156,Desktop,Other,0
AMD A12-9700P,332.4625000000001,2422,7.285032146482684,1188,3.5733353385720186,15.0,161.46,4,2016,FP4,Laptop,Other,1
Intel Core i7-4650U @ 1.70GHz,348.08389999999997,2421,6.95521970421499,1550,4.452949418229341,15.0,161.41,2,2013,BGA1168,Laptop,Other,1
Intel Core i7-3667U @ 2.00GHz,355.1904,2418,6.807616422065461,1518,4.273764155787994,17.0,142.26,2,2012,BGA1023,Laptop,BGA1023,1
Intel Core2 Quad Q9650 @ 3.00GHz,54.99,2411,43.84433533369703,1292,23.495180941989453,95.0,25.38,4,2008,LGA775,Desktop,LGA775,0
Intel Core i7-3537U @ 2.00GHz,347.97799999999995,2406,6.914230209955803,1496,4.299122358310009,17.0,141.5,2,2013,BGA1023,Laptop,BGA1023,1
Intel Celeron G4920 @ 3.20GHz,212.73,2406,11.310111408828092,1965,9.237061063319702,54.0,44.56,2,2018,FCLGA1151-2,Desktop,FCLGA1151-2,0
Intel Atom C3558 @ 2.20GHz,86.0,2405,27.96511627906977,849,9.872093023255815,16.0,150.3,4,2017,FCBGA1310,Server,Other,0
Intel Celeron G4900T @ 2.90GHz,77.95,2403,30.82745349583066,1789,22.95060936497755,35.0,68.65,2,2018,FCLGA1151-2,Desktop,FCLGA1151-2,0
Intel Core i3-3250 @ 3.50GHz,82.9,2401,28.96260554885404,1830,22.074788902291917,55.0,43.65,2,2013,LGA1155,Desktop,LGA1155,0
Intel Xeon X5450 @ 3.00GHz,49.96,2400,48.03843074459567,1267,25.360288230584466,120.0,20.0,4,2009,LGA771,Server,Other,0
AMD PRO A12-8830B,255.6419000000001,2392,9.356838609007362,1192,4.662772417197648,15.0,159.44,4,2017,BGA (FP4),Laptop,Other,1
AMD PRO A10-8730B,329.03420000000006,2388,7.257604224728006,1226,3.7260564403335574,15.0,159.21,4,2016,FP4,Laptop,Other,1
AMD PRO A8-9600B,267.74520000000007,2388,8.918927398138228,1310,4.892711428626917,15.0,159.18,4,2017,FP4,Laptop,Other,1
AMD Opteron 4170 HE,39.99,2382,59.5648912228057,476,11.902975743935983,65.0,36.65,6,2010,C32,Server,Other,0
Intel Core m7-6Y75 @ 1.20GHz,368.2531000000001,2380,6.462946272550046,1433,3.891345381749671,7.0,339.96,2,2015,FCBGA1515,Laptop,Other,1
AMD Phenom II X4 977,200.80840000000015,2377,11.837154222632112,1368,6.812464020429419,95.0,25.02,4,2012,unknown,Unknown,unknown,1
Intel Core m5-6Y57 @ 1.10GHz,365.9619,2374,6.4870140853460425,1367,3.735361522606588,7.0,339.15,2,2015,FCBGA1515,Laptop,Other,1
Intel Celeron G3950 @ 3.00GHz,143.0,2369,16.566433566433567,1811,12.664335664335665,51.0,46.45,2,2017,FCLGA1151,Desktop,FCLGA1151,0
Intel Pentium J4205 @ 1.50GHz,288.96930000000003,2367,8.191181554580364,911,3.1525840288224387,10.0,236.69,4,2016,FCBGA1296,Desktop,Other,1
Intel Celeron N4505 @ 2.00GHz,85.7375,2367,27.607522962530982,1537,17.926811488555185,10.0,236.75,2,2022,FCBGA1338,Mobile/Embedded,Other,1
Intel Core i5-2390T @ 2.70GHz,99.9,2364,23.663663663663662,1394,13.953953953953953,35.0,67.53,2,2011,LGA1155,Desktop,LGA1155,0
Intel Pentium 6405U @ 2.40GHz,161.0,2363,14.677018633540373,1417,8.801242236024844,15.0,157.55,2,2020,FCBGA1528,Laptop,Other,0
Intel Xeon E5-2403 @ 1.80GHz,351.0,2363,6.732193732193732,829,2.3618233618233617,80.0,29.53,4,2012,LGA 1356,Server,Other,0
Intel Xeon E5-2603 @ 1.80GHz,71.96,2362,32.823790994997225,868,12.062256809338523,80.0,29.53,4,2012,LGA 2011,Server,Other,0
AMD Phenom II X4 840,24.28,2355,96.99341021416804,1309,53.91268533772652,95.0,24.79,4,2011,AM2+/AM3,Desktop,Other,0
Intel Core i7-4550U @ 1.50GHz,351.1752,2354,6.703206832373128,1289,3.670532543300324,15.0,156.94,2,2014,BGA1168,Laptop,Other,1
Intel Core i5-660 @ 3.33GHz,69.0,2352,34.08695652173913,1435,20.797101449275363,73.0,32.21,2,2009,LGA1156,Desktop,Other,0
Intel Core i3-6102E @ 1.90GHz,225.0,2349,10.44,1068,4.746666666666667,25.0,93.96,2,2019,FCBGA1440,Laptop,FCBGA1440,0
AMD Opteron 4130,229.95,2347,10.206566644922809,1149,4.996738421395956,95.0,24.7,4,2016,F (1207),Server,Other,0
Intel Xeon E5440 @ 2.83GHz,37.99,2340,61.595156620163195,1240,32.64016846538563,80.0,29.26,4,2009,LGA771,Server,Other,0
AMD Athlon II X4 651 Quad-Core,149.95,2338,15.591863954651553,1296,8.642880960320108,100.0,23.38,4,2012,FM1,Unknown,Other,0
AMD A8-3870K APU,68.04,2336,34.33274544385655,1236,18.165784832451497,100.0,23.36,4,2011,FM1,Desktop,Other,0
Intel Core i5-4260U @ 1.40GHz,349.7101,2331,6.665520955785949,1477,4.223498263275782,15.0,155.42,2,2014,FCBGA1168,Laptop,FCBGA1168,1
Intel Xeon X5365 @ 3.00GHz,62.99,2331,37.00587394824575,1223,19.415780282584535,150.0,15.54,4,2009,LGA771,Server,Other,0
AMD Phenom II X4 B95,62.02,2329,37.55240245082231,1238,19.961302805546598,95.0,24.52,4,2010,AM3,Desktop,AM3,0
Intel Xeon E5606 @ 2.13GHz,217.0,2326,10.71889400921659,941,4.336405529953917,80.0,29.07,4,2011,LGA1366,Server,LGA1366,0
Intel Xeon X3360 @ 2.83GHz,39.99,2325,58.13953488372093,1241,31.032758189547387,95.0,24.47,4,2009,LGA775,Server,LGA775,0
Intel Pentium G4400T @ 2.90GHz,145.01559999999998,2312,15.943112327225487,1723,11.881480337287853,35.0,66.06,2,2015,FCLGA1151,Desktop,FCLGA1151,1
AMD A10-6700T APU,147.61,2311,15.65612085902039,1310,8.874737483910303,45.0,51.36,2,2014,FM2,Desktop,Other,0
Intel Celeron G3920 @ 2.90GHz,1018.0,2310,2.269155206286837,1740,1.7092337917485265,51.0,45.3,2,2016,FCLGA1151,Desktop,FCLGA1151,0
Intel Celeron G5905T @ 3.30GHz,42.0,2310,55.0,1996,47.523809523809526,35.0,66.01,2,2021,FCLGA1200,Desktop,FCLGA1200,0
Intel Xeon X3380 @ 3.16GHz,509.95,2308,4.525933915089714,1335,2.617903716050593,95.0,24.3,4,2009,LGA775,Server,LGA775,0
Intel Core i3-2140 @ 3.50GHz,205.99710000000007,2307,11.199186784668324,1535,7.451561211298603,65.0,35.49,2,2013,unknown,Unknown,unknown,1
Intel Core i5-4350U @ 1.40GHz,357.185,2305,6.453238517854893,1499,4.196704788834918,15.0,153.67,2,2013,BGA1168,Laptop,Other,1
AMD Phenom II X4 B70,122.08870000000006,2303,18.8633346083626,1209,9.902636361923744,65.0,35.43,4,2016,AM2+ (938-pin),Desktop,Other,1
AMD FX-9800P,342.7425999999999,2302,6.7164105074770415,1150,3.3552876123364888,15.0,153.48,4,2016,unknown,Laptop,unknown,1
Intel Core i5-4210U @ 1.70GHz,354.75730000000004,2300,6.483305628946888,1379,3.887164548833808,15.0,153.31,2,2014,FCBGA1168,Laptop,FCBGA1168,1
AMD Athlon II X4 645,28.85,2298,79.6533795493934,1264,43.81282495667244,95.0,24.19,4,2010,AM3,Desktop,AM3,0
Intel Core i5-2540M @ 2.60GHz,47.0,2297,48.87234042553192,1380,29.361702127659573,35.0,65.62,2,2010,BGA1023,Laptop,BGA1023,0
Intel Core i5-3437U @ 1.90GHz,361.45439999999996,2293,6.3438154301068135,1399,3.870474394557101,17.0,134.9,2,2013,BGA1023,Laptop,BGA1023,1
Intel Core2 Quad Q9550 @ 2.83GHz,32.95,2291,69.52959028831562,1223,37.116843702579665,95.0,24.11,4,2008,LGA775,Desktop,LGA775,0
Intel Core i3-3240 @ 3.40GHz,42.17,2287,54.23286696703818,1805,42.802940479013515,55.0,41.57,2,2012,LGA1155,Desktop,LGA1155,0
Intel Pentium 5405U @ 2.30GHz,161.0,2286,14.198757763975156,1340,8.322981366459627,15.0,152.37,2,2019,FCBGA1528,Laptop,Other,0
Intel Pentium 1403 v2 @ 2.60GHz,244.4857000000001,2284,9.342059678746034,1391,5.68949431398237,80.0,28.55,2,2018,unknown,Server,unknown,1
AMD Opteron 3260 HE,121.10249999999996,2283,18.851799095807277,900,7.4317210627361145,45.0,50.73,2,2012,AM3+,Server,Other,1
Intel Xeon X3363 @ 2.83GHz,87.6,2283,26.06164383561644,1240,14.155251141552512,80.0,28.54,4,2013,LGA771,Server,Other,0
Intel Xeon E3-1220L V2 @ 2.30GHz,318.78999999999996,2278,7.1457699425954395,1344,4.215941528906177,17.0,134.02,2,2014,LGA1155,Server,LGA1155,1
Intel Pentium 4417U @ 2.30GHz,161.0,2276,14.136645962732919,1327,8.24223602484472,15.0,151.7,2,2019,FCBGA1356,Laptop,Other,0
Intel Core i3-6006U @ 2.00GHz,358.4475,2275,6.346815084496335,1165,3.2501272850277934,15.0,151.69,2,2016,FCBGA1356,Laptop,Other,1
Intel Xeon L3360 @ 2.83GHz,89.23,2273,25.47349546116777,1226,13.739773618738091,65.0,34.97,4,2012,LGA775,Server,LGA775,0
Intel Celeron G3930 @ 2.90GHz,179.88,2270,12.619524127195909,1794,9.973315543695797,51.0,44.51,2,2017,FCLGA1151,Desktop,FCLGA1151,0
AMD Phenom II X4 840T,58.02,2269,39.10720441227163,1274,21.95794553602206,95.0,23.88,4,2010,AM2+/AM3,Unknown,Other,0
Intel Core i5-3427U @ 1.80GHz,420.05,2269,5.401737888346625,1369,3.259135817164623,17.0,133.46,2,2012,BGA1023,Laptop,BGA1023,0
Intel Core2 Extreme Q6850 @ 3.00GHz,1495.95,2268,1.5160934523212675,1230,0.8222199939837561,130.0,17.44,4,2008,LGA775,Desktop,LGA775,0
Intel Core2 Extreme Q6800 @ 2.93GHz,1125.0,2267,2.015111111111111,1202,1.0684444444444445,75.0,30.23,4,2008,LGA775,Desktop,LGA775,0
AMD PRO A10-8700B,359.1840000000001,2262,6.297607911265533,1140,3.17386075103568,15.0,150.79,2,2015,BGA (FP4),Laptop,Other,1
AMD Phenom II X4 945,27.5,2261,82.21818181818182,1226,44.58181818181818,125.0,18.09,4,2009,AM3,Desktop,AM3,0
Intel Xeon L5430 @ 2.66GHz,227.0,2260,9.955947136563877,1154,5.083700440528634,50.0,45.21,4,2014,LGA771,Server,Other,0
Intel Core i3-4330TE @ 2.40GHz,132.77439999999996,2255,16.983695652173918,1397,10.521606574761403,35.0,64.44,2,2014,LGA1150,Desktop,LGA1150,1
Intel Xeon X3430 @ 2.40GHz,71.91,2253,31.330830204422195,991,13.78111528299263,95.0,23.71,4,2009,LGA1156,Server,Other,0
Intel Core i7-940XM @ 2.13GHz,131.57710000000012,2252,17.11544030078181,1223,9.294930500824224,55.0,40.95,4,2010,PGA988,Laptop,Other,1
Intel Core i5-2520M @ 2.50GHz,42.1,2252,53.4916864608076,1375,32.6603325415677,35.0,64.35,2,2011,PGA988B,Laptop,Other,0
AMD A10-8700P,164.06220000000002,2246,13.689929794919243,1141,6.954679383794682,35.0,64.16,2,2015,FP4,Laptop,Other,1
AMD A8-3850 APU,68.02,2244,32.990296971478976,1207,17.74478094678036,100.0,22.44,4,2011,FM1,Desktop,Other,0
AMD A8-8600P,350.7060000000001,2240,6.387116274030098,1103,3.1450844867210703,15.0,149.33,2,2015,FP4,Laptop,Other,1
Intel Celeron J3455 @ 1.50GHz,349.0,2237,6.409742120343839,806,2.30945558739255,10.0,223.66,4,2016,FCBGA1296,Desktop,Other,0
Intel Xeon X3353 @ 2.66GHz,73.5,2229,30.3265306122449,1173,15.959183673469388,80.0,27.87,4,2014,LGA775,Server,LGA775,0
AMD Phenom II X4 940,870.0,2228,2.560919540229885,1210,1.3908045977011494,125.0,17.83,4,2009,AM2+,Desktop,Other,0
Intel Core i3-5020U @ 2.20GHz,459.0,2226,4.849673202614379,1279,2.786492374727669,15.0,148.41,2,2015,FCBGA1168,Laptop,FCBGA1168,0
Intel Core i3-3225 @ 3.30GHz,200.0,2222,11.11,1688,8.44,55.0,40.4,2,2012,LGA1155,Desktop,LGA1155,0
Intel Celeron G3930TE @ 2.70GHz,42.0,2218,52.80952380952381,1706,40.61904761904762,35.0,63.38,2,2019,FCLGA1151,Desktop,FCLGA1151,0
AMD A10-9600P,316.05819999999994,2218,7.01769484227905,1064,3.366468580786704,15.0,147.88,4,2016,FP4,Laptop,Other,1
Intel Xeon X5472 @ 3.00GHz,225.0,2218,9.857777777777779,1259,5.595555555555555,120.0,18.48,4,2009,LGA771,Server,Other,0
Intel Core i5-650 @ 3.20GHz,33.98,2215,65.18540317834021,1386,40.78869923484403,73.0,30.34,2,2010,LGA1156,Desktop,Other,0
Intel Celeron G3900 @ 2.80GHz,77.95,2212,28.377164849262346,1718,22.039769082745348,51.0,43.38,2,2016,FCLGA1151,Desktop,FCLGA1151,0
Intel Core i5-4200U @ 1.60GHz,333.79940000000005,2211,6.623738688565647,1329,3.98143316015547,15.0,147.4,2,2013,BGA1168,Laptop,Other,1
Intel Xeon E5430 @ 2.66GHz,229.95,2210,9.610784953250707,1156,5.02717982170037,80.0,27.63,4,2009,LGA771,Server,Other,0
Intel Celeron G4930T @ 3.00GHz,42.0,2209,52.595238095238095,1742,41.476190476190474,35.0,63.12,2,2020,FCLGA1151,Desktop,FCLGA1151,0
Intel Celeron N6211 @ 1.20GHz,54.0,2207,40.870370370370374,1582,29.296296296296298,6.5,339.59,2,2021,FCBGA1493,Mobile/Embedded,Other,0
Intel Core i3-3220 @ 3.30GHz,39.94,2203,55.15773660490736,1725,43.189784677015524,55.0,40.05,2,2012,LGA1155,Desktop,LGA1155,0
Intel Pentium 4415U @ 2.30GHz,269.61620000000005,2202,8.167165029401051,1270,4.710399449291251,15.0,146.77,2,2017,BGA1356,Laptop,Other,1
AMD Phenom II X4 960T,28.88,2196,76.0387811634349,1290,44.66759002770083,95.0,23.12,4,2011,AM3,Desktop,AM3,0
Intel Core i5-4250U @ 1.30GHz,349.0,2196,6.292263610315186,1359,3.8939828080229226,15.0,146.37,2,2013,BGA1168,Laptop,Other,0
Intel Core2 Quad Q9500 @ 2.83GHz,49.01,2192,44.725566210977355,1217,24.83166700673332,95.0,23.08,4,2010,LGA775,Desktop,LGA775,0
Intel Core M-5Y51 @ 1.10GHz,317.12230000000005,2191,6.909006399108482,1407,4.436774077382763,4.5,486.85,2,2015,FCBGA1234,Laptop,Other,1
Intel Pentium G4400TE @ 2.40GHz,64.0,2190,34.21875,1481,23.140625,35.0,62.58,2,2018,FCLGA1151,Laptop,FCLGA1151,0
AMD Athlon II X4 638 Quad-Core,62.85,2183,34.73349244232299,1165,18.536197295147176,65.0,33.58,4,2015,FM1,Desktop,Other,0
Intel Atom C2750 @ 2.41GHz,255.16130000000015,2174,8.520100814661152,291,1.140455076847468,20.0,108.7,8,2015,BGA 1283,Server,Other,1
AMD Phenom II X4 925,21.0,2173,103.47619047619048,1156,55.04761904761905,95.0,22.87,4,2009,AM3,Desktop,AM3,0
AMD Athlon II X4 640,19.99,2171,108.60430215107554,1203,60.18009004502252,95.0,22.85,4,2010,AM3,Desktop,AM3,0
Intel Core i5-8200Y @ 1.30GHz,291.0,2169,7.453608247422681,1582,5.436426116838488,5.0,433.81,2,2018,FCBGA1515,Laptop,Other,0
Intel Core i3-5010U @ 2.10GHz,299.86,2166,7.223370906422997,1241,4.138598012405789,15.0,144.37,2,2015,FCBGA1168,Laptop,FCBGA1168,0
AMD A8-3820 APU,44.95,2165,48.16462736373748,1144,25.450500556173523,65.0,33.3,4,2012,FM1,Desktop,Other,0
Intel Pentium G3460 @ 3.50GHz,65.41,2165,33.098914539061305,1954,29.873108087448404,53.0,40.84,2,2014,LGA1150,Desktop,LGA1150,0
Intel Xeon L5520 @ 2.27GHz,49.0,2163,44.142857142857146,969,19.775510204081634,60.0,36.04,4,2010,LGA1366,Server,LGA1366,0
Intel Core m5-6Y54 @ 1.10GHz,278.6593000000001,2162,7.75857830691457,1213,4.352985886349386,7.0,308.87,2,2015,FCBGA1515,Laptop,Other,1
AMD PRO A8-8600B,260.87589999999983,2160,8.27979893888244,1096,4.201231313432942,15.0,144.03,4,2015,BGA (FP4),Laptop,Other,1
Intel Xeon X3350 @ 2.66GHz,59.99,2158,35.97266211035173,1156,19.269878313052175,95.0,22.71,4,2008,LGA775,Server,LGA775,0
AMD Athlon II X4 641 Quad-Core,12.33,2143,173.8037307380373,1192,96.67477696674777,100.0,21.43,4,2012,FM1,Desktop,Other,0
Intel Core i7-3517UE @ 1.70GHz,246.65239999999997,2141,8.680231775567561,1205,4.885417697131673,17.0,125.92,2,2012,BGA1023,Laptop,BGA1023,1
Intel Pentium N4200 @ 1.10GHz,228.71,2140,9.356827423374579,857,3.7471033186130907,6.0,356.7,4,2016,FCBGA1296,Laptop,Other,0
AMD A10-7400P,116.69830000000002,2140,18.337884956336122,1070,9.168942478168061,35.0,61.15,4,2014,FP3,Laptop,Other,1
Intel Celeron J3455E @ 1.50GHz,180.95819999999995,2139,11.820409354204456,837,4.625377573384352,10.0,213.89,4,2020,FCBGA1296,Desktop,Other,1
AMD A8-7200P,128.81320000000002,2135,16.57438833908326,1092,8.477392068514716,35.0,60.99,4,2015,FP3,Laptop,Other,1
Intel Pentium G3440 @ 3.30GHz,59.0,2129,36.08474576271186,1895,32.11864406779661,53.0,40.18,2,2014,LGA1150,Desktop,LGA1150,0
Intel Pentium G3430 @ 3.30GHz,57.99,2125,36.644249008449734,1915,33.02293498879117,54.0,39.34,2,2013,FCLGA1150,Desktop,Other,0
AMD Athlon X4 640,91.11870000000005,2115,23.21148128759518,1224,13.43302746856572,95.0,22.26,4,2010,unknown,Unknown,unknown,1
Intel Core i3-3210 @ 3.20GHz,70.0,2112,30.17142857142857,1695,24.214285714285715,55.0,38.4,2,2013,LGA1155,Desktop,LGA1155,0
Intel Celeron G3930T @ 2.70GHz,97.17,2109,21.704229700524852,1650,16.980549552330967,35.0,60.26,2,2018,FCLGA1151,Desktop,FCLGA1151,0
Intel Core2 Quad Q9450 @ 2.66GHz,35.7,2109,59.07563025210084,1126,31.540616246498598,95.0,22.2,4,2008,LGA775,Desktop,LGA775,0
AMD Athlon II X4 635,19.97,2108,105.55833750625939,1141,57.135703555333,95.0,22.19,4,2010,AM3,Desktop,AM3,0
Intel Pentium G3440T @ 2.80GHz,107.49089999999998,2107,19.60165930325265,1615,15.024527657690095,35.0,60.19,2,2014,LGA1150,Desktop,LGA1150,1
AMD 3015Ce,99.76369999999999,2105,21.099858966738406,1343,13.461810257638803,6.0,350.9,2,2021,FT5,Mobile/Embedded,Other,1
AMD Phenom II X4 B93,34.30399999999995,2104,61.33395522388068,1141,33.261427238806014,95.0,22.15,4,2010,AM3,Desktop,AM3,1
AMD Phenom II X4 820,69.95,2103,30.06433166547534,1138,16.268763402430306,95.0,22.14,4,2009,AM3,Desktop,AM3,0
Intel Atom E3950 @ 1.60GHz,251.0375999999999,2101,8.369264205840084,740,2.947765593679992,12.0,175.05,4,2016,BGA1296,Laptop,Other,1
Intel Core M-5Y31 @ 0.90GHz,281.7709,2095,7.435118388733542,1345,4.7733814953921785,4.5,465.51,2,2015,FCBGA1234,Laptop,Other,1
Intel Core i5-2415M @ 2.30GHz,76.3996,2094,27.408520463457922,1266,16.57076738621668,35.0,59.83,2,2011,BGA1023,Desktop,BGA1023,1
AMD Athlon II X4 630,48.04,2093,43.56786011656953,1138,23.688592839300583,95.0,22.04,4,2009,AM3,Desktop,AM3,0
Intel Core i3-2125 @ 3.30GHz,152.0,2093,13.769736842105264,1550,10.197368421052632,65.0,32.19,2,2011,LGA1155,Desktop,LGA1155,0
Intel Pentium G2140 @ 3.30GHz,45.0,2092,46.48888888888889,1842,40.93333333333333,55.0,38.03,2,2014,LGA1155,Desktop,LGA1155,0
Intel Pentium G3258 @ 3.20GHz,32.66,2091,64.0232700551133,1863,57.04225352112677,53.0,39.45,2,2014,FCLGA1150,Desktop,Other,0
Intel Pentium G3450 @ 3.40GHz,57.97,2091,36.070381231671554,1836,31.671554252199414,53.0,39.44,2,2014,FCLGA1150,Desktop,Other,0
Intel Core i7-3517U @ 1.90GHz,241.28529999999998,2089,8.657800537372148,1299,5.383668213521504,17.0,122.89,2,2012,BGA1023,Laptop,BGA1023,1
Intel Core i5-2435M @ 2.40GHz,94.8066000000001,2085,21.992139787736274,1300,13.712125527125734,35.0,59.57,2,2011,BGA1023,Laptop,BGA1023,1
Intel Pentium 4405U @ 2.10GHz,273.4622,2085,7.62445412930928,1211,4.428399976303855,15.0,139.01,2,2015,FCBGA1356,Laptop,Other,1
AMD Athlon II X4 631 Quad-Core,9.96,2085,209.33734939759034,1118,112.24899598393573,100.0,20.85,4,2011,FM1,Desktop,Other,0
Intel Celeron G3900T @ 2.60GHz,112.46,2085,18.539925306775743,1549,13.773786235105817,35.0,59.58,2,2016,unknown,Desktop,unknown,0
AMD Opteron 1389,145.64900000000003,2079,14.274042389580426,1102,7.566135023240803,75.0,27.72,4,2014,AM2,Server,AM2,1
AMD Athlon II X4 655,93.18610000000001,2078,22.299463117353337,1473,15.807078523513699,95.0,21.87,4,2014,AM2+ (940-pin),Unknown,Other,1
AMD Opteron 2384,1299.0,2074,1.596612779060816,1074,0.8267898383371824,75.0,27.66,4,2009,F (1207),Server,Other,0
Intel Core M-5Y71 @ 1.20GHz,281.0,2069,7.362989323843417,1334,4.747330960854092,4.5,459.8,2,2015,FCBGA1234,Laptop,Other,0
Intel Core2 Quad Q9400 @ 2.66GHz,38.01,2068,54.4067350697185,1141,30.018416206261513,95.0,21.77,4,2008,LGA775,Desktop,LGA775,0
Intel Core i5-3337U @ 1.80GHz,225.0,2067,9.186666666666667,1281,5.693333333333333,17.0,121.57,2,2013,BGA1023,Laptop,BGA1023,0
Intel Xeon E5462 @ 2.80GHz,226.0,2067,9.146017699115044,1130,5.0,80.0,25.84,4,2009,LGA771,Server,Other,0
Intel Core2 Quad Q6700 @ 2.66GHz,99.95,2062,20.63031515757879,1077,10.775387693846923,105.0,19.64,4,2008,LGA775,Desktop,LGA775,0
AMD Opteron 3250 HE,99.0,2061,20.818181818181817,1003,10.131313131313131,45.0,45.8,2,2019,AM3+,Server,Other,0
Intel Core i5-2450M @ 2.50GHz,74.02,2060,27.83031613077547,1275,17.2250743042421,35.0,58.85,2,2011,BGA1023,Laptop,BGA1023,0
AMD Opteron 4162 EE,19.99,2058,102.95147573786895,382,19.109554777388695,35.0,58.81,6,2015,F (1207),Server,Other,0
Intel Atom C2758 @ 2.40GHz,214.86,2056,9.569021688541374,333,1.5498464116168666,20.0,102.78,8,2015,BGA 1283,"Laptop, Mobile/Embedded",Other,0
AMD A6-3670 APU,176.59,2055,11.637125545047851,1129,6.393340506257433,100.0,20.55,4,2012,FM1,Desktop,Other,0
Intel Xeon X3230 @ 2.66GHz,349.95,2052,5.863694813544792,1091,3.1175882268895556,95.0,21.6,4,2009,LGA775,Server,LGA775,0
Intel Xeon L5420 @ 2.50GHz,27.5,2051,74.58181818181818,1103,40.10909090909091,50.0,41.02,4,2009,LGA771,Server,Other,0
Intel Xeon E3-1220L @ 2.20GHz,279.7164,2050,7.328851651172402,1421,5.080145461617552,20.0,102.51,2,2011,LGA1155,Server,LGA1155,1
Intel Pentium G3260 @ 3.30GHz,59.97,2049,34.167083541770886,1867,31.132232783058196,53.0,38.65,2,2015,LGA1150,Desktop,LGA1150,0
AMD Phenom II X4 910e,69.9,2044,29.241773962804004,1076,15.393419170243204,65.0,31.44,4,2010,AM3,Desktop,AM3,0
Intel Core i7-640M @ 2.80GHz,229.95,2042,8.880191345944771,1385,6.023048488801914,35.0,58.34,2,2010,BGA1288,Laptop,Other,0
Intel Core m3-6Y30 @ 0.90GHz,281.0,2041,7.263345195729538,1229,4.3736654804270465,4.5,453.53,2,2015,FCBGA1515,Laptop,Other,0
AMD A6-3650 APU,128.0,2037,15.9140625,1096,8.5625,100.0,20.37,4,2011,FM1,Desktop,Other,0
Intel Core2 Quad Q8400 @ 2.66GHz,128.88,2036,15.79764121663563,1154,8.954065797641217,95.0,21.44,4,2009,LGA775,Desktop,LGA775,0
Intel Celeron G3900E @ 2.40GHz,107.0,2034,19.009345794392523,1499,14.009345794392523,35.0,58.12,2,2017,FCBGA1440,Laptop,FCBGA1440,0
Intel Core i3-2102 @ 3.10GHz,58.0,2029,34.98275862068966,1400,24.137931034482758,65.0,31.21,2,2016,FCLGA1155,Desktop,Other,0
Intel Xeon E7- 2830 @ 2.13GHz,1779.0,2027,1.1394041596402473,559,0.31422147273749296,105.0,19.31,4,2018,LGA1567,Server,Other,0
AMD Phenom II X4 830,19.01,2022,106.36507101525513,1083,56.9700157811678,95.0,21.29,4,2010,AM2+/AM3,Unknown,Other,0
Intel Core i7-920XM @ 2.00GHz,398.95,2021,5.065797719012408,1016,2.5466850482516605,55.0,36.75,4,2009,PGA988B,Laptop,Other,0
Intel Core2 Quad Q9505 @ 2.83GHz,190.0,2020,10.631578947368421,1190,6.2631578947368425,95.0,21.26,4,2009,LGA775,Desktop,LGA775,0
Intel Core i3-5005U @ 2.00GHz,308.0,2018,6.5519480519480515,1150,3.7337662337662336,15.0,134.54,2,2015,FCBGA1168,Laptop,FCBGA1168,0
Intel Core i5-655K @ 3.20GHz,77.99,2017,25.862290037184255,1446,18.540838569047313,73.0,27.63,2,2010,LGA1156,Desktop,Other,0
Intel Pentium G3450T @ 2.90GHz,97.03159999999994,2016,20.776736650740595,1135,11.697220286999293,35.0,57.59,2,2015,LGA1150,Desktop,LGA1150,1
Intel Core i3-3240T @ 2.90GHz,83.92729999999992,2013,23.985044198967465,1540,18.349214141286584,35.0,57.5,2,2012,LGA1155,Desktop,LGA1155,1
Intel Core i5-2430M @ 2.40GHz,73.02,2007,27.485620377978638,1244,17.036428375787455,35.0,57.33,2,2011,PGA988B,Laptop,Other,0
Intel Core i7-2655LE @ 2.20GHz,336.20000000000016,1999,5.945865556216535,1231,3.661511005353954,25.0,79.95,2,2011,BGA1023,Desktop,BGA1023,1
Intel Core i7-620M @ 2.67GHz,112.87,1999,17.71064055993621,1285,11.384778949233631,35.0,57.13,2,2010,BGA1288,Laptop,Other,0
AMD Opteron 2427,55.0,1995,36.27272727272727,386,7.0181818181818185,75.0,26.6,6,2011,F (1207),Server,Other,0
Intel Core i7-2677M @ 1.80GHz,237.88210000000004,1993,8.378099907475173,1240,5.2126662745956915,17.0,117.26,2,2011,BGA1023,Laptop,BGA1023,1
Intel Pentium G3420 @ 3.20GHz,49.95,1990,39.83983983983984,1805,36.13613613613614,54.0,36.86,2,2013,FCLGA1150,Desktop,Other,0
AMD Athlon X4 750 Quad Core,94.75,1986,20.96042216358839,1338,14.121372031662268,65.0,30.55,4,2015,FM2,Desktop,Other,0
Intel Core i3-2130 @ 3.40GHz,67.15,1986,29.575577066269542,1557,23.18689501116902,65.0,30.55,2,2011,LGA1155,Desktop,LGA1155,0
Intel Xeon X3320 @ 2.50GHz,229.5,1986,8.65359477124183,1097,4.77995642701525,95.0,20.9,4,2009,LGA775,Server,LGA775,0
AMD A10-5757M APU,137.13760000000008,1985,14.474513189672262,1107,8.072184433736622,35.0,56.73,4,2013,FP2,Laptop,Other,1
Intel Xeon X5355 @ 2.66GHz,299.95,1979,6.597766294382398,1060,3.5339223203867314,120.0,16.49,4,2009,LGA771,Server,Other,0
Intel Core i3-4025U @ 1.90GHz,273.39220000000006,1974,7.220396192722395,1100,4.023523714282996,15.0,131.6,2,2014,FCBGA1168,Laptop,FCBGA1168,1
Intel Core i5-3317U @ 1.70GHz,225.0,1972,8.764444444444445,1235,5.488888888888889,17.0,116.03,2,2012,BGA1023,Laptop,BGA1023,0
AMD Athlon II X4 615e,59.0,1967,33.33898305084746,1037,17.576271186440678,45.0,43.71,4,2010,AM3,Desktop,AM3,0
Intel Core i7-3689Y @ 1.50GHz,247.3008,1967,7.953876412854305,1209,4.888783214611517,13.0,151.29,2,2013,FCBGA1023,Laptop,Other,1
Intel Core2 Quad Q9300 @ 2.50GHz,68.02,1962,28.844457512496327,1087,15.980593942957954,95.0,20.65,4,2008,LGA775,Desktop,LGA775,0
Intel Atom E3940 @ 1.60GHz,189.99460000000002,1960,10.316082667612658,676,3.557995858829672,9.5,206.32,4,2018,unknown,Laptop,unknown,1
AMD Athlon II X4 605e,19.97,1957,97.99699549323987,1005,50.325488232348526,45.0,43.49,4,2009,AM3,Desktop,AM3,0
Intel Core i5-2410M @ 2.30GHz,42.12,1954,46.39126305792973,1224,29.059829059829063,35.0,55.82,2,2010,"FCBGA1023, PPG",Laptop,Other,0
Intel Core i3-3220T @ 2.80GHz,39.99,1949,48.73718429607402,1506,37.65941485371343,35.0,55.7,2,2012,LGA1155,Desktop,LGA1155,0
Intel Core i3-4120U @ 2.00GHz,295.4693000000001,1948,6.592901529871291,1177,3.9834933781614525,15.0,129.84,2,2016,FCBGA1168,Laptop,FCBGA1168,1
Intel Xeon E5506 @ 2.13GHz,90.0,1946,21.622222222222224,941,10.455555555555556,80.0,24.33,4,2009,LGA1366,Server,LGA1366,0
AMD Phenom 9850B Quad-Core,90.87039999999999,1946,21.415114272634437,992,10.916646124590628,95.0,20.48,4,2010,unknown,Unknown,unknown,1
Intel Core i3-5015U @ 2.10GHz,292.1522000000001,1939,6.636951561549081,1071,3.665897432913391,15.0,129.29,2,2015,FCBGA1168,Laptop,FCBGA1168,1
AMD A8-3800 APU,109.95,1939,17.635288767621645,1064,9.67712596634834,65.0,29.83,4,2011,FM1,Desktop,Other,0
Intel Celeron N3450 @ 1.10GHz,185.08,1938,10.471147611843527,763,4.122541603630862,6.0,322.98,4,2016,FCBGA1296,Laptop,Other,0
AMD Athlon X4 730,131.2255,1936,14.75323012676652,562,4.282704200022099,65.0,29.78,2,2022,FM2,Desktop,Other,1
Intel Xeon X6550 @ 2.00GHz,79.0,1936,24.50632911392405,390,4.936708860759493,130.0,14.89,4,2013,LGA1567,Server,Other,0
Intel Xeon E5603 @ 1.60GHz,95.19,1935,20.327765521588404,712,7.479777287530203,80.0,24.18,4,2011,LGA1366,Server,LGA1366,0
AMD Athlon II X4 620,54.95,1934,35.19563239308462,1054,19.181073703366696,95.0,20.36,4,2009,AM3,Desktop,AM3,0
AMD A6-7480,37.42,1931,51.60342063067878,1638,43.77338321753073,65.0,29.71,2,2019,FM2+,Desktop,Other,0
Intel Xeon E5420 @ 2.50GHz,249.95,1931,7.725545109021804,1048,4.192838567713543,80.0,24.14,4,2009,LGA771,Server,Other,0
Intel Pentium G3250 @ 3.20GHz,75.0,1928,25.706666666666667,1811,24.14666666666667,53.0,36.37,2,2014,LGA1150,Desktop,LGA1150,0
Intel Xeon E5507 @ 2.27GHz,100.0,1928,19.28,997,9.97,80.0,24.1,4,2010,LGA1366,Server,LGA1366,0
Intel Xeon X3330 @ 2.66GHz,210.0,1928,9.18095238095238,1160,5.523809523809524,95.0,20.29,4,2010,LGA775,Server,LGA775,0
Intel Core i7-840QM @ 1.87GHz,338.9,1928,5.6889938034818535,1114,3.2871053408084983,45.0,42.85,4,2010,PGA988A,Laptop,Other,0
Intel Celeron G1850 @ 2.90GHz,39.99,1926,48.16204051012753,1695,42.385596399099775,54.0,35.67,2,2014,FCLGA1150,Desktop,Other,0
Intel Core i3-2120 @ 3.30GHz,27.44,1926,70.18950437317784,1517,55.28425655976676,65.0,29.62,2,2011,LGA1155,Desktop,LGA1155,0
AMD Athlon II X3 460,16.78,1924,114.66030989272943,1390,82.83671036948748,95.0,20.26,3,2011,AM3,Desktop,AM3,0
AMD Athlon 5370 APU,598.68,1923,3.212066546402085,755,1.2611077704282756,25.0,76.92,4,2016,"AM1,FS1B",Desktop,Other,0
Intel Xeon E5410 @ 2.33GHz,10.69,1923,179.88774555659495,1024,95.79045837231058,80.0,24.04,4,2009,LGA771,Server,Other,0
Intel Xeon L5410 @ 2.33GHz,100.08,1921,19.19464428457234,1029,10.281774580335732,50.0,38.42,4,2009,LGA771,Server,Other,0
Intel Pentium G3240 @ 3.10GHz,116.99,1919,16.403111377040773,1749,14.949995726130439,53.0,36.21,2,2014,FCLGA1150,Desktop,Other,0
AMD Opteron 3320 EE,548.0,1918,3.5,838,1.5291970802919708,25.0,76.72,2,2016,AM3+,Server,Other,0
Intel Core i5-580M @ 2.67GHz,99.95,1914,19.149574787393696,1266,12.666333166583291,35.0,54.67,2,2010,BGA1288,Laptop,Other,0
Intel Pentium G3420T @ 2.70GHz,159.99,1912,11.950746921682605,1570,9.813113319582474,35.0,54.61,2,2014,LGA1150,Desktop,LGA1150,0
AMD Opteron X2170 APU,344.5769,1911,5.5459318369861705,832,2.414555357599421,25.0,76.43,4,2018,FT3,Server,Other,1
AMD A10 PRO-7350B APU,248.97350000000017,1910,7.67149917561507,911,3.6590239523483397,19.0,100.55,4,2014,FP3,Laptop,Other,1
AMD A10-4600M APU,98.99,1908,19.274674209516114,1063,10.73845843014446,35.0,54.53,2,2012,FS1r2,Laptop,Other,0
Intel Core i5-3439Y @ 1.50GHz,283.71170000000006,1907,6.721612115397424,1197,4.219071684389469,13.0,146.72,2,2013,BGA1023,Desktop,BGA1023,1
Intel Core i5-4422E @ 1.80GHz,266.0,1907,7.169172932330827,1048,3.9398496240601504,25.0,76.27,2,2017,FCBGA1364,Laptop,Other,0
Intel Core M-5Y10a @ 0.80GHz,274.0619,1905,6.950984430889519,993,3.623269049802253,4.5,423.33,2,2015,FCBGA1234,Laptop,Other,1
Intel Celeron N4500 @ 1.10GHz,117.1075,1904,16.25856584761864,1282,10.947206626390281,6.0,317.25,2,2021,FCBGA1338,Mobile/Embedded,Other,1
AMD Opteron 2419 EE,74.97099999999992,1902,25.369809659735125,396,5.282042389724032,60.0,31.7,6,2014,F (1207),Server,Other,1
AMD A10-5750M APU,98.04,1902,19.400244798041616,1097,11.189310485516115,35.0,54.35,4,2013,FS1r2,Laptop,Other,0
AMD Phenom II X4 920,27.89,1899,68.08892076012907,1068,38.2932950878451,125.0,15.2,4,2009,AM2+,Desktop,Other,0
AMD Opteron 1385,45.0,1898,42.17777777777778,1035,23.0,115.0,16.51,4,2014,"AM2+,AM3",Server,Other,0
AMD Phenom II X4 905e,53.99,1895,35.09909242452306,1029,19.059085015743655,65.0,29.16,4,2009,AM3,Desktop,AM3,0
Intel Pentium G2130 @ 3.20GHz,43.64,1895,43.42346471127406,1745,39.98625114573785,55.0,34.46,2,2013,FCLGA1155,Desktop,Other,0
AMD Phenom 9950 Quad-Core,97.04,1892,19.497114591920855,1041,10.727535037098104,125.0,15.13,4,2008,AM2+,Desktop,Other,0
AMD PRO A6-8570,73.0597,1889,25.85556743320873,1638,22.420020887028002,65.0,29.06,2,2017,AM4,Desktop,AM4,1
Intel Core i5-2510E @ 2.50GHz,94.85350000000003,1889,19.91492143147063,1183,12.471864506844762,35.0,53.97,2,2011,PGA988B,Laptop,Other,1
AMD PRO A6-8550B,48.71769999999998,1885,38.69230279754588,1623,33.31438060499573,65.0,28.99,1,2016,FM2+,Desktop,Other,1
Intel Core M-5Y10 @ 0.80GHz,280.58160000000004,1885,6.718188220467771,1117,3.981016574144562,4.5,418.86,2,2014,unknown,Laptop,unknown,1
Intel Core i5-2515E @ 2.50GHz,73.9747,1882,25.441130548687592,1189,16.073062817422713,35.0,53.76,2,2011,BGA1023,Desktop,BGA1023,1
Intel Core i7-3555LE @ 2.50GHz,264.9409000000001,1880,7.0959221471656475,980,3.6989381405437953,25.0,75.2,2,2012,BGA1023,Laptop,BGA1023,1
Intel Celeron 4305UE @ 2.00GHz,184.7209,1876,10.155862168276572,1213,6.56666354483981,15.0,125.04,2,2019,FCBGA1528,"Laptop, Mobile/Embedded",Other,1
AMD PRO A6-9500,74.0,1875,25.33783783783784,1618,21.864864864864863,65.0,28.85,2,2017,AM4,Desktop,AM4,0
Intel Core i3-4030U @ 1.90GHz,278.7813000000001,1875,6.725702190211464,1025,3.6767171973156003,15.0,124.97,2,2014,FCBGA1168,Laptop,FCBGA1168,1
AMD Athlon II X4 610e,17.9,1871,104.52513966480448,999,55.81005586592179,45.0,41.59,4,2010,AM3,Desktop,AM3,0
Intel Core i3-2105 @ 3.10GHz,113.0,1871,16.557522123893804,1387,12.274336283185841,65.0,28.78,2,2011,LGA1155,Desktop,LGA1155,0
Intel Pentium G2120 @ 3.10GHz,74.99,1870,24.93665822109615,1708,22.77637018269103,55.0,34.0,2,2012,FCLGA1155,Desktop,Other,0
AMD A6-9500,75.42,1864,24.714929726862902,1618,21.45319543887563,65.0,28.68,2,2016,AM4,Desktop,AM4,0
AMD Opteron 2378,14.49,1864,128.64044168391993,936,64.59627329192547,75.0,24.86,4,2009,F (1207),Server,Other,0
Intel Core i5-4230U @ 1.90GHz,229.31300000000002,1853,8.080658314181925,1620,7.0645798537370315,15.0,123.55,2,2018,FCBGA1364,Laptop,Other,1
Intel Pentium 1403 @ 2.60GHz,78.13969999999993,1851,23.688342801418504,990,12.66961608503745,80.0,23.14,2,2013,LGA1356,Server,Other,1
Intel Celeron G3900TE @ 2.30GHz,67.66,1850,27.342595329589123,1402,20.721253325450785,35.0,52.86,2,2018,FCLGA1151,Laptop,FCLGA1151,0
AMD Phenom II X4 810,213.0,1849,8.68075117370892,1018,4.779342723004695,95.0,19.46,4,2009,AM3,Desktop,AM3,0
Intel Pentium G3220 @ 3.00GHz,64.8,1849,28.533950617283953,1695,26.15740740740741,54.0,34.24,2,2013,FCLGA1150,Desktop,Other,0
Intel Core i3-4100E @ 2.40GHz,225.0,1848,8.213333333333333,1390,6.177777777777778,37.0,49.96,2,2021,FCBGA1364,Mobile/Embedded,Other,0
Intel Core i3-2310E @ 2.10GHz,225.0,1845,8.2,733,3.2577777777777777,35.0,52.73,2,2012,FCBGA1023,Laptop,Other,0
Intel Core2 Extreme Q9300 @ 2.53GHz,367.4593999999999,1845,5.020962860114615,1046,2.8465729819403185,45.0,41.0,4,2008,PGA478,Desktop,PGA478,1
AMD Phenom II X3 B77,22.29,1844,82.72768057424855,1310,58.77074921489457,95.0,19.41,3,2012,AM2+/AM3,Unknown,Other,0
AMD Phenom II X4 805,173.99,1844,10.598310247715386,999,5.741709293637565,95.0,19.42,4,2009,AM3,Desktop,AM3,0
AMD A8-5550M APU,115.26700000000004,1844,15.997640261306353,1030,8.935775200187388,35.0,52.69,4,2013,FS1r2,Laptop,Other,1
AMD A6-9500E,74.45,1841,24.728005372733378,1478,19.852249832102082,35.0,52.59,2,2018,AM4,Desktop,AM4,0
Intel Xeon X3323 @ 2.50GHz,19.36,1837,94.88636363636364,1059,54.7004132231405,80.0,22.96,4,2014,LGA775,Server,LGA775,0
AMD FX-7500 APU,214.72720000000015,1835,8.545726857147109,907,4.223964174077618,19.0,96.56,4,2014,FP3,Laptop,Other,1
AMD Athlon II X3 455,39.99,1832,45.8114528632158,1343,33.58339584896224,95.0,19.29,3,2010,AM3,Desktop,AM3,0
Intel Core i5-560M @ 2.67GHz,88.92,1832,20.602789023841655,1238,13.922627080521817,35.0,52.35,2,2010,BGA1288,Laptop,Other,0
AMD A6-3620 APU,22.49,1830,81.36949755446865,987,43.886171631836376,65.0,28.16,4,2012,FM1,Desktop,Other,0
Intel Core i3-3130M @ 2.60GHz,71.27659999999995,1824,25.590446233406215,1067,14.96984985254629,35.0,52.13,2,2013,BGA1023,Laptop,BGA1023,1
Intel Core i3-2330E @ 2.20GHz,75.46939999999991,1823,24.155485534534556,1063,14.08517889369733,35.0,52.1,2,2014,rPGA988,Desktop,Other,1
Intel Core M-5Y10c @ 0.80GHz,281.0,1822,6.483985765124555,1080,3.8434163701067616,4.5,404.97,2,2015,FCBGA1234,Laptop,Other,0
Intel Core i3-2100 @ 3.10GHz,116.19,1819,15.655392030295207,1426,12.273001118857044,65.0,27.98,2,2011,LGA1155,Desktop,LGA1155,0
Intel Xeon X3220 @ 2.40GHz,66.14,1819,27.50226791654067,942,14.242515875415785,105.0,17.32,4,2009,LGA775,Server,LGA775,0
Intel Core i7-610E @ 2.53GHz,98.66300000000005,1818,18.42636043907036,1400,14.18971650973515,35.0,51.93,2,2011,BGA1288,Laptop,Other,1
Intel Core i5-4302Y @ 1.60GHz,237.0171000000001,1817,7.666113542018695,1084,4.573509675040322,11.5,158.0,2,2014,FCBGA1168,Desktop,FCBGA1168,1
AMD A8-6500T APU,59.95,1816,30.291909924937446,1048,17.481234361968305,45.0,40.35,2,2014,FM2,Desktop,Other,0
Intel Xeon E5345 @ 2.33GHz,39.99,1814,45.36134033508377,947,23.680920230057513,80.0,22.68,4,2008,LGA771,Server,Other,0
Intel Core2 Quad Q8300 @ 2.50GHz,34.3,1814,52.886297376093296,1059,30.87463556851312,95.0,19.1,4,2009,LGA775,Desktop,LGA775,0
Intel Core i7-2637M @ 1.70GHz,214.11240000000006,1811,8.458174304710981,1130,5.277601857715852,17.0,106.52,2,2011,BGA1023,Laptop,BGA1023,1
AMD Athlon X4 620,64.95,1810,27.867590454195533,1033,15.904541955350268,95.0,19.06,4,2009,unknown,Unknown,unknown,0
AMD Athlon II X3 445,15.21,1808,118.86916502301116,1282,84.28665351742275,95.0,19.03,3,2010,AM3,Desktop,AM3,0
Intel Core M-5Y70 @ 1.10GHz,232.05200000000005,1807,7.787047730681053,1049,4.52053849999138,4.5,401.46,2,2014,BGA1234,Laptop,Other,1
AMD Phenom 9750 Quad-Core,48.02,1804,37.5676801332778,942,19.61682632236568,125.0,14.43,4,2008,AM2+,Desktop,Other,0
AMD A8-7410 APU,214.50340000000008,1801,8.396137310644024,799,3.724882682512257,25.0,72.06,4,2015,unknown,Laptop,unknown,1
AMD A6-7470K,35.22,1799,51.07893242475866,1576,44.747302668938104,65.0,27.68,1,2016,FM2+,Desktop,Other,0
AMD Opteron 1381,69.60669999999993,1797,25.81648031008512,1011,14.524463880632194,75.0,23.96,4,2012,AM3,Server,AM3,1
Intel Core2 Quad Q8200 @ 2.33GHz,63.99,1797,28.082512892639475,1014,15.84622597280825,95.0,18.92,4,2008,LGA775,Desktop,LGA775,0
AMD Phenom II X940 Quad-Core,132.9858,1797,13.51272090704421,785,5.902885872025434,45.0,39.94,4,2014,S1,Laptop,S1,1
AMD GX-420MC SOC,215.54240000000016,1796,8.332467301097132,695,3.224423593687365,17.5,102.64,4,2014,FTB3b,Laptop,Other,1
AMD Athlon X4 530,189.05450000000008,1786,9.447011311553014,690,3.649741212190134,25.0,71.42,4,2021,AM1,Desktop,Other,1
Snapdragon 835,116.8117,1784,15.272442743321088,1016,8.697758871756854,9.0,198.26,8,2021,unknown,Unknown,unknown,1
AMD Athlon X3 455,45.209399999999995,1783,39.43870080116083,1227,27.140373462156102,95.0,18.77,3,2012,AM2+/AM3,Unknown,Other,1
Intel Core i7-740QM @ 1.73GHz,99.95,1782,17.828914457228613,1009,10.095047523761881,45.0,39.59,4,2010,PGA988A,Laptop,Other,0
AMD Athlon X3 435,95.49,1781,18.65116766153524,1192,12.482982511257724,95.0,18.75,3,2009,unknown,Unknown,unknown,0
Intel Core2 Quad Q6600 @ 2.40GHz,95.6,1778,18.598326359832637,958,10.02092050209205,105.0,16.93,4,2008,LGA775,Desktop,LGA775,0
AMD A8-6410 APU,179.86320000000015,1777,9.879730817643622,787,4.375547638427424,15.0,118.45,4,2014,BGA769 (FT3b),Laptop,Other,1
AMD Phenom II X4 910,100.0,1776,17.76,988,9.88,95.0,18.7,4,2009,AM3,Desktop,AM3,0
AMD A8-5557M APU,88.18789999999996,1774,20.11613838179615,1084,12.291935741751425,35.0,50.68,4,2013,FP2,Laptop,Other,1
AMD R-464L APU,84.19289999999994,1773,21.05878286648876,1123,13.338416897386844,35.0,50.65,4,2012,FS1r2,Unknown,Other,1
Intel Core i7-820QM @ 1.73GHz,129.0,1768,13.705426356589147,1029,7.976744186046512,45.0,39.29,4,2009,PGA988A,Laptop,Other,0
AMD Phenom II N830 3+1,123.45490000000004,1768,14.321019254804787,935,7.573615952060224,35.0,50.52,4,2014,S1,Laptop,S1,1
AMD GX-420CA SOC,138.85290000000003,1767,12.725697482731722,669,4.818048452715066,25.0,70.69,4,2013,FT3 (769-BGA),Laptop,Other,1
Intel Core2 Quad Q9100 @ 2.26GHz,385.89,1764,4.571250874601571,930,2.4100132162015084,45.0,39.2,4,2009,PGA478,Laptop,PGA478,0
AMD Athlon II X3 450,28.02,1763,62.91934332619557,1292,46.10992148465382,95.0,18.56,3,2010,AM3,Desktop,AM3,0
Intel Xeon L5408 @ 2.13GHz,73.21419999999993,1761,24.052711086100807,935,12.770746658435124,40.0,44.04,4,2014,LGA771,Server,Other,1
AMD A10-4657M APU,93.5596,1759,18.800849939503802,940,10.04707159928003,35.0,50.27,4,2013,FP2,Laptop,Other,1
Intel Celeron G1840 @ 2.80GHz,69.0,1758,25.47826086956522,1612,23.36231884057971,53.0,33.17,2,2014,FCLGA1150,Desktop,Other,0
Intel Atom C3538 @ 2.10GHz,75.0,1756,23.413333333333334,669,8.92,15.0,117.06,4,2018,FCBGA1310,Server,Other,0
Intel Pentium G3240T @ 2.70GHz,67.90049999999992,1755,25.846643250049734,1558,22.945339135941587,35.0,50.14,2,2014,LGA1150,Desktop,LGA1150,1
Intel Pentium G3260T @ 2.90GHz,49.99,1755,35.10702140428086,1568,31.366273254650928,35.0,50.13,2,2015,LGA1150,Desktop,LGA1150,0
Intel Core i5-540M @ 2.53GHz,48.99,1752,35.762400489895896,1133,23.127168809961216,35.0,50.06,2,2010,BGA1288,Laptop,Other,0
Intel Core i3-4000M @ 2.40GHz,58.11,1744,30.01204611942867,1269,21.837893649974188,37.0,47.13,2,2013,FCPGA946,Laptop,Other,0
AMD A10-5745M APU,113.77350000000006,1738,15.275964965479652,975,8.569658136560795,25.0,69.53,4,2013,FP2,Laptop,Other,1
AMD Athlon 5350 APU,129.0,1737,13.465116279069768,698,5.410852713178294,25.0,69.48,4,2014,"AM1,FS1B",Desktop,Other,0
AMD Phenom 9600B Quad-Core,39.95,1736,43.45431789737171,937,23.454317897371713,95.0,18.27,4,2009,AM2+,Desktop,Other,0
AMD A6-7310 APU,151.71740000000005,1736,11.442326325128162,787,5.18727581674877,25.0,69.45,4,2015,unknown,Laptop,unknown,1
AMD GX-424CC SOC,133.69920000000005,1735,12.976891409971035,799,5.9761015772719634,25.0,69.38,4,2014,FT3b,Laptop,Other,1
AMD Opteron 2356,89.95,1733,19.266259032795997,849,9.43857698721512,75.0,23.1,4,2009,F (1207),Server,Other,0
Intel Core i5-2557M @ 1.70GHz,166.95190000000005,1732,10.374245516223532,1048,6.277257102195301,17.0,101.86,2,2011,BGA1023,Laptop,BGA1023,1
Intel Pentium G3250T @ 2.80GHz,49.99,1726,34.52690538107621,1568,31.366273254650928,35.0,49.3,2,2015,LGA1150,Desktop,LGA1150,0
AMD Athlon II X3 440,14.76,1718,116.39566395663957,1220,82.65582655826559,95.0,18.09,3,2010,AM3,Desktop,AM3,0
Intel Core i3-4158U @ 2.00GHz,128.48790000000002,1718,13.370908856009008,1005,7.8217481957445,28.0,61.36,2,2014,FCBGA1168,Laptop,FCBGA1168,1
AMD A10-7300 APU,148.76950000000008,1715,11.527900544130343,847,5.693371289141925,19.0,90.29,4,2014,FP3,Laptop,Other,1
AMD Athlon II X4 600e,19.99,1711,85.59279639819911,913,45.67283641820911,45.0,38.02,4,2009,AM3,Desktop,AM3,0
Intel Pentium G2030 @ 3.00GHz,29.0,1711,59.0,1599,55.13793103448276,55.0,31.11,2,2013,FCLGA1155,Desktop,Other,0
Intel Celeron G1630 @ 2.80GHz,69.99,1707,24.38919845692242,1553,22.18888412630376,55.0,31.04,2,2013,FCLGA1155,Desktop,Other,0
AMD PRO A6-8500B,165.7333,1704,10.281578898145392,1365,8.236123941296045,15.0,113.6,2,2016,FP4,Laptop,Other,1
AMD Opteron 1356,89.99,1703,18.924324924991666,918,10.201133459273253,75.0,22.7,4,2009,AM2,Server,AM2,0
AMD PRO A4-3350B APU,183.7712000000001,1702,9.261516494423494,779,4.238966715132728,15.0,113.44,4,2016,FT3b,Laptop,Other,1
AMD Phenom 9650 Quad-Core,39.99,1699,42.48562140535134,924,23.105776444111026,95.0,17.89,4,2008,AM2+,Desktop,Other,0
AMD Phenom FX-5200 Quad-Core,67.87629999999992,1699,25.03082813883494,919,13.539335526538736,65.0,26.14,4,2010,AM3,Unknown,AM3,1
Intel Pentium 4425Y @ 1.70GHz,161.0,1697,10.540372670807454,967,6.0062111801242235,6.0,282.8,2,2020,FCBGA1515,Laptop,Other,0
Intel Core i3-560 @ 3.33GHz,36.97,1696,45.87503381119827,1379,37.30051393021369,73.0,23.23,2,2010,LGA1156,Desktop,Other,0
Intel Atom x6211E @ 1.20GHz,35.0,1695,48.42857142857143,1304,37.25714285714286,6.0,282.52,2,2021,FCBGA1493,Mobile/Embedded,Other,0
Intel Celeron 4305U @ 2.20GHz,107.0,1694,15.83177570093458,1378,12.878504672897197,15.0,112.91,2,2021,FCBGA1528,Mobile/Embedded,Other,0
Intel Celeron 3965U @ 2.20GHz,107.0,1692,15.813084112149532,1356,12.672897196261681,15.0,112.82,2,2017,FCBGA1356,Laptop,Other,0
Intel Pentium G2100T @ 2.60GHz,77.72469999999997,1691,21.756275675557458,1460,18.78424747860076,35.0,48.33,2,2016,LGA1155,Desktop,LGA1155,1
Intel Celeron J4025 @ 2.00GHz,132.95329999999998,1688,12.69618730787427,1234,9.281454465590551,10.0,168.79,2,2020,FCBGA1090,Desktop,Other,1
Intel Core i7-2617M @ 1.50GHz,170.91340000000002,1687,9.870495818350111,1092,6.389200612707955,17.0,99.22,2,2011,BGA1023,Laptop,BGA1023,1
AMD A4-6250J APU,123.96990000000001,1685,13.592009027997925,700,5.646531940414568,25.0,67.4,4,2014,unknown,Unknown,unknown,1
Intel Pentium G2020 @ 2.90GHz,50.0,1684,33.68,1566,31.32,55.0,30.61,2,2013,FCLGA1155,Desktop,Other,0
Intel Core i5-520M @ 2.40GHz,28.02,1683,60.06423982869379,1083,38.650963597430405,35.0,48.09,2,2010,BGA1288,Laptop,Other,0
AMD Phenom 9850 Quad-Core,129.99,1680,12.924071082390952,925,7.115931994768828,125.0,13.44,4,2008,AM2+,Desktop,Other,0
AMD PRO A6-7350B,136.6992,1679,12.282442033311096,1535,11.229034259161722,15.0,111.93,2,2018,FMA4,Laptop,Other,1
Intel Xeon L5335 @ 2.00GHz,18.79,1678,89.30282064928154,827,44.012772751463544,50.0,33.56,4,2007,LGA771,Server,Other,0
Intel Celeron 6305E @ 1.80GHz,107.0,1675,15.654205607476635,1083,10.121495327102803,15.0,111.68,2,2021,FCBGA1449,Mobile/Embedded,Other,0
AMD Athlon II X3 435,159.95,1670,10.440762738355737,1188,7.427321037824321,95.0,17.58,3,2009,AM3,Desktop,AM3,0
Intel Celeron G1820 @ 2.70GHz,62.3,1670,26.80577849117175,1520,24.398073836276083,53.0,31.51,2,2014,FCLGA1150,Desktop,Other,0
AMD Phenom II X920 Quad-Core,117.21530000000001,1669,14.238755520823645,944,8.053556148386772,45.0,37.09,4,2010,S1,Laptop,S1,1
AMD A6-6310 APU,179.74280000000022,1666,9.268799640375013,750,4.172628889724646,15.0,111.06,4,2014,FT3,Laptop,Other,1
Intel Xeon E5405 @ 2.00GHz,59.0,1664,28.203389830508474,877,14.864406779661017,80.0,20.8,4,2009,LGA771,Server,Other,0
AMD A4-7210 APU,162.9412000000001,1663,10.206135710305306,725,4.449457841233522,25.0,66.53,4,2015,BGA,Laptop,Other,1
AMD PRO A6-9500E,74.0,1662,22.45945945945946,1493,20.175675675675677,35.0,47.5,2,2017,AM4,Desktop,AM4,0
Intel Core i7-720QM @ 1.60GHz,99.95,1661,16.61830915457729,965,9.654827413706853,45.0,36.92,4,2009,PGA988A,Laptop,Other,0
Intel Core i3-4030Y @ 1.60GHz,197.36850000000024,1654,8.380263314561331,901,4.565064840640725,11.5,143.85,2,2014,FCBGA1168,Laptop,FCBGA1168,1
AMD A6-5200 APU,136.54060000000004,1653,12.106289264877988,659,4.826403282247184,25.0,66.1,4,2013,FT3,Laptop,Other,1
AMD A4 PRO-3340B,162.97030000000007,1652,10.136816340155226,657,4.031409404044784,25.0,66.1,4,2015,BGA769 (FT3),Laptop,Other,1
AMD Phenom X4 Quad-Core GP-9600,85.98909999999995,1649,19.17684915878874,764,8.8848470329379,95.0,17.36,4,2009,AM2+,Desktop,Other,1
AMD A6-3600 APU,24.95,1649,66.09218436873748,896,35.91182364729459,65.0,25.37,4,2011,FM1,Desktop,Other,0
Intel Core i3-4010U @ 1.70GHz,124.95,1647,13.181272509003602,905,7.242897158863546,15.0,109.77,2,2013,BGA1168,Laptop,Other,0
AMD Phenom II N970 Quad-Core,149.99,1647,10.980732048803253,902,6.0137342489499295,35.0,47.05,4,2011,S1,Laptop,S1,0
AMD A8-7100 APU,148.9471000000001,1644,11.037475721245993,847,5.686582686067735,19.0,86.54,4,2014,FP3,Laptop,Other,1
AMD A6 PRO-7400B,51.382799999999925,1641,31.936757047105303,1494,29.075877531002636,65.0,25.24,1,2014,FM2+,Desktop,Other,1
Intel Core i3-3120M @ 2.50GHz,129.0,1641,12.720930232558139,1270,9.844961240310077,35.0,46.89,2,2012,PGA988,Laptop,Other,0
AMD A10-4655M APU,131.6108000000001,1637,12.438188963215776,902,6.853540894820177,25.0,65.48,2,2012,FP2,Laptop,Other,1
AMD Phenom 9550 Quad-Core,29.99,1636,54.5515171723908,873,29.109703234411473,95.0,17.23,4,2008,AM2+,Desktop,Other,0
AMD Opteron 2373 EE,97.7316,1635,16.729491791805312,814,8.328933528152614,60.0,27.25,4,2018,F (1207),Server,Other,1
Intel Core i3-4005U @ 1.70GHz,194.46010000000024,1634,8.402752029850843,902,4.638483678656953,15.0,108.96,2,2014,FCBGA1168,Laptop,FCBGA1168,1
Intel Core i3-2100T @ 2.50GHz,49.13,1634,33.258701404437204,1183,24.078974150213718,35.0,46.69,2,2011,LGA1155,Desktop,LGA1155,0
AMD Embedded R-Series RX-216GD,118.9933,1628,13.681442568615207,1313,11.034234700609193,15.0,108.54,2,2017,BGA (FP4),"Laptop, Mobile/Embedded",Other,1
AMD A8-4500M APU,69.95,1624,23.216583273766975,887,12.68048606147248,35.0,46.4,2,2012,FS1r2,Laptop,Other,0
Intel Pentium G3320TE @ 2.30GHz,58.33649999999999,1623,27.821346841171486,1314,22.52449152760279,35.0,46.38,2,2014,FCLGA1150,Desktop,Other,1
AMD Opteron 1354,238.01,1620,6.806436704340154,864,3.630099575648082,75.0,21.6,4,2009,AM2,Server,AM2,0
AMD Phenom 9600 Quad-Core,39.95,1619,40.52565707133917,904,22.62828535669587,95.0,17.04,4,2008,AM2+,Desktop,Other,0
Intel Core i5 E 520 @ 2.40GHz,63.75369999999995,1619,25.39460454844191,1032,16.187295796165568,35.0,46.26,2,2010,BGA1288,Desktop,Other,1
AMD A6-6400B APU,52.68839999999996,1616,30.67088770962871,1608,30.519051631858268,65.0,24.85,1,2014,FM2,Desktop,Other,1
Intel Celeron G1820T @ 2.40GHz,42.0,1614,38.42857142857143,1396,33.23809523809524,35.0,46.11,2,2014,LGA1150,Desktop,LGA1150,0
Intel Pentium G2120T @ 2.70GHz,77.61359999999995,1613,20.782440190894395,1493,19.23631940793883,35.0,46.09,2,2020,FCLGA1155,Desktop,Other,1
Intel Celeron N4000C @ 1.10GHz,137.08880000000002,1611,11.751507052363138,1150,8.388723221736566,6.0,268.43,2,2019,FCBGA1090,Laptop,Other,1
AMD A8-5545M APU,142.6308000000001,1611,11.294895632640348,880,6.169775392131288,19.0,84.78,4,2013,FP2,Laptop,Other,1
Intel Core i3-3110M @ 2.40GHz,69.95,1609,23.002144388849178,1255,17.941386704789135,35.0,45.96,2,2012,BGA1023,Laptop,BGA1023,0
Intel Celeron 2000E @ 2.20GHz,120.11399999999999,1607,13.378956657841718,1282,10.673193799224071,37.0,43.43,2,2017,FCBGA1364,Laptop,Other,1
AMD A6-8550,61.80349999999992,1604,25.953222713924003,1474,23.849781970276794,65.0,24.68,2,2015,FM2+,Desktop,Other,1
Intel Pentium 4415Y @ 1.60GHz,161.0,1600,9.937888198757763,899,5.583850931677019,6.0,266.6,2,2018,FCBGA1515,Laptop,Other,0
AMD Phenom FX-5000 Quad-Core,56.35919999999996,1599,28.371587957245687,826,14.6559922781019,65.0,24.61,4,2009,AM2+,Unknown,Other,1
Intel Xeon X3210 @ 2.13GHz,185.71,1599,8.610198696893004,875,4.711647191858273,105.0,15.23,4,2008,LGA775,Server,LGA775,0
Intel Core i5-4220Y @ 1.60GHz,173.68830000000005,1591,9.160087351882652,952,5.481083066619915,11.5,138.33,2,2015,FCBGA1364,Laptop,Other,1
Intel Core i3-550 @ 3.20GHz,18.46,1588,86.02383531960996,1342,72.69772481040086,73.0,21.75,2,2010,LGA1156,Desktop,Other,0
AMD A6-7400K APU,69.99,1587,22.6746678096871,1422,20.317188169738536,65.0,24.42,2,2014,FM2+,Desktop,Other,0
Intel Celeron J4005 @ 2.00GHz,168.75,1581,9.36888888888889,1119,6.631111111111111,10.0,158.14,2,2018,FCBGA1090,Desktop,Other,0
AMD A8-3550MX APU,100.29429999999996,1579,15.74366638981478,938,9.352475664120497,45.0,35.09,4,2012,FS1,Laptop,Other,1
AMD Athlon II X3 425,58.34,1576,27.01405553651011,1105,18.940692492286594,95.0,16.59,3,2009,AM3,Desktop,AM3,0
Intel Celeron G1840T @ 2.50GHz,69.92549999999991,1576,22.53827287613248,1431,20.464637364051764,35.0,45.02,2,2015,LGA1150,Desktop,LGA1150,1
Intel Celeron N4020 @ 1.10GHz,135.6088,1570,11.577419754470212,1170,8.627758670528756,6.0,261.73,2,2020,FCBGA1090,Laptop,Other,1
AMD A8-3530MX APU,106.09080000000002,1570,14.798644180268221,933,8.794353516044746,45.0,34.89,4,2011,FS1,Laptop,Other,1
Intel Core i5-3339Y @ 1.50GHz,154.67500000000004,1569,10.143850008081458,898,5.805721674478744,13.0,120.67,2,2013,BGA1023,Desktop,BGA1023,1
ZHAOXIN KaiXian KX-6640MA@2.2+GHz,140.98070000000004,1566,11.107903422241481,722,5.121268372195625,70.0,22.36,4,2020,unknown,Unknown,unknown,1
Intel Pentium G3220T @ 2.60GHz,69.95,1564,22.358827734095783,1447,20.686204431736954,35.0,44.68,2,2014,LGA1150,Desktop,LGA1150,0
AMD A4-6320 APU,69.99,1563,22.331761680240035,1550,22.146020860122878,65.0,24.05,1,2014,FM2,Desktop,Other,0
AMD Embedded G-Series GX-420GI Radeon R7E,124.9459,1561,12.493407146613055,854,6.834958169895931,16.1,96.94,4,2017,FP4,"Laptop, Mobile/Embedded",Other,1
AMD Phenom II X3 B75,49.95,1560,31.23123123123123,1161,23.243243243243242,95.0,16.42,3,2009,AM3,Desktop,AM3,0
Intel Celeron G1830 @ 2.80GHz,89.0,1560,17.528089887640448,1513,17.0,53.0,29.44,2,2014,LGA1150,Desktop,LGA1150,0
Intel Core i5-4200Y @ 1.40GHz,143.3332,1558,10.869777553281445,944,6.586052638188501,11.5,135.47,2,2013,BGA1168,Desktop,Other,1
AMD Phenom II N930 Quad-Core,129.95,1558,11.98922662562524,825,6.348595613697577,35.0,44.5,4,2010,S1,Laptop,S1,0
AMD Athlon II X3 420e,116.15,1557,13.405079638398622,1058,9.108910891089108,45.0,34.6,3,2011,AM3,Desktop,AM3,0
AMD A8 PRO-7150B APU,150.24630000000008,1557,10.362983980304335,789,5.251377238574259,19.0,81.94,4,2014,FP3,Laptop,Other,1
AMD Phenom II X3 710,169.0,1554,9.195266272189349,1069,6.325443786982248,95.0,16.36,3,2009,AM3,Desktop,AM3,0
Intel Pentium 3560M @ 2.40GHz,127.55000000000001,1552,12.167777342218736,1421,11.140729125833005,37.0,41.95,2,2015,FCPGA946,Laptop,Other,1
AMD PRO A4-8350B,28.99,1552,53.53570196619524,1365,47.08520179372198,65.0,23.87,1,2016,FM2+,Desktop,Other,0
AMD A6-6420B APU,56.58729999999994,1550,27.391305116165668,1629,28.7873780866025,65.0,23.84,1,2014,FM2,Desktop,Other,1
Intel Xeon E5335 @ 2.00GHz,17.77,1549,87.1693866066404,817,45.97636465953855,80.0,19.36,4,2009,LGA771,Server,Other,0
AMD A4 PRO-7350B,47.96609999999996,1544,32.18940043072089,1438,29.979506359699894,65.0,23.75,1,2014,FM2+,Desktop,Other,1
Intel Pentium G2010 @ 2.80GHz,22.97,1541,67.08750544188072,1473,64.12712233347845,55.0,28.01,2,2013,FCLGA1155,Desktop,Other,0
AMD Phenom II X3 B73,75.0,1538,20.506666666666668,1056,14.08,95.0,16.19,3,2010,AM3,Desktop,AM3,0
AMD A6-6420K APU,149.99,1538,10.254016934462296,1557,10.380692046136408,65.0,23.67,2,2014,FM2,Desktop,Other,0
Intel Core i5-4210Y @ 1.50GHz,156.1296,1537,9.84438568983716,1008,6.45617487010791,11.0,139.76,2,2013,BGA1168,Desktop,Other,1
Intel Pentium G2030T @ 2.60GHz,130.5,1535,11.762452107279694,1441,11.042145593869732,35.0,43.85,2,2014,LGA1155,Desktop,LGA1155,0
AMD E2-7110 APU,235.14800000000002,1529,6.502287920798816,615,2.615374147345501,15.0,101.91,4,2015,FP4 BGA,Laptop,Other,1
Intel Xeon E5504 @ 2.00GHz,64.0,1529,23.890625,838,13.09375,80.0,19.11,4,2009,LGA1366,Server,LGA1366,0
AMD Opteron X3216 APU,126.6584,1525,12.040259469565383,1294,10.216456231880397,15.0,101.66,2,2017,unknown,Server,unknown,1
AMD A9-9425,119.55,1524,12.747804265997491,1342,11.2254286909243,15.0,101.58,2,2018,BGA (FT4),Laptop,Other,1
Intel Xeon X5270 @ 3.50GHz,90.00580000000002,1524,16.932242144395136,1485,16.498936735188174,80.0,19.05,2,2014,LGA771,Server,Other,1
AMD Phenom 9750B Quad-Core,47.31009999999993,1520,32.12844614574905,913,19.298204823071636,95.0,16.0,4,2009,AM2+,Desktop,Other,1
Intel Pentium 4405Y @ 1.50GHz,212.98860000000008,1518,7.127142016051561,868,4.075335487439232,6.0,253.04,2,2016,FCBGA1515,Laptop,Other,1
Intel Core i3-540 @ 3.07GHz,179.95,1516,8.424562378438456,1264,7.02417338149486,73.0,20.77,2,2010,LGA1156,Desktop,Other,0
AMD Athlon X3 425,89.68669999999995,1516,16.903286663462932,845,9.421686827589827,95.0,15.96,3,2010,unknown,Unknown,unknown,1
AMD A9-9420,146.2505,1515,10.358938943798483,1318,9.011935001931619,15.0,100.99,2,2017,unknown,Laptop,unknown,1
AMD Phenom 9500 Quad-Core,29.99,1512,50.41680560186729,849,28.309436478826278,95.0,15.92,4,2008,AM2+,Desktop,Other,0
AMD Opteron 2354,285.19,1509,5.291209369192468,857,3.0050142010589433,115.0,13.12,4,2013,F (1207),Server,Other,0
Intel Celeron G1620T @ 2.40GHz,42.0,1507,35.88095238095238,1321,31.452380952380953,35.0,43.05,2,2014,LGA1155,Desktop,LGA1155,0
AMD Phenom II X4 900e,72.89499999999992,1505,20.64613485149875,917,12.579737979285285,65.0,23.15,4,2010,AM3,Desktop,AM3,1
AMD A9-9410,145.5789,1504,10.331167497487616,1317,9.046640687627121,25.0,60.15,2,2016,FP4,Laptop,Other,1
AMD Athlon X2 370K Dual Core,65.65469999999996,1504,22.9077278549746,1514,23.060039875286932,65.0,23.14,1,2013,unknown,Unknown,unknown,1
AMD Phenom 9350e Quad-Core,3382.07,1501,0.4438110388016806,792,0.23417611107990077,65.0,23.1,4,2009,AM2+,Desktop,Other,0
Intel Celeron 2970M @ 2.20GHz,123.73450000000007,1501,12.130812344172394,1245,10.061866334773239,37.0,40.55,2,2014,FCPGA946,Laptop,Other,1
AMD PRO A6-8530B,126.3106,1498,11.85965390078109,1271,10.062496734240833,15.0,99.88,2,2017,FP4,Laptop,Other,1
Intel Pentium G870 @ 3.10GHz,77.0,1495,19.415584415584416,1464,19.01298701298701,65.0,22.99,2,2012,FCLGA1155,Desktop,Other,0
AMD A4-7300 APU,19.69,1492,75.77450482478415,1484,75.36820721178263,65.0,22.95,1,2014,FM2,Desktop,Other,0
Intel Celeron 3955U @ 2.00GHz,168.21509999999998,1490,8.857706591144316,1202,7.145612968158032,15.0,99.34,2,2016,FCBGA1356,Laptop,Other,1
AMD PRO A6-8570E,77.845,1489,19.12775386986961,1216,15.620784893056715,35.0,42.55,2,2017,unknown,Desktop,unknown,1
Intel Celeron 3867U @ 1.80GHz,107.0,1488,13.906542056074766,1097,10.25233644859813,15.0,99.18,2,2019,FCBGA1356,Laptop,Other,0
Intel Core i3-2120T @ 2.60GHz,133.89,1486,11.098663081634179,1144,8.544327432967362,35.0,42.47,2,2011,LGA1155,Desktop,LGA1155,0
AMD A4 PRO-7300B APU,52.70319999999998,1481,28.100760485131843,1522,28.878701862505512,65.0,22.78,1,2014,unknown,Desktop,unknown,1
Intel Core2 Quad Q9000 @ 2.00GHz,389.0,1480,3.8046272493573263,879,2.2596401028277633,45.0,32.89,4,2009,PGA478,Laptop,PGA478,0
Intel Core i5-4300Y @ 1.60GHz,144.10620000000003,1479,10.26326417600353,965,6.6964502568244795,11.5,128.57,2,2013,BGA1168,Desktop,Other,1
Intel Celeron G1610 @ 2.60GHz,37.0,1478,39.945945945945944,1359,36.729729729729726,55.0,26.88,2,2012,FCLGA1155,Desktop,Other,0
AMD A4-6210 APU,221.7004000000001,1471,6.635080496020754,607,2.7379292053600253,15.0,98.07,4,2014,FT3b,Laptop,Other,1
Intel Xeon E7320 @ 2.13GHz,105.61020000000002,1469,13.909641303586204,776,7.347775120206191,80.0,18.36,4,2016,604,Server,Other,1
Intel Core i7-640LM @ 2.13GHz,106.28260000000002,1469,13.821641548099123,1013,9.53119325270552,25.0,58.76,2,2010,BGA1288,Laptop,Other,1
AMD Phenom II X3 720,64.45,1466,22.746314972847166,1081,16.77269200930954,95.0,15.43,3,2009,AM3,Desktop,AM3,0
AMD A6-8500P,169.60899999999998,1466,8.643409253046714,1272,7.499602025835894,15.0,97.72,2,2016,BGA (FP4),Laptop,Other,1
Intel Celeron G1620 @ 2.70GHz,70.27,1466,20.862387932261278,1407,20.022769318343535,55.0,26.65,2,2013,FCLGA1155,Desktop,Other,0
Intel Pentium J3710 @ 1.60GHz,216.80810000000005,1465,6.757127616542,715,3.297847266776471,6.5,225.39,4,2016,unknown,Desktop,unknown,1
AMD Opteron 1352,135.99,1464,10.765497463048753,849,6.243106110743437,75.0,19.52,4,2009,AM2,Server,AM2,0
AMD Phenom II N950 Quad-Core,112.6,1460,12.966252220248668,847,7.522202486678508,35.0,41.73,4,2010,S1,Laptop,S1,0
AMD A8-3510MX APU,77.11,1457,18.895084943587083,826,10.71196991311114,45.0,32.38,4,2011,FS1,Laptop,Other,0
AMD Phenom 9450e Quad-Core,105.0,1455,13.857142857142858,841,8.00952380952381,65.0,22.39,4,2010,AM2+,Desktop,Other,0
AMD A6-6400K APU,19.81,1453,73.34679454820798,1429,72.13528520949016,65.0,22.35,1,2013,FM2,Desktop,Other,0
AMD PRO A6-9500B,123.76450000000001,1453,11.740038540938636,1300,10.503819754453012,15.0,96.87,2,2017,FP4,Laptop,Other,1
Intel Xeon E5320 @ 1.86GHz,38.75,1451,37.44516129032258,768,19.81935483870968,80.0,18.13,4,2009,LGA771,Server,Other,0
Intel Xeon X5272 @ 3.40GHz,140.0,1451,10.364285714285714,1411,10.07857142857143,80.0,18.14,2,2009,LGA771,Server,Other,0
Intel Core i3-530 @ 2.93GHz,115.19,1449,12.579216945915444,1176,10.209219550308188,73.0,19.85,2,2010,LGA1156,Desktop,Other,0
AMD A6-3430MX APU,81.4283999999999,1448,17.782493577179483,822,10.09475809422758,45.0,32.18,4,2012,FS1,Laptop,Other,1
Intel Xeon E5240 @ 3.00GHz,88.78,1448,16.309979725163323,1312,14.77810317639108,65.0,22.28,2,2009,LGA771,Server,Other,0
Intel Core i3-4020Y @ 1.50GHz,160.85340000000005,1447,8.995768818066635,796,4.948605376075356,11.5,125.86,2,2014,BGA1168,Desktop,Other,1
Intel Core i5-2467M @ 1.60GHz,185.11160000000004,1445,7.8061018326242095,848,4.581020314232062,17.0,85.0,2,2011,BGA1023,Laptop,BGA1023,1
Intel Pentium 4410Y @ 1.50GHz,161.0,1444,8.968944099378882,777,4.826086956521739,6.0,240.71,2,2017,FCBGA1515,Laptop,Other,0
AMD Athlon II X3 415e,75.0,1441,19.213333333333335,1028,13.706666666666667,45.0,32.02,3,2010,AM3,Desktop,AM3,0
AMD Athlon X3 440,87.99,1438,16.34276622343448,1129,12.83100352312763,95.0,15.14,3,2010,unknown,Unknown,unknown,0
Intel Pentium G860 @ 3.00GHz,22.93,1437,62.66899258613171,1389,60.575665067597036,65.0,22.11,2,2011,FCLGA1155,Desktop,Other,0
AMD A4-6300 APU,28.99,1431,49.36184891341842,1419,48.947913073473615,65.0,22.01,1,2013,FM2,Desktop,Other,0
AMD Phenom II X3 700e,84.96599999999998,1430,16.83026151637126,969,11.404561824729894,65.0,21.99,3,2010,AM3,Desktop,AM3,1
Intel Xeon E3113 @ 3.00GHz,9.79,1429,145.96527068437183,1282,130.94994892747704,65.0,21.98,2,2014,LGA775,Server,LGA775,0
AMD A6-5400B APU,28.94,1428,49.34346924671734,1380,47.68486523842432,65.0,21.98,1,2013,FM2,Desktop,Other,0
AMD Phenom II X2 560,23.98,1426,59.466221851542954,1450,60.46705587989992,80.0,17.83,2,2010,AM2+/AM3,Unknown,Other,0
AMD Phenom II X3 740,88.99,1424,16.001797954826387,982,11.034947746937858,95.0,14.99,3,2010,unknown,Unknown,unknown,0
Intel Atom C2550 @ 2.40GHz,170.30260000000007,1422,8.349843161525422,554,3.2530331304395808,14.0,101.57,4,2014,FCBGA1283,Server,Other,1
Intel Core i7-620LM @ 2.00GHz,98.1341,1422,14.490375924372874,1074,10.944207976636052,25.0,56.89,2,2010,rPGA988A,Laptop,Other,1
AMD Phenom 9150e Quad-Core,247.5,1414,5.7131313131313135,721,2.9131313131313132,65.0,21.75,4,2009,AM2+,Desktop,Other,0
Intel Celeron 5205U @ 1.90GHz,107.0,1414,13.214953271028037,1094,10.22429906542056,15.0,94.25,2,2020,FCBGA1528,Laptop,Other,0
AMD Phenom II P960 Quad-Core,39.12,1412,36.09406952965235,740,18.916155419222907,35.0,40.35,4,2011,S1,Laptop,S1,0
Intel Atom C2558 @ 2.40GHz,136.0,1410,10.367647058823529,358,2.6323529411764706,15.0,94.0,4,2015,BGA 1283,"Laptop, Mobile/Embedded",Other,0
Intel Core i7-2610UE @ 1.50GHz,170.65619999999998,1409,8.256365722429072,972,5.69566180425909,17.0,82.9,2,2012,BGA1023,Laptop,BGA1023,1
Intel Core2 Duo E8290 @ 2.83GHz,71.40849999999996,1408,19.717540628916737,1302,18.233123507705674,65.0,21.66,2,2012,LGA775,Unknown,LGA775,1
Intel Xeon E3-1220L v3 @ 1.10GHz,157.72290000000007,1407,8.92070840695929,777,4.92636135906707,13.0,108.2,2,2014,LGA1150,Server,LGA1150,1
Intel Celeron 1020E @ 2.20GHz,124.30920000000006,1406,11.310506382472088,1224,9.846415229122217,35.0,40.18,2,2014,"FCBGA1023, FCP",Laptop,Other,1
AMD Phenom II X2 565,168.87,1405,8.320009474743886,1413,8.367383194173032,80.0,17.57,2,2011,AM2+/AM3,Desktop,Other,0
Intel Pentium G6951 @ 2.80GHz,75.0,1401,18.68,1137,15.16,73.0,19.19,2,2011,LGA1156,Desktop,Other,0
Intel Celeron N4000 @ 1.10GHz,107.0,1399,13.074766355140186,1022,9.551401869158878,6.0,233.23,2,2018,FCBGA1090,Laptop,Other,0
AMD A8-3520M APU,55.0,1398,25.418181818181818,831,15.10909090909091,35.0,39.94,4,2012,FS1,Laptop,Other,0
AMD Phenom II X2 B59,48.02,1392,28.98792169929196,1384,28.821324448146605,80.0,17.4,2,2012,AM2+/AM3,Unknown,Other,0
AMD Phenom 8600B Triple-Core,14.95,1390,92.97658862876254,957,64.01337792642141,95.0,14.63,3,2009,AM2+,Desktop,Other,0
AMD A9-9400,185.95260000000002,1390,7.475023204838221,1246,6.700632311675125,10.0,138.96,2,2016,FP4,Laptop,Other,1
AMD Athlon 5150 APU,98.86,1389,14.050171960347967,550,5.563423022455998,25.0,55.57,4,2014,"AM1,FS1b",Desktop,Other,0
AMD GX-415GA SOC,222.24610000000004,1386,6.236329906351561,520,2.3397485940135727,15.0,92.4,4,2013,FT3 (769-BGA),Laptop,Other,1
Intel Xeon L5310 @ 1.60GHz,112.5,1385,12.311111111111112,662,5.884444444444444,50.0,27.7,4,2016,LGA771,Server,Other,0
AMD E1-6050J APU,178.8822,1385,7.742525527973157,787,4.399543386653339,10.0,138.5,2,2016,unknown,Unknown,unknown,1
AMD A6-3500 APU,74.93,1382,18.44388095555852,958,12.785266248498598,65.0,21.25,3,2011,FM1,Desktop,Other,0
Intel Pentium G850 @ 2.90GHz,101.97,1373,13.464744532705698,1339,13.131313131313131,65.0,21.13,2,2011,FCLGA1155,Desktop,Other,0
Intel Pentium 2020M @ 2.40GHz,134.0,1367,10.201492537313433,1268,9.462686567164178,35.0,39.06,2,2013,FCPGA988,Laptop,Other,0
Intel Pentium N3710 @ 1.60GHz,273.30299999999994,1364,4.990797759263529,686,2.5100346501867894,6.0,227.37,4,2016,FCBGA1170,Laptop,Other,1
Intel Core i3-3217UE @ 1.60GHz,189.15520000000012,1362,7.200436466985836,711,3.7588181556732225,17.0,80.11,2,2014,BGA1023,Laptop,BGA1023,1
Intel Core2 Duo E8600 @ 3.33GHz,149.95,1362,9.083027675891964,1413,9.423141047015672,65.0,20.96,2,2008,LGA775,Desktop,LGA775,0
AMD Phenom II X2 570,94.44960000000006,1360,14.39921397231962,1408,14.90742152428384,80.0,16.99,2,2015,AM3,Desktop,AM3,1
AMD Athlon II X2 280,76.89,1355,17.622577708414617,1462,19.01417609572116,65.0,20.84,2,2013,AM3,Unknown,AM3,0
Intel Pentium 2030M @ 2.50GHz,134.0,1353,10.097014925373134,1157,8.634328358208956,35.0,38.66,2,2013,FCPGA988,Laptop,Other,0
Intel Pentium G645 @ 2.90GHz,93.35,1353,14.493840385645422,1303,13.958221746116767,65.0,20.82,2,2012,LGA1155,Desktop,LGA1155,0
Intel Core i3-2332M @ 2.20GHz,100.13510000000001,1353,13.511745631651637,936,9.347371700832175,35.0,38.65,2,2014,rPGA988B,Laptop,Other,1
Intel Core i3-4010Y @ 1.30GHz,147.59650000000002,1350,9.146558353348485,744,5.040769936956499,11.5,117.42,2,2013,BGA1168,Desktop,Other,1
AMD A4-5300 APU,26.95,1349,50.0556586270872,1348,50.01855287569573,65.0,20.76,2,2012,FM2,Desktop,Other,0
Intel Atom x7-Z8750 @ 1.60GHz,129.93079999999992,1349,10.382449734781906,701,5.395179587903718,4.0,337.22,4,2017,UTFCBGA1380,Laptop,Other,1
AMD A4-5100 APU,258.40309999999994,1346,5.208915837310003,540,2.089758211105053,15.0,89.72,4,2015,FT3,Laptop,Other,1
AMD A10 Micro-6700T APU,222.32660000000004,1345,6.0496584754140965,700,3.1485211396207196,5.0,268.95,4,2015,FT3b,Laptop,Other,1
AMD Phenom 8750 Triple-Core,69.89319999999994,1343,19.215030932909084,974,13.935547377999589,95.0,14.14,3,2009,AM2+,Desktop,Other,1
Intel Celeron 4205U @ 1.80GHz,107.0,1341,12.532710280373832,1057,9.878504672897197,15.0,89.41,2,2019,FCBGA1528,Laptop,Other,0
Intel Pentium 3825U @ 1.90GHz,208.66020000000015,1340,6.421924257716609,1108,5.310068714589554,15.0,89.32,2,2015,FCBGA1168,Laptop,FCBGA1168,1
Intel Xeon L3110 @ 3.00GHz,84.56159999999991,1338,15.822784810126599,1279,15.125068589052256,45.0,29.74,2,2009,LGA775,Server,LGA775,1
Intel Pentium G2020T @ 2.50GHz,47.6,1337,28.088235294117645,1252,26.30252100840336,35.0,38.19,2,2013,FCLGA1155,Desktop,Other,0
Intel Xeon L5240 @ 3.00GHz,31.4,1337,42.57961783439491,1299,41.36942675159236,40.0,33.42,2,2009,LGA771,Server,Other,0
AMD A6-9225,117.3725,1336,11.382564058872394,1178,10.036422501011735,15.0,89.08,2,2018,BGA (FT4),Laptop,Other,1
Intel Core i3-2370M @ 2.40GHz,36.99,1336,36.11786969451203,1059,28.629359286293592,35.0,38.17,2,2012,PGA988B,Laptop,Other,0
Intel Celeron G1610T @ 2.30GHz,14.98,1334,89.0520694259012,1211,80.8411214953271,35.0,38.11,2,2013,LGA1155,Desktop,LGA1155,0
AMD Athlon II X3 405e,112.9,1331,11.78919397697077,973,8.618246235606732,45.0,29.58,3,2010,AM3,Desktop,AM3,0
Intel Xeon E3120 @ 3.16GHz,66.09639999999996,1330,20.122124654292833,1364,20.63652483342513,65.0,20.47,2,2010,LGA775,Server,LGA775,1
AMD A4-5050 APU,166.77570000000003,1328,7.962790742296388,538,3.2258896230086274,13.5,98.37,4,2017,FT3,Laptop,Other,1
AMD A4-6300B APU,27.95,1328,47.513416815742396,1373,49.12343470483005,65.0,20.43,1,2013,unknown,Desktop,unknown,0
AMD Athlon X2 280,33.49,1327,39.6237682890415,1258,37.56345177664974,65.0,20.42,2,2014,AM3,Unknown,AM3,0
Intel Core i5 750S @ 2.40GHz,210.19,1326,6.308577953280365,1039,4.943146676816214,82.0,16.17,4,2012,LGA1156,Desktop,Other,0
Intel Xeon @ 2.20GHz,80.46929999999996,1324,16.45347977427417,1383,17.186678646390618,61.0,21.7,1,2018,PPGA603,Server,Other,1
AMD Athlon II X3 400e,25.49,1320,51.78501373087486,908,35.62181247548058,45.0,29.34,3,2009,AM3,Desktop,AM3,0
AMD Phenom II P940 Quad-Core,84.66349999999997,1319,15.579322848689229,679,8.019984999438957,35.0,37.68,4,2010,S1,Laptop,S1,1
Intel Atom x7-Z8700 @ 1.60GHz,73.63,1318,17.900312372674183,646,8.773597718321337,4.0,329.52,4,2015,BGA1380,Laptop,Other,0
AMD Opteron 2393 SE,92.1655,1317,14.289511802138545,1237,13.421508048022309,105.0,12.54,2,2013,F (1207),Server,Other,1
AMD Athlon X2 340 Dual Core,94.99,1315,13.843562480261081,1301,13.696178545110012,65.0,20.24,2,2013,unknown,Unknown,unknown,0
Intel Core i5-480M @ 2.67GHz,80.6,1312,16.277915632754343,1167,14.478908188585608,35.0,37.48,2,2010,BGA1288,Laptop,Other,0
Intel Core i5-4202Y @ 1.60GHz,180.26910000000004,1309,7.261366479335614,851,4.72072030092789,11.5,113.85,2,2014,FCBGA1168,Desktop,FCBGA1168,1
Intel Pentium 3550M @ 2.30GHz,215.92,1309,6.062430529825861,1183,5.4788810670618755,37.0,35.38,2,2014,FCPGA946,Laptop,Other,0
AMD Phenom II X2 555,36.96,1308,35.38961038961039,1315,35.57900432900433,80.0,16.35,2,2010,AM2+/AM3,Desktop,Other,0
AMD A8-3500M APU,59.95,1308,21.818181818181817,781,13.027522935779816,35.0,37.36,4,2011,FS1,Laptop,Other,0
AMD A8-4555M APU,134.1419,1307,9.7434135046544,788,5.874376313441214,19.0,68.78,2,2012,FP2,Laptop,Other,1
Intel Xeon E5310 @ 1.60GHz,49.0,1306,26.653061224489797,640,13.061224489795919,80.0,16.33,4,2009,LGA771,Server,Other,0
AMD Phenom X4 Quad-Core GP-9500,103.65479999999998,1297,12.512686339658176,711,6.8593060813392155,95.0,13.65,4,2009,AM2+,Desktop,Other,1
Intel Pentium G6960 @ 2.93GHz,64.97029999999994,1293,19.901401101734194,1264,19.455043304402185,73.0,17.71,2,2011,LGA1156,Desktop,Other,1
AMD A4-5000 APU,204.01280000000003,1289,6.318231012956049,510,2.4998431470966525,15.0,85.94,4,2013,FT3,Laptop,Other,1
Intel Pentium N3700 @ 1.60GHz,444.78,1288,2.895813660686182,636,1.429920410090382,6.0,214.74,4,2015,FCBGA1170,Laptop,Other,0
AMD A6-9220,149.7822,1287,8.592476275552102,1140,7.6110512464097875,15.0,85.83,2,2017,unknown,Laptop,unknown,1
AMD Phenom 8850B Triple-Core,76.67589999999993,1281,16.706683586368094,972,12.676734149843705,95.0,13.48,3,2010,unknown,Desktop,unknown,1
AMD Phenom 9100e Quad-Core,34.95,1279,36.595135908440625,734,21.00143061516452,65.0,19.67,4,2009,AM2+,Desktop,Other,0
AMD Phenom II X2 521,50.12759999999996,1279,25.514886010900202,1366,27.250456834159248,65.0,19.67,2,2011,AM2+/AM3,Unknown,Other,1
Intel Core i5-460M @ 2.53GHz,64.95,1279,19.692070823710544,1137,17.505773672055426,35.0,36.54,2,2010,BGA1288,Laptop,Other,0
AMD A6-5400K APU,52.02,1279,24.586697424067665,1271,24.432910419069586,65.0,19.68,1,2012,FM2,Desktop,Other,0
AMD A6-9230,140.30759999999998,1279,9.11568582172313,1158,8.253294903483491,15.0,85.3,2,2017,unknown,Desktop,unknown,1
AMD Sempron 240,36.1,1278,35.40166204986149,1300,36.01108033240997,65.0,19.66,2,2018,FM2,Desktop,Other,0
Intel Pentium G630 @ 2.70GHz,14.99,1277,85.19012675116744,1225,81.72114743162108,65.0,19.65,2,2011,LGA1155,Desktop,LGA1155,0
Intel Celeron 1020M @ 2.10GHz,135.9550000000001,1275,9.378103048802906,1176,8.649920929719386,35.0,36.42,2,2019,FCPGA988,Laptop,Other,1
Intel Core i7-660UM @ 1.33GHz,183.45930000000004,1272,6.933417929753356,927,5.052891840315535,18.0,70.64,2,2010,BGA1288,Laptop,Other,1
AMD Embedded G-Series GX-224IJ Radeon R4E,123.86389999999997,1271,10.261262563184271,1119,9.034109211804248,15.0,84.73,2,2017,FP4,"Laptop, Mobile/Embedded",Other,1
Intel Pentium G640 @ 2.80GHz,30.0,1270,42.333333333333336,1290,43.0,65.0,19.54,2,2012,LGA1155,Desktop,LGA1155,0
Intel Celeron G555 @ 2.70GHz,39.99,1268,31.707926981745434,1275,31.88297074268567,65.0,19.51,2,2012,LGA1155,Desktop,LGA1155,0
Intel Celeron 3865U @ 1.80GHz,124.46250000000002,1266,10.171738475444409,1047,8.412172341066585,15.0,84.4,2,2017,BGA1356,Laptop,Other,1
Intel Pentium A1020 @ 2.41GHz,163.51950000000005,1265,7.736080406312395,705,4.31141240035592,10.0,126.47,4,2020,FCBGA1170,Laptop,Other,1
Intel Core i3-2350M @ 2.30GHz,36.03,1263,35.054121565362195,1004,27.865667499306134,35.0,36.07,2,2011,PGA988B,Laptop,Other,0
AMD A6-3420M APU,59.933799999999934,1262,21.056565744204462,788,13.147839783227509,35.0,36.06,4,2012,FS1,Laptop,Other,1
AMD Phenom II X620 Dual-Core,100.50739999999996,1262,12.556289387647084,1339,13.322402131584345,45.0,28.04,2,2013,S1,Laptop,S1,1
Intel Core i3-330E @ 2.13GHz,67.80679999999995,1260,18.582207094273745,934,13.774429703215617,35.0,36.0,2,2012,BGA1288,Laptop,Other,1
AMD A6-5357M APU,96.09810000000003,1260,13.111601582133254,1268,13.194849846146798,35.0,36.01,2,2013,FP2,Laptop,Other,1
AMD A6-9210,179.75770000000003,1260,7.009435478980872,1101,6.124911478061857,15.0,84.01,2,2016,FP4,Laptop,Other,1
Intel Core i3-2348M @ 2.30GHz,72.31969999999994,1259,17.408811153807346,1038,14.352935645474204,35.0,35.99,2,2013,rPGA988B,Laptop,Other,1
AMD Phenom II N850 Triple-Core,25.0,1253,50.12,882,35.28,35.0,35.81,3,2010,S1,Laptop,S1,0
Intel Celeron 3765U @ 1.90GHz,214.87220000000013,1252,5.8267193243239435,1171,5.449751061328544,15.0,83.49,2,2016,FCBGA1168,Laptop,FCBGA1168,1
Intel Core i3-3227U @ 1.90GHz,169.5512,1248,7.360608476967429,939,5.538150128102898,17.0,73.44,2,2013,BGA1023,Laptop,BGA1023,1
Intel Pentium J2900 @ 2.41GHz,190.1912000000001,1246,6.551302058139385,731,3.8435006456660434,10.0,124.63,4,2014,FCBGA1170,Desktop,Other,1
Intel Atom C3338 @ 1.50GHz,91.5496,1245,13.599185578091003,874,9.546737506226133,8.5,146.52,2,2021,FCBGA1310,"Server, Mobile/Embedded",Other,1
Intel Xeon E3110 @ 3.00GHz,199.95,1242,6.211552888222056,1331,6.6566641660415105,65.0,19.11,2,2008,LGA775,Server,LGA775,0
Intel Xeon X5260 @ 3.33GHz,13.0,1238,95.23076923076923,1406,108.15384615384616,80.0,15.47,2,2009,LGA771,Server,Other,0
Intel Core2 Duo E8500 @ 3.16GHz,129.95,1238,9.526741054251636,1324,10.188534051558293,65.0,19.05,2,2008,LGA775,Desktop,LGA775,0
Intel Atom x5-Z8500 @ 1.44GHz,62.57,1238,19.78583985935752,628,10.036758830110276,4.0,309.45,4,2015,UTFCBGA1380,Laptop,Other,0
Intel Celeron 3855U @ 1.60GHz,178.45110000000005,1237,6.931870971935727,944,5.2899645897391485,15.0,82.44,2,2016,FCBGA1356,Laptop,Other,1
Intel Celeron 2950M @ 2.00GHz,136.11480000000012,1237,9.087916964209615,1150,8.448750613452754,37.0,33.43,2,2014,FCPGA946,Laptop,Other,1
Intel Core i3-2330M @ 2.20GHz,39.95,1235,30.913642052565706,984,24.630788485607006,35.0,35.27,2,2011,BGA1023,Laptop,BGA1023,0
AMD Athlon II X2 270,19.99,1234,61.730865432716364,1353,67.68384192096049,65.0,18.99,2,2011,AM3,Desktop,AM3,0
AMD Athlon II X2 265,15.5,1233,79.54838709677419,1344,86.70967741935483,65.0,18.97,2,2010,AM3,Desktop,AM3,0
Intel Core2 Duo T9900 @ 3.06GHz,398.95,1232,3.0881062789823286,1210,3.0329615240005015,35.0,35.21,2,2009,"BGA479,PGA478",Laptop,Other,0
AMD A4-9120,123.08640000000001,1230,9.992980540498381,1061,8.61996126298275,15.0,81.99,2,2017,BGA,Laptop,Other,1
Intel Core i3-4012Y @ 1.50GHz,208.01580000000016,1229,5.908205049808712,698,3.3555143407375763,11.5,106.86,2,2014,FCBGA1168,Laptop,FCBGA1168,1
Intel Celeron J3160 @ 1.60GHz,240.04319999999996,1227,5.11157991561519,596,2.4828864137788536,6.0,204.44,4,2016,BGA1170,Desktop,Other,1
AMD A6-3400M APU,28.99,1226,42.290444981027946,717,24.732666436702313,35.0,35.04,4,2011,FS1,Laptop,Other,0
AMD A4-4020 APU,91.0,1225,13.461538461538462,1238,13.604395604395604,65.0,18.85,2,2014,FM2,Desktop,Other,0
AMD Athlon II X2 B26,24.95,1224,49.05811623246493,1291,51.743486973947896,65.0,18.83,2,2011,unknown,Unknown,unknown,0
AMD Phenom II X3 705e,152.34,1222,8.021530786398845,962,6.314822108441644,65.0,18.81,3,2009,AM3,Desktop,AM3,0
Intel Core i3-2328M @ 2.20GHz,150.11,1221,8.134035040969955,986,6.5685164212910525,35.0,34.88,2,2012,PGA988,Laptop,Other,0
AMD A4-5300B APU,25.95,1220,47.01348747591522,1254,48.32369942196532,65.0,18.77,2,2012,FM2,Desktop,Other,0
Intel Pentium N3540 @ 2.16GHz,250.87,1216,4.847131980707139,714,2.846095587356001,7.5,162.12,4,2014,FCBGA1170,Laptop,Other,0
AMD R-272F APU,98.3619,1215,12.352343742851652,1087,11.051026871176745,35.0,34.71,2,2019,FS1,"Desktop, Laptop",Other,1
AMD Phenom 8450 Triple-Core,16.99,1214,71.45379635079459,829,48.793407886992355,95.0,12.78,3,2008,AM2+,Desktop,Other,0
AMD Phenom II P860 Triple-Core,68.91369999999992,1214,17.61623595888773,831,12.058560199205687,35.0,34.69,3,2011,S1,Laptop,S1,1
AMD A4-9125,109.58049999999999,1212,11.060362016964698,1041,9.499865395759283,15.0,80.82,2,2018,BGA (FT4),Laptop,Other,1
Intel Core i5-430M @ 2.27GHz,129.95,1211,9.318968834166988,997,7.67218160831089,35.0,34.6,2,2010,BGA1288,Laptop,Other,0
AMD Phenom 8600 Triple-Core,52.99,1210,22.834497074919796,898,16.946593696923948,95.0,12.74,3,2009,AM2+,Desktop,Other,0
Intel Core i5-450M @ 2.40GHz,31.95,1208,37.80907668231612,1035,32.394366197183096,35.0,34.51,2,2010,PGA988A,Laptop,Other,0
Intel Pentium G620 @ 2.60GHz,11.99,1207,100.6672226855713,1203,100.33361134278566,65.0,18.57,2,2011,LGA1155,Desktop,LGA1155,0
AMD Phenom 8650 Triple-Core,19.0,1205,63.421052631578945,854,44.94736842105263,95.0,12.68,3,2008,AM2+,Desktop,Other,0
Intel Celeron G550 @ 2.60GHz,49.0,1200,24.489795918367346,1192,24.3265306122449,65.0,18.46,2,2012,LGA1155,Desktop,LGA1155,0
Intel Atom x5-Z8550 @ 1.44GHz,144.06889999999993,1200,8.329347971699656,703,4.879609686754049,4.0,300.05,4,2016,UTFCBGA1380,"Laptop, Mobile/Embedded",Other,1
AMD A6-3410MX APU,3.99,1199,300.50125313283206,722,180.95238095238093,45.0,26.65,4,2011,FS1,Laptop,Other,0
AMD Opteron 2222,19.0,1198,63.05263157894737,618,32.526315789473685,95.0,12.62,2,2013,F (1207),Server,Other,0
Intel Celeron N3150 @ 1.60GHz,325.5043999999998,1197,3.677369645387284,573,1.7603448678420333,6.0,199.58,4,2015,FCBGA1170,Laptop,Other,1
Intel Pentium N3530 @ 2.16GHz,246.61630000000002,1197,4.85369377449909,705,2.8586918220733986,7.5,159.65,4,2014,FCBGA1170,Laptop,Other,1
Intel Celeron J3355 @ 2.00GHz,133.8375,1195,8.928738208648547,806,6.022228448678434,10.0,119.53,2,2017,FCBGA1296,"Desktop, Laptop",Other,1
Intel Core i3-2310M @ 2.10GHz,39.95,1193,29.862327909887355,943,23.60450563204005,35.0,34.07,2,2011,BGA1023,Laptop,BGA1023,0
AMD A4-4000 APU,19.97,1190,59.58938407611417,1195,59.839759639459196,65.0,18.31,1,2013,FM2,Desktop,Other,0
AMD Phenom 8750B Triple-Core,45.72569999999992,1188,25.981012865850104,901,19.704455043881268,95.0,12.5,3,2009,AM2+,Desktop,Other,1
Intel Core i3-3217U @ 1.80GHz,199.0,1188,5.969849246231155,907,4.557788944723618,17.0,69.9,2,2012,BGA1023,Laptop,BGA1023,0
AMD R-460L APU,130.1363,1183,9.090468992894372,776,5.962978815288278,25.0,47.33,4,2015,BGA827 (FP2),Laptop,Other,1
Intel Celeron 3755U @ 1.70GHz,206.80340000000015,1182,5.715573341637512,1022,4.941891671026681,15.0,78.81,2,2015,FCBGA1168,Laptop,FCBGA1168,1
Intel Celeron 3965Y @ 1.50GHz,107.0,1179,11.018691588785046,889,8.30841121495327,6.0,196.53,2,2018,FCBGA1515,Laptop,Other,0
Intel Core i3-390M @ 2.67GHz,38.95,1178,30.24390243902439,1096,28.138639281129652,35.0,33.66,2,2011,BGA1288,Laptop,Other,0
AMD Athlon II X2 B28,39.02,1177,30.164018452075855,1347,34.52075858534085,65.0,18.11,2,2012,AM3,Desktop,AM3,0
Intel Pentium G840 @ 2.80GHz,84.53,1175,13.90039039394298,1252,14.811309594226902,65.0,18.08,2,2011,FCLGA1155,Desktop,Other,0
Intel Celeron G540T @ 2.10GHz,64.01849999999995,1174,18.33844904207379,972,15.183111131938437,35.0,33.55,2,2012,LGA1155,Desktop,LGA1155,1
Intel Xeon Gold 6133 @ 2.50GHz,247.0145,1172,4.744660738539641,1429,5.785085490932719,150.0,7.82,1,2021,FCLGA3647,Server,FCLGA3647,1
AMD Phenom II X2 550,41.91,1169,27.89310427105703,1240,29.587210689572895,80.0,14.61,2,2009,AM2+/AM3,Desktop,Other,0
Intel Core2 Duo E8400 @ 3.00GHz,140.0,1169,8.35,1242,8.871428571428572,65.0,17.98,2,2008,LGA775,Desktop,LGA775,0
Intel Pentium E6800 @ 3.33GHz,24.95,1166,46.73346693386774,1358,54.428857715430865,65.0,17.94,2,2010,LGA775,Desktop,LGA775,0
Intel Atom Z3795 @ 1.60GHz,181.737,1166,6.415864683581219,654,3.5986067779263444,4.0,291.52,4,2014,UTFCBGA1380,Laptop,Other,1
Intel Pentium E5800 @ 3.20GHz,139.95,1165,8.324401571989997,1314,9.389067524115756,65.0,17.93,2,2012,LGA775,Desktop,LGA775,0
Intel Core i3-380M @ 2.53GHz,49.95,1165,23.323323323323322,1018,20.38038038038038,35.0,33.28,2,2010,PGA988A,Laptop,Other,0
AMD Phenom II X640 Dual-Core,70.76689999999994,1165,16.462498710555373,1142,16.137488006398485,45.0,25.88,2,2012,S1,Unknown,S1,1
Intel Pentium G645T @ 2.50GHz,76.74010000000001,1164,15.168080312639674,1100,14.334096515381134,35.0,33.25,2,2012,LGA1155,Desktop,LGA1155,1
AMD Phenom II X2 511,75.49679999999991,1163,15.40462642125231,1253,16.596729927626093,65.0,17.89,2,2011,AM2+/AM3,Unknown,Other,1
AMD Athlon II X2 255,12.55,1163,92.66932270916334,1249,99.5219123505976,65.0,17.89,2,2010,AM3,Desktop,AM3,0
Intel Core2 Duo T9800 @ 2.93GHz,423.89,1163,2.7436363207435894,1220,2.878105168793791,35.0,33.22,2,2009,BGA479,Laptop,Other,0
Intel Core2 Duo E7600 @ 3.06GHz,119.95,1161,9.679032930387661,1275,10.6294289287203,65.0,17.85,2,2009,LGA775,Desktop,LGA775,0
AMD A6-5350M APU,33.12,1160,35.02415458937198,1213,36.624396135265705,35.0,33.13,2,2013,FS1r2,Laptop,Other,0
AMD Phenom II P920 Quad-Core,65.0,1160,17.846153846153847,598,9.2,25.0,46.4,4,2010,S1,Laptop,S1,0
AMD A6-9220C,123.45689999999999,1159,9.387891644776436,1018,8.245792661244533,6.0,193.12,2,2019,FT4,Laptop,Other,1
AMD Athlon II X2 250e,76.73,1155,15.052782484034926,1201,15.652287240974847,45.0,25.67,2,2011,AM3,Desktop,AM3,0
AMD QC-4000,148.1313,1155,7.7971367293745475,449,3.0310947112460362,15.0,77.02,4,2015,FT3,Laptop,Other,1
Intel Celeron N3160 @ 1.60GHz,349.0,1154,3.306590257879656,567,1.6246418338108883,6.0,192.42,4,2016,FCBGA1170,Laptop,Other,0
AMD Sempron 3850 APU,47.58,1153,24.23287095418243,448,9.415720891130727,25.0,46.1,4,2014,"AM1,FS1b",Desktop,Other,0
Intel Pentium E6700 @ 3.20GHz,140.19,1152,8.21741921677723,1314,9.37299379413653,65.0,17.72,2,2010,LGA775,Desktop,LGA775,0
AMD Phenom II X2 B55,37.95,1151,30.32938076416337,1244,32.77997364953887,80.0,14.39,2,2009,AM3,Desktop,AM3,0
Intel Core i5-2537M @ 1.40GHz,199.18410000000006,1150,5.773553210321505,906,4.5485558335228555,17.0,67.65,2,2011,BGA1023,Laptop,BGA1023,1
Intel Pentium 3805U @ 1.90GHz,211.89600000000016,1148,5.4177521048061275,1079,5.092120662966734,15.0,76.51,2,2015,FCBGA1168,Laptop,FCBGA1168,1
Intel Celeron 3215U @ 1.70GHz,212.49200000000016,1144,5.3837320934435136,1060,4.988423093575284,15.0,76.27,2,2016,FCBGA1168,Laptop,FCBGA1168,1
AMD Phenom 8850 Triple-Core,63.46969999999993,1142,17.992837527198038,982,15.471949607450501,95.0,12.02,3,2010,AM2+,Desktop,Other,1
Intel Xeon W3505 @ 2.53GHz,14.86,1142,76.85060565275909,1104,74.29340511440108,130.0,8.79,2,2009,LGA1366,Server,LGA1366,0
Intel Core2 Duo E6850 @ 3.00GHz,51.2,1140,22.265625,1196,23.359375,65.0,17.53,2,2008,LGA775,Desktop,LGA775,0
Intel Pentium G640T @ 2.40GHz,84.88,1139,13.418944392082942,1102,12.983034872761547,35.0,32.54,2,2012,LGA1155,Desktop,LGA1155,0
Intel Core2 Extreme X9100 @ 3.06GHz,851.0,1139,1.3384253819036427,1175,1.3807285546415982,44.0,25.89,2,2008,PGA478,Laptop,PGA478,0
AMD Phenom II N870 Triple-Core,54.395399999999924,1139,20.939270600087536,858,15.773392603051015,35.0,32.53,3,2011,S1,Laptop,S1,1
Intel Core2 Extreme X7800 @ 2.60GHz,367.19270000000006,1138,3.0991901527454107,1077,2.933064845788056,44.0,25.87,2,2009,PGA478,Laptop,PGA478,1
Intel Core i3-2312M @ 2.10GHz,62.49759999999996,1138,18.20869921404983,927,14.832569570671522,35.0,32.52,2,2012,PGA988B,Laptop,Other,1
Intel Celeron J1900 @ 1.99GHz,217.2424000000001,1137,5.2337849333279305,650,2.992049434180435,10.0,113.68,4,2014,FCBGA1170,Desktop,Other,1
AMD Phenom II N830 Triple-Core,79.85099999999993,1137,14.239020175076092,798,9.993613104406966,35.0,32.47,3,2010,S1,Laptop,S1,1
Intel Core2 Extreme X9000 @ 2.80GHz,409.95,1135,2.768630320770826,1103,2.690572020978168,44.0,25.79,2,2009,PGA478,Laptop,PGA478,0
AMD Phenom 8450e Triple-Core,51.43849999999989,1134,22.045743946654788,781,15.183179913877769,65.0,17.45,3,2009,AM2+,Desktop,Other,1
Intel Pentium N3520 @ 2.16GHz,286.3415,1134,3.960306137950664,664,2.318909414108678,7.5,151.2,4,2014,FCBGA1170,Laptop,Other,1
AMD A8-7050,213.26410000000018,1129,5.293905537781554,890,4.173229343335326,15.0,75.27,2,2016,unknown,Laptop,unknown,1
AMD Phenom II X2 B53,48.43249999999995,1126,23.24885149434783,1164,24.03344861405051,80.0,14.07,2,2009,AM3,Desktop,AM3,1
Intel Celeron N3350 @ 1.10GHz,275.49,1126,4.0872626955606375,809,2.936585719989836,6.0,187.73,2,2016,FCBGA1296,Laptop,Other,0
Intel Core i3-370M @ 2.40GHz,29.96,1126,37.583444592790386,977,32.61014686248331,35.0,32.16,2,2010,PGA988A,Laptop,Other,0
AMD E2-3800 APU,146.2379,1124,7.686105995778113,447,3.0566631495665626,15.0,74.94,4,2014,FT3,Laptop,Other,1
AMD A6-5345M APU,150.7966,1122,7.4404860587042405,1094,7.254805479699144,17.0,65.97,2,2014,FP2,Laptop,Other,1
AMD E2-6110 APU,149.62189999999998,1121,7.492218719318497,466,3.114517326674772,15.0,74.76,4,2014,"AM1,FT3b",Laptop,Other,1
Intel Xeon L5320 @ 1.86GHz,69.99,1118,15.973710530075726,281,4.014859265609373,50.0,22.35,4,2011,LGA771,Server,Other,0
Intel Pentium A1018 @ 2.10GHz,74.45759999999996,1117,15.001826542891534,1020,13.699071686436316,35.0,31.9,2,2014,FCPGA988,Laptop,Other,1
AMD A6-1450 APU,185.21030000000002,1117,6.0309820782105525,468,2.5268573076119414,8.0,139.59,4,2013,FT3,Laptop,Other,1
AMD Phenom II P840 Triple-Core,68.88219999999993,1116,16.201573120486877,790,11.46885552435899,35.0,31.88,3,2010,S1,Laptop,S1,1
Intel Celeron G1820TE @ 2.20GHz,64.37779999999994,1115,17.319635029466696,728,11.308246010270633,35.0,31.85,2,2014,LGA1150,Desktop,LGA1150,1
AMD Phenom 8250 Triple-Core,53.595199999999906,1114,20.78544347254982,752,14.03110726333704,65.0,17.14,3,2009,unknown,Desktop,unknown,1
AMD Athlon II X2 260,39.99,1113,27.831957989497372,1249,31.23280820205051,65.0,17.12,2,2010,AM3,Desktop,AM3,0
Intel Celeron G540 @ 2.50GHz,11.03,1110,100.63463281958296,1131,102.53853127833183,65.0,17.07,2,2011,LGA1155,Desktop,LGA1155,0
Intel Core2 Duo P9700 @ 2.80GHz,197.02790000000013,1109,5.6286444711637245,1151,5.841812250955318,28.0,39.61,2,2009,PGA478,Laptop,PGA478,1
AMD Phenom II X2 545,43.98,1107,25.170532060027288,1083,24.624829467939975,80.0,13.84,2,2009,AM2+/AM3,Desktop,Other,0
AMD Opteron 2220,1038.26,1106,1.065243773235991,553,0.5326218866179955,95.0,11.64,2,2009,F (1207),Server,Other,0
AMD Athlon II X2 210e,28.49,1105,38.78553878553879,1105,38.78553878553879,45.0,24.56,2,2010,AM3,Desktop,AM3,0
Intel Celeron G550T @ 2.20GHz,63.907199999999946,1102,17.243753442491627,1026,16.054529067147378,35.0,31.49,2,2014,LGA1155,Desktop,LGA1155,1
AMD Phenom II X2 B57,54.14459999999994,1099,20.297499658322366,1231,22.735415904817863,80.0,13.73,2,2010,unknown,Unknown,unknown,1
Intel Celeron G530 @ 2.40GHz,48.99,1096,22.37191263523168,1078,22.004490712390282,65.0,16.86,2,2011,LGA1155,Desktop,LGA1155,0
AMD A4-3420 APU,136.0,1094,8.044117647058824,1150,8.455882352941176,65.0,16.83,2,2012,FM1,Desktop,Other,0
AMD PRO A4-4350B,113.59460000000001,1093,9.621936254012073,988,8.69759654068063,15.0,72.89,2,2019,FT4,Laptop,Other,1
Intel Core2 Extreme X7900 @ 2.80GHz,159.95,1093,6.8333854329477965,1087,6.795873710534543,44.0,24.83,2,2009,PGA478,Laptop,PGA478,0
Intel Celeron 2002E @ 1.50GHz,86.0,1091,12.686046511627907,871,10.127906976744185,25.0,43.63,2,2018,FCBGA1364,Laptop,Other,0
Intel Pentium B970 @ 2.30GHz,50.99,1091,21.396352225926652,1055,20.69033143753677,35.0,31.17,2,2012,PGA988,Laptop,Other,0
Intel Core i7-640UM @ 1.20GHz,195.7536,1090,5.568224543507757,817,4.173614176188841,18.0,60.53,2,2010,BGA1288,Laptop,Other,1
Intel Core2 Duo E7500 @ 2.93GHz,99.63,1090,10.940479775168123,1198,12.024490615276523,65.0,16.76,2,2009,LGA775,Desktop,LGA775,0
AMD Opteron 1222,106.63119999999999,1089,10.212770746273137,1128,10.57851735702121,103.0,10.58,2,2010,AM2,Server,AM2,1
Intel Celeron G1101 @ 2.27GHz,19.77,1086,54.931714719271625,929,46.9903894790086,73.0,14.87,2,2011,FCLGA1156,Desktop,Other,0
AMD Phenom 8250e Triple-Core,46.99,1084,23.06873802936795,729,15.51393913598638,65.0,16.68,3,2009,940,Desktop,Other,0
AMD Athlon II X2 250,38.95,1083,27.804878048780484,1155,29.653401797175864,65.0,16.66,2,2009,AM3,Desktop,AM3,0
AMD Phenom 8400 Triple-Core,38.69529999999993,1079,27.884523443415656,786,20.312544417539115,95.0,11.36,3,2009,AM2+,Desktop,Other,1
AMD Athlon II X2 245e,19.99,1075,53.77688844422212,1145,57.27863931965983,45.0,23.89,2,2011,AM3,Desktop,AM3,0
Intel Celeron 1005M @ 1.90GHz,56.45410000000001,1074,19.0243047006329,1017,18.014634898085344,35.0,30.67,2,2013,FCPGA988,Laptop,Other,1
AMD Athlon II X2 B24,24.1,1073,44.522821576763484,1206,50.04149377593361,65.0,16.51,2,2010,AM3,Desktop,AM3,0
Intel Pentium E6500 @ 2.93GHz,95.71,1073,11.21094974401839,1210,12.642357120468082,65.0,16.51,2,2009,LGA775,Desktop,LGA775,0
Intel Pentium E6600 @ 3.06GHz,16.99,1072,63.09593878752208,1156,68.04002354326074,65.0,16.49,2,2010,LGA775,Desktop,LGA775,0
Intel Xeon 3085 @ 3.00GHz,49.18819999999996,1070,21.753184706901266,1124,22.851008981828993,65.0,16.46,2,2015,LGA775,Server,LGA775,1
Intel Core2 Duo P9600 @ 2.66GHz,118.91640000000001,1069,8.989508595954804,1111,9.342697895328145,25.0,42.75,2,2009,PGA478,Laptop,PGA478,1
AMD Phenom II P820 Triple-Core,105.36129999999997,1068,10.136549188364231,717,6.805155213536661,25.0,42.7,3,2010,S1,Laptop,S1,1
AMD A4-3400 APU,20.0,1066,53.3,1075,53.75,65.0,16.4,2,2011,FM1,Desktop,Other,0
AMD GX-412HC,281.7552000000001,1065,3.779876999608169,412,1.4622622759047563,7.0,152.12,4,2015,FT3b,Laptop,Other,1
Intel Pentium B980 @ 2.40GHz,35.81,1064,29.712370846132362,1050,29.32141859815694,35.0,30.4,2,2012,FCPGA988,Laptop,Other,0
Intel Core2 Duo E8200 @ 2.66GHz,75.99,1064,14.001842347677327,1126,14.817739176207397,65.0,16.36,2,2008,LGA775,Desktop,LGA775,0
AMD A6-9200,138.4493,1062,7.670678002705684,925,6.681146094635365,10.0,106.22,2,2018,BGA,Laptop,Other,1
Intel Core i3-350M @ 2.27GHz,29.0,1062,36.62068965517241,879,30.310344827586206,35.0,30.35,2,2010,BGA1288,Laptop,Other,0
Intel Pentium G6950 @ 2.80GHz,79.0,1061,13.430379746835444,1035,13.10126582278481,73.0,14.53,2,2010,LGA1156,Desktop,Other,0
AMD Athlon II X2 4400e,93.33429999999998,1059,11.346311056064064,1121,12.010589890318995,37.0,28.61,2,2009,unknown,Unknown,unknown,1
AMD Embedded G-Series GX-215JJ Radeon R2E,136.9468,1057,7.718325656386276,869,6.345529796972255,10.0,105.74,2,2017,FP4,"Laptop, Mobile/Embedded",Other,1
Intel Celeron 2980U @ 1.60GHz,205.42830000000015,1056,5.140479671009297,929,4.522259104514808,15.0,70.38,2,2014,FCBGA1168,Laptop,FCBGA1168,1
Intel Celeron G530T @ 2.00GHz,16.99,1056,62.15420835785757,962,56.62154208357858,35.0,30.17,2,2011,LGA1155,Desktop,LGA1155,0
Intel Xeon W3503 @ 2.40GHz,9.99,1052,105.3053053053053,1015,101.6016016016016,130.0,8.1,2,2009,LGA1366,Server,LGA1366,0
Intel Core2 Duo T9600 @ 2.80GHz,54.95,1051,19.126478616924476,1121,20.400363967242946,35.0,30.03,2,2009,BGA479,Laptop,Other,0
AMD Athlon II X2 235e,97.5,1049,10.75897435897436,1107,11.353846153846154,45.0,23.3,2,2009,AM3,Desktop,AM3,0
Intel Core i7-680UM @ 1.47GHz,171.3911,1046,6.103000680898833,773,4.510152510836327,18.0,58.11,2,2011,BGA1288,Laptop,Other,1
AMD GX-222GC SOC,172.19719999999998,1038,6.027972580274245,819,4.7561748971528,15.0,69.2,2,2016,BGA769 (FT3b),"Laptop, Mobile/Embedded",Other,1
Intel Atom E3845 @ 1.91GHz,229.36190000000005,1038,4.525599064186335,536,2.3369182065547935,10.0,103.76,4,2014,FCBGA1170,Desktop,Other,1
AMD Athlon 7850 Dual-Core,99.99,1037,10.371037103710371,1110,11.101110111011101,95.0,10.91,2,2009,AM2+,Desktop,Other,0
AMD Opteron 1220,115.28980000000001,1036,8.98605080414746,1077,9.34167636685986,103.0,10.05,2,2009,AM2,Server,AM2,1
AMD Athlon II X2 B22,25.95,1036,39.92292870905588,1124,43.3140655105973,65.0,15.94,2,2010,AM3,Desktop,AM3,0
AMD Opteron 2218,96.41,1036,10.745773260035266,491,5.092832693703973,95.0,10.91,2,2009,F (1207),Server,Other,0
Intel Celeron N2940 @ 1.83GHz,286.85060000000004,1035,3.608150026529489,612,2.133514798295698,7.5,138.0,4,2014,FCBGA1170,Laptop,Other,1
Intel Core2 Duo E8300 @ 2.83GHz,19.99,1034,51.725862931465734,1169,58.47923961980991,65.0,15.9,2,2008,LGA775,Desktop,LGA775,0
Intel Pentium G630T @ 2.30GHz,84.07,1029,12.239800166527894,1040,12.370643511359582,35.0,29.4,2,2011,LGA1155,Desktop,LGA1155,0
AMD A6 PRO-7050B APU,163.01080000000002,1027,6.300196060629111,905,5.551779391304134,17.0,60.44,2,2014,FP3,Laptop,Other,1
Intel Celeron 1000M @ 1.80GHz,51.12179999999998,1026,20.069715855075533,969,18.954731640904672,35.0,29.32,2,2013,FCPGA988,Laptop,Other,1
AMD A6-4400M APU,27.0,1026,38.0,1043,38.629629629629626,35.0,29.31,1,2012,FS1r2,Laptop,Other,0
Intel Xeon 3070 @ 2.66GHz,28.65,1025,35.776614310645726,1024,35.74171029668412,65.0,15.77,2,2010,LGA775,Server,LGA775,0
AMD Athlon II X2 220,59.95,1024,17.08090075062552,1105,18.43202668890742,65.0,15.75,2,2010,AM3,Desktop,AM3,0
AMD Phenom II N660 Dual-Core,89.0,1024,11.50561797752809,1070,12.02247191011236,35.0,29.26,2,2011,S1,Laptop,S1,0
AMD Athlon II X2 245,12.55,1022,81.43426294820716,1113,88.68525896414342,65.0,15.73,2,2009,AM2+/AM3,Desktop,Other,0
Intel Pentium 2127U @ 1.90GHz,134.0,1018,7.597014925373134,941,7.022388059701493,17.0,59.87,2,2013,FCBGA1023,Laptop,Other,0
Intel Pentium 3556U @ 1.70GHz,139.67260000000005,1017,7.28131358620087,937,6.708545555821254,15.0,67.82,2,2013,BGA1168,Laptop,Other,1
Intel Pentium E5700 @ 3.00GHz,49.99,1017,20.344068813762753,1169,23.384676935387077,65.0,15.65,2,2010,LGA775,Desktop,LGA775,0
Intel Core2 Duo T9500 @ 2.60GHz,108.02,1016,9.405665617478245,1090,10.09072394001111,35.0,29.02,2,2009,BGA479,Laptop,Other,0
Intel Pentium J2850 @ 2.41GHz,212.3778000000001,1016,4.7839275103141645,646,3.041749184707628,10.0,101.56,4,2014,FCBGA1170,Desktop,Other,1
AMD Turion II Ultra Dual-Core Mobile M640,135.8230000000001,1016,7.4803236565235585,1063,7.826362250870613,35.0,29.02,2,2009,S1,Laptop,S1,1
Intel Core i5-560UM @ 1.33GHz,165.12270000000004,1015,6.146944060386608,898,5.438380065248447,18.0,56.37,2,2011,BGA1288,Laptop,Other,1
AMD Athlon X2 240e,62.23499999999993,1015,16.30915079938943,1092,17.546396722101733,45.0,22.56,2,2011,unknown,Unknown,unknown,1
Intel Core2 Duo E6700 @ 2.66GHz,29.99,1012,33.744581527175725,1055,35.1783927975992,65.0,15.57,2,2010,LGA775,Desktop,LGA775,0
Intel Core2 Duo P9600 @ 2.53GHz,99.0,1012,10.222222222222221,1075,10.858585858585858,25.0,40.46,2,2009,PGA478,Laptop,PGA478,0
AMD Turion II Ultra Dual-Core Mobile M660,55.44439999999993,1011,18.234483554696258,1103,19.893803522087016,35.0,28.9,2,2010,S1,Laptop,S1,1
AMD A6-7000,188.8580000000001,1010,5.347933367927223,857,4.5378008874392375,17.0,59.4,2,2015,FP3,Laptop,Other,1
Intel Core2 Duo E6750 @ 2.66GHz,10.3,1010,98.05825242718446,1050,101.94174757281553,65.0,15.54,2,2008,LGA775,Desktop,LGA775,0
Intel Pentium E5500 @ 2.80GHz,15.99,1010,63.16447779862414,1140,71.29455909943715,65.0,15.53,2,2010,LGA775,Desktop,LGA775,0
Intel Core i3-3229Y @ 1.40GHz,151.62630000000001,1004,6.6215425688023775,678,4.47151978251794,13.0,77.22,2,2013,BGA1023,Desktop,BGA1023,1
Intel Pentium 3558U @ 1.70GHz,207.2742000000002,1004,4.843825232469834,929,4.48198569817179,15.0,66.91,2,2014,FCBGA1168,Laptop,FCBGA1168,1
AMD A4 Micro-6400T APU,327.6596,1004,3.0641556053904724,530,1.6175323414909863,4.5,223.12,4,2014,FT3b,Laptop,Other,1
Intel Celeron N2930 @ 1.83GHz,293.8517,1003,3.4132863617940616,582,1.9805908898944604,7.5,133.73,4,2014,FCBGA1170,Laptop,Other,1
Intel Core i5-540UM @ 1.20GHz,172.0783,1002,5.822930607752401,818,4.75364993726693,18.0,55.64,2,2011,BGA1288,Laptop,Other,1
Intel Pentium E6300 @ 2.80GHz,41.85,1000,23.894862604540023,1129,26.977299880525685,65.0,15.38,2,2009,LGA775,Desktop,LGA775,0
Intel Pentium 2117U @ 1.80GHz,134.0,998,7.447761194029851,925,6.902985074626866,17.0,58.7,2,2013,FCBGA1023,Laptop,Other,0
Intel Core i3-330M @ 2.13GHz,149.95,997,6.648882960986996,809,5.39513171057019,35.0,28.48,2,2010,BGA1288,Laptop,Other,0
AMD Athlon X2 215,58.999699999999905,996,16.881441770042926,1107,18.762807268511565,65.0,15.33,2,2010,unknown,Unknown,unknown,1
AMD Athlon X2 250,74.84809999999997,993,13.266869833703199,1132,15.12396440257001,65.0,15.28,2,2009,unknown,Unknown,unknown,1
Intel Celeron 2981U @ 1.60GHz,198.11920000000012,991,5.002039176415003,871,4.396343211561522,15.0,66.1,2,2016,BGA1168,Laptop,Other,1
AMD E2-9010,138.3065,991,7.165245306619718,871,6.297607126201589,15.0,66.1,2,2017,FP4,Laptop,Other,1
AMD Phenom II N620 Dual-Core,3.99,990,248.12030075187968,1069,267.91979949874684,35.0,28.28,2,2010,S1,Laptop,S1,0
AMD Athlon II X2 4300e,138.54480000000004,990,7.145703050565591,1074,7.752005127583278,13.0,76.18,2,2012,unknown,Unknown,unknown,1
Intel Pentium Extreme Edition 965 @ 3.73GHz,187.04119999999995,987,5.276912252487689,818,4.373368006621003,130.0,7.59,2,2009,PLGA775,Desktop,Other,1
Intel Atom x5-E8000 @ 1.04GHz,234.65709999999999,985,4.197614306151402,509,2.169122519625445,5.0,196.92,4,2016,FCBGA1170,Laptop,Other,1
Intel Pentium B950 @ 2.10GHz,49.97729999999995,984,19.688938778205326,934,18.688484571995705,35.0,28.11,2,2011,PGA988,Laptop,Other,1
AMD Athlon II X2 240e,37.89,980,25.86434415413038,1092,28.820269200316705,45.0,21.77,2,2009,AM3,Desktop,AM3,0
Intel Core2 Duo E7400 @ 2.80GHz,14.99,980,65.37691794529687,1104,73.64909939959973,65.0,15.07,2,2008,LGA775,Desktop,LGA775,0
AMD Opteron 1218 HE,86.69189999999992,979,11.292865884817392,940,10.842996865912513,65.0,15.06,2,2010,AM2,Server,AM2,1
AMD Phenom X3 8550,29.95,976,32.587646076794655,810,27.045075125208683,95.0,10.27,3,2009,AM2/AM2+,Desktop,Other,0
Intel Core i3-2340UE @ 1.30GHz,190.3006000000001,976,5.12872791783105,620,3.258003390425462,17.0,57.43,2,2014,BGA-1023,Laptop,Other,1
Intel Core2 Duo T7800 @ 2.60GHz,607.99,976,1.6052895606835638,1034,1.7006858665438576,35.0,27.88,2,2009,BGA479,Laptop,Other,0
AMD Athlon 64 FX-74,499.5,972,1.945945945945946,617,1.2352352352352352,125.0,7.78,2,2009,F (1207),Desktop,Other,0
AMD A4-3300 APU,56.61,971,17.15244656421127,1026,18.124006359300477,65.0,14.93,2,2011,FM1,Desktop,Other,0
AMD A4-4300M APU,29.86,971,32.51841929002009,976,32.685867381111855,35.0,27.73,1,2012,FS1,Laptop,Other,0
Intel Celeron 1037U @ 1.80GHz,160.1668,969,6.049942934490794,914,5.706550920665206,17.0,57.0,2,2013,FCBGA1023,Laptop,Other,1
AMD Athlon 64 X2 Dual Core 6400+,249.95,967,3.86877375475095,1142,4.568913782756551,125.0,7.74,2,2008,AM2,Desktop,AM2,0
AMD Phenom II N640 Dual-Core,54.95,965,17.561419472247497,1039,18.908098271155595,35.0,27.58,2,2010,S1,Laptop,S1,0
Intel Core i7-620UM @ 1.07GHz,202.92480000000003,964,4.750528274513513,777,3.8290046362002075,18.0,53.57,2,2010,BGA1288,Laptop,Other,1
Intel Core2 Duo E7300 @ 2.66GHz,33.07,964,29.150287269428485,1097,33.17205926821893,65.0,14.83,2,2008,LGA775,Desktop,LGA775,0
Intel Xeon 5160 @ 3.00GHz,43.5,963,22.137931034482758,1134,26.06896551724138,80.0,12.04,2,2009,LGA771,Server,Other,0
Intel Atom C2538 @ 2.40GHz,104.0,960,9.23076923076923,491,4.721153846153846,15.0,64.01,4,2018,FCBGA1283,Laptop,Other,0
AMD Athlon II X2 215,28.97,959,33.10321021746635,1041,35.93372454263031,65.0,14.75,2,2009,AM3,Desktop,AM3,0
Intel Core2 Duo P9500 @ 2.53GHz,998.99,959,0.9599695692649576,1056,1.0570676383146977,25.0,38.36,2,2008,BGA479,Laptop,Other,0
AMD E2-9000,187.35340000000008,958,5.11333127661414,801,4.275342747983221,10.0,95.84,2,2017,unknown,Laptop,unknown,1
AMD Opteron 285,24.95,956,38.31663326653307,509,20.400801603206414,95.0,10.06,2,2009,940,Server,Other,0
Intel Core2 Duo P8700 @ 2.53GHz,84.95,956,11.253678634490877,1045,12.301353737492642,25.0,38.25,2,2009,BGA479,Laptop,Other,0
AMD R-260H APU,146.8818,954,6.495018443401429,902,6.1409922808680175,17.0,56.13,2,2017,BGA827 (FP2),Laptop,Other,1
AMD E2-3200 APU,7.99,953,119.2740926157697,964,120.65081351689612,65.0,14.66,2,2011,FM1,Desktop,Other,0
AMD Opteron 290,135.0,952,7.051851851851852,570,4.222222222222222,95.0,10.02,2,2009,940,Server,Other,0
AMD Athlon 7750 Dual-Core,79.99,951,11.88898612326541,1034,12.926615826978374,95.0,10.01,2,2009,AM2+,Desktop,Other,0
Intel Core2 Duo SP9400 @ 2.40GHz,284.0,948,3.3380281690140845,930,3.2746478873239435,25.0,37.93,2,2009,BGA956,Laptop,Other,0
Intel Core2 Duo E7200 @ 2.53GHz,47.0,947,20.148936170212767,1068,22.72340425531915,65.0,14.56,2,2008,LGA775,Desktop,LGA775,0
AMD Athlon 64 FX-62 Dual Core,375.0,943,2.514666666666667,1000,2.6666666666666665,125.0,7.54,2,2009,AM2,Desktop,AM2,0
Intel Celeron J1850 @ 1.99GHz,142.696,942,6.601446431574817,455,3.188596737119471,10.0,94.18,4,2013,FCBGA1170,Desktop,Other,1
Intel Core2 Duo T9400 @ 2.53GHz,44.95,941,20.93437152391546,1016,22.60289210233593,35.0,26.88,2,2009,BGA479,Laptop,Other,0
Intel Core2 Duo P8800 @ 2.66GHz,56.99,940,16.49412177575013,1087,19.0735216704685,25.0,37.59,2,2009,BGA479,Laptop,Other,0
Intel Core2 Duo T9300 @ 2.50GHz,94.95,940,9.899947340705634,1020,10.742496050552923,35.0,26.86,2,2008,BGA479,Laptop,Other,0
Intel Xeon 3060 @ 2.40GHz,22.99,939,40.84384515006525,942,40.97433666811658,65.0,14.44,2,2009,LGA775,Server,LGA775,0
AMD Athlon X2 255,67.73879999999993,938,13.847307599189843,1095,16.165033924427377,65.0,14.43,2,2012,AM2+/AM3,Unknown,Other,1
Intel Core2 Duo T9550 @ 2.66GHz,298.95,937,3.1343033952165915,1035,3.462117410938284,35.0,26.77,2,2009,BGA479,Laptop,Other,0
Intel Pentium E5400 @ 2.70GHz,92.76,936,10.090556274256144,1074,11.578266494178525,65.0,14.4,2,2009,LGA775,Desktop,LGA775,0
AMD Athlon II X2 240,24.95,935,37.4749498997996,1027,41.1623246492986,65.0,14.38,2,2009,AM3,Desktop,AM3,0
Intel Celeron E3500 @ 2.70GHz,21.0,935,44.523809523809526,1154,54.95238095238095,65.0,14.39,2,2011,LGA775,Desktop,LGA775,0
AMD Phenom II P650 Dual-Core,35.0,933,26.65714285714286,985,28.142857142857142,35.0,26.66,2,2011,S1,Laptop,S1,0
AMD Sempron X2 198 Dual-Core,55.873799999999946,930,16.64465277106624,1070,19.150299424775138,65.0,14.31,2,2015,FM1,Desktop,Other,1
Intel Celeron B840 @ 1.90GHz,48.917299999999976,930,19.011678894787742,901,18.418841595918018,35.0,26.56,2,2011,PGA988B,Laptop,Other,1
Intel Xeon L3406 @ 2.27GHz,265.19,928,3.4993778045929336,647,2.439760171952185,30.0,30.94,2,2010,LGA1156,Server,Other,0
AMD Athlon 64 X2 Dual Core 5600+,107.21,923,8.609271523178808,1027,9.579330286353885,89.0,10.37,2,2008,AM2,Desktop,AM2,0
AMD Turion II Ultra Dual-Core Mobile M600,16.76,923,55.071599045346055,982,58.59188544152744,35.0,26.38,2,2009,S1,Laptop,S1,0
AMD Athlon X2 240,55.11789999999993,921,16.70963516389415,1017,18.451356093029695,65.0,14.17,2,2009,unknown,Unknown,unknown,1
AMD Athlon 64 X2 Dual Core 6000+,38.5,919,23.87012987012987,1022,26.545454545454547,89.0,10.33,2,2008,AM2,Desktop,AM2,0
Intel Celeron 3205U @ 1.50GHz,287.04,918,3.1981605351170566,879,3.0622909698996654,15.0,61.19,2,2015,FCBGA1168,Laptop,FCBGA1168,0
Intel Celeron N2920 @ 1.86GHz,308.0556,918,2.97998153580068,549,1.7821458204298184,7.5,122.4,4,2014,FCBGA1170,Laptop,Other,1
Intel Xeon 5148 @ 2.33GHz,20.0,912,45.6,868,43.4,40.0,22.81,2,2010,LGA771,Server,Other,0
AMD Turion II Dual-Core Mobile M540,35.378,912,25.778732545649838,967,27.33337102153881,35.0,26.05,2,2011,S1,Laptop,S1,1
AMD Athlon 64 X2 Dual Core 5400+,52.99,910,17.17305151915456,1010,19.06020003774297,65.0,13.99,2,2008,AM2,Desktop,AM2,0
AMD Opteron 1218,98.0918,910,9.27702417531333,962,9.80713984247409,103.0,8.84,2,2010,AM2,Server,AM2,1
Intel Pentium B960 @ 2.20GHz,38.68,910,23.526370217166495,941,24.327817993795243,35.0,26.0,2,2012,PGA988,Laptop,Other,0
AMD Opteron 2220 SE,25.0,909,36.36,519,20.76,119.0,7.64,2,2009,F (1207),Server,Other,0
Intel Atom x5-Z8350 @ 1.44GHz,21.0,909,43.285714285714285,482,22.952380952380953,4.0,227.26,4,2016,UTFCBGA592,Laptop,Other,0
Intel Core2 Duo T8300 @ 2.40GHz,108.95,906,8.315741165672327,996,9.14180816888481,35.0,25.9,2,2008,BGA479,Laptop,Other,0
Intel Pentium E5300 @ 2.60GHz,59.49,906,15.229450327786182,1032,17.34745335350479,65.0,13.93,2,2009,LGA775,Desktop,LGA775,0
Intel Core i5-520UM @ 1.07GHz,214.57500000000007,902,4.2036583945007555,759,3.5372247465920994,18.0,50.14,2,2010,BGA1288,Laptop,Other,1
Intel Core2 Duo E6600 @ 2.40GHz,35.09,901,25.67683100598461,953,27.15873468224565,65.0,13.86,2,2008,PLGA775,Desktop,Other,0
AMD Athlon II N370 Dual-Core,54.564199999999964,899,16.476004413150026,913,16.73258290234257,35.0,25.67,2,2012,S1g4,Unknown,Other,1
Intel Pentium G620T @ 2.20GHz,19.99,896,44.822411205602805,961,48.07403701850926,35.0,25.61,2,2011,LGA1155,Desktop,LGA1155,0
Intel Core i3-2375M @ 1.50GHz,190.27880000000007,894,4.698368919711495,684,3.5947252137389962,17.0,52.57,2,2013,BGA1023,Laptop,BGA1023,1
AMD A4-9120C,134.03889999999998,894,6.6697055854681,953,7.109876312025838,6.0,148.93,2,2019,FT4,Laptop,Other,1
Intel Core2 Duo L9600 @ 2.13GHz,226.53890000000007,892,3.9375136014167973,914,4.034627165577302,17.0,52.46,2,2009,BGA956,Laptop,Other,1
Intel Celeron 1017U @ 1.60GHz,199.13750000000022,888,4.459230431234695,821,4.122779486535681,17.0,52.24,2,2013,FCBGA1023,Laptop,Other,1
Intel Xeon 5133 @ 2.20GHz,37.39519999999999,887,23.71962176963889,838,22.40929317131611,40.0,22.18,2,2013,LGA771,Server,Other,1
AMD Turion II P540 Dual-Core,49.95,884,17.697697697697695,843,16.876876876876874,35.0,25.26,2,2010,S1,Laptop,S1,0
AMD Sempron X2 190,83.44,879,10.53451581975072,977,11.70901246404602,45.0,19.53,2,2012,AM2+/AM3,Unknown,Other,0
Intel Atom x5-E3930 @ 1.30GHz,179.0657,878,4.9032282564444225,617,3.445662681351035,6.5,135.01,2,2017,BGA1296,Laptop,Other,1
Intel Pentium N3510 @ 1.99GHz,307.5407000000001,878,2.854906683895822,534,1.7363555457862971,7.5,117.1,4,2013,FCBGA1170,Laptop,Other,1
AMD Turion II N550 Dual-Core,54.10419999999996,877,16.20946248165578,891,16.468222430051654,35.0,25.05,2,2011,S1,Laptop,S1,1
Athlon 64 Dual Core 5600+,58.37189999999991,875,14.990089409459026,993,17.011610038391787,65.0,13.46,2,2010,AM2,Desktop,AM2,1
Intel Core2 Duo E6550 @ 2.33GHz,13.3,875,65.78947368421052,911,68.49624060150376,65.0,13.46,2,2008,LGA775,Desktop,LGA775,0
AMD Athlon 5200 Dual-Core,89.0,869,9.764044943820224,915,10.280898876404494,75.0,11.59,2,2010,AM2,Desktop,AM2,0
Intel Core2 Duo P7550 @ 2.26GHz,229.99,868,3.7740771337884254,917,3.9871298752119655,25.0,34.74,2,2009,PGA478,Laptop,PGA478,0
AMD Athlon II X2 4450e,56.320399999999964,867,15.394066803502826,1066,18.92742239046599,45.0,19.27,2,2010,AM2,Desktop,AM2,1
Intel Pentium E5200 @ 2.50GHz,49.94,867,17.36083299959952,1006,20.144173007609133,65.0,13.33,2,2009,LGA775,Desktop,LGA775,0
Intel Xeon 3065 @ 2.33GHz,20.9,867,41.483253588516746,836,40.0,65.0,13.34,2,2009,LGA775,Server,LGA775,0
Intel Celeron P4600 @ 2.00GHz,49.87469999999995,862,17.283311979821452,812,16.28079968400814,35.0,24.63,2,2011,PGA988A,Laptop,Other,1
AMD Turion 64 X2 Mobile TL-68,90.0,861,9.566666666666666,887,9.855555555555556,35.0,24.59,2,2009,S1,Laptop,S1,0
Intel Celeron E3200 @ 2.40GHz,19.99,860,43.02151075537769,992,49.624812406203105,65.0,13.23,2,2009,LGA775,Desktop,LGA775,0
AMD Athlon 7550 Dual-Core,14.95,859,57.458193979933114,919,61.47157190635452,95.0,9.04,2,2009,AM2+,Desktop,Other,0
Intel Xeon 5140 @ 2.33GHz,36.99,857,23.168423898350905,870,23.519870235198702,65.0,13.18,2,2009,LGA771,Server,Other,0
AMD Turion II N530 Dual-Core,30.0,855,28.5,968,32.266666666666666,35.0,24.44,2,2010,S1,Laptop,S1,0
Intel Core2 Duo P8600 @ 2.40GHz,49.18,853,17.344448962993088,936,19.032126880845873,25.0,34.13,2,2008,BGA479,Laptop,Other,0
Intel Pentium P6100 @ 2.00GHz,28.44,850,29.887482419127988,831,29.219409282700422,35.0,24.29,2,2010,PGA988,Laptop,Other,0
Athlon 64 Dual Core 5000+,46.53039999999994,850,18.267627185667887,924,19.857985317126033,89.0,9.55,2,2009,unknown,Desktop,unknown,1
Intel Pentium 3560Y @ 1.20GHz,191.20880000000008,849,4.440172209647253,700,3.6609193719117514,11.5,73.83,2,2013,BGA1168,Laptop,Other,1
Intel Pentium P6200 @ 2.13GHz,24.95,847,33.947895791583164,840,33.66733466933868,35.0,24.2,2,2010,PGA988,Laptop,Other,0
Intel Core i3-2377M @ 1.50GHz,202.85820000000004,845,4.1654712503610885,640,3.154913136368162,17.0,49.71,2,2012,BGA1023,Laptop,BGA1023,1
Intel Celeron 2957U @ 1.40GHz,236.44820000000036,841,3.556804407899907,782,3.307278296049616,15.0,56.08,2,2014,FCBGA1168,Laptop,FCBGA1168,1
Intel Xeon 3050 @ 2.13GHz,157.95,841,5.324469768914214,672,4.254510921177588,65.0,12.93,2,2009,LGA775,Server,LGA775,0
AMD TurionX2 Ultra DualCore Mobile ZM-85,58.28179999999997,841,14.429890634812248,686,11.770398306160763,35.0,24.03,2,2014,S1,Laptop,S1,1
Intel Xeon 5150 @ 2.66GHz,30.99,840,27.105517909002906,999,32.23620522749274,65.0,12.92,2,2009,LGA771,Server,Other,0
AMD Opteron 275,99.95,839,8.394197098549274,445,4.452226113056528,95.0,8.83,2,2008,940,Server,Other,0
Intel Xeon E5205 @ 1.86GHz,14.27,838,58.72459705676244,788,55.22074281709881,65.0,12.9,2,2012,LGA771,Server,Other,0
Intel Xeon E5502 @ 1.87GHz,80.0,837,10.4625,799,9.9875,80.0,10.46,2,2009,LGA1366,Server,LGA1366,0
Intel Celeron E3300 @ 2.50GHz,64.78,837,12.920654523000927,1042,16.085211485026242,65.0,12.87,2,2009,LGA775,Desktop,LGA775,0
Intel Core i5-430UM @ 1.20GHz,221.32840000000007,836,3.777192624172947,630,2.846448987115977,18.0,46.47,2,2010,BGA1288,Laptop,Other,1
AMD Athlon Dual Core 5000B,95.0,835,8.789473684210526,935,9.842105263157896,65.0,12.84,2,2009,AM2,Desktop,AM2,0
AMD Athlon 5000 Dual-Core,109.95,835,7.594361073215097,892,8.112778535698045,65.0,12.84,2,2009,"AM2,AM2+",Desktop,Other,0
Intel Celeron 2955U @ 1.40GHz,227.31730000000024,835,3.673279596405549,765,3.3653399895212517,15.0,55.68,2,2013,FCBGA1168,Laptop,FCBGA1168,1
Intel Pentium P6300 @ 2.27GHz,61.99609999999993,834,13.452459106298639,772,12.452396199115766,35.0,23.83,2,2011,PGA988,Laptop,Other,1
Intel Core i3-2367M @ 1.40GHz,204.85800000000006,832,4.061349813041227,617,3.01184234933466,17.0,48.93,2,2011,BGA1023,Laptop,BGA1023,1
Intel Pentium B940 @ 2.00GHz,29.94,832,27.788911155644623,861,28.75751503006012,35.0,23.77,2,2011,PGA988,Laptop,Other,0
AMD E2-9000e,206.5584,832,4.027916560159258,725,3.5099032525426224,6.0,138.72,2,2017,unknown,Laptop,unknown,1
AMD Turion II Dual-Core Mobile M520,69.1,830,12.011577424023155,927,13.415340086830682,35.0,23.71,2,2009,S1,Laptop,S1,0
Intel Core2 Duo E4600 @ 2.40GHz,157.95,829,5.248496359607471,925,5.856283634061413,65.0,12.76,2,2008,LGA775,Desktop,LGA775,0
Intel Celeron E3400 @ 2.60GHz,14.99,829,55.30353569046031,1007,67.17811874583056,65.0,12.76,2,2010,LGA775,Desktop,LGA775,0
Intel Core2 Duo P8400 @ 2.26GHz,297.01,827,2.78441803306286,921,3.100905693410996,25.0,33.09,2,2008,BGA479,Laptop,Other,0
AMD Athlon Dual Core 5400B,80.94989999999996,826,10.20384212951468,969,11.970366856537197,65.0,12.71,2,2009,AM2,Desktop,AM2,1
AMD Sempron X2 180,69.4,826,11.902017291066281,865,12.463976945244955,45.0,18.35,2,2011,unknown,Unknown,unknown,0
Intel Core2 Duo T7700 @ 2.40GHz,129.95,825,6.348595613697577,899,6.9180454020777224,35.0,23.56,2,2008,BGA479,Laptop,Other,0
Intel Core i3-2357M @ 1.30GHz,212.12640000000007,824,3.8844764253765667,591,2.7860747177154743,17.0,48.48,2,2011,unknown,Laptop,unknown,1
Intel Core2 Duo T7500 @ 2.20GHz,42.99,823,19.143986973714817,878,20.42335426843452,35.0,23.51,2,2008,BGA479,Laptop,Other,0
Intel Core2 Extreme X6800 @ 2.93GHz,263.64,823,3.121681080260962,973,3.6906387498103475,75.0,10.98,2,2008,PLGA775,Desktop,Other,0
Intel Atom x5-Z8330 @ 1.44GHz,100.40899999999998,822,8.186517144877453,468,4.66093676861636,4.0,205.53,4,2016,unknown,Laptop,unknown,1
Intel Atom x5-Z8300 @ 1.44GHz,132.99,819,6.158357771260997,463,3.481464771787352,4.0,204.66,4,2015,UTFCBGA592,"Laptop, Mobile/Embedded",Other,0
AMD A4-4355M APU,198.8559000000002,818,4.113531456698037,828,4.163819127317818,17.0,48.13,2,2012,FP2,Laptop,Other,1
AMD Turion II P560 Dual-Core,158.27810000000002,818,5.1681186468627045,931,5.882051907370633,25.0,32.73,2,2011,S1,Laptop,S1,1
Intel Celeron P4500 @ 1.87GHz,47.78779999999993,816,17.075487886029514,707,14.794570999292727,35.0,23.32,2,2010,PGA988A,Laptop,Other,1
Intel Core i3-2365M @ 1.40GHz,193.20710000000005,815,4.218271481741612,611,3.1624096629989262,17.0,47.92,2,2012,BGA1023,Laptop,BGA1023,1
AMD Turion II Ultra Dual-Core Mobile M620,45.52399999999998,814,17.880678323521668,945,20.758281346103164,35.0,23.25,2,2010,S1,Laptop,S1,1
AMD Athlon 64 X2 Dual Core 5200+,60.0,812,13.533333333333333,915,15.25,65.0,12.5,2,2008,AM2,Desktop,AM2,0
Intel Celeron B830 @ 1.80GHz,49.99,812,16.243248649729946,841,16.823364672934588,35.0,23.21,2,2012,rPGA988B,Laptop,Other,0
Intel Core2 Duo E4700 @ 2.60GHz,26.99,811,30.048165987402744,998,36.97665802148944,65.0,12.47,2,2008,LGA775,Desktop,LGA775,0
Intel Core2 Duo E6540 @ 2.33GHz,53.96169999999994,808,14.97358311543189,969,17.957180741155323,65.0,12.43,2,2009,LGA775,Desktop,LGA775,1
AMD Opteron 1214 HE,94.21089999999998,806,8.555273328245459,811,8.608345743433086,65.0,12.4,2,2015,AM2,Server,AM2,1
Intel Atom Z3735G @ 1.33GHz,261.9938,806,3.076408678373305,487,1.8588226133595527,4.4,183.11,4,2014,unknown,Laptop,unknown,1
Intel Xeon E5503 @ 2.00GHz,130.19,804,6.175589523004839,845,6.490513864352101,80.0,10.05,2,2010,LGA1366,Server,LGA1366,0
AMD Athlon64 X2 Dual Core 4600+,307.70259999999996,803,2.6096627067824585,755,2.4536679248079154,110.0,7.3,2,2009,AM2,Desktop,AM2,1
Intel Celeron 1007U @ 1.50GHz,184.99,798,4.313746689010217,760,4.10833018000973,17.0,46.93,2,2013,FCBGA1023,Laptop,Other,0
AMD Athlon 64 X2 Dual Core 5800+,29.95,797,26.611018363939902,1008,33.65609348914858,89.0,8.95,2,2009,unknown,Desktop,unknown,0
AMD Athlon Dual Core 5200B,76.77129999999998,796,10.368458004488659,953,12.41349306316293,65.0,12.25,2,2009,AM2,Desktop,AM2,1
AMD A6-4455M APU,215.38260000000028,795,3.691105966777256,788,3.6586056626672674,17.0,46.79,1,2012,FP2,Laptop,Other,1
Intel Xeon 5130 @ 2.00GHz,48.99,795,16.227801592161665,796,16.24821392120841,65.0,12.23,2,2009,LGA771,Server,Other,0
Intel Atom Z3775D @ 1.49GHz,276.57579999999996,794,2.870822392993169,646,2.3357068839717723,4.4,180.52,4,2015,UTFCBGA1380,Laptop,Other,1
Intel Pentium E2220 @ 2.40GHz,55.0,793,14.418181818181818,892,16.21818181818182,65.0,12.21,2,2009,LGA775,Desktop,LGA775,0
Intel Pentium T4500 @ 2.30GHz,29.95,793,26.47746243739566,911,30.417362270450752,35.0,22.66,2,2010,PGA478,Laptop,PGA478,0
AMD Turion X2 Ultra Dual-Core Mobile ZM-84,49.95,793,15.875875875875876,778,15.575575575575575,35.0,22.65,2,2009,S1,Laptop,S1,0
Intel Core2 Duo P7370 @ 2.00GHz,129.1524,790,6.116804643196719,793,6.140033015259492,25.0,31.58,2,2008,PGA478,Laptop,PGA478,1
AMD Turion II P520 Dual-Core,118.52679999999998,790,6.66515927199587,892,7.525724140025717,25.0,31.62,2,2010,S1,Laptop,S1,1
AMD Athlon 7450 Dual-Core,59.63759999999993,789,13.229908648235357,853,14.303057131742408,95.0,8.31,2,2009,AM2+,Desktop,Other,1
Intel Pentium 997 @ 1.60GHz,147.5399,789,5.3477059425958675,729,4.941036289166524,17.0,46.42,2,2012,BGA-1023,Unknown,Other,1
Intel Xeon 3040 @ 1.86GHz,25.04,789,31.509584664536742,474,18.9297124600639,65.0,12.14,2,2009,LGA775,Server,LGA775,0
Intel Celeron B820 @ 1.70GHz,29.29,789,26.93752133834073,745,25.435302150904747,35.0,22.54,2,2012,PGA988B,Laptop,Other,0
AMD Opteron 1216,54.85,781,14.238833181403828,810,14.767547857793984,103.0,7.58,2,2009,AM2,Server,AM2,0
Intel Celeron B810 @ 1.60GHz,79.95,775,9.693558474046279,754,9.430894308943088,35.0,22.13,2,2011,PGA988B,Laptop,Other,0
VIA QuadCore L4700 @ 1.2+ GHz,136.26,773,5.672978130045502,355,2.6053133714956704,27.5,28.11,4,2013,unknown,Laptop,unknown,1
Intel Core2 Duo E6400 @ 2.13GHz,29.94,772,25.784903139612556,844,28.189712758851034,65.0,11.88,2,2009,LGA775,Desktop,LGA775,0
AMD Opteron 1212 HE,85.5017,771,9.017364567020305,731,8.54953761153287,65.0,11.87,2,2012,AM2,Server,AM2,1
Intel Pentium T4300 @ 2.10GHz,98.95,771,7.791814047498736,834,8.428499242041434,35.0,22.02,2,2009,PGA478,Laptop,PGA478,0
Intel Core2 Duo T7600 @ 2.33GHz,99.95,770,7.703851925962981,848,8.48424212106053,34.0,22.66,2,2008,"PBGA479, PPGA478",Laptop,Other,0
Intel Core2 Duo P7570 @ 2.26GHz,121.25329999999992,770,6.350342629850078,904,7.455467191408403,25.0,30.81,2,2009,PGA478,Laptop,PGA478,1
Athlon Dual Core 4850e,76.46639999999996,769,10.056704644131283,861,11.25984746241487,45.0,17.08,2,2009,AM2,Desktop,AM2,1
AMD A4-3310MX APU,48.275499999999965,769,15.929405184824612,822,17.027270561672083,45.0,17.08,2,2011,FS1,Laptop,Other,1
AMD Athlon II N350 Dual-Core,58.517499999999934,767,13.107190156790718,945,16.149015251847757,35.0,21.91,2,2010,unknown,Unknown,unknown,1
AMD Opteron 280,280.72,765,2.725135366201197,430,1.5317754345967511,95.0,8.05,2,2009,940,Server,Other,0
Intel Pentium P6000 @ 1.87GHz,50.27769999999994,765,15.215493151039148,713,14.1812374074391,35.0,21.86,2,2010,PGA988,Laptop,Other,1
Intel Xeon 5120 @ 1.86GHz,1474.4,763,0.5174986435160065,748,0.5073250135648399,65.0,11.73,2,2009,LGA771,Server,Other,0
AMD GX-217GA SOC,224.8911000000001,762,3.388306607064484,558,2.481200901236197,15.0,50.83,2,2014,FT3 (769-BGA),Laptop,Other,1
Intel Pentium T4400 @ 2.20GHz,109.95,762,6.930422919508867,862,7.839927239654388,35.0,21.77,2,2011,PGA478,Laptop,PGA478,0
AMD Opteron 270,249.95,761,3.044608921784357,411,1.6443288657731547,95.0,8.01,2,2012,940,Server,Other,0
Intel Core2 Duo T6600 @ 2.20GHz,39.97,761,19.039279459594695,851,21.29096822616963,35.0,21.73,2,2009,PGA478,Laptop,PGA478,0
Intel Atom Z3735D @ 1.33GHz,299.1859999999999,761,2.543568215090279,591,1.9753598096167606,4.4,173.03,4,2014,unknown,Laptop,unknown,1
AMD Athlon 64 X2 Dual Core 5000+,331.49,760,2.292678512172313,882,2.6607137470210263,65.0,11.69,2,2008,AM2,Desktop,AM2,0
AMD Turion II Dual-Core Mobile M500,56.69819999999997,760,13.404305604057983,866,15.273853490939755,35.0,21.71,2,2009,S1,Laptop,S1,1
Intel Core2 Duo T6670 @ 2.20GHz,53.19289999999994,756,14.212423086539761,855,16.07357372882473,35.0,21.61,2,2009,PGA478,Laptop,PGA478,1
Intel Core i5-470UM @ 1.33GHz,246.0268,755,3.0687713696231467,539,2.1908182360620874,18.0,41.95,2,2010,BGA1288,Laptop,Other,1
AMD GX-218GL SOC,154.4251,754,4.882625946170668,627,4.060220780171099,15.0,50.27,2,2017,BGA769 (FT3b),Laptop,Other,1
Intel Atom Z3775 @ 1.46GHz,500.0,754,1.508,538,1.076,4.0,188.38,4,2014,UTFCBGA1380,Laptop,Other,0
AMD A4-5150M APU,43.017099999999964,753,17.50466674880456,700,16.27259857126586,35.0,21.51,2,2013,FS1r2,Laptop,Other,1
AMD A4-3330MX APU,50.54149999999997,752,14.878861925348485,910,18.0050057873233,45.0,16.71,2,2013,FS1 uPGA,Laptop,Other,1
Intel Pentium E2200 @ 2.20GHz,54.0,752,13.925925925925926,841,15.574074074074074,65.0,11.57,2,2009,LGA775,Desktop,LGA775,0
AMD Athlon Dual Core 5050e,60.0,748,12.466666666666667,875,14.583333333333334,45.0,16.61,2,2009,AM2,Desktop,AM2,0
Dual-Core AMD Opteron 1220 SE,125.46230000000013,748,5.961950322925685,900,7.173469639883846,103.0,7.26,2,2016,AM2,Server,AM2,1
Intel Celeron 1047UE @ 1.40GHz,175.03349999999998,748,4.273467650478338,526,3.005139016245462,17.0,44.03,2,2014,FCBGA1023,Desktop,Other,1
Intel Core2 Duo P7450 @ 2.13GHz,39.99,747,18.67966991747937,821,20.530132533133283,25.0,29.88,2,2009,PGA478,Laptop,PGA478,0
Celeron Dual-Core T3500 @ 2.10GHz,53.72069999999994,747,13.905254399142246,861,16.027341415878816,35.0,21.33,2,2010,PGA478,Laptop,PGA478,1
AMD Opteron 180,119.95,746,6.219258024176741,874,7.286369320550229,110.0,6.78,2,2009,939,Server,Other,0
Intel Core2 Duo SL9400 @ 1.86GHz,253.0,743,2.9367588932806323,767,3.0316205533596836,17.0,43.7,2,2009,BGA956,Laptop,Other,0
Intel Pentium D 960 @ 3.60GHz,143.7772999999999,743,5.167714235835563,775,5.390280663220136,130.0,5.71,2,2009,PLGA775,Desktop,Other,1
Intel Celeron N2910 @ 1.60GHz,146.56529999999998,742,5.0625898490297505,446,3.0430122273143785,7.5,98.94,4,2013,FCBGA1170,Laptop,Other,1
AMD Turion II Neo N54L Dual-Core,85.24229999999994,741,8.692867273642317,840,9.854262496436634,25.0,29.64,2,2011,BGA812,Laptop,Other,1
Intel Core2 Duo T8100 @ 2.10GHz,999.99,739,0.7390073900739007,836,0.8360083600836008,35.0,21.13,2,2008,BGA479,Laptop,Other,0
AMD Turion 64 X2 Mobile TL-62,29.0,738,25.448275862068964,758,26.137931034482758,35.0,21.08,2,2009,S1,Laptop,S1,0
Intel Atom Z3770 @ 1.46GHz,149.44,738,4.938436830835117,542,3.6268736616702357,4.0,184.46,4,2013,UTFCBGA1380,Laptop,Other,0
AMD Athlon Dual Core 5600B,48.59159999999995,737,15.167230550136253,1003,20.641427736481223,65.0,11.34,2,2012,AM2+,Desktop,Other,1
Athlon 64 Dual Core 3800+,67.26389999999995,736,10.941976305269254,653,9.708030607800032,35.0,21.03,2,2014,unknown,Unknown,unknown,1
AMD Athlon Dual Core 4850e,39.0,735,18.846153846153847,879,22.53846153846154,45.0,16.33,2,2009,AM2,Desktop,AM2,0
Intel Celeron 2961Y @ 1.10GHz,209.7587000000001,732,3.489724144934154,641,3.055892318173214,11.5,63.66,2,2015,unknown,Laptop,unknown,1
AMD Turion X2 Ultra Dual-Core Mobile ZM-85,45.0,730,16.22222222222222,828,18.4,35.0,20.86,2,2009,S1,Laptop,S1,0
AMD Opteron 1216 HE,97.77439999999996,727,7.435484134906482,847,8.662799260338089,65.0,11.18,2,2012,AM2,Server,AM2,1
AMD Athlon Dual Core 4850B,49.14689999999996,727,14.79238771926613,887,18.047933847302694,45.0,16.15,2,2010,AM2+,Desktop,Other,1
Intel Celeron 887 @ 1.50GHz,156.48590000000007,727,4.645785978161609,694,4.434904358795263,17.0,42.74,2,2012,BGA1023,Laptop,BGA1023,1
Intel Core2 Duo P7350 @ 2.00GHz,19.99,727,36.36818409204603,787,39.369684842421215,25.0,29.09,2,2008,BGA479,Laptop,Other,0
AMD A4-3305M APU,20.81,727,34.935127342623744,819,39.35607880826526,35.0,20.76,2,2012,FS1,Laptop,Other,0
AMD E2-3000 APU,183.13760000000002,726,3.964232358619966,547,2.9868252068390104,15.0,48.37,2,2014,FT3,Laptop,Other,1
Intel Core2 Duo T7200 @ 2.00GHz,61.83,723,11.693352741387676,756,12.22707423580786,34.0,21.27,2,2008,"PBGA479, PPGA478",Laptop,Other,0
AMD Athlon 64 X2 Dual Core 4800+,149.95,722,4.814938312770924,885,5.9019673224408145,65.0,11.11,2,2008,AM2,Desktop,AM2,0
Intel Core2 Duo E4500 @ 2.20GHz,11.0,718,65.27272727272727,820,74.54545454545455,65.0,11.05,2,2008,LGA775,Desktop,LGA775,0
Intel Core2 Duo T6570 @ 2.10GHz,38.5,718,18.649350649350648,824,21.4025974025974,35.0,20.52,2,2009,PGA478,Laptop,PGA478,0
AMD Athlon 64 X2 Dual Core 4600+,349.95,716,2.046006572367481,839,2.397485355050722,65.0,11.02,2,2008,AM2,Desktop,AM2,0
Intel Pentium T4200 @ 2.00GHz,98.95,715,7.225871652349672,788,7.963617988883274,35.0,20.43,2,2009,PGA478,Laptop,PGA478,0
Intel Core2 Duo E6420 @ 2.13GHz,39.99,714,17.854463615903974,783,19.579894973743436,65.0,10.99,2,2008,PLGA775,Desktop,Other,0
Intel Celeron E1600 @ 2.40GHz,48.7851,712,14.59462007867156,877,17.976800293532246,65.0,10.95,2,2009,LGA775,Desktop,LGA775,1
AMD Athlon II P360 Dual-Core,19.95,711,35.6390977443609,879,44.06015037593985,25.0,28.45,2,2011,S1g4,Unknown,Other,0
AMD Athlon 64 FX-60 Dual Core,219.75780000000015,709,3.226279112732288,912,4.150023343881307,110.0,6.45,2,2009,939,Desktop,Other,1
Intel Core2 Duo T6400 @ 2.00GHz,14.99,708,47.23148765843896,794,52.96864576384256,35.0,20.23,2,2009,PGA478,Laptop,PGA478,0
AMD Turion X2 Dual-Core Mobile RM-75,66.97049999999994,708,10.571818935202822,770,11.497599689415498,35.0,20.23,2,2009,S1,Laptop,S1,1
Intel Celeron B815 @ 1.60GHz,50.05849999999995,706,14.103498906279667,684,13.664013104667552,35.0,20.18,2,2012,PGA988B,Laptop,Other,1
Intel Core2 Duo T5870 @ 2.00GHz,58.769799999999904,705,11.995957107221756,751,12.77867203904048,35.0,20.14,2,2008,"PPGA478, Socket",Laptop,Other,1
Intel Core2 Duo T7400 @ 2.16GHz,149.95,702,4.681560520173392,774,5.161720573524509,34.0,20.65,2,2010,BGA479,Laptop,Other,0
Intel Pentium E2210 @ 2.20GHz,49.290999999999976,702,14.241950863240762,946,19.192144610578005,65.0,10.81,2,2009,LGA775,Desktop,LGA775,1
Intel Core i3-380UM @ 1.33GHz,173.4432,699,4.030137820335418,562,3.2402538698548,18.0,38.81,2,2010,BGA1288,Laptop,Other,1
AMD Athlon Dual Core 4450e,14.48,698,48.20441988950276,812,56.07734806629834,45.0,15.52,2,2009,AM2,Desktop,AM2,0
AMD Opteron 1214,86.35,696,8.060220034742327,830,9.612044006948466,103.0,6.76,2,2009,AM2,Server,AM2,0
Intel Core2 Duo T6500 @ 2.10GHz,14.99,696,46.430953969312874,836,55.77051367578385,35.0,19.89,2,2009,PGA478,Laptop,PGA478,0
AMD Athlon II Dual-Core M320,30.0,696,23.2,831,27.7,35.0,19.87,2,2009,unknown,Unknown,unknown,0
AMD Opteron 185,223.00050000000022,695,3.1165849403925074,884,3.964116672384139,110.0,6.32,2,2009,939,Server,Other,1
AMD Turion X2 Ultra Dual-Core Mobile ZM-86,61.0,695,11.39344262295082,820,13.442622950819672,35.0,19.84,2,2009,S1,Laptop,S1,0
Intel Core2 Duo T7300 @ 2.00GHz,53.99,693,12.835710316725319,772,14.298944248934987,35.0,19.8,2,2008,BGA479,Laptop,Other,0
AMD Athlon 64 X2 Dual Core 4400+,298.95,691,2.3114233149356083,787,2.632547248703797,65.0,10.63,2,2008,AM2,Desktop,AM2,0
Intel Celeron G470 @ 2.00GHz,35.15,691,19.65860597439545,937,26.657183499288763,35.0,19.75,1,2014,LGA1155,Desktop,LGA1155,0
AMD Turion X2 Dual Core Mobile RM-76,45.29519999999996,691,15.25547960931844,729,16.094420600858385,35.0,19.76,2,2009,S1,Laptop,S1,1
Intel Celeron P4505 @ 1.87GHz,51.81269999999996,689,13.297898005701317,820,15.826235652648881,35.0,19.7,2,2010,BGA1288,Laptop,Other,1
AMD Turion X2 Ultra Dual-Core Mobile ZM-87,39.95,689,17.246558197747184,758,18.97371714643304,35.0,19.69,2,2009,S1,Laptop,S1,0
Intel Core2 Duo T7250 @ 2.00GHz,201.48,688,3.414730990669049,771,3.826682549136391,35.0,19.65,2,2009,BGA479,Laptop,Other,0
AMD Athlon X2 Dual Core BE-2400,124.70599999999999,688,5.516975927381201,693,5.55707022917903,18.0,38.21,2,2009,FT1,Desktop,Other,1
AMD Athlon Dual Core 4450B,31.0,684,22.06451612903226,780,25.161290322580644,45.0,15.19,2,2009,AM2+,Desktop,Other,0
AMD Turion II Neo K685 Dual-Core,158.5999,684,4.312739163139447,729,4.596472002819675,15.0,45.6,2,2011,BGA812,Laptop,Other,1
AMD A4-3300M APU,29.99,683,22.774258086028677,766,25.541847282427476,65.0,10.51,2,2011,FM1,Laptop,Other,0
AMD Opteron 175,244.43890000000007,682,2.790063283708116,773,3.162344454994683,110.0,6.2,2,2008,939,Server,Other,1
Athlon Dual Core 4450e,53.737999999999936,681,12.67259667274556,792,14.738174103986024,45.0,15.12,2,2009,AM2,Desktop,AM2,1
Intel Pentium D 950 @ 3.40GHz,182.34199999999998,679,3.723771813405579,695,3.811519013721469,130.0,5.22,2,2008,PLGA775,Desktop,Other,1
AMD Athlon II Dual-Core M340,58.15409999999993,676,11.624287883399465,774,13.309465712649683,35.0,19.32,2,2010,unknown,Unknown,unknown,1
AMD Athlon II X2 270u,67.67,675,9.974878084823407,791,11.689079355696764,25.0,27.02,2,2010,AM3,Desktop,AM3,0
AMD Turion 64 X2 Mobile TL-64,39.39,675,17.136329017517134,702,17.82178217821782,35.0,19.29,2,2009,S1,Laptop,S1,0
AMD Athlon II P320 Dual-Core,19.95,674,33.78446115288221,811,40.65162907268171,25.0,26.96,2,2010,unknown,Unknown,unknown,0
AMD Athlon II P340 Dual-Core,39.95,673,16.846057571964955,827,20.700876095118897,25.0,26.91,2,2010,S1g4,Unknown,Other,0
AMD Athlon 64 X2 Dual Core 4200+,109.95,672,6.111869031377899,786,7.148703956343793,89.0,7.56,2,2008,AM2,Desktop,AM2,0
Intel Pentium E2180 @ 2.00GHz,19.5,671,34.41025641025641,748,38.35897435897436,65.0,10.33,2,2008,LGA775,Desktop,LGA775,0
Intel Celeron E1400 @ 2.00GHz,14.0,671,47.92857142857143,746,53.285714285714285,65.0,10.32,2,2009,LGA775,Desktop,LGA775,0
Athlon Dual Core 4050e,41.94529999999999,670,15.973184123131798,744,17.737386548671726,45.0,14.89,2,2009,AM2,Desktop,AM2,1
Intel Celeron J3060 @ 1.60GHz,169.26149999999998,668,3.946556068568458,627,3.704327327832969,6.0,111.3,2,2016,BGA1170,Desktop,Other,1
Intel Core2 Duo T5750 @ 2.00GHz,9.99,667,66.76676676676676,735,73.57357357357357,35.0,19.06,2,2008,Socket P,Laptop,Other,0
Intel Core2 Duo L9300 @ 1.60GHz,170.00269999999992,666,3.9175848383584513,659,3.8764090217390685,17.0,39.17,2,2009,BGA956,Laptop,Other,1
AMD Turion X2 Dual-Core Mobile RM-72,224.26,666,2.969767234460002,751,3.3487915812003926,35.0,19.03,2,2008,S1,Laptop,S1,0
VIA QuadCore U4650 @ 1.0+ GHz,79.56169999999993,666,8.370861859412262,296,3.720383048627672,27.5,24.21,4,2012,unknown,Desktop,unknown,1
AMD E2-3000M APU,42.98,665,15.472312703583063,735,17.10097719869707,35.0,19.01,2,2011,FS1,Laptop,Other,0
Celeron Dual-Core T3000 @ 1.80GHz,42.76849999999993,665,15.548826823479923,748,17.48950746460599,35.0,19.0,2,2009,PGA478,Laptop,PGA478,1
AMD Athlon II N330 Dual-Core,52.804099999999934,665,12.59371904833149,813,15.396531708712033,35.0,19.01,2,2010,unknown,Unknown,unknown,1
Intel Celeron N3060 @ 1.60GHz,282.0,664,2.354609929078014,629,2.230496453900709,6.0,110.69,2,2016,unknown,Laptop,unknown,0
AMD Athlon II X2 260u,83.44,663,7.945829338446789,703,8.425215723873443,25.0,26.5,2,2010,AM3,Desktop,AM3,0
AMD Athlon 64 X2 Dual Core 4000+,129.98410000000007,661,5.085237348260285,730,5.616071504130118,65.0,10.17,2,2008,AM2,Desktop,AM2,1
AMD Turion Dual-Core RM-75,21.49,659,30.665425779432297,444,20.660772452303398,35.0,18.82,2,2009,S1,Laptop,S1,0
AMD Turion X2 Ultra Dual-Core Mobile ZM-82,63.04299999999989,654,10.3738718017861,789,12.515267357200662,35.0,18.67,2,2009,S1,Laptop,S1,1
Intel Atom Z3740 @ 1.33GHz,135.80290000000002,651,4.79371206358627,423,3.1148082993809405,4.0,162.86,4,2013,UTFCBGA1380,Laptop,Other,1
Intel Celeron E1500 @ 2.20GHz,19.65,649,33.027989821882954,785,39.949109414758276,65.0,9.98,2,2009,LGA775,Desktop,LGA775,0
Intel Celeron B800 @ 1.50GHz,24.99,649,25.970388155262107,645,25.810324129651864,35.0,18.55,2,2011,PGA988B,Laptop,Other,0
AMD Turion Dual-Core RM-72,29.99,649,21.64054684894965,725,24.174724908302768,35.0,18.53,2,2009,S1,Laptop,S1,0
AMD Opteron 170,342.9581,648,1.8894436375755521,715,2.084802779115,110.0,5.89,2,2009,939,Server,Other,1
Intel Core2 Duo T5600 @ 1.83GHz,108.09030000000001,645,5.967232952448091,696,6.439060674269569,34.0,18.98,2,2008,PGA478,Laptop,PGA478,1
Intel Pentium T3400 @ 2.16GHz,79.95,645,8.067542213883677,722,9.030644152595372,35.0,18.42,2,2009,PPGA478,Laptop,Other,0
Intel Pentium T3200 @ 2.00GHz,12.0,644,53.666666666666664,717,59.75,35.0,18.41,2,2009,PPGA478,Laptop,Other,0
Intel Core2 Duo T7100 @ 1.80GHz,14.99,643,42.895263509006,714,47.631754503002,35.0,18.37,2,2009,BGA479,Laptop,Other,0
Intel Pentium 987 @ 1.50GHz,133.98309999999998,642,4.79164909604271,641,4.784185468167255,17.0,37.77,2,2012,FCBGA1023,Laptop,Other,1
AMD Athlon 64 X2 QL-66,55.62559999999994,641,11.523471207501593,751,13.500977966979248,35.0,18.31,2,2009,S1,Laptop,S1,1
AMD A4-3320M APU,39.0,640,16.41025641025641,656,16.82051282051282,35.0,18.29,2,2012,FS1,Laptop,Other,0
Intel Core2 Duo T5800 @ 2.00GHz,103.39679999999994,638,6.170403726227508,738,7.137551645698903,35.0,18.22,2,2008,PGA478,Laptop,PGA478,1
Intel Pentium E2160 @ 1.80GHz,89.0,636,7.146067415730337,683,7.674157303370786,65.0,9.78,2,2008,LGA775,Desktop,LGA775,0
Intel Pentium 2129Y @ 1.10GHz,134.0,635,4.7388059701492535,587,4.380597014925373,10.0,63.52,2,2014,FCBGA1023,Laptop,Other,0
Intel Core2 Duo T5300 @ 1.73GHz,48.661699999999925,635,13.049276946756915,423,8.692667950359331,34.0,18.68,2,2009,PGA478,Laptop,PGA478,1
AMD Turion X2 Dual-Core Mobile RM-77,52.08689999999993,635,12.191165149010612,753,14.456610011346443,35.0,18.13,2,2009,S1,Laptop,S1,1
AMD Athlon 64 X2 Dual-Core TK-57,46.99609999999993,634,13.490481125029545,675,14.362893942263316,31.0,20.45,2,2009,unknown,Unknown,unknown,1
Intel Core2 Duo E4400 @ 2.00GHz,42.5,632,14.870588235294118,753,17.71764705882353,65.0,9.73,2,2008,LGA775,Desktop,LGA775,0
AMD Athlon II Dual-Core M300,36.53469999999995,631,17.271251714123856,747,20.446315420682282,35.0,18.03,2,2009,unknown,Unknown,unknown,1
AMD Turion 64 X2 Mobile TL-66,89.0,627,7.044943820224719,816,9.168539325842696,35.0,17.9,2,2009,S1,Laptop,S1,0
Celeron Dual-Core T3300 @ 2.00GHz,14.97,627,41.88376753507014,692,46.22578490313961,35.0,17.93,2,2010,μFCPGA-478,Laptop,Other,0
Intel Pentium 967 @ 1.30GHz,127.97369999999997,626,4.891630077117409,620,4.844745443790405,17.0,36.84,2,2012,FCBGA1023,Laptop,Other,1
Intel Atom C2358 @ 1.74GHz,213.09349999999998,625,2.9329848165242023,291,1.3655977305736684,7.0,89.24,2,2016,FCBGA1283,Laptop,Other,1
Intel Pentium U5600 @ 1.33GHz,138.7669,624,4.496749585095581,588,4.23732172441699,18.0,34.68,2,2011,BGA1288,Laptop,Other,1
AMD Turion X2 Dual-Core Mobile RM-70,35.70499999999997,624,17.47654390141438,663,18.56882789525278,31.0,20.14,2,2009,S1,Laptop,S1,1
AMD Turion X2 Dual-Core Mobile RM-74,14.95,623,41.67224080267559,730,48.829431438127095,35.0,17.81,2,2009,S1,Laptop,S1,0
Intel Pentium 957 @ 1.20GHz,134.0,622,4.641791044776119,574,4.2835820895522385,17.0,36.59,2,2011,FCBGA1023,Laptop,Other,0
AMD Athlon 64 X2 QL-64,27.78759999999998,622,22.38408498754842,732,26.342685226503928,35.0,17.78,2,2009,S1,Laptop,S1,1
Intel Atom Z3745 @ 1.33GHz,30.0,621,20.7,435,14.5,4.0,155.37,4,2014,UTFCBGA1380,Laptop,Other,0
AMD GX-212JC SOC,96.50119999999998,619,6.414428007112866,453,4.694242144139141,6.0,103.13,2,2014,FT3b,Laptop,Other,1
AMD Athlon Dual Core 4050e,47.920499999999954,616,12.854623804008735,732,15.275299715153237,45.0,13.69,2,2009,AM2,Desktop,AM2,1
Intel Celeron 877 @ 1.40GHz,135.6862000000001,615,4.532516939821438,597,4.39985790743642,17.0,36.19,2,2012,BGA1023,Laptop,BGA1023,1
Intel Atom Z3740D @ 1.33GHz,122.49569999999999,614,5.0124208441602445,459,3.747070305325004,4.4,139.48,4,2013,UTFCBGA1380,Laptop,Other,1
AMD Athlon 64 X2 Dual Core 3800+,106.53890000000003,611,5.7349944480372885,719,6.748708687624894,89.0,6.87,2,2008,AM2,Desktop,AM2,1
AMD Athlon 64 X2 QL-65,22.0,609,27.681818181818183,653,29.681818181818183,35.0,17.41,2,2009,S1,Laptop,S1,0
Intel Core2 Duo L7700 @ 1.80GHz,163.2414,607,3.718419469570832,748,4.582170944380531,17.0,35.69,2,2009,unknown,Laptop,unknown,1
AMD Athlon II X2 250u,24.95,604,24.208416833667336,632,25.33066132264529,25.0,24.17,2,2010,AM3,Desktop,AM3,0
Intel Celeron N3000 @ 1.04GHz,161.00759999999997,604,3.7513757114571,562,3.4905184599981625,4.0,150.94,2,2015,FCBGA1170,Laptop,Other,1
AMD Turion X2 Dual Core L510,91.81769999999997,603,6.5673611950636985,593,6.458449732458994,20.0,30.13,2,2010,ASB1,Laptop,Other,1
AMD E1 Micro-6200T APU,155.0048,600,3.8708478705175584,498,3.2128037325295735,3.95,151.92,2,2014,FT3b,Laptop,Other,1
Intel Xeon 5110 @ 1.60GHz,35.0,600,17.142857142857142,606,17.314285714285713,65.0,9.23,2,2009,LGA771,Server,Other,0
AMD TurionX2 Ultra DualCore Mobile ZM-87,110.33349999999994,599,5.428994820249519,770,6.978841421689699,35.0,17.13,2,2022,S1,Mobile/Embedded,S1,1
AMD E1-2500 APU,89.95319999999997,597,6.636784461253187,467,5.191588514916647,15.0,39.83,2,2013,FT3,Laptop,Other,1
Intel Core2 Duo E6320 @ 1.86GHz,39.99,597,14.92873218304576,642,16.05401350337584,65.0,9.18,2,2008,PLGA775,Desktop,Other,0
AMD Athlon 64 X2 Dual Core 3600+,68.25,596,8.732600732600732,686,10.051282051282051,65.0,9.17,2,2008,AM2,Desktop,AM2,0
Intel Atom S1260 @ 2.00GHz,64.0,596,9.3125,224,3.5,8.5,70.08,2,2013,FCBGA1283,Server,Other,0
Intel Core2 Duo T5550 @ 1.83GHz,103.25209999999997,596,5.772279692132171,664,6.430861938885506,35.0,17.03,2,2008,PGA478,Laptop,PGA478,1
Intel Celeron J1750 @ 2.41GHz,125.24849999999995,595,4.7505558948809785,659,5.261540058363974,10.0,59.53,2,2014,FCBGA1170,Desktop,Other,1
AMD Athlon 64 X2 Dual Core BE-2300,49.018299999999954,594,12.11792330619382,624,12.729939634789469,45.0,13.2,2,2011,AM2,Desktop,AM2,1
AMD Opteron 1212,290.0,593,2.0448275862068965,729,2.513793103448276,103.0,5.75,2,2009,AM2,Server,AM2,0
Intel Celeron N3050 @ 1.60GHz,170.0,592,3.4823529411764707,564,3.3176470588235296,6.0,98.69,2,2015,FCBGA1170,Laptop,Other,0
Intel Core2 Duo E6300 @ 1.86GHz,127.61,592,4.639134864038868,693,5.430608886450905,65.0,9.11,2,2008,"LGA775, PLGA775",Desktop,Other,0
AMD Athlon X2 Dual Core BE-2350,53.26909999999995,591,11.09461207341593,705,13.234689529201745,45.0,13.14,2,2009,AM2,Desktop,AM2,1
AMD Turion 64 X2 Mobile TL-60,15.95,591,37.05329153605016,688,43.13479623824452,31.0,19.07,2,2009,S1,Laptop,S1,0
AMD Turion II Neo N40L Dual-Core,130.3411,589,4.518912300111016,609,4.6723558417107105,15.0,39.24,2,2011,BGA812,Laptop,Other,1
AMD Turion Dual-Core RM-74,40.389599999999966,588,14.55820310178859,595,14.73151504347655,35.0,16.8,2,2014,S1,Laptop,S1,1
Intel Atom Z3745D @ 1.33GHz,146.5837,585,3.990893939776387,437,2.981231883217575,4.4,133.05,4,2014,unknown,Laptop,unknown,1
Intel Core2 Duo U9600 @ 1.60GHz,170.15369999999996,584,3.4321910131839632,657,3.8612148898319587,10.0,58.45,2,2009,BGA956,Laptop,Other,1
Intel Celeron 847E @ 1.10GHz,136.553,584,4.276727717443044,520,3.808045227860245,17.0,34.36,2,2012,FCBGA1023,Laptop,Other,1
Intel Atom C2338 @ 1.74GHz,211.5891,584,2.760066562975125,233,1.1011909403650755,7.0,83.4,2,2014,FCBGA1283,Laptop,Other,1
AMD E1-7010 APU,146.4244,582,3.9747473781692126,492,3.3600957217512932,10.0,58.16,2,2016,BGA769 (FT3b),Laptop,Other,1
Intel Xeon MV 3.20GHz,192.70080000000016,582,3.0202261744632066,378,1.9615901957853819,90.0,6.46,2,2015,mPGA604,Server,Other,1
AMD Athlon 64 X2 QL-67,37.99489999999997,582,15.317845289762584,515,13.554450728913627,35.0,16.63,2,2009,S1,Laptop,S1,1
Intel Celeron J1800 @ 2.41GHz,124.23239999999994,581,4.676718794774956,664,5.344821479742807,10.0,58.09,2,2014,FCBGA1170,Desktop,Other,1
Intel Celeron N2840 @ 2.16GHz,161.68439999999993,580,3.5872353795418745,667,4.125320686473156,7.0,82.81,2,2014,FCBGA1170,Laptop,Other,1
AMD Athlon 64 X2 Dual-Core TK-42,59.04629999999993,577,9.771992487251541,537,9.09455799940048,20.0,28.85,2,2009,unknown,Unknown,unknown,1
Intel Celeron 1019Y @ 1.00GHz,137.96779999999995,576,4.174887183821154,521,3.7762434423104536,10.0,57.65,2,2014,FCBGA1023,Desktop,Other,1
Intel Core2 Duo L7500 @ 1.60GHz,148.97729999999999,575,3.8596484162352254,600,4.0274592169411045,17.0,33.83,2,2009,BGA479,Laptop,Other,1
AMD Athlon 64 X2 Dual Core BE-2350,55.42779999999999,573,10.337772742197961,674,12.159963051032156,45.0,12.74,2,2009,AM2,Desktop,AM2,1
AMD Athlon X2 Dual Core BE-2300,60.0,570,9.5,644,10.733333333333333,45.0,12.67,2,2009,AM2,Desktop,AM2,0
Intel Celeron 857 @ 1.20GHz,130.92690000000005,569,4.345936549326378,476,3.635616515780942,17.0,33.49,2,2011,BGA1023,Laptop,BGA1023,1
AMD Athlon 64 X2 3800+,58.700399999999945,566,9.642183017492224,745,12.691565985921743,89.0,6.36,2,2010,939,Desktop,Other,1
AMD Turion II Neo K625 Dual-Core,138.71960000000004,565,4.072964454914805,596,4.296436840936679,15.0,37.66,2,2010,S1,Laptop,S1,1
AMD Athlon X2 Dual Core 6850e,45.20849999999992,564,12.475530044128892,623,13.780594357255849,22.0,25.65,2,2010,unknown,Unknown,unknown,1
AMD Sempron Dual Core 2200,39.95,563,14.09261576971214,649,16.245306633291612,65.0,8.66,2,2009,unknown,Unknown,unknown,0
Intel Celeron 867 @ 1.30GHz,55.7,562,10.089766606822261,584,10.484739676840215,17.0,33.03,2,2012,BGA1023,Laptop,BGA1023,0
AMD Sempron 2650 APU,84.97,561,6.6023302342003065,475,5.5902083088148755,25.0,22.42,2,2014,"AM1,FSB1",Desktop,Other,0
Intel Core2 Duo E4300 @ 1.80GHz,42.5,561,13.2,665,15.647058823529411,65.0,8.64,2,2009,LGA775,Desktop,LGA775,0
AMD Turion Dual-Core RM-70,25.0,561,22.44,548,21.92,31.0,18.11,2,2008,S1,Laptop,S1,0
Intel Celeron U3600 @ 1.20GHz,151.09659999999997,560,3.7062382608212237,520,3.4415069564768506,18.0,31.11,2,2011,BGA1288,Laptop,Other,1
Intel Atom Z3735E @ 1.33GHz,117.0,557,4.760683760683761,478,4.085470085470085,4.4,126.59,4,2014,UTFCBGA1380,Laptop,Other,0
AMD Sempron Dual Core 2300,41.99,555,13.217432722076685,697,16.59919028340081,65.0,8.54,2,2009,unknown,Unknown,unknown,0
AMD Athlon 64 X2 QL-62,34.51369999999995,553,16.02262290047143,685,19.84719111541217,35.0,15.81,2,2009,S1,Laptop,S1,1
Intel Pentium E2140 @ 1.60GHz,79.95,549,6.866791744840525,605,7.567229518449031,65.0,8.45,2,2008,"LGA775, PLGA775",Desktop,Other,0
Intel Pentium T2390 @ 1.86GHz,61.679999999999936,547,8.868352788586261,641,10.392347600518818,35.0,15.63,2,2009,PPGA478,Laptop,Other,1
Intel Atom Z3735F @ 1.33GHz,500.0,544,1.088,390,0.78,4.4,123.73,4,2014,UTFCBGA592,Laptop,Other,0
Intel Core2 Duo T5450 @ 1.66GHz,62.3254999999999,543,8.71232481087197,581,9.322027099662272,35.0,15.52,2,2009,PGA478,Laptop,PGA478,1
Intel Celeron N2830 @ 2.16GHz,149.99,542,3.6135742382825518,630,4.200280018667911,7.5,72.33,2,2014,FCBGA1170,Laptop,Other,0
Intel Pentium U5400 @ 1.20GHz,173.09580000000003,538,3.1081054537429558,503,2.9059052848191573,18.0,29.89,2,2010,BGA1288,Laptop,Other,1
Intel Pentium T2330 @ 1.60GHz,149.95,536,3.5745248416138717,572,3.8146048682894302,35.0,15.31,2,2009,PPGA478,Laptop,Other,0
AMD TurionX2 Dual Core Mobile RM-70,50.45519999999992,536,10.623285607826366,674,13.358385260587632,31.0,17.28,2,2009,S1,Laptop,S1,1
AMD Athlon 64 X2 Dual-Core TK-53,66.41959999999989,535,8.054851278839392,600,9.03347806972642,31.0,17.26,2,2009,unknown,Unknown,unknown,1
AMD Sempron Dual Core 2100,37.99,533,14.03000789681495,596,15.688339036588575,65.0,8.21,2,2009,unknown,Unknown,unknown,0
Intel Celeron N2808 @ 1.58GHz,204.47209999999998,532,2.601821960062033,596,2.9148230981146086,4.5,118.17,2,2015,FCBGA1170,Laptop,Other,1
Intel Atom C2350 @ 1.74GHz,43.0,532,12.372093023255815,496,11.534883720930232,6.0,88.7,2,2021,FCBGA1283,Server,Other,0
AMD Athlon 64 X2 Dual Core 3400+,74.81469999999995,531,7.097535644732925,505,6.750010358926794,89.0,5.97,2,2010,754,Desktop,Other,1
AMD Opteron 165,550.0,531,0.9654545454545455,638,1.16,110.0,4.83,2,2009,939,Server,Other,0
Intel Core2 Duo T5470 @ 1.60GHz,54.45999999999991,531,9.750275431509381,606,11.12743297833274,35.0,15.18,2,2009,PGA478,Laptop,PGA478,1
Intel Core2 Duo T5670 @ 1.80GHz,61.99949999999993,530,8.548456035935784,635,10.242018080790986,35.0,15.15,2,2009,Socket P,Laptop,Other,1
AMD Athlon Neo X2 Dual Core L335,120.01799999999997,529,4.407672182505959,570,4.749287606858973,18.0,29.36,2,2009,unknown,Unknown,unknown,1
AMD Athlon II Neo K345 Dual-Core,159.86010000000002,527,3.296632493036098,552,3.4530192336924594,12.0,43.94,2,2011,unknown,Laptop,unknown,1
AMD Athlon 64 X2 Dual-Core TK-55,72.74,525,7.217486939785538,613,8.427275226835304,35.0,14.99,2,2008,unknown,Unknown,unknown,0
AMD E1-6010 APU,184.97799999999998,522,2.8219572057217617,419,2.265134232178962,10.0,52.24,2,2014,FT3b,Laptop,Other,1
AMD Turion X2 Ultra Dual-Core Mobile ZM-80,49.95,521,10.43043043043043,628,12.572572572572572,32.0,16.29,2,2009,S1,Laptop,S1,0
Celeron Dual-Core T3100 @ 1.90GHz,32.0,519,16.21875,566,17.6875,35.0,14.83,2,2009,BGA479,Laptop,Other,0
Intel Celeron T1600 @ 1.66GHz,19.99,519,25.962981490745374,628,31.415707853926968,35.0,14.84,2,2009,unknown,Laptop,unknown,0
AMD Athlon 64 FX-57,98.65009999999998,517,5.240744814247528,552,5.595534115018638,104.0,4.97,1,2009,939,Desktop,Other,1
Intel Core2 Duo L7400 @ 1.50GHz,161.421,516,3.1966101064917205,555,3.43821435872656,17.0,30.32,2,2011,BGA479,Laptop,Other,1
Intel T2050 @ 2.00GHz,77.40449999999989,516,6.6662790923008455,611,7.893597917433753,31.0,16.64,2,2012,PPGA478,Unknown,Other,1
Intel Pentium T2310 @ 1.46GHz,42.79499999999997,515,12.034116135062515,557,13.015539198504506,35.0,14.71,2,2008,PPGA478,Laptop,Other,1
Intel Core2 Duo T5500 @ 1.66GHz,58.1483999999999,513,8.822254782590765,590,10.146452868866572,34.0,15.08,2,2009,PGA478,Laptop,PGA478,1
Intel Atom D2701 @ 2.13GHz,220.2700000000001,511,2.319880147092204,384,1.7433150224724194,10.0,51.14,2,2013,BGA559,Laptop,Other,1
Intel Core2 Duo SU9400 @ 1.40GHz,193.66500000000005,509,2.628249812821108,588,3.036170707148942,10.0,50.94,2,2009,BGA956,Laptop,Other,1
AMD Sempron 145,35.99,505,14.031675465407057,989,27.479855515420947,45.0,11.23,1,2010,AM3,Desktop,AM3,0
Intel Atom Z3736F @ 1.33GHz,266.2026,502,1.8857817316585186,419,1.5739891345914727,4.4,114.01,4,2014,UTFCBGA592,Laptop,Other,1
AMD Sempron 130,30.0,501,16.7,1064,35.46666666666667,45.0,11.13,1,2012,AM2+/AM3,Unknown,Other,0
AMD E2-2000 APU,161.2585,501,3.10681297419981,555,3.441679043275238,18.0,27.81,2,2013,"BGA413,FT1",Laptop,Other,1
Intel Core2 Duo U7300 @ 1.30GHz,210.71390000000008,501,2.3776314709186237,533,2.5294961556878772,10.0,50.11,2,2009,BGA956,Laptop,Other,1
Intel Pentium T2370 @ 1.73GHz,35.0,500,14.285714285714286,546,15.6,35.0,14.27,2,2008,PPGA478,Laptop,Other,0
AMD Sempron 150,14.95,498,33.31103678929766,1079,72.17391304347827,45.0,11.07,1,2011,AM3,Desktop,AM3,0
Intel Core Duo T2700 @ 2.33GHz,63.560999999999915,498,7.834993156180687,652,10.257862525762667,31.0,16.07,2,2009,BGA479,Laptop,Other,1
Intel Pentium D 940 @ 3.20GHz,229.82689999999994,498,2.16684818008684,574,2.4975318380920606,130.0,3.83,2,2008,PLGA775,Desktop,Other,1
AMD Turion X2 Dual Core Mobile RM-70,132.56,497,3.7492456246228123,504,3.8020519010259504,31.0,16.02,2,2009,S1,Laptop,S1,0
Intel Core2 Duo T5270 @ 1.40GHz,108.31470000000003,496,4.57924916931866,586,5.4101613169772875,35.0,14.17,2,2008,PGA478,Laptop,PGA478,1
Intel Celeron G460 @ 1.80GHz,55.0,494,8.981818181818182,720,13.090909090909092,35.0,14.13,1,2012,LGA1155,Desktop,LGA1155,0
Intel Pentium D 830 @ 3.00GHz,77.69659999999992,494,6.358064574254221,550,7.07881683368385,95.0,5.2,2,2008,PLGA775,Desktop,Other,1
Intel Atom D2700 @ 2.13GHz,160.04769999999994,492,3.074083538844983,387,2.4180291250670902,10.0,49.22,2,2011,BGA559,Desktop,Other,1
Intel Celeron E1200 @ 1.60GHz,99.95,492,4.9224612306153075,628,6.283141570785393,65.0,7.58,2,2008,LGA775,Desktop,LGA775,0
Intel Core2 Duo L7300 @ 1.40GHz,189.52740000000003,489,2.580101874451926,529,2.791153152525703,17.0,28.74,2,2009,BGA479,Laptop,Other,1
Intel Atom Z3770D @ 1.49GHz,341.97860000000003,488,1.4269898759746953,361,1.0556216090714448,4.4,110.84,4,2014,BGA1380,Laptop,Other,1
Intel Celeron N3010 @ 1.04GHz,187.6704,486,2.589646529234232,560,2.9839548485003498,4.0,121.5,2,2016,FCBGA1170,Laptop,Other,1
Intel Celeron N2815 @ 1.86GHz,207.44650000000004,486,2.342772714892755,564,2.7187732740730737,7.5,64.84,2,2014,FCBGA1170,Laptop,Other,1
Intel Core2 Duo U9300 @ 1.20GHz,204.47850000000003,485,2.3718875089557088,542,2.6506454223793696,10.0,48.53,2,2009,BGA956,Laptop,Other,1
AMD Athlon 64 3100+,68.25429999999993,484,7.091128324515825,600,8.79065494774689,89.0,5.44,1,2015,754,Desktop,Other,1
Intel Core i3-330UM @ 1.20GHz,200.86300000000003,484,2.4096025649323165,339,1.68771749899185,18.0,26.87,2,2010,BGA1288,Laptop,Other,1
Intel Core2 Duo T5250 @ 1.50GHz,89.95,483,5.36964980544747,542,6.025569760978321,35.0,13.81,2,2008,PGA478,Laptop,PGA478,0
Intel Celeron G465 @ 1.90GHz,40.0,480,12.0,739,18.475,35.0,13.71,1,2012,LGA1155,Desktop,LGA1155,0
Intel Celeron N2806 @ 1.60GHz,241.79610000000008,479,1.9810079649754477,524,2.167115185067087,4.5,106.48,2,2014,FCBGA1170,Laptop,Other,1
Intel Xeon 3.20GHz,223.9285,478,2.1346099312950337,696,3.108134962722476,103.0,4.64,1,2009,PPGA604,Server,Other,1
AMD Turion 64 X2 Mobile TL-58,48.124799999999965,478,9.932508810426233,552,11.470177538400169,31.0,15.42,2,2009,S1,Laptop,S1,1
AMD Athlon II Neo N36L Dual-Core,185.33670000000006,478,2.5790898402744835,521,2.8111000141903886,12.0,39.81,2,2010,unknown,Laptop,unknown,1
AMD E-350D APU,126.72709999999998,478,3.7718846245199336,521,4.111196421286371,18.0,26.58,2,2013,unknown,Unknown,unknown,1
Intel Pentium SU4100 @ 1.30GHz,204.97800000000007,476,2.322200431265794,515,2.512464752314882,10.0,47.63,2,2009,BGA956,Laptop,Other,1
AMD Athlon Neo X2 Dual Core L325,135.61459999999997,476,3.5099465691747063,527,3.8860122730148534,18.0,26.45,2,2010,unknown,Unknown,unknown,1
AMD E1-2200 APU,230.3377,474,2.057848107365837,368,1.597654226815671,9.0,52.63,2,2014,FT3,Laptop,Other,1
Intel Celeron U3400 @ 1.07GHz,138.56539999999998,473,3.413550568901039,441,3.182612686861223,18.0,26.28,2,2010,BGA1288,Laptop,Other,1
AMD Sempron 140,11.95,471,39.41422594142259,1044,87.36401673640168,45.0,10.47,1,2009,AM3,Desktop,AM3,0
AMD TurionX2 Dual Core Mobile RM-72,59.749399999999945,471,7.88292434735747,392,6.560735337928086,35.0,13.46,2,2009,S1,Laptop,S1,1
Intel Celeron 847 @ 1.10GHz,315.0,470,1.492063492063492,483,1.5333333333333334,17.0,27.62,2,2011,BGA1023,Laptop,BGA1023,0
AMD G-T56N,176.9068,470,2.6567661616173037,520,2.9394008596616974,18.0,26.1,2,2011,FT1,Laptop,Other,1
Intel Celeron N2820 @ 2.13GHz,225.0,469,2.0844444444444443,583,2.591111111111111,7.5,62.58,2,2014,FCBGA1170,Laptop,Other,0
Intel Pentium Extreme Edition 955 @ 3.46GHz,31.23,469,15.017611271213577,515,16.4905539545309,130.0,3.61,2,2009,PLGA775,Desktop,Other,0
AMD Athlon 64 X2 QL-60,42.50719999999998,465,10.93932322053676,557,13.103662438363388,35.0,13.29,2,2009,S1,Laptop,S1,1
Intel Atom E3827 @ 1.74GHz,133.1017,460,3.456003942849716,455,3.4184386826013493,8.0,57.51,2,2016,FCBGA1170,Laptop,Other,1
AMD Opteron 154,202.8547,457,2.2528440307274122,534,2.632426066539252,104.0,4.39,1,2011,939,Server,Other,1
AMD Athlon Neo X2 Dual Core 6850e,63.36329999999992,456,7.196594874320002,566,8.93261556768667,22.0,20.72,2,2009,unknown,Unknown,unknown,1
AMD Turion 64 X2 Mobile TL-56,65.4,453,6.9266055045871555,579,8.853211009174311,31.0,14.62,2,2009,S1,Laptop,S1,0
AMD Opteron 254,85.19639999999994,451,5.293650905437323,578,6.7843242202722225,68.0,6.63,1,2012,940,Server,Other,1
Intel Core Duo T2600 @ 2.16GHz,64.7736999999999,450,6.947264090209463,667,10.297389218154914,31.0,14.53,2,2009,BGA479,Laptop,Other,1
Intel Celeron N2807 @ 1.58GHz,248.71820000000008,450,1.8092765225866054,540,2.1711318271039266,4.3,104.63,2,2014,FCBGA1170,Laptop,Other,1
Intel Celeron SU2300 @ 1.20GHz,175.77289999999994,445,2.5316758157827524,500,2.8445795682952273,10.0,44.5,2,2009,BGA956,Laptop,Other,1
Intel Celeron 450 @ 2.20GHz,38.99,445,11.413182867401897,613,15.721979994870479,35.0,12.71,1,2009,LGA775,Desktop,LGA775,0
Intel Celeron 925 @ 2.30GHz,45.52139999999994,444,9.75365432521848,846,18.584665673727105,35.0,12.67,1,2010,unknown,Laptop,unknown,1
AMD E2-1800 APU,104.52929999999995,442,4.22847947895949,528,5.051215305182377,18.0,24.53,2,2012,FT1,Desktop,Other,1
AMD G-T56E,142.86199999999997,442,3.093894807576543,522,3.653875768223881,18.0,24.58,2,2013,FT1,Laptop,Other,1
Intel Core2 Duo T5200 @ 1.60GHz,83.79189999999991,438,5.227235568115778,575,6.862238474124594,34.0,12.88,2,2009,Socket M,Laptop,Other,1
AMD Turion 64 X2 Mobile TL-50,18.99,436,22.9594523433386,525,27.64612954186414,31.0,14.07,2,2009,S1,Laptop,S1,0
Intel Atom D2560 @ 2.00GHz,124.50859999999992,433,3.477671421893751,353,2.835145524084282,10.0,43.31,2,2013,unknown,Desktop,unknown,1
AMD A4-1250 APU,176.04289999999997,432,2.453947304889888,338,1.9199865487332919,8.0,54.0,2,2013,FT3,Laptop,Other,1
AMD Turion Neo X2 Dual Core L625,161.63839999999993,431,2.666445597085842,530,3.278923820082358,18.0,23.93,2,2009,ASB1,Laptop,Other,1
AMD Athlon LE-1640,89.95,430,4.780433574207893,489,5.436353529738744,45.0,9.55,1,2009,AM2,Desktop,AM2,0
Intel Atom N2800 @ 1.86GHz,177.05619999999996,429,2.4229594896987514,319,1.8016878256734306,6.5,66.06,2,2011,BGA559,Laptop,Other,1
AMD Opteron 152,216.4977,428,1.9769263137668436,487,2.2494465299169457,104.0,4.12,1,2009,939,Server,Other,1
Intel Celeron G440 @ 1.60GHz,100.0,426,4.26,739,7.39,35.0,12.17,1,2012,LGA1155,Desktop,LGA1155,0
Intel Xeon 3.00GHz,232.90300000000008,425,1.8247940129581837,607,2.606235213801453,103.0,4.12,1,2009,PPGA604,Server,Other,1
Intel Pentium D 915 @ 2.80GHz,72.98549999999993,423,5.795671743017454,508,6.960286632276281,95.0,4.46,2,2008,PLGA775,Desktop,Other,1
AMD E-450 APU,132.94329999999997,422,3.1742855788896476,498,3.7459578632394424,18.0,23.42,2,2011,FT1,Laptop,Other,1
AMD Athlon LE-1620,18.0,421,23.38888888888889,475,26.38888888888889,45.0,9.36,1,2009,AM2,Desktop,AM2,0
Intel Celeron N2810 @ 2.00GHz,139.99,420,3.000214301021501,512,3.6574041002928777,7.5,55.98,2,2013,FCBGA1170,Laptop,Other,0
AMD Athlon LE-1660,28.325699999999998,416,14.686309605764377,428,15.109953152084504,45.0,9.25,1,2009,AM2,Desktop,AM2,1
AMD G-T48E,100.84059999999994,416,4.1253225387393595,454,4.502154886028051,18.0,23.09,2,2013,FT1,Laptop,Other,1
AMD E-350,117.76329999999994,414,3.5155264840574287,486,4.126922394328286,18.0,23.0,2,2011,FT1,"Desktop, Laptop",Other,1
AMD Athlon LE-1600,21.0,412,19.61904761904762,430,20.476190476190474,45.0,9.16,1,2009,AM2,Desktop,AM2,0
AMD Athlon 1640B,50.0,412,8.24,462,9.24,45.0,9.14,1,2009,AM2,Desktop,AM2,0
Intel Celeron 900 @ 2.20GHz,18.99,409,21.537651395471304,851,44.813059505002634,34.8,11.74,1,2009,PGA478,Laptop,PGA478,0
Intel Core Duo T2500 @ 2.00GHz,119.99,408,3.4002833569464124,613,5.108759063255271,31.0,13.15,2,2009,BGA479,Laptop,Other,0
Intel Atom D2550 @ 1.86GHz,103.75689999999992,408,3.9322686009316037,311,2.9973910168865903,10.0,40.78,2,2012,BGA559,Desktop,Other,1
AMD E1-2100 APU,128.78929999999997,407,3.160200420376538,328,2.5467954247751954,9.0,45.21,2,2013,FT3,Laptop,Other,1
Intel Core2 Duo U7500 @ 1.06GHz,132.63699999999994,405,3.053446624999059,425,3.2042341126533334,10.0,40.52,2,2009,BGA479,Laptop,Other,1
AMD Athlon 64 FX-55,65.0,404,6.2153846153846155,505,7.769230769230769,104.0,3.89,1,2009,939,Desktop,Other,0
Intel Core Duo L2500 @ 1.83GHz,142.28989999999996,404,2.839273904894164,578,4.062129497596106,15.0,26.91,2,2009,BGA479,Laptop,Other,1
Intel Atom D510 @ 1.66GHz,97.16,404,4.158089748867847,292,3.0053519967064637,13.0,31.11,2,2010,BGA559,Desktop,Other,0
Intel Core Duo T2450 @ 2.00GHz,67.4763999999999,404,5.987278515154937,603,8.936457783758483,31.0,13.03,2,2009,PGA478,Laptop,PGA478,1
Intel Xeon 3.60GHz,851.0,403,0.4735605170387779,643,0.7555816686251469,110.0,3.67,1,2009,PPGA604,Server,Other,0
AMD E-350 APU,93.82129999999998,401,4.274082750931826,482,5.1374261494991025,18.0,22.28,2,2012,FT1 BGA,"Desktop, Laptop",Other,1
AMD Turion 64 Mobile ML-42,55.49809999999994,400,7.207453948873933,455,8.1984788668441,35.0,11.43,1,2009,754,Laptop,Other,1
AMD Sempron LE-1300,27.0,400,14.814814814814815,389,14.407407407407407,45.0,8.89,1,2009,AM2,Desktop,AM2,0
Intel Atom D525 @ 1.80GHz,83.15289999999992,399,4.798389472886699,310,3.7280720215410446,13.0,30.68,2,2010,BGA559,Desktop,Other,1
AMD Athlon 64 3500+,79.95,396,4.953095684803002,568,7.104440275171982,45.0,8.8,1,2008,AM2,Unknown,AM2,0
AMD Athlon 64 3700+,89.95,394,4.380211228460255,435,4.836020011117287,89.0,4.42,1,2008,939,Desktop,Other,0
AMD Opteron 150,352.94,393,1.113503711679039,471,1.3345044483481612,85.3,4.6,1,2009,939,Server,Other,0
Intel Xeon 3.80GHz,851.0,393,0.4618096357226792,594,0.6980023501762632,110.0,3.57,1,2009,PPGA604,Server,Other,0
AMD Opteron 148,247.28930000000003,392,1.5851878750920478,443,1.7914240527188194,85.3,4.6,1,2009,939,Server,Other,1
Intel Celeron 807 @ 1.50GHz,144.24959999999993,392,2.7175118683171404,608,4.214916367185769,17.0,23.05,1,2014,BGA-1023,Laptop,Other,1
AMD A4-1200 APU,140.20589999999993,391,2.7887556800391438,295,2.1040484030985867,3.9,100.34,2,2013,FT3,Laptop,Other,1
AMD E1-1500 APU,84.40389999999992,390,4.6206395676029235,458,5.426289543492664,18.0,21.66,2,2013,FT1,Laptop,Other,1
Intel Core Duo L2300 @ 1.50GHz,74.20949999999992,387,5.214965738887884,442,5.956110740538617,15.0,25.81,2,2010,BGA479,Desktop,Other,1
AMD Athlon II Neo K325 Dual-Core,25.99,387,14.89034243939977,472,18.16083108888034,12.0,32.25,2,2010,unknown,Laptop,unknown,0
Intel Atom E3825 @ 1.33GHz,70.32,385,5.474971558589306,370,5.261660978384528,6.0,64.14,2,2014,FCBGA1170,Desktop,Other,0
Intel Pentium 4 3.73GHz,627.5483999999999,385,0.6134984966896578,572,0.911483480796063,115.0,3.35,1,2009,unknown,Desktop,unknown,1
AMD Turion 64 Mobile ML-44,54.307299999999934,384,7.070872608286556,469,8.636039722099985,35.0,10.98,1,2009,754,Laptop,Other,1
Intel Core Duo T2350 @ 1.86GHz,71.98299999999989,384,5.334592889987922,572,7.946320659044509,31.0,12.39,2,2009,PGA478,Laptop,PGA478,1
AMD Turion 64 X2 Mobile TL-52,77.37619999999997,384,4.9627663286643715,497,6.423163711839043,31.0,12.39,2,2009,S1,Laptop,S1,1
Intel Pentium T2130 @ 1.86GHz,70.14649999999989,382,5.445745689378666,583,8.311177321748069,31.0,12.33,2,2009,PGA478,Laptop,PGA478,1
AMD Athlon X2 Dual Core L310,73.27549999999991,379,5.172260851171271,434,5.922852795272643,13.0,29.14,2,2009,S1,Laptop,S1,1
AMD V140,39.95,379,9.48685857321652,869,21.752190237797244,25.0,15.16,1,2010,S1,Laptop,S1,0
AMD Athlon 64 3400+,99.95,375,3.7518759379689843,429,4.292146073036518,89.0,4.21,1,2009,754,Unknown,Other,0
Intel Xeon 3.40GHz,281.3187,375,1.333007723979956,519,1.844882689988259,103.0,3.64,1,2008,PPGA604,Server,Other,1
Intel Pentium D 805 @ 2.66GHz,79.86999999999993,374,4.6826092400150285,497,6.2226117440841415,95.0,3.93,2,2008,PLGA775,Desktop,Other,1
AMD E1-1200 APU,81.49309999999994,372,4.564803645952851,425,5.215165455725703,18.0,20.66,2,2012,FT1,Laptop,Other,1
Intel Celeron D 360 @ 3.46GHz,75.56449999999991,372,4.922946621760224,712,9.422413964229246,65.0,5.72,1,2008,PLGA775,Desktop,Other,1
Intel Atom 330 @ 1.60GHz,132.18759999999992,371,2.806617262133515,168,1.2709210243623463,8.0,46.43,2,2009,BGA437,Desktop,Other,1
Intel Celeron 827E @ 1.40GHz,127.32199999999995,371,2.913871915301363,674,5.293664881167436,17.0,21.81,1,2012,FCBGA1023,Laptop,Other,1
Intel Celeron 440 @ 2.00GHz,49.99,368,7.361472294458891,444,8.881776355271054,35.0,10.52,1,2009,LGA775,Desktop,LGA775,0
Intel Celeron 560 @ 2.13GHz,69.95,365,5.218012866333095,498,7.119370979270908,31.0,11.76,1,2009,PGA478,Laptop,PGA478,0
AMD Sempron 3600+,15.0,364,24.266666666666666,377,25.133333333333333,62.0,5.86,1,2009,AM2,Desktop,AM2,0
AMD V120,34.86569999999994,362,10.382697034621437,812,23.289364619095597,25.0,14.48,1,2010,S1,Laptop,S1,1
AMD Turion 64 Mobile MK-38,60.58709999999991,362,5.974869237841068,801,13.220636075996396,31.0,11.69,1,2009,S1,Laptop,S1,1
AMD Sempron 3800+,14.99,360,24.01601067378252,422,28.152101400933955,62.0,5.81,1,2008,AM2,Desktop,AM2,0
AMD E-300 APU,100.50079999999994,359,3.572110868769206,402,3.9999681594574397,18.0,19.96,2,2011,FT1,Laptop,Other,1
AMD Athlon II 160u,29.99,358,11.93731243747916,717,23.907969323107704,20.0,17.89,1,2010,unknown,Desktop,unknown,0
AMD Athlon II 170u,24.0,357,14.875,728,30.333333333333332,20.0,17.83,1,2010,"AM2+,AM3",Desktop,Other,0
AMD Athlon X2 Dual Core 3250e,48.731999999999964,357,7.325781827136179,458,9.398341951900196,22.0,16.23,2,2009,unknown,Unknown,unknown,1
Mobile AMD Athlon 64 3700+,89.84409999999994,356,3.9624193464011577,485,5.398239839900453,81.5,4.37,1,2009,unknown,Laptop,unknown,1
AMD Sempron LE-1200,14.95,349,23.34448160535117,551,36.8561872909699,45.0,7.75,1,2009,AM2,Desktop,AM2,0
Intel Core Duo T2400 @ 1.83GHz,16.0,349,21.8125,511,31.9375,31.0,11.26,2,2009,BGA479,Laptop,Other,0
Intel Core Duo L2400 @ 1.66GHz,115.09709999999994,348,3.0235340421261716,501,4.3528464227161265,15.0,23.2,2,2009,BGA479,Laptop,Other,1
Intel Pentium T2080 @ 1.73GHz,159.95,348,2.1756798999687406,530,3.3135354798374492,31.0,11.23,2,2008,PGA478,Laptop,PGA478,0
Intel Core Duo T2250 @ 1.73GHz,75.09169999999989,347,4.6210167035771,529,7.044719989026761,31.0,11.19,2,2009,PGA478,Laptop,PGA478,1
AMD Opteron 146,35.0,346,9.885714285714286,400,11.428571428571429,67.0,5.16,1,2009,939,Server,Other,0
Intel Core2 Duo U7700 @ 1.33GHz,107.89029999999994,345,3.1976924709635637,345,3.1976924709635637,10.0,34.51,2,2008,unknown,Laptop,unknown,1
Intel Celeron 570 @ 2.26GHz,57.965599999999924,344,5.934554287370448,431,7.435444470513556,31.0,11.09,1,2009,PGA478,Laptop,PGA478,1
AMD Athlon 64 4000+,99.95,340,3.4017008504252124,565,5.652826413206603,62.0,5.49,1,2008,AM2,Unknown,AM2,0
AMD Athlon 64 3200+,149.95,340,2.2674224741580526,568,3.7879293097699236,62.0,5.48,1,2008,AM2,Unknown,AM2,0
AMD Athlon TF-36,53.384699999999945,338,6.3314020683828955,349,6.537453614987072,25.0,13.53,1,2010,unknown,Unknown,unknown,1
AMD V160,42.10269999999994,337,8.004237257943089,838,19.90371163844602,25.0,13.5,1,2011,S1,Laptop,S1,1
AMD Turion 64 Mobile ML-40,46.311499999999924,336,7.255217386610249,662,14.294505684333288,35.0,9.61,1,2009,754,Laptop,Other,1
Intel Atom N570 @ 1.66GHz,86.0,335,3.895348837209302,282,3.2790697674418605,8.5,39.4,2,2011,BGA559,Laptop,Other,0
Intel Celeron N2805 @ 1.46GHz,148.02309999999994,335,2.263160277010819,394,2.6617467138575,4.3,77.9,2,2013,FCBGA1170,Laptop,Other,1
AMD Turion 64 Mobile ML-37,25.99,334,12.851096575606004,510,19.62293189688342,35.0,9.55,1,2009,754,Laptop,Other,0
AMD Turion 64 Mobile MK-36,37.99759999999993,334,8.790028843927002,735,19.34332694696511,31.0,10.77,1,2009,S1,Laptop,S1,1
AMD Athlon 2850e,49.51109999999997,333,6.725764525530643,337,6.806554489801281,22.0,15.12,1,2009,AM2,Desktop,AM2,1
Mobile AMD Athlon 64 3400+,85.37459999999992,333,3.9004575131245165,432,5.060052989999373,81.5,4.08,1,2009,unknown,Laptop,unknown,1
Intel Core Duo T2300 @ 1.66GHz,30.78149999999998,330,10.72072511086205,519,16.860776765264863,31.0,10.65,2,2009,BGA479,Laptop,Other,1
Intel Pentium T2060 @ 1.60GHz,135.53570000000016,330,2.4347828653262544,490,3.6152836485147413,31.0,10.65,2,2008,PGA478,Laptop,PGA478,1
Intel Pentium 4 3.20GHz,195.68560000000014,326,1.6659376060374385,561,2.8668435490398867,82.0,3.97,1,2008,PGA478,Desktop,PGA478,1
Mobile AMD Athlon 64 3200+,85.59599999999992,326,3.8085891864105834,400,4.673115566147955,81.5,4.0,1,2009,unknown,Laptop,unknown,1
Intel Atom N2600 @ 1.60GHz,132.16779999999994,323,2.443863028665077,292,2.2093127070284906,3.5,92.35,2,2012,BGA559,Laptop,Other,1
Mobile AMD Sempron 3400+,37.052899999999944,321,8.663289513101551,455,12.279740587106561,25.0,12.84,1,2009,Socket S1 (S1g1),Laptop,Other,1
Intel Core Duo T2050 @ 1.60GHz,109.43990000000002,320,2.9239792799518267,493,4.504755578175783,31.0,10.32,2,2008,PGA478,Desktop,PGA478,1
AMD Opteron 144,29.95,316,10.550918196994992,376,12.554257095158597,67.0,4.72,1,2008,939,Server,Other,0
Intel Core2 Duo U7600 @ 1.20GHz,107.44689999999996,316,2.9409875948026434,427,3.9740560220909136,10.0,31.6,2,2009,BGA479,Laptop,Other,1
AMD Turion 64 Mobile MT-37,44.37789999999996,315,7.0981276716563935,379,8.540286944627852,25.0,12.6,1,2009,754,Laptop,Other,1
AMD Sempron 3300+,20.0,315,15.75,394,19.7,62.0,5.08,1,2008,754,Desktop,Other,0
AMD Sempron LE-1100,34.95,315,9.012875536480687,509,14.563662374821172,45.0,7.01,1,2009,AM2,Desktop,AM2,0
Intel Pentium 4 3.60GHz,602.1655999999999,315,0.5231119147291045,447,0.7423207170917768,115.0,2.74,1,2008,unknown,Desktop,unknown,1
Intel Celeron D 420 @ 1.60GHz,63.894699999999915,313,4.898684867445977,388,6.072491145587983,35.0,8.95,1,2011,LGA775,Desktop,LGA775,1
Intel Pentium 4 3.00GHz,195.78560000000013,313,1.5986875439255992,549,2.8040877367896293,81.9,3.82,1,2008,PGA478,Desktop,PGA478,1
Mobile AMD Athlon 64 4000+,51.28559999999994,313,6.103077667025449,338,6.59054393435975,62.0,5.04,1,2009,unknown,Laptop,unknown,1
Intel Pentium 4 3.80GHz,53.858999999999945,313,5.811470691992059,596,11.065931413505647,65.0,4.81,1,2008,unknown,Desktop,unknown,1
AMD C-60 APU,83.17739999999992,309,3.7149514170916653,359,4.3160762418637795,9.0,34.36,2,2011,unknown,Unknown,unknown,1
Intel Celeron M 530 @ 1.73GHz,55.19829999999993,307,5.561765489154564,553,10.018424480464084,30.0,10.25,1,2009,"PBGA479, PPGA478",Laptop,Other,1
Intel Atom E3826 @ 1.46GHz,151.12449999999993,304,2.0115864734043796,395,2.613739003272138,7.0,43.45,2,2016,FCBGA1170,Laptop,Other,1
AMD Athlon 64 3000+,20.0,303,15.15,506,25.3,89.0,3.4,1,2008,Socket 754,Desktop,Other,0
AMD Athlon II Neo K125,136.7866,302,2.2078186021145347,613,4.481433122835131,12.0,25.15,1,2010,S1,Laptop,S1,1
Mobile AMD Sempron 3600+,23.9475,302,12.610919720221316,724,30.23280091867627,25.0,12.08,1,2009,S1,Laptop,S1,1
AMD Sempron LE-1250,99.99,301,3.0103010301030104,508,5.080508050805081,45.0,6.68,1,2009,AM2,Desktop,AM2,0
Intel Celeron 550 @ 2.00GHz,54.95,301,5.477707006369426,613,11.155595996360328,31.0,9.7,1,2009,BGA479,Laptop,Other,0
AMD C-70 APU,75.76919999999994,300,3.9593924708192807,354,4.6720831155667515,9.0,33.29,2,2012,unknown,Unknown,unknown,1
AMD Sempron 3100+,65.0,298,4.584615384615384,383,5.892307692307693,62.0,4.8,1,2009,754,Desktop,Other,0
AMD Athlon II Neo K145,141.47889999999998,298,2.106321154603266,592,4.18436954203065,12.0,24.81,1,2011,S1,Laptop,S1,1
AMD Athlon 64 2800+,99.99,295,2.9502950295029504,375,3.750375037503751,89.0,3.32,1,2009,754,Unknown,Other,0
Intel Pentium 4 3.46GHz,688.3093999999999,295,0.428586330507763,512,0.7438515295592362,110.7,2.67,1,2009,unknown,Desktop,unknown,1
Intel Celeron 430 @ 1.80GHz,49.99,293,5.861172234446889,630,12.60252050410082,35.0,8.37,1,2009,LGA775,Desktop,LGA775,0
Intel Pentium 4 3.40GHz,187.16620000000015,293,1.5654535915138512,667,3.56367762982846,89.0,3.29,1,2008,PGA478,Desktop,PGA478,1
AMD Athlon 64 3800+,131.01,292,2.228837493321121,461,3.51881535760629,45.0,6.5,1,2009,AM2,Unknown,AM2,0
AMD Sempron 3400+,86.68,292,3.368712505768343,346,3.991693585602215,62.0,4.71,1,2008,AM2,Desktop,AM2,0
AMD G-T40N,95.74779999999998,292,3.0496784260317216,321,3.352557447795146,9.0,32.5,2,2011,FT1,Laptop,Other,1
Intel Pentium M 2.10GHz,71.33809999999995,292,4.093184427395742,353,4.948267475584578,21.0,13.89,1,2009,"H-PBGA479, PPGA4",Laptop,Other,1
AMD Athlon 2800+,109.95,291,2.6466575716234653,439,3.992723965438836,89.0,3.27,1,2009,754,Unknown,Other,0
AMD C-60,83.17739999999992,290,3.486523983678262,354,4.255963759386568,9.0,32.21,2,2011,unknown,Unknown,unknown,1
AMD G-T40E,118.55949999999996,289,2.437594625483408,313,2.64002462898376,6.4,45.12,2,2011,FT1,Laptop,Other,1
AMD Sempron 3200+,124.68,288,2.3099133782483157,356,2.855309592556946,62.0,4.65,1,2009,AM2,Desktop,AM2,0
AMD Sempron SI-40,12.0,288,24.0,631,52.583333333333336,25.0,11.53,1,2009,S1,Laptop,S1,0
AMD Turion 64 Mobile MT-32,50.02659999999996,286,5.716958578036489,367,7.336097196291579,24.0,11.92,1,2009,754,Laptop,Other,1
AMD Turion 64 Mobile ML-32,50.73909999999995,285,5.616969950196205,321,6.3264819439052,35.0,8.13,1,2008,754,Laptop,Other,1
Intel Celeron 540 @ 1.86GHz,20.95,283,13.50835322195704,496,23.675417661097853,30.0,9.43,1,2009,PGA478,Laptop,PGA478,0
Intel Celeron D 352 @ 3.20GHz,87.46299999999995,283,3.2356539336633796,674,7.706115728936812,86.0,3.29,1,2009,PLGA775,Desktop,Other,1
AMD Athlon Neo MV-40,87.66889999999994,282,3.216648092995352,442,5.04169665639697,15.0,18.79,1,2009,unknown,Unknown,unknown,1
AMD Athlon XP 3200+,97.15050000000002,281,2.8924194934663223,430,4.426122356549888,62.0,4.53,1,2008,AM2,Unknown,AM2,1
Intel Pentium M 1.80GHz,69.31189999999997,280,4.039710352767709,389,5.612311882952281,21.0,13.36,1,2008,"H-PBGA479, PPGA4",Laptop,Other,1
AMD Turion 64 Mobile MT-34,50.85019999999996,279,5.486704083759753,328,6.450318779473832,24.0,11.62,1,2009,754,Laptop,Other,1
VIA Nano L2100@1800MHz,86.36789999999998,279,3.2303668376792776,182,2.1072643887370197,25.0,11.15,1,2011,BGA400,Laptop,Other,1
AMD Turion 64 Mobile ML-30,54.90019999999994,277,5.045518959858075,314,5.719469145831898,35.0,7.9,1,2009,754,Laptop,Other,1
AMD Turion 64 Mobile ML-34,54.51009999999993,277,5.081627074615536,329,6.035578727611955,35.0,7.9,1,2009,754,Laptop,Other,1
Intel Atom D2500 @ 1.86GHz,95.93749999999994,275,2.866449511400653,346,3.6065146579804583,10.0,27.46,2,2012,BGA559,Desktop,Other,1
AMD Athlon 2650e,19.0,274,14.421052631578947,304,16.0,15.0,18.28,1,2009,AM2,Desktop,AM2,0
AMD Athlon TF-20,88.85629999999993,272,3.061122283957358,420,4.7267329384635675,15.0,18.1,1,2009,unknown,Unknown,unknown,1
Intel Pentium M 2.13GHz,52.77429999999995,271,5.135075216535326,354,6.70781043045574,27.0,10.02,1,2009,"H-PBGA479, PPGA4",Laptop,Other,1
VIA Nano U2250 (1.6GHz Capable),187.94719999999998,270,1.4365736760111352,259,1.3780466003217926,8.0,33.79,1,2011,BGA400,Laptop,Other,1
Intel Pentium M 2.00GHz,72.19889999999995,270,3.739669163934633,363,5.027777431512118,21.0,12.87,1,2009,"H-PBGA479, PPGA4",Laptop,Other,1
AMD Sempron 3000+,34.95,268,7.668097281831187,333,9.527896995708154,62.0,4.32,1,2008,AM2,Desktop,AM2,0
Intel Celeron 743 @ 1.30GHz,177.5627,268,1.509326001463145,529,2.979229308858223,10.0,26.78,1,2009,BGA956,Laptop,Other,1
Intel Celeron 530 @ 1.73GHz,13.0,268,20.615384615384617,468,36.0,27.0,9.93,1,2009,PGA478,Laptop,PGA478,0
Intel Celeron M 723 @ 1.20GHz,175.38370000000003,267,1.5223763667889316,507,2.8908045616553872,10.0,26.71,1,2009,BGA956,Laptop,Other,1
AMD Sempron 210U,87.84899999999995,267,3.0393060820271165,299,3.403567485116509,15.0,17.83,1,2009,unknown,Unknown,unknown,1
Intel Atom N550 @ 1.50GHz,86.0,265,3.0813953488372094,243,2.8255813953488373,8.5,31.16,2,2010,BGA559,Laptop,Other,0
AMD Z-60 APU,137.56349999999995,262,1.904574978101023,318,2.3116597062447535,4.5,58.26,2,2013,FT1,Laptop,Other,1
AMD Athlon XP 3000+,79.7,262,3.28732747804266,396,4.968632371392722,62.0,4.22,1,2009,Socket A,Desktop,Other,0
AMD Sempron SI-42,29.99,261,8.702900966988997,650,21.673891297099033,25.0,10.44,1,2009,S1,Laptop,S1,0
AMD Athlon XP 2800+,112.30190000000005,260,2.315187899759487,408,3.6330640888533483,89.0,2.93,1,2009,754,Unknown,Other,1
AMD C-50,95.74779999999998,260,2.7154670916720804,315,3.289892822602713,9.0,28.93,2,2011,FT1,Laptop,Other,1
Intel Xeon 2.80GHz,285.65640000000013,260,0.9101844033601203,384,1.3442723495780238,103.0,2.52,1,2008,PPGA604,Server,Other,1
Intel Core Duo U2400 @ 1.06GHz,137.25559999999993,255,1.8578476943745839,342,2.4917016136317947,9.0,28.28,2,2009,BGA479,Laptop,Other,1
AMD Turion 64 Mobile ML-28,55.32479999999996,254,4.59106946613454,314,5.675574064434037,25.0,10.16,1,2009,754,Laptop,Other,1
VIA Nano L2007@1600MHz,93.57249999999995,254,2.71447273504502,242,2.5862299286649404,25.0,10.15,1,2012,BGA400,Laptop,Other,1
Intel Core Solo T1400 @ 1.83GHz,30.57659999999997,253,8.274301263057378,525,17.169992739545943,27.0,9.37,1,2009,PGA478,Laptop,PGA478,1
Intel Core2 Solo U3500 @ 1.40GHz,219.30780000000013,252,1.14906993732097,546,2.489651530862102,5.5,45.8,1,2009,BGA956,Laptop,Other,1
AMD Sempron LE-1150,14.94,251,16.80053547523427,477,31.927710843373497,45.0,5.59,1,2009,AM2,Desktop,AM2,0
Intel Celeron D 356 @ 3.33GHz,85.60299999999992,251,2.932140228730304,619,7.231054986390671,86.0,2.92,1,2009,PLGA775,Desktop,Other,1
Intel Pentium 4 3.06GHz,119.76100000000004,249,2.079140955736842,551,4.600829986389558,81.8,3.04,1,2009,PGA478,Desktop,PGA478,1
AMD GX-210JA SOC,175.49629999999993,248,1.413135205699494,231,1.3162670665991254,6.0,41.28,2,2015,FT3 (769-BGA),Laptop,Other,1
AMD Sempron M120,38.699799999999954,247,6.382461924867837,559,14.444519093121945,25.0,9.86,1,2010,S1,Laptop,S1,1
AMD Turion 64 Mobile MT-30,58.25989999999996,246,4.222458328970702,294,5.0463526370625456,25.0,9.85,1,2009,754,Laptop,Other,1
AMD Sempron 2800+,29.95,243,8.113522537562604,408,13.622704507512521,62.0,3.92,1,2008,AM2,Desktop,AM2,0
AMD Athlon 64 2600+,123.49709999999993,243,1.967657540136571,292,2.364427990616785,15.0,16.22,1,2013,unknown,Unknown,unknown,1
Intel Celeron 807UE @ 1.00GHz,162.36909999999995,241,1.4842725617127894,421,2.5928578775148727,10.0,24.06,1,2013,BGA-1023,Laptop,Other,1
Intel Pentium M 1.50GHz,54.54599999999996,240,4.399956000439999,323,5.921607450592165,24.5,9.8,1,2009,"H-PBGA479, PPG",Laptop,Other,1
Intel Pentium M 1.70GHz,58.16599999999996,239,4.108929615239146,318,5.467111370903968,24.5,9.77,1,2008,"H-PBGA479, PPG",Laptop,Other,1
Intel Pentium SU2700 @ 1.30GHz,164.84589999999997,239,1.4498389101579114,432,2.6206293271473546,10.0,23.87,1,2009,unknown,Laptop,unknown,1
Intel Pentium M 1.86GHz,46.59839999999995,238,5.107471501167428,460,9.871583573684944,27.0,8.82,1,2009,"H-PBGA479, PPGA4",Laptop,Other,1
Intel Pentium M 1700MHz,56.211199999999955,237,4.216241603096895,361,6.422207673915524,24.5,9.69,1,2009,"H-PBGA479, PPGA4",Laptop,Other,1
Intel Pentium 4 2.80GHz,187.6396000000001,236,1.2577302445752383,506,2.696658914216401,69.7,3.39,1,2008,PGA478,Desktop,PGA478,1
Intel Celeron 420 @ 1.60GHz,49.95,235,4.704704704704705,471,9.42942942942943,35.0,6.72,1,2009,LGA775,Desktop,LGA775,0
Intel Core2 Solo U2100 @ 1.06GHz,217.1467000000001,233,1.0730073263834998,258,1.1881368678409567,5.5,42.43,1,2009,unknown,Laptop,unknown,1
AMD Sempron 3500+,24.99,232,9.283713485394157,264,10.56422569027611,62.0,3.74,1,2009,AM2,Desktop,AM2,0
Mobile Intel Pentium 4 3.20GHz,116.43300000000004,232,1.992562246098614,468,4.019479013681687,82.0,2.83,1,2009,PGA478,Desktop,PGA478,1
Intel Celeron D 347 @ 3.06GHz,72.38769999999995,232,3.2049643793075364,565,7.8051934237446465,86.0,2.7,1,2008,PLGA775,Desktop,Other,1
Intel Celeron M 450 @ 2.00GHz,44.05049999999993,230,5.221280121678537,598,13.575328316364194,27.0,8.51,1,2009,PPGA478,Laptop,Other,1
Intel Pentium M 1.60GHz,58.16599999999996,229,3.937007874015751,307,5.277997455558233,24.5,9.36,1,2008,"H-PBGA479, PPG",Laptop,Other,1
Intel Pentium M 2.26GHz,35.02199999999995,227,6.481640111929654,508,14.505168180001164,27.0,8.41,1,2009,"H-PBGA479, PPGA4",Laptop,Other,1
Intel Pentium M 1.40GHz,109.09489999999998,225,2.0624245496352263,264,2.4199114715719987,22.0,10.21,1,2008,"H-PBGA479, PPG",Laptop,Other,1
Intel Atom N470 @ 1.83GHz,216.8849000000001,224,1.0328058799851898,308,1.420108084979636,6.5,34.4,1,2010,BGA559,Laptop,Other,1
Intel Atom D425 @ 1.80GHz,992.98,222,0.22356945759229793,320,0.32226228121412315,10.0,22.2,1,2011,BGA559,Desktop,Other,0
Intel Celeron M 360 1.40GHz,158.16929999999996,221,1.397237011227843,305,1.9283135222827696,21.0,10.53,1,2008,"H-PBGA479, PPGA4",Laptop,Other,1
Intel Core Duo U2500 @ 1.20GHz,301.0966000000003,220,0.7306625182748652,362,1.2022719618886417,9.0,24.48,2,2009,BGA479,Laptop,Other,1
Mobile Intel Pentium 4 3.06GHz,113.65410000000003,220,1.9356978762754704,423,3.721819098475109,81.8,2.68,1,2009,PGA478,Desktop,PGA478,1
Intel Celeron M 1.50GHz,193.53310000000005,216,1.1160881523625672,280,1.4467809382477723,21.0,10.27,1,2009,"PPGA478, H-PBGA4",Laptop,Other,1
Intel Pentium 4 2.60GHz,186.4501000000001,215,1.153123543511105,494,2.6495024674162133,69.0,3.11,1,2008,PGA478,Desktop,PGA478,1
Intel Celeron M 520 @ 1.60GHz,93.18969999999999,215,2.307121924418686,522,5.601477416495601,30.0,7.16,1,2008,PPGA478,Laptop,Other,1
Intel Celeron 723 @ 1.20GHz,377.9314000000002,213,0.5635943454288261,460,1.2171521074988734,10.0,21.31,1,2009,BGA956,Laptop,Other,1
Intel Atom 230 @ 1.60GHz,333.56240000000037,210,0.6295673613093076,167,0.5006559492316874,4.0,52.61,1,2009,BGA437,Desktop,Other,1
Intel Core Solo T1300 @ 1.66GHz,113.66590000000004,210,1.8475197926554925,518,4.557215488550215,27.0,7.78,1,2009,PGA478,Laptop,PGA478,1
Intel Celeron 220 @ 1.20GHz,211.2781000000001,209,0.9892175289346122,255,1.2069400472647183,19.0,10.97,1,2009,BGA479,Desktop,Other,1
Intel Pentium M 1400MHz,189.35520000000005,208,1.0984646843603976,282,1.489264620142462,22.0,9.46,1,2009,"H-PBGA479, PPGA4",Laptop,Other,1
Intel Pentium M 1.73GHz,130.20469999999995,205,1.574443933283515,494,3.7940258684978363,27.0,7.58,1,2009,"H-PBGA479, PPGA4",Laptop,Other,1
Mobile Intel Pentium 4 2.80GHz,104.52189999999999,205,1.9613114572161434,397,3.798247065925897,69.7,2.94,1,2009,PGA478,Desktop,PGA478,1
VIA Nano U2500@1200MHz,356.41480000000024,199,0.5583382059330866,184,0.5162524115160197,7.0,28.43,1,2011,BGA400,Laptop,Other,1
Intel Pentium M 1300MHz,195.01190000000005,197,1.0101947624734693,271,1.3896587849254323,22.0,8.98,1,2009,"H-PBGA479, PPGA4",Laptop,Other,1
AMD Athlon L110,336.89190000000036,197,0.5847573064238107,223,0.6619333976269532,13.0,15.17,1,2009,unknown,Unknown,unknown,1
Intel Pentium M 1.30GHz,212.86000000000016,196,0.9207930094898048,250,1.1744808794512818,22.0,8.91,1,2009,"H-PBGA479, PPG",Laptop,Other,1
AMD Athlon XP 1800+,50.95,195,3.8272816486751715,301,5.907752698724239,66.0,2.96,1,2009,Socket A,Desktop,Other,0
AMD Athlon XP 2000+,58.99,195,3.3056450245804374,311,5.27208001356162,70.0,2.79,1,2009,Socket A,Desktop,Other,0
Intel Pentium III 1400S @ 1400MHz,53.80059999999994,194,3.605907740805869,278,5.1672286182682035,32.2,6.04,1,2009,Socket 370,Desktop,Other,1
Intel Core Solo T1350 @ 1.86GHz,55.43329999999994,194,3.49970144299546,413,7.45039533998518,31.0,6.26,1,2009,unknown,Laptop,unknown,1
Intel Pentium M 1600MHz,150.44259999999994,193,1.2828813115434063,313,2.0805277228657317,24.5,7.86,1,2009,"H-PBGA479, PPGA4",Laptop,Other,1
Intel Pentium III 1400 @ 1400MHz,56.302399999999935,193,3.427917815226353,272,4.831055159282736,31.2,6.19,1,2009,Socket 370,Desktop,Other,1
Mobile AMD Athlon XP-M 1800+,49.62229999999994,193,3.889380379385886,291,5.864298913996335,45.0,4.3,1,2009,Socket A,Laptop,Other,1
Intel Celeron 2.80GHz,46.81099999999994,190,4.058875050735943,425,9.079062613488293,68.4,2.78,1,2008,PPGA478,Desktop,Other,1
Intel Pentium M 1500MHz,172.3808,188,1.0906086988806178,251,1.4560786352076334,24.5,7.65,1,2009,"H-PBGA479, PPGA4",Laptop,Other,1
VIA Nano U3500@1000MHz,360.9414000000002,184,0.5097780415325033,286,0.7923723906429128,5.0,36.79,1,2011,BGA400,Laptop,Other,1
AMD V105,379.0804000000002,184,0.48538515839911506,452,1.1923591934586957,9.0,20.43,1,2010,BGA812,Laptop,Other,1
Intel Atom Z530 @ 1.60GHz,357.2640000000003,183,0.5122262528550312,161,0.4506471404899454,2.0,91.43,1,2009,BGA441,Laptop,Other,1
AMD E-240,345.99240000000026,182,0.5260231149585941,385,1.1127412047201028,18.0,10.11,1,2011,FT1,Laptop,Other,1
Mobile Intel Pentium 4 2.66GHz,115.4991,182,1.5757698544837146,425,3.6796823525031797,66.1,2.75,1,2009,PGA478,Desktop,PGA478,1
VIA Nano U2250@1300+MHz,390.2667000000002,179,0.45866070561490363,156,0.3997266484688546,10.0,17.87,1,2011,BGA400,Laptop,Other,1
Intel Atom N455 @ 1.66GHz,392.27750000000015,179,0.456309627750763,257,0.6551484599550061,6.5,27.47,1,2010,BGA559,Laptop,Other,1
Intel Atom N475 @ 1.83GHz,363.8643000000003,179,0.49194163868233254,281,0.7722659244119299,6.5,27.61,1,2010,BGA559,Laptop,Other,1
AMD C-30,370.65020000000027,178,0.48023716161491314,375,1.011735593289845,9.0,19.83,1,2011,FT1,Laptop,Other,1
Intel Atom N450 @ 1.66GHz,376.1545000000002,177,0.47055132930750504,270,0.7177901633504314,5.5,32.16,1,2010,BGA559,Laptop,Other,1
Intel Atom D410 @ 1.66GHz,635.99,177,0.27830626267708614,254,0.3993773487004513,10.0,17.7,1,2010,BGA559,Desktop,Other,0
AMD G-T52R,345.99240000000026,177,0.5115719304817096,381,1.1011802571385954,18.0,9.86,1,2011,FT1,Laptop,Other,1
AMD Athlon XP 1700+,51.25,176,3.4341463414634146,272,5.307317073170732,64.0,2.75,1,2009,Socket A (462),Desktop,Other,0
Intel Atom N270 @ 1.60GHz,357.2640000000003,175,0.48983384835863636,164,0.4590442921760935,2.5,70.05,1,2009,BGA437,Laptop,Other,1
Intel Atom N280 @ 1.66GHz,357.2640000000003,175,0.48983384835863636,226,0.6325854270231532,2.5,69.92,1,2009,BGA437,Laptop,Other,1
Intel Celeron 215 @ 1.33GHz,136.37959999999998,174,1.2758506404183618,440,3.2262889757705704,27.0,6.43,1,2009,BGA479,Laptop,Other,1
Mobile AMD Athlon MP-M 1800+,86.17759999999991,173,2.0074822227585845,262,3.0402331928482607,35.0,4.93,1,2014,unknown,Laptop,unknown,1
Intel Celeron M 440 @ 1.86GHz,144.7292,169,1.167698018091719,485,3.3510860282513826,27.0,6.28,1,2008,"PBGA479, PPGA478",Laptop,Other,1
Intel Celeron M 430 @ 1.73GHz,139.32119999999998,169,1.2130242920675391,466,3.3447888763519127,27.0,6.26,1,2009,PPGA478,Laptop,Other,1
VIA Nano L2207@1600MHz,279.8019000000002,165,0.5897029291080578,191,0.6826258149069032,17.0,9.68,1,2014,BGA400,Laptop,Other,1
Mobile AMD Sempron 2100+,333.69650000000036,164,0.49146454937345707,203,0.6083372166025109,8.0,20.49,1,2011,S1,"Laptop, Mobile/Embedded",S1,1
Intel Core Solo U1500 @ 1.33GHz,316.6023000000004,164,0.5180000271634154,375,1.1844512816236632,5.5,29.77,1,2009,unknown,Laptop,unknown,1
Intel Pentium 4 2.53GHz,116.20190000000002,162,1.3941252251469207,442,3.8037243797218454,61.5,2.64,1,2009,PGA478,Desktop,PGA478,1
Intel Pentium 4 2.50GHz,116.01250000000002,160,1.3791617282620405,385,3.318607908630535,61.0,2.62,1,2009,PGA478,Desktop,PGA478,1
Intel Atom E3815 @ 1.46GHz,135.0,159,1.1777777777777778,238,1.762962962962963,5.0,31.7,1,2014,FCBGA1170,Desktop,Other,0
Intel Atom Z670 @ 1.50GHz,309.48500000000024,158,0.510525550511333,95,0.30696156518086476,3.0,52.81,1,2011,BGA518,Laptop,Other,1
Intel Pentium 4 2.20GHz,115.51250000000002,157,1.3591602640406881,379,3.281030191537712,57.1,2.76,1,2009,PGA478,Desktop,PGA478,1
Intel Pentium 4 2.66GHz,115.49790000000002,157,1.3593320744359851,431,3.7316695801395516,66.1,2.38,1,2009,PGA478,Desktop,PGA478,1
Intel Pentium M 1000MHz,324.61270000000036,156,0.4805726947836601,222,0.6838919118075163,7.0,22.22,1,2009,unknown,Laptop,unknown,1
Intel Pentium M 1200MHz,313.06930000000034,155,0.49509805017611064,166,0.5302340408337701,12.0,12.88,1,2009,unknown,Laptop,unknown,1
AMD Athlon 64 2000+,290.2474000000002,154,0.530581841559993,173,0.5960432375966155,8.0,19.3,1,2013,unknown,Unknown,unknown,1
Intel Pentium 4 2.26GHz,116.2031,151,1.2994489819978985,409,3.519699560510864,58.0,2.6,1,2009,PGA478,Desktop,PGA478,1
VIA C7-D 1800MHz,198.42450000000008,150,0.7559550357944707,147,0.7408359350785813,20.0,7.51,1,2011,BGA400,Desktop,Other,1
Mobile Intel Pentium III - M 1200MHz,184.57660000000004,146,0.7909995091468798,185,1.0022938985765257,22.0,6.63,1,2009,"BGA2, microPGA2",Laptop,Other,1
Intel Pentium M 900MHz,324.61270000000036,141,0.4343637818236928,200,0.6161188394662309,7.0,20.19,1,2009,unknown,Laptop,unknown,1
Intel Celeron M 420 @ 1.60GHz,118.88059999999997,139,1.1692403975080883,391,3.2890143555803055,27.0,5.14,1,2009,PPGA478,Laptop,Other,1
Intel Pentium 4 2.00GHz,120.05090000000001,133,1.1078634146016397,349,2.907100238315581,54.3,2.45,1,2009,PGA478,Desktop,PGA478,1
Intel Pentium 4 2.40GHz,188.90680000000017,131,0.6934636550934105,360,1.9057016475849449,59.8,2.2,1,2008,PGA478,Desktop,PGA478,1
Mobile Intel Pentium III - M 933MHz,189.27670000000006,130,0.6868251612586227,177,0.9351388734059709,20.1,6.47,1,2009,"BGA2, microPGA2",Laptop,Other,1
AMD G-T44R,318.8212000000003,130,0.40775205663864217,328,1.0287898044421127,9.0,14.44,1,2011,FT1,Laptop,Other,1
Intel Core Solo U1400 @ 1.20GHz,316.12520000000035,130,0.41122947490424633,365,1.1546058333849993,5.5,23.68,1,2009,PBGA479,Laptop,Other,1
Intel Core Solo U1300 @ 1.06GHz,315.54840000000036,127,0.4024739152535708,340,1.0774892219386933,6.0,21.21,1,2009,PBGA479,Laptop,Other,1
Intel Celeron M 443 @ 1.20GHz,317.3521000000003,125,0.39388426923911923,288,0.9075093563269306,5.5,22.82,1,2009,PBGA479,Laptop,Other,1
Intel Celeron 2.00GHz,68.57859999999994,125,1.822726039901662,338,4.928651211894094,52.8,2.36,1,2009,PPGA478,Desktop,Other,1
Intel Celeron M 410 @ 1.46GHz,118.97389999999997,123,1.0338401952024774,301,2.529966656552404,27.0,4.55,1,2009,PPGA478,Laptop,Other,1
Intel Atom Z520 @ 1.33GHz,317.1848000000003,122,0.3846338159962265,151,0.47606316570024754,2.0,61.23,1,2009,BGA441,Laptop,Other,1
Mobile Intel Celeron 1.80GHz,58.49099999999995,121,2.0686943290420765,280,4.7870612572874505,66.1,1.83,1,2009,PPGA478,Laptop,Other,1
AMD G-T40R,279.3433000000001,120,0.4295789446176083,327,1.1706026240829828,5.5,21.75,1,2018,FT1,Laptop,Other,1
VIA C7-M 1600MHz,309.3290000000003,116,0.3750052533063498,124,0.40086768456885674,15.0,7.71,1,2011,BGA400,Laptop,Other,1
Intel Pentium 4 1.80GHz,188.33910000000012,115,0.6106007727550994,318,1.6884438759662748,68.1,1.68,1,2008,PGA478,Desktop,PGA478,1
Intel Pentium 4 1800MHz,117.67519999999999,114,0.9687682706296654,317,2.6938556297333682,68.1,1.67,1,2009,PGA478,Desktop,PGA478,1
Intel Celeron B710 @ 1.60GHz,94.48759999999997,106,1.1218403261380332,101,1.0689233296220884,35.0,3.02,1,2015,rPGA988B,Laptop,Other,1
Intel Pentium 4 1.90GHz,66.47209999999991,104,1.5645661864150544,292,4.392820446473038,69.2,1.5,1,2009,PGA423,Desktop,Other,1
Intel Pentium 4 1700MHz,63.66259999999997,100,1.5707809608781302,266,4.178277355935826,64.0,1.57,1,2009,PGA423,Desktop,Other,1
Intel Celeron 1.80GHz,65.38249999999992,96,1.468282797384623,307,4.695446029136242,66.1,1.45,1,2009,PPGA478,Desktop,Other,1
VIA Eden 1200MHz,271.11180000000013,93,0.34303191524677257,97,0.3577859761176015,7.0,13.23,1,2017,NanoBGA2,Laptop,Other,1
Intel Pentium 4 1.50GHz,70.41179999999996,86,1.2213861881105164,228,3.238093614990671,57.8,1.48,1,2009,PGA423,Desktop,Other,1
Intel Pentium 4 1.70GHz,69.50999999999995,86,1.2372320529420235,254,3.6541504819450465,64.0,1.35,1,2009,PGA423,Desktop,Other,1
Intel Pentium 4 1.60GHz,65.13869999999991,84,1.28955597824335,225,3.4541677988661164,38.0,2.22,1,2009,PGA478,Desktop,PGA478,1
Intel Pentium 4 1400MHz,70.24209999999995,83,1.1816275424567326,180,2.562565754725444,54.7,1.52,1,2009,PGA423,Desktop,Other,1
Intel Pentium 4 1500MHz,70.41179999999996,81,1.15037536322037,223,3.1670827901005247,57.8,1.41,1,2009,PGA423,Desktop,Other,1
VIA Eden 1000MHz,279.6252000000002,80,0.28609724731533476,83,0.2968258940896598,5.0,16.08,1,2017,NanoBGA2,Laptop,Other,1
Intel Pentium 4 1300MHz,69.74369999999995,77,1.1040423722859565,203,2.9106571632993394,51.6,1.5,1,2009,PGA423,Desktop,Other,1
